quality_version	structural_quality_version	amplitude_quality_version	transition_id	subject	participant_id	pid	transition_type	is_primary_label	nominal_boundary_sec	window_start_sample	window_stop_sample	eeg_envelope_proxy_status	amplitude_window_decision	amplitude_review_priority	structural_critical_flags	amplitude_critical_flags	amplitude_review_flags	combined_critical_flags	combined_review_flags	preprocessing_decision	previous_quality_version	previous_preprocessing_decision	actual_window_samples	expected_window_samples	full_window_coverage	coverage_critical_flag	new_critical_exclusion_v0.3
v0.3	v0.1	v0.1	1	sub-1	sub-1	89	REM_to_Wake	True	8790.0	2219520	2280960	unusable	exclude	critical_exclusion	pass	amplitude:constant_signal;amplitude:flatline_at_least_5_sec;amplitude:near_flat_robust_range	amplitude:repeated_endpoints	amplitude:constant_signal;amplitude:flatline_at_least_5_sec;amplitude:near_flat_robust_range	amplitude:repeated_endpoints	exclude_critical	v0.2	exclude_critical	61440	61440	True	pass	False
v0.3	v0.1	v0.1	2	sub-1	sub-1	89	REM_to_Wake	True	13020.0	3302400	3363840	unusable	exclude	critical_exclusion	pass	amplitude:constant_signal;amplitude:flatline_at_least_5_sec;amplitude:near_flat_robust_range	amplitude:repeated_endpoints	amplitude:constant_signal;amplitude:flatline_at_least_5_sec;amplitude:near_flat_robust_range	amplitude:repeated_endpoints	exclude_critical	v0.2	exclude_critical	61440	61440	True	pass	False
v0.3	v0.1	v0.1	3	sub-1	sub-1	89	REM_to_Wake	True	17670.0	4492800	4554240	unusable	exclude	critical_exclusion	pass	amplitude:constant_signal;amplitude:flatline_at_least_5_sec;amplitude:near_flat_robust_range	amplitude:repeated_endpoints	amplitude:constant_signal;amplitude:flatline_at_least_5_sec;amplitude:near_flat_robust_range	amplitude:repeated_endpoints	exclude_critical	v0.2	exclude_critical	61440	61440	True	pass	False
v0.3	v0.1	v0.1	4	sub-1	sub-1	89	REM_to_Wake	True	23550.0	5998080	6059520	unusable	exclude	critical_exclusion	pass	amplitude:constant_signal;amplitude:flatline_at_least_5_sec;amplitude:near_flat_robust_range	amplitude:repeated_endpoints	amplitude:constant_signal;amplitude:flatline_at_least_5_sec;amplitude:near_flat_robust_range	amplitude:repeated_endpoints	exclude_critical	v0.2	exclude_critical	61440	61440	True	pass	False
v0.3	v0.1	v0.1	5	sub-1	sub-1	89	REM_to_Wake	True	24750.0	6305280	6366720	unusable	exclude	critical_exclusion	pass	amplitude:constant_signal;amplitude:flatline_at_least_5_sec;amplitude:near_flat_robust_range	amplitude:repeated_endpoints	amplitude:constant_signal;amplitude:flatline_at_least_5_sec;amplitude:near_flat_robust_range	amplitude:repeated_endpoints	exclude_critical	v0.2	exclude_critical	61440	61440	True	pass	False
v0.3	v0.1	v0.1	377	sub-100	sub-100	67	REM_to_Wake	True	16470.0	4185600	4247040	near_zero_lag	review	mad_only_review	pass	pass	amplitude:many_10mad_outliers	pass	amplitude:many_10mad_outliers	include_mad_sensitivity	v0.2	include_mad_sensitivity	61440	61440	True	pass	False
v0.3	v0.1	v0.1	378	sub-100	sub-100	67	REM_to_Wake	True	23790.0	6059520	6120960	lag_review	review	targeted_review	pass	pass	amplitude:high_robust_range;amplitude:many_10mad_outliers	pass	amplitude:high_robust_range;amplitude:many_10mad_outliers	review_targeted	v0.2	review_targeted	61440	61440	True	pass	False
v0.3	v0.1	v0.1	379	sub-100	sub-100	67	Wake_to_REM	False	23820.0	6067200	6128640	lag_review	review	targeted_review	pass	pass	amplitude:high_robust_range;amplitude:many_10mad_outliers	pass	amplitude:high_robust_range;amplitude:many_10mad_outliers	review_targeted	v0.2	review_targeted	61440	61440	True	pass	False
v0.3	v0.1	v0.1	380	sub-100	sub-100	67	REM_to_Wake	True	23940.0	6097920	6159360	near_zero_lag	review	mad_only_review	pass	pass	amplitude:many_10mad_outliers	pass	amplitude:many_10mad_outliers	include_mad_sensitivity	v0.2	include_mad_sensitivity	61440	61440	True	pass	False
v0.3	v0.1	v0.1	381	sub-100	sub-100	67	REM_to_Wake	True	27600.0	7034880	7096320	near_zero_lag	review	mad_only_review	pass	pass	amplitude:many_10mad_outliers	pass	amplitude:many_10mad_outliers	include_mad_sensitivity	v0.2	include_mad_sensitivity	61440	61440	True	pass	False
v0.3	v0.1	v0.1	382	sub-100	sub-100	67	Wake_to_REM	False	27630.0	7042560	7104000	near_zero_lag	review	mad_only_review	pass	pass	amplitude:many_10mad_outliers	pass	amplitude:many_10mad_outliers	include_mad_sensitivity	v0.2	include_mad_sensitivity	61440	61440	True	pass	False
v0.3	v0.1	v0.1	383	sub-100	sub-100	67	REM_to_Wake	True	27990.0	7134720	7196160	near_zero_lag	review	mad_only_review	pass	pass	amplitude:many_10mad_outliers	pass	amplitude:many_10mad_outliers	include_mad_sensitivity	v0.2	include_mad_sensitivity	61440	61440	True	pass	False
v0.3	v0.1	v0.1	384	sub-101	sub-101	68	REM_to_Wake	True	8460.0	2135040	2196480	near_zero_lag	include	no_review_flag	pass	pass	pass	pass	pass	include	v0.2	include	61440	61440	True	pass	False
v0.3	v0.1	v0.1	385	sub-101	sub-101	68	Wake_to_REM	False	8490.0	2142720	2204160	near_zero_lag	include	no_review_flag	pass	pass	pass	pass	pass	include	v0.2	include	61440	61440	True	pass	False
v0.3	v0.1	v0.1	386	sub-101	sub-101	68	REM_to_Wake	True	8610.0	2173440	2234880	near_zero_lag	review	mad_only_review	pass	pass	amplitude:many_10mad_outliers	pass	amplitude:many_10mad_outliers	include_mad_sensitivity	v0.2	include_mad_sensitivity	61440	61440	True	pass	False
v0.3	v0.1	v0.1	387	sub-101	sub-101	68	Wake_to_REM	False	8670.0	2188800	2250240	near_zero_lag	review	mad_only_review	pass	pass	amplitude:many_10mad_outliers	pass	amplitude:many_10mad_outliers	include_mad_sensitivity	v0.2	include_mad_sensitivity	61440	61440	True	pass	False
v0.3	v0.1	v0.1	388	sub-101	sub-101	68	REM_to_Wake	True	8790.0	2219520	2280960	near_zero_lag	review	mad_only_review	pass	pass	amplitude:many_10mad_outliers	pass	amplitude:many_10mad_outliers	include_mad_sensitivity	v0.2	include_mad_sensitivity	61440	61440	True	pass	False
v0.3	v0.1	v0.1	389	sub-101	sub-101	68	REM_to_Wake	True	23820.0	6067200	6128640	near_zero_lag	review	mad_only_review	pass	pass	amplitude:many_10mad_outliers	pass	amplitude:many_10mad_outliers	include_mad_sensitivity	v0.2	include_mad_sensitivity	61440	61440	True	pass	False
v0.3	v0.1	v0.1	390	sub-101	sub-101	68	Wake_to_REM	False	23850.0	6074880	6136320	near_zero_lag	review	mad_only_review	pass	pass	amplitude:many_10mad_outliers	pass	amplitude:many_10mad_outliers	include_mad_sensitivity	v0.2	include_mad_sensitivity	61440	61440	True	pass	False
v0.3	v0.1	v0.1	391	sub-101	sub-101	68	REM_to_Wake	True	24960.0	6359040	6420480	lag_review	review	mad_only_review	pass	pass	amplitude:many_10mad_outliers	pass	amplitude:many_10mad_outliers	include_mad_sensitivity	v0.2	include_mad_sensitivity	61440	61440	True	pass	False
v0.3	v0.1	v0.1	392	sub-102	sub-102	69	REM_to_Wake	True	18720.0	4761600	4823040	near_zero_lag	review	mad_only_review	pass	pass	amplitude:many_10mad_outliers	pass	amplitude:many_10mad_outliers	include_mad_sensitivity	v0.2	include_mad_sensitivity	61440	61440	True	pass	False
v0.3	v0.1	v0.1	393	sub-102	sub-102	69	Wake_to_REM	False	18750.0	4769280	4830720	lag_review	review	mad_only_review	pass	pass	amplitude:many_10mad_outliers	pass	amplitude:many_10mad_outliers	include_mad_sensitivity	v0.2	include_mad_sensitivity	61440	61440	True	pass	False
v0.3	v0.1	v0.1	394	sub-102	sub-102	69	REM_to_Wake	True	19740.0	5022720	5084160	near_zero_lag	review	mad_only_review	pass	pass	amplitude:many_10mad_outliers	pass	amplitude:many_10mad_outliers	include_mad_sensitivity	v0.2	include_mad_sensitivity	61440	61440	True	pass	False
v0.3	v0.1	v0.1	395	sub-102	sub-102	69	REM_to_Wake	True	25620.0	6528000	6589440	near_zero_lag	review	mad_only_review	pass	pass	amplitude:many_10mad_outliers	pass	amplitude:many_10mad_outliers	include_mad_sensitivity	v0.2	include_mad_sensitivity	61440	61440	True	pass	False
v0.3	v0.1	v0.1	396	sub-104	sub-104	72	REM_to_Wake	True	23550.0	5998080	6059520	near_zero_lag	review	mad_only_review	pass	pass	amplitude:many_10mad_outliers	pass	amplitude:many_10mad_outliers	include_mad_sensitivity	v0.2	include_mad_sensitivity	61440	61440	True	pass	False
v0.3	v0.1	v0.1	397	sub-104	sub-104	72	REM_to_Wake	True	24510.0	6243840	6305280	near_zero_lag	review	targeted_review	pass	pass	amplitude:high_peak_to_peak;amplitude:high_robust_range;amplitude:many_10mad_outliers	pass	amplitude:high_peak_to_peak;amplitude:high_robust_range;amplitude:many_10mad_outliers	review_targeted	v0.2	review_targeted	61440	61440	True	pass	False
v0.3	v0.1	v0.1	398	sub-105	sub-105	73	REM_to_Wake	True	12540.0	3179520	3240960	near_zero_lag	include	no_review_flag	pass	pass	pass	pass	pass	include	v0.2	include	61440	61440	True	pass	False
v0.3	v0.1	v0.1	399	sub-105	sub-105	73	REM_to_Wake	True	17310.0	4400640	4462080	near_zero_lag	review	mad_only_review	pass	pass	amplitude:many_10mad_outliers	pass	amplitude:many_10mad_outliers	include_mad_sensitivity	v0.2	include_mad_sensitivity	61440	61440	True	pass	False
v0.3	v0.1	v0.1	400	sub-105	sub-105	73	REM_to_Wake	True	26760.0	6819840	6881280	lag_review	review	mad_only_review	pass	pass	amplitude:many_10mad_outliers	pass	amplitude:many_10mad_outliers	include_mad_sensitivity	v0.2	include_mad_sensitivity	61440	61440	True	pass	False
v0.3	v0.1	v0.1	401	sub-106	sub-106	74	Wake_to_REM	False	19500.0	4961280	5022720	near_zero_lag	review	mad_only_review	pass	pass	amplitude:many_10mad_outliers	pass	amplitude:many_10mad_outliers	include_mad_sensitivity	v0.2	include_mad_sensitivity	61440	61440	True	pass	False
v0.3	v0.1	v0.1	402	sub-106	sub-106	74	REM_to_Wake	True	24900.0	6343680	6405120	near_zero_lag	review	mad_only_review	pass	pass	amplitude:many_10mad_outliers	pass	amplitude:many_10mad_outliers	include_mad_sensitivity	v0.2	include_mad_sensitivity	61440	61440	True	pass	False
v0.3	v0.1	v0.1	403	sub-107	sub-107	75	REM_to_Wake	True	19470.0	4953600	5015040	near_zero_lag	review	mad_only_review	pass	pass	amplitude:many_10mad_outliers	pass	amplitude:many_10mad_outliers	include_mad_sensitivity	v0.2	include_mad_sensitivity	61440	61440	True	pass	False
v0.3	v0.1	v0.1	404	sub-108	sub-108	76	REM_to_Wake	True	11430.0	2895360	2956800	near_zero_lag	review	targeted_review	pass	pass	amplitude:high_peak_to_peak;amplitude:high_robust_range;amplitude:many_10mad_outliers	pass	amplitude:high_peak_to_peak;amplitude:high_robust_range;amplitude:many_10mad_outliers	review_targeted	v0.2	review_targeted	61440	61440	True	pass	False
v0.3	v0.1	v0.1	405	sub-108	sub-108	76	REM_to_Wake	True	28110.0	7165440	7226880	lag_review	review	mad_only_review	pass	pass	amplitude:many_10mad_outliers	pass	amplitude:many_10mad_outliers	include_mad_sensitivity	v0.2	include_mad_sensitivity	61440	61440	True	pass	False
v0.3	v0.1	v0.1	406	sub-108	sub-108	76	Wake_to_REM	False	29220.0	7449600	7511040	lag_review	review	mad_only_review	pass	pass	amplitude:many_10mad_outliers	pass	amplitude:many_10mad_outliers	include_mad_sensitivity	v0.2	include_mad_sensitivity	61440	61440	True	pass	False
v0.3	v0.1	v0.1	407	sub-109	sub-109	96	REM_to_Wake	True	5940.0	1489920	1551360	near_zero_lag	include	no_review_flag	pass	pass	pass	pass	pass	include	v0.2	include	61440	61440	True	pass	False
v0.3	v0.1	v0.1	408	sub-109	sub-109	96	REM_to_Wake	True	6240.0	1566720	1628160	near_zero_lag	include	no_review_flag	pass	pass	pass	pass	pass	include	v0.2	include	61440	61440	True	pass	False
v0.3	v0.1	v0.1	409	sub-109	sub-109	96	Wake_to_REM	False	6270.0	1574400	1635840	near_zero_lag	include	no_review_flag	pass	pass	pass	pass	pass	include	v0.2	include	61440	61440	True	pass	False
v0.3	v0.1	v0.1	410	sub-109	sub-109	96	REM_to_Wake	True	6960.0	1751040	1812480	near_zero_lag	review	mad_only_review	pass	pass	amplitude:many_10mad_outliers	pass	amplitude:many_10mad_outliers	include_mad_sensitivity	v0.2	include_mad_sensitivity	61440	61440	True	pass	False
v0.3	v0.1	v0.1	411	sub-109	sub-109	96	REM_to_Wake	True	12300.0	3118080	3179520	lag_review	review	mad_only_review	pass	pass	amplitude:many_10mad_outliers	pass	amplitude:many_10mad_outliers	include_mad_sensitivity	v0.2	include_mad_sensitivity	61440	61440	True	pass	False
v0.3	v0.1	v0.1	412	sub-109	sub-109	96	REM_to_Wake	True	23700.0	6036480	6097920	near_zero_lag	include	no_review_flag	pass	pass	pass	pass	pass	include	v0.2	include	61440	61440	True	pass	False
v0.3	v0.1	v0.1	36	sub-11	sub-11	8	REM_to_Wake	True	10410.0	2634240	2695680	lag_review	review	targeted_review	pass	pass	amplitude:high_peak_to_peak;amplitude:high_robust_range;amplitude:many_10mad_outliers	pass	amplitude:high_peak_to_peak;amplitude:high_robust_range;amplitude:many_10mad_outliers	review_targeted	v0.2	review_targeted	61440	61440	True	pass	False
v0.3	v0.1	v0.1	37	sub-11	sub-11	8	REM_to_Wake	True	24900.0	6343680	6405120	lag_review	review	targeted_review	pass	pass	amplitude:high_peak_to_peak;amplitude:high_robust_range;amplitude:many_abrupt_jumps;amplitude:repeated_endpoints	pass	amplitude:high_peak_to_peak;amplitude:high_robust_range;amplitude:many_abrupt_jumps;amplitude:repeated_endpoints	review_targeted	v0.2	review_targeted	61440	61440	True	pass	False
v0.3	v0.1	v0.1	38	sub-11	sub-11	8	Wake_to_REM	False	24930.0	6351360	6412800	lag_review	review	targeted_review	pass	pass	amplitude:high_peak_to_peak;amplitude:high_robust_range;amplitude:many_abrupt_jumps;amplitude:repeated_endpoints	pass	amplitude:high_peak_to_peak;amplitude:high_robust_range;amplitude:many_abrupt_jumps;amplitude:repeated_endpoints	review_targeted	v0.2	review_targeted	61440	61440	True	pass	False
v0.3	v0.1	v0.1	413	sub-110	sub-110	96	REM_to_Wake	True	6840.0	1720320	1781760	near_zero_lag	review	targeted_review	pass	pass	amplitude:high_peak_to_peak;amplitude:high_robust_range;amplitude:many_10mad_outliers;amplitude:repeated_endpoints	pass	amplitude:high_peak_to_peak;amplitude:high_robust_range;amplitude:many_10mad_outliers;amplitude:repeated_endpoints	review_targeted	v0.2	review_targeted	61440	61440	True	pass	False
v0.3	v0.1	v0.1	414	sub-110	sub-110	96	REM_to_Wake	True	13200.0	3348480	3409920	near_zero_lag	review	targeted_review	pass	pass	amplitude:high_peak_to_peak;amplitude:high_robust_range;amplitude:many_10mad_outliers;amplitude:repeated_endpoints	pass	amplitude:high_peak_to_peak;amplitude:high_robust_range;amplitude:many_10mad_outliers;amplitude:repeated_endpoints	review_targeted	v0.2	review_targeted	61440	61440	True	pass	False
v0.3	v0.1	v0.1	415	sub-110	sub-110	96	REM_to_Wake	True	19710.0	5015040	5076480	near_zero_lag	review	targeted_review	pass	pass	amplitude:high_peak_to_peak;amplitude:high_robust_range;amplitude:many_10mad_outliers;amplitude:repeated_endpoints	pass	amplitude:high_peak_to_peak;amplitude:high_robust_range;amplitude:many_10mad_outliers;amplitude:repeated_endpoints	review_targeted	v0.2	review_targeted	61440	61440	True	pass	False
v0.3	v0.1	v0.1	416	sub-110	sub-110	96	REM_to_Wake	True	25680.0	6543360	6604800	lag_review	review	targeted_review	pass	pass	amplitude:high_peak_to_peak;amplitude:high_robust_range;amplitude:many_10mad_outliers;amplitude:repeated_endpoints	pass	amplitude:high_peak_to_peak;amplitude:high_robust_range;amplitude:many_10mad_outliers;amplitude:repeated_endpoints	review_targeted	v0.2	review_targeted	61440	61440	True	pass	False
v0.3	v0.1	v0.1	417	sub-111	sub-111	96	REM_to_Wake	True	4320.0	1075200	1136640	near_zero_lag	include	no_review_flag	pass	pass	pass	pass	pass	include	v0.2	include	61440	61440	True	pass	False
v0.3	v0.1	v0.1	418	sub-111	sub-111	96	Wake_to_REM	False	4350.0	1082880	1144320	near_zero_lag	include	no_review_flag	pass	pass	pass	pass	pass	include	v0.2	include	61440	61440	True	pass	False
v0.3	v0.1	v0.1	419	sub-111	sub-111	96	REM_to_Wake	True	4470.0	1113600	1175040	near_zero_lag	include	no_review_flag	pass	pass	pass	pass	pass	include	v0.2	include	61440	61440	True	pass	False
v0.3	v0.1	v0.1	420	sub-111	sub-111	96	REM_to_Wake	True	9960.0	2519040	2580480	lag_review	include	no_review_flag	pass	pass	pass	pass	pass	include	v0.2	include	61440	61440	True	pass	False
v0.3	v0.1	v0.1	421	sub-111	sub-111	96	REM_to_Wake	True	20310.0	5168640	5230080	lag_review	review	mad_only_review	pass	pass	amplitude:many_10mad_outliers	pass	amplitude:many_10mad_outliers	include_mad_sensitivity	v0.2	include_mad_sensitivity	61440	61440	True	pass	False
v0.3	v0.1	v0.1	422	sub-111	sub-111	96	REM_to_Wake	True	25800.0	6574080	6635520	near_zero_lag	review	mad_only_review	pass	pass	amplitude:many_10mad_outliers	pass	amplitude:many_10mad_outliers	include_mad_sensitivity	v0.2	include_mad_sensitivity	61440	61440	True	pass	False
v0.3	v0.1	v0.1	423	sub-112	sub-112	97	REM_to_Wake	True	12180.0	3087360	3148800	near_zero_lag	review	mad_only_review	pass	pass	amplitude:many_10mad_outliers	pass	amplitude:many_10mad_outliers	include_mad_sensitivity	v0.2	include_mad_sensitivity	61440	61440	True	pass	False
v0.3	v0.1	v0.1	424	sub-112	sub-112	97	REM_to_Wake	True	20400.0	5191680	5253120	near_zero_lag	include	no_review_flag	pass	pass	pass	pass	pass	include	v0.2	include	61440	61440	True	pass	False
v0.3	v0.1	v0.1	425	sub-112	sub-112	97	Wake_to_REM	False	20460.0	5207040	5268480	near_zero_lag	include	no_review_flag	pass	pass	pass	pass	pass	include	v0.2	include	61440	61440	True	pass	False
v0.3	v0.1	v0.1	426	sub-112	sub-112	97	REM_to_Wake	True	21270.0	5414400	5475840	near_zero_lag	review	mad_only_review	pass	pass	amplitude:many_10mad_outliers	pass	amplitude:many_10mad_outliers	include_mad_sensitivity	v0.2	include_mad_sensitivity	61440	61440	True	pass	False
v0.3	v0.1	v0.1	427	sub-113	sub-113	97	REM_to_Wake	True	26040.0	6635520	6696960	near_zero_lag	review	mad_only_review	pass	pass	amplitude:many_10mad_outliers	pass	amplitude:many_10mad_outliers	include_mad_sensitivity	v0.2	include_mad_sensitivity	61440	61440	True	pass	False
v0.3	v0.1	v0.1	428	sub-113	sub-113	97	Wake_to_REM	False	26130.0	6658560	6720000	near_zero_lag	review	mad_only_review	pass	pass	amplitude:many_10mad_outliers	pass	amplitude:many_10mad_outliers	include_mad_sensitivity	v0.2	include_mad_sensitivity	61440	61440	True	pass	False
v0.3	v0.1	v0.1	429	sub-113	sub-113	97	REM_to_Wake	True	26220.0	6681600	6743040	near_zero_lag	include	no_review_flag	pass	pass	pass	pass	pass	include	v0.2	include	61440	61440	True	pass	False
v0.3	v0.1	v0.1	430	sub-114	sub-114	97	REM_to_Wake	True	24120.0	6144000	6205440	near_zero_lag	review	mad_only_review	pass	pass	amplitude:many_10mad_outliers	pass	amplitude:many_10mad_outliers	include_mad_sensitivity	v0.2	include_mad_sensitivity	61440	61440	True	pass	False
v0.3	v0.1	v0.1	431	sub-115	sub-115	98	REM_to_Wake	True	8580.0	2165760	2227200	near_zero_lag	include	no_review_flag	pass	pass	pass	pass	pass	include	v0.2	include	61440	61440	True	pass	False
v0.3	v0.1	v0.1	432	sub-116	sub-116	98	REM_to_Wake	True	8760.0	2211840	2273280	near_zero_lag	review	mad_only_review	pass	pass	amplitude:many_10mad_outliers	pass	amplitude:many_10mad_outliers	include_mad_sensitivity	v0.2	include_mad_sensitivity	61440	61440	True	pass	False
v0.3	v0.1	v0.1	433	sub-116	sub-116	98	REM_to_Wake	True	17070.0	4339200	4400640	lag_review	review	targeted_review	pass	pass	amplitude:high_robust_range;amplitude:many_10mad_outliers	pass	amplitude:high_robust_range;amplitude:many_10mad_outliers	review_targeted	v0.2	review_targeted	61440	61440	True	pass	False
v0.3	v0.1	v0.1	434	sub-116	sub-116	98	Wake_to_REM	False	17100.0	4346880	4408320	lag_review	review	targeted_review	pass	pass	amplitude:high_robust_range;amplitude:many_10mad_outliers	pass	amplitude:high_robust_range;amplitude:many_10mad_outliers	review_targeted	v0.2	review_targeted	61440	61440	True	pass	False
v0.3	v0.1	v0.1	435	sub-117	sub-117	98	REM_to_Wake	True	8280.0	2088960	2150400	near_zero_lag	include	no_review_flag	pass	pass	pass	pass	pass	include	v0.2	include	61440	61440	True	pass	False
v0.3	v0.1	v0.1	436	sub-117	sub-117	98	Wake_to_REM	False	8310.0	2096640	2158080	near_zero_lag	include	no_review_flag	pass	pass	pass	pass	pass	include	v0.2	include	61440	61440	True	pass	False
v0.3	v0.1	v0.1	437	sub-117	sub-117	98	REM_to_Wake	True	8850.0	2234880	2296320	near_zero_lag	include	no_review_flag	pass	pass	pass	pass	pass	include	v0.2	include	61440	61440	True	pass	False
v0.3	v0.1	v0.1	438	sub-117	sub-117	98	Wake_to_REM	False	8880.0	2242560	2304000	near_zero_lag	review	mad_only_review	pass	pass	amplitude:many_10mad_outliers	pass	amplitude:many_10mad_outliers	include_mad_sensitivity	v0.2	include_mad_sensitivity	61440	61440	True	pass	False
v0.3	v0.1	v0.1	439	sub-117	sub-117	98	REM_to_Wake	True	9180.0	2319360	2380800	near_zero_lag	review	mad_only_review	pass	pass	amplitude:many_10mad_outliers	pass	amplitude:many_10mad_outliers	include_mad_sensitivity	v0.2	include_mad_sensitivity	61440	61440	True	pass	False
v0.3	v0.1	v0.1	440	sub-117	sub-117	98	Wake_to_REM	False	9210.0	2327040	2388480	near_zero_lag	review	mad_only_review	pass	pass	amplitude:many_10mad_outliers	pass	amplitude:many_10mad_outliers	include_mad_sensitivity	v0.2	include_mad_sensitivity	61440	61440	True	pass	False
v0.3	v0.1	v0.1	441	sub-117	sub-117	98	REM_to_Wake	True	9480.0	2396160	2457600	near_zero_lag	review	mad_only_review	pass	pass	amplitude:many_10mad_outliers	pass	amplitude:many_10mad_outliers	include_mad_sensitivity	v0.2	include_mad_sensitivity	61440	61440	True	pass	False
v0.3	v0.1	v0.1	442	sub-117	sub-117	98	REM_to_Wake	True	20640.0	5253120	5314560	near_zero_lag	review	targeted_review	pass	pass	amplitude:high_peak_to_peak;amplitude:many_10mad_outliers	pass	amplitude:high_peak_to_peak;amplitude:many_10mad_outliers	review_targeted	v0.2	review_targeted	61440	61440	True	pass	False
v0.3	v0.1	v0.1	443	sub-118	sub-118	99	REM_to_Wake	True	5160.0	1290240	1351680	near_zero_lag	review	mad_only_review	pass	pass	amplitude:many_10mad_outliers	pass	amplitude:many_10mad_outliers	include_mad_sensitivity	v0.2	include_mad_sensitivity	61440	61440	True	pass	False
v0.3	v0.1	v0.1	444	sub-118	sub-118	99	Wake_to_REM	False	5190.0	1297920	1359360	near_zero_lag	review	mad_only_review	pass	pass	amplitude:many_10mad_outliers	pass	amplitude:many_10mad_outliers	include_mad_sensitivity	v0.2	include_mad_sensitivity	61440	61440	True	pass	False
v0.3	v0.1	v0.1	445	sub-118	sub-118	99	REM_to_Wake	True	19080.0	4853760	4915200	lag_review	review	mad_only_review	pass	pass	amplitude:many_10mad_outliers	pass	amplitude:many_10mad_outliers	include_mad_sensitivity	v0.2	include_mad_sensitivity	61440	61440	True	pass	False
v0.3	v0.1	v0.1	446	sub-119	sub-119	99	REM_to_Wake	True	4980.0	1244160	1305600	lag_review	review	mad_only_review	pass	pass	amplitude:many_10mad_outliers	pass	amplitude:many_10mad_outliers	include_mad_sensitivity	v0.2	include_mad_sensitivity	61440	61440	True	pass	False
v0.3	v0.1	v0.1	447	sub-119	sub-119	99	REM_to_Wake	True	6510.0	1635840	1697280	near_zero_lag	review	mad_only_review	pass	pass	amplitude:many_10mad_outliers	pass	amplitude:many_10mad_outliers	include_mad_sensitivity	v0.2	include_mad_sensitivity	61440	61440	True	pass	False
v0.3	v0.1	v0.1	448	sub-119	sub-119	99	REM_to_Wake	True	19350.0	4922880	4984320	near_zero_lag	review	mad_only_review	pass	pass	amplitude:many_10mad_outliers	pass	amplitude:many_10mad_outliers	include_mad_sensitivity	v0.2	include_mad_sensitivity	61440	61440	True	pass	False
v0.3	v0.1	v0.1	39	sub-12	sub-12	92	REM_to_Wake	True	5160.0	1290240	1351680	near_zero_lag	include	no_review_flag	pass	pass	pass	pass	pass	include	v0.2	include	61440	61440	True	pass	False
v0.3	v0.1	v0.1	40	sub-12	sub-12	92	REM_to_Wake	True	9510.0	2403840	2465280	near_zero_lag	review	mad_only_review	pass	pass	amplitude:many_10mad_outliers	pass	amplitude:many_10mad_outliers	include_mad_sensitivity	v0.2	include_mad_sensitivity	61440	61440	True	pass	False
v0.3	v0.1	v0.1	41	sub-12	sub-12	92	REM_to_Wake	True	9900.0	2503680	2565120	near_zero_lag	include	no_review_flag	pass	pass	pass	pass	pass	include	v0.2	include	61440	61440	True	pass	False
v0.3	v0.1	v0.1	42	sub-12	sub-12	92	REM_to_Wake	True	22800.0	5806080	5867520	near_zero_lag	review	mad_only_review	pass	pass	amplitude:many_10mad_outliers	pass	amplitude:many_10mad_outliers	include_mad_sensitivity	v0.2	include_mad_sensitivity	61440	61440	True	pass	False
v0.3	v0.1	v0.1	43	sub-12	sub-12	92	Wake_to_REM	False	22830.0	5813760	5875200	near_zero_lag	review	mad_only_review	pass	pass	amplitude:many_10mad_outliers	pass	amplitude:many_10mad_outliers	include_mad_sensitivity	v0.2	include_mad_sensitivity	61440	61440	True	pass	False
v0.3	v0.1	v0.1	44	sub-12	sub-12	92	REM_to_Wake	True	22890.0	5829120	5890560	near_zero_lag	review	mad_only_review	pass	pass	amplitude:many_10mad_outliers	pass	amplitude:many_10mad_outliers	include_mad_sensitivity	v0.2	include_mad_sensitivity	61440	61440	True	pass	False
v0.3	v0.1	v0.1	45	sub-12	sub-12	92	REM_to_Wake	True	23490.0	5982720	6044160	near_zero_lag	review	mad_only_review	pass	pass	amplitude:many_10mad_outliers	pass	amplitude:many_10mad_outliers	include_mad_sensitivity	v0.2	include_mad_sensitivity	61440	61440	True	pass	False
v0.3	v0.1	v0.1	46	sub-12	sub-12	92	REM_to_Wake	True	28170.0	7180800	7242240	near_zero_lag	review	mad_only_review	pass	pass	amplitude:many_10mad_outliers	pass	amplitude:many_10mad_outliers	include_mad_sensitivity	v0.2	include_mad_sensitivity	61440	61440	True	pass	False
v0.3	v0.1	v0.1	47	sub-12	sub-12	92	REM_to_Wake	True	28290.0	7211520	7272960	near_zero_lag	review	mad_only_review	pass	pass	amplitude:many_10mad_outliers	pass	amplitude:many_10mad_outliers	include_mad_sensitivity	v0.2	include_mad_sensitivity	61440	61440	True	pass	False
v0.3	v0.1	v0.1	48	sub-12	sub-12	92	Wake_to_REM	False	28320.0	7219200	7280640	near_zero_lag	review	mad_only_review	pass	pass	amplitude:many_10mad_outliers	pass	amplitude:many_10mad_outliers	include_mad_sensitivity	v0.2	include_mad_sensitivity	61440	61440	True	pass	False
v0.3	v0.1	v0.1	49	sub-12	sub-12	92	REM_to_Wake	True	28410.0	7242240	7303680	near_zero_lag	review	mad_only_review	pass	pass	amplitude:many_10mad_outliers	pass	amplitude:many_10mad_outliers	include_mad_sensitivity	v0.2	include_mad_sensitivity	61440	61440	True	pass	False
v0.3	v0.1	v0.1	449	sub-120	sub-120	99	REM_to_Wake	True	6660.0	1674240	1735680	near_zero_lag	include	no_review_flag	pass	pass	pass	pass	pass	include	v0.2	include	61440	61440	True	pass	False
v0.3	v0.1	v0.1	450	sub-120	sub-120	99	Wake_to_REM	False	6690.0	1681920	1743360	near_zero_lag	include	no_review_flag	pass	pass	pass	pass	pass	include	v0.2	include	61440	61440	True	pass	False
v0.3	v0.1	v0.1	451	sub-120	sub-120	99	REM_to_Wake	True	13830.0	3509760	3571200	near_zero_lag	review	mad_only_review	pass	pass	amplitude:many_10mad_outliers	pass	amplitude:many_10mad_outliers	include_mad_sensitivity	v0.2	include_mad_sensitivity	61440	61440	True	pass	False
v0.3	v0.1	v0.1	452	sub-120	sub-120	99	Wake_to_REM	False	13860.0	3517440	3578880	near_zero_lag	review	mad_only_review	pass	pass	amplitude:many_10mad_outliers	pass	amplitude:many_10mad_outliers	include_mad_sensitivity	v0.2	include_mad_sensitivity	61440	61440	True	pass	False
v0.3	v0.1	v0.1	453	sub-120	sub-120	99	REM_to_Wake	True	23580.0	6005760	6059776	lag_review	exclude	critical_exclusion	pass	amplitude:flatline_at_least_5_sec	amplitude:high_robust_range;amplitude:many_10mad_outliers;amplitude:repeated_endpoints	amplitude:flatline_at_least_5_sec;coverage:incomplete_240s_signal_coverage	amplitude:high_robust_range;amplitude:many_10mad_outliers;amplitude:repeated_endpoints	exclude_critical	v0.2	exclude_critical	54016	61440	False	coverage:incomplete_240s_signal_coverage	False
v0.3	v0.1	v0.1	454	sub-121	sub-121	100	REM_to_Wake	True	22590.0	5752320	5813760	near_zero_lag	review	targeted_review	pass	pass	amplitude:high_peak_to_peak;amplitude:high_robust_range;amplitude:many_10mad_outliers;amplitude:many_abrupt_jumps	pass	amplitude:high_peak_to_peak;amplitude:high_robust_range;amplitude:many_10mad_outliers;amplitude:many_abrupt_jumps	review_targeted	v0.2	review_targeted	61440	61440	True	pass	False
v0.3	v0.1	v0.1	455	sub-123	sub-123	102	REM_to_Wake	True	15630.0	3970560	4032000	near_zero_lag	review	mad_only_review	pass	pass	amplitude:many_10mad_outliers	pass	amplitude:many_10mad_outliers	include_mad_sensitivity	v0.2	include_mad_sensitivity	61440	61440	True	pass	False
v0.3	v0.1	v0.1	456	sub-123	sub-123	102	REM_to_Wake	True	19980.0	5084160	5145600	near_zero_lag	review	mad_only_review	pass	pass	amplitude:many_10mad_outliers	pass	amplitude:many_10mad_outliers	include_mad_sensitivity	v0.2	include_mad_sensitivity	61440	61440	True	pass	False
v0.3	v0.1	v0.1	457	sub-123	sub-123	102	Wake_to_REM	False	20010.0	5091840	5153280	near_zero_lag	review	mad_only_review	pass	pass	amplitude:many_10mad_outliers	pass	amplitude:many_10mad_outliers	include_mad_sensitivity	v0.2	include_mad_sensitivity	61440	61440	True	pass	False
v0.3	v0.1	v0.1	458	sub-124	sub-124	15	REM_to_Wake	True	14640.0	3717120	3778560	near_zero_lag	include	no_review_flag	pass	pass	pass	pass	pass	include	v0.2	include	61440	61440	True	pass	False
v0.3	v0.1	v0.1	459	sub-124	sub-124	15	REM_to_Wake	True	25770.0	6566400	6627840	near_zero_lag	review	mad_only_review	pass	pass	amplitude:many_10mad_outliers	pass	amplitude:many_10mad_outliers	include_mad_sensitivity	v0.2	include_mad_sensitivity	61440	61440	True	pass	False
v0.3	v0.1	v0.1	460	sub-124	sub-124	15	Wake_to_REM	False	25800.0	6574080	6635520	near_zero_lag	review	mad_only_review	pass	pass	amplitude:many_10mad_outliers	pass	amplitude:many_10mad_outliers	include_mad_sensitivity	v0.2	include_mad_sensitivity	61440	61440	True	pass	False
v0.3	v0.1	v0.1	461	sub-124	sub-124	15	REM_to_Wake	True	26220.0	6681600	6743040	lag_review	review	mad_only_review	pass	pass	amplitude:many_10mad_outliers	pass	amplitude:many_10mad_outliers	include_mad_sensitivity	v0.2	include_mad_sensitivity	61440	61440	True	pass	False
v0.3	v0.1	v0.1	462	sub-124	sub-124	15	Wake_to_REM	False	26250.0	6689280	6750720	lag_review	review	mad_only_review	pass	pass	amplitude:many_10mad_outliers	pass	amplitude:many_10mad_outliers	include_mad_sensitivity	v0.2	include_mad_sensitivity	61440	61440	True	pass	False
v0.3	v0.1	v0.1	463	sub-124	sub-124	15	REM_to_Wake	True	26550.0	6766080	6827520	near_zero_lag	review	mad_only_review	pass	pass	amplitude:many_10mad_outliers	pass	amplitude:many_10mad_outliers	include_mad_sensitivity	v0.2	include_mad_sensitivity	61440	61440	True	pass	False
v0.3	v0.1	v0.1	464	sub-125	sub-125	104	REM_to_Wake	True	13200.0	3348480	3409920	near_zero_lag	review	mad_only_review	pass	pass	amplitude:many_10mad_outliers	pass	amplitude:many_10mad_outliers	include_mad_sensitivity	v0.2	include_mad_sensitivity	61440	61440	True	pass	False
v0.3	v0.1	v0.1	465	sub-125	sub-125	104	REM_to_Wake	True	18480.0	4700160	4761600	near_zero_lag	review	mad_only_review	pass	pass	amplitude:many_10mad_outliers	pass	amplitude:many_10mad_outliers	include_mad_sensitivity	v0.2	include_mad_sensitivity	61440	61440	True	pass	False
v0.3	v0.1	v0.1	466	sub-125	sub-125	104	REM_to_Wake	True	23760.0	6051840	6113280	near_zero_lag	review	mad_only_review	pass	pass	amplitude:many_10mad_outliers	pass	amplitude:many_10mad_outliers	include_mad_sensitivity	v0.2	include_mad_sensitivity	61440	61440	True	pass	False
v0.3	v0.1	v0.1	467	sub-126	sub-126	106	REM_to_Wake	True	9540.0	2411520	2472960	lag_review	review	mad_only_review	pass	pass	amplitude:many_10mad_outliers	pass	amplitude:many_10mad_outliers	include_mad_sensitivity	v0.2	include_mad_sensitivity	61440	61440	True	pass	False
v0.3	v0.1	v0.1	468	sub-126	sub-126	106	REM_to_Wake	True	19740.0	5022720	5084160	near_zero_lag	review	targeted_review	pass	pass	amplitude:high_peak_to_peak;amplitude:high_robust_range;amplitude:many_10mad_outliers;amplitude:many_abrupt_jumps;amplitude:repeated_endpoints	pass	amplitude:high_peak_to_peak;amplitude:high_robust_range;amplitude:many_10mad_outliers;amplitude:many_abrupt_jumps;amplitude:repeated_endpoints	review_targeted	v0.2	review_targeted	61440	61440	True	pass	False
v0.3	v0.1	v0.1	469	sub-126	sub-126	106	REM_to_Wake	True	20040.0	5099520	5160960	near_zero_lag	review	targeted_review	pass	pass	amplitude:high_peak_to_peak;amplitude:high_robust_range;amplitude:many_10mad_outliers;amplitude:many_abrupt_jumps;amplitude:repeated_endpoints	pass	amplitude:high_peak_to_peak;amplitude:high_robust_range;amplitude:many_10mad_outliers;amplitude:many_abrupt_jumps;amplitude:repeated_endpoints	review_targeted	v0.2	review_targeted	61440	61440	True	pass	False
v0.3	v0.1	v0.1	470	sub-126	sub-126	106	REM_to_Wake	True	23460.0	5975040	6036480	near_zero_lag	review	targeted_review	pass	pass	amplitude:high_peak_to_peak;amplitude:high_robust_range;amplitude:many_10mad_outliers;amplitude:repeated_endpoints	pass	amplitude:high_peak_to_peak;amplitude:high_robust_range;amplitude:many_10mad_outliers;amplitude:repeated_endpoints	review_targeted	v0.2	review_targeted	61440	61440	True	pass	False
v0.3	v0.1	v0.1	471	sub-126	sub-126	106	Wake_to_REM	False	23490.0	5982720	6044160	near_zero_lag	review	targeted_review	pass	pass	amplitude:high_peak_to_peak;amplitude:high_robust_range;amplitude:many_10mad_outliers;amplitude:repeated_endpoints	pass	amplitude:high_peak_to_peak;amplitude:high_robust_range;amplitude:many_10mad_outliers;amplitude:repeated_endpoints	review_targeted	v0.2	review_targeted	61440	61440	True	pass	False
v0.3	v0.1	v0.1	472	sub-126	sub-126	106	REM_to_Wake	True	23970.0	6105600	6167040	near_zero_lag	review	targeted_review	pass	pass	amplitude:high_peak_to_peak;amplitude:high_robust_range;amplitude:many_10mad_outliers;amplitude:repeated_endpoints	pass	amplitude:high_peak_to_peak;amplitude:high_robust_range;amplitude:many_10mad_outliers;amplitude:repeated_endpoints	review_targeted	v0.2	review_targeted	61440	61440	True	pass	False
v0.3	v0.1	v0.1	473	sub-126	sub-126	106	Wake_to_REM	False	24000.0	6113280	6174720	near_zero_lag	review	targeted_review	pass	pass	amplitude:high_peak_to_peak;amplitude:high_robust_range;amplitude:many_10mad_outliers;amplitude:repeated_endpoints	pass	amplitude:high_peak_to_peak;amplitude:high_robust_range;amplitude:many_10mad_outliers;amplitude:repeated_endpoints	review_targeted	v0.2	review_targeted	61440	61440	True	pass	False
v0.3	v0.1	v0.1	474	sub-126	sub-126	106	REM_to_Wake	True	24030.0	6120960	6182400	near_zero_lag	review	targeted_review	pass	pass	amplitude:high_peak_to_peak;amplitude:high_robust_range;amplitude:many_10mad_outliers;amplitude:repeated_endpoints	pass	amplitude:high_peak_to_peak;amplitude:high_robust_range;amplitude:many_10mad_outliers;amplitude:repeated_endpoints	review_targeted	v0.2	review_targeted	61440	61440	True	pass	False
v0.3	v0.1	v0.1	475	sub-127	sub-127	107	REM_to_Wake	True	24660.0	6282240	6343680	lag_review	review	mad_only_review	pass	pass	amplitude:many_10mad_outliers	pass	amplitude:many_10mad_outliers	include_mad_sensitivity	v0.2	include_mad_sensitivity	61440	61440	True	pass	False
v0.3	v0.1	v0.1	476	sub-128	sub-128	108	REM_to_Wake	True	16290.0	4139520	4200960	near_zero_lag	include	no_review_flag	pass	pass	pass	pass	pass	include	v0.2	include	61440	61440	True	pass	False
v0.3	v0.1	v0.1	50	sub-14	sub-14	9	REM_to_Wake	True	14700.0	3732480	3793920	near_zero_lag	review	mad_only_review	pass	pass	amplitude:many_10mad_outliers	pass	amplitude:many_10mad_outliers	include_mad_sensitivity	v0.2	include_mad_sensitivity	61440	61440	True	pass	False
v0.3	v0.1	v0.1	51	sub-14	sub-14	9	REM_to_Wake	True	20940.0	5329920	5391360	near_zero_lag	review	mad_only_review	pass	pass	amplitude:many_10mad_outliers	pass	amplitude:many_10mad_outliers	include_mad_sensitivity	v0.2	include_mad_sensitivity	61440	61440	True	pass	False
v0.3	v0.1	v0.1	52	sub-14	sub-14	9	REM_to_Wake	True	26940.0	6865920	6927360	near_zero_lag	review	mad_only_review	pass	pass	amplitude:many_10mad_outliers	pass	amplitude:many_10mad_outliers	include_mad_sensitivity	v0.2	include_mad_sensitivity	61440	61440	True	pass	False
v0.3	v0.1	v0.1	53	sub-14	sub-14	9	REM_to_Wake	True	32010.0	8163840	8220928	lag_review	exclude	critical_exclusion	pass	amplitude:flatline_at_least_5_sec	amplitude:high_robust_range;amplitude:repeated_endpoints	amplitude:flatline_at_least_5_sec;coverage:incomplete_240s_signal_coverage	amplitude:high_robust_range;amplitude:repeated_endpoints	exclude_critical	v0.2	exclude_critical	57088	61440	False	coverage:incomplete_240s_signal_coverage	False
v0.3	v0.1	v0.1	54	sub-15	sub-15	10	REM_to_Wake	True	24600.0	6266880	6328320	lag_review	review	mad_only_review	pass	pass	amplitude:many_10mad_outliers	pass	amplitude:many_10mad_outliers	include_mad_sensitivity	v0.2	include_mad_sensitivity	61440	61440	True	pass	False
v0.3	v0.1	v0.1	55	sub-15	sub-15	10	Wake_to_REM	False	24630.0	6274560	6336000	lag_review	review	mad_only_review	pass	pass	amplitude:many_10mad_outliers	pass	amplitude:many_10mad_outliers	include_mad_sensitivity	v0.2	include_mad_sensitivity	61440	61440	True	pass	False
v0.3	v0.1	v0.1	56	sub-15	sub-15	10	REM_to_Wake	True	25080.0	6389760	6451200	near_zero_lag	review	mad_only_review	pass	pass	amplitude:many_10mad_outliers	pass	amplitude:many_10mad_outliers	include_mad_sensitivity	v0.2	include_mad_sensitivity	61440	61440	True	pass	False
v0.3	v0.1	v0.1	57	sub-15	sub-15	10	Wake_to_REM	False	25110.0	6397440	6458880	near_zero_lag	review	mad_only_review	pass	pass	amplitude:many_10mad_outliers	pass	amplitude:many_10mad_outliers	include_mad_sensitivity	v0.2	include_mad_sensitivity	61440	61440	True	pass	False
v0.3	v0.1	v0.1	58	sub-15	sub-15	10	REM_to_Wake	True	25710.0	6551040	6612480	lag_review	review	mad_only_review	pass	pass	amplitude:many_10mad_outliers	pass	amplitude:many_10mad_outliers	include_mad_sensitivity	v0.2	include_mad_sensitivity	61440	61440	True	pass	False
v0.3	v0.1	v0.1	59	sub-16	sub-16	11	REM_to_Wake	True	17460.0	4439040	4500480	near_zero_lag	review	mad_only_review	pass	pass	amplitude:many_10mad_outliers	pass	amplitude:many_10mad_outliers	include_mad_sensitivity	v0.2	include_mad_sensitivity	61440	61440	True	pass	False
v0.3	v0.1	v0.1	60	sub-16	sub-16	11	Wake_to_REM	False	17490.0	4446720	4508160	near_zero_lag	review	mad_only_review	pass	pass	amplitude:many_10mad_outliers	pass	amplitude:many_10mad_outliers	include_mad_sensitivity	v0.2	include_mad_sensitivity	61440	61440	True	pass	False
v0.3	v0.1	v0.1	61	sub-16	sub-16	11	REM_to_Wake	True	18000.0	4577280	4638720	near_zero_lag	review	mad_only_review	pass	pass	amplitude:many_10mad_outliers	pass	amplitude:many_10mad_outliers	include_mad_sensitivity	v0.2	include_mad_sensitivity	61440	61440	True	pass	False
v0.3	v0.1	v0.1	62	sub-16	sub-16	11	Wake_to_REM	False	18060.0	4592640	4654080	near_zero_lag	review	mad_only_review	pass	pass	amplitude:many_10mad_outliers	pass	amplitude:many_10mad_outliers	include_mad_sensitivity	v0.2	include_mad_sensitivity	61440	61440	True	pass	False
v0.3	v0.1	v0.1	63	sub-16	sub-16	11	REM_to_Wake	True	25500.0	6497280	6558720	near_zero_lag	review	mad_only_review	pass	pass	amplitude:many_10mad_outliers	pass	amplitude:many_10mad_outliers	include_mad_sensitivity	v0.2	include_mad_sensitivity	61440	61440	True	pass	False
v0.3	v0.1	v0.1	64	sub-16	sub-16	11	Wake_to_REM	False	25530.0	6504960	6566400	near_zero_lag	review	mad_only_review	pass	pass	amplitude:many_10mad_outliers	pass	amplitude:many_10mad_outliers	include_mad_sensitivity	v0.2	include_mad_sensitivity	61440	61440	True	pass	False
v0.3	v0.1	v0.1	65	sub-16	sub-16	11	REM_to_Wake	True	26220.0	6681600	6743040	lag_review	include	no_review_flag	pass	pass	pass	pass	pass	include	v0.2	include	61440	61440	True	pass	False
v0.3	v0.1	v0.1	66	sub-16	sub-16	11	Wake_to_REM	False	26250.0	6689280	6750720	lag_review	review	mad_only_review	pass	pass	amplitude:many_10mad_outliers	pass	amplitude:many_10mad_outliers	include_mad_sensitivity	v0.2	include_mad_sensitivity	61440	61440	True	pass	False
v0.3	v0.1	v0.1	67	sub-16	sub-16	11	REM_to_Wake	True	26340.0	6712320	6773760	lag_review	review	mad_only_review	pass	pass	amplitude:many_10mad_outliers	pass	amplitude:many_10mad_outliers	include_mad_sensitivity	v0.2	include_mad_sensitivity	61440	61440	True	pass	False
v0.3	v0.1	v0.1	68	sub-16	sub-16	11	Wake_to_REM	False	26370.0	6720000	6781440	lag_review	review	mad_only_review	pass	pass	amplitude:many_10mad_outliers	pass	amplitude:many_10mad_outliers	include_mad_sensitivity	v0.2	include_mad_sensitivity	61440	61440	True	pass	False
v0.3	v0.1	v0.1	69	sub-16	sub-16	11	REM_to_Wake	True	26790.0	6827520	6888960	lag_review	review	mad_only_review	pass	pass	amplitude:many_10mad_outliers	pass	amplitude:many_10mad_outliers	include_mad_sensitivity	v0.2	include_mad_sensitivity	61440	61440	True	pass	False
v0.3	v0.1	v0.1	70	sub-16	sub-16	11	Wake_to_REM	False	26820.0	6835200	6896640	lag_review	review	mad_only_review	pass	pass	amplitude:many_10mad_outliers	pass	amplitude:many_10mad_outliers	include_mad_sensitivity	v0.2	include_mad_sensitivity	61440	61440	True	pass	False
v0.3	v0.1	v0.1	71	sub-16	sub-16	11	REM_to_Wake	True	27780.0	7080960	7142400	near_zero_lag	review	targeted_review	pass	pass	amplitude:high_robust_range;amplitude:many_10mad_outliers	pass	amplitude:high_robust_range;amplitude:many_10mad_outliers	review_targeted	v0.2	review_targeted	61440	61440	True	pass	False
v0.3	v0.1	v0.1	72	sub-17	sub-17	92	REM_to_Wake	True	5670.0	1420800	1482240	near_zero_lag	include	no_review_flag	pass	pass	pass	pass	pass	include	v0.2	include	61440	61440	True	pass	False
v0.3	v0.1	v0.1	73	sub-17	sub-17	92	REM_to_Wake	True	11340.0	2872320	2933760	near_zero_lag	review	mad_only_review	pass	pass	amplitude:many_10mad_outliers	pass	amplitude:many_10mad_outliers	include_mad_sensitivity	v0.2	include_mad_sensitivity	61440	61440	True	pass	False
v0.3	v0.1	v0.1	74	sub-17	sub-17	92	REM_to_Wake	True	12150.0	3079680	3141120	near_zero_lag	review	mad_only_review	pass	pass	amplitude:many_10mad_outliers	pass	amplitude:many_10mad_outliers	include_mad_sensitivity	v0.2	include_mad_sensitivity	61440	61440	True	pass	False
v0.3	v0.1	v0.1	75	sub-17	sub-17	92	REM_to_Wake	True	23520.0	5990400	6051840	near_zero_lag	review	mad_only_review	pass	pass	amplitude:many_10mad_outliers	pass	amplitude:many_10mad_outliers	include_mad_sensitivity	v0.2	include_mad_sensitivity	61440	61440	True	pass	False
v0.3	v0.1	v0.1	76	sub-17	sub-17	92	Wake_to_REM	False	23550.0	5998080	6059520	near_zero_lag	review	mad_only_review	pass	pass	amplitude:many_10mad_outliers	pass	amplitude:many_10mad_outliers	include_mad_sensitivity	v0.2	include_mad_sensitivity	61440	61440	True	pass	False
v0.3	v0.1	v0.1	77	sub-17	sub-17	92	REM_to_Wake	True	23850.0	6074880	6136320	near_zero_lag	review	targeted_review	pass	pass	amplitude:high_robust_range;amplitude:many_10mad_outliers	pass	amplitude:high_robust_range;amplitude:many_10mad_outliers	review_targeted	v0.2	review_targeted	61440	61440	True	pass	False
v0.3	v0.1	v0.1	78	sub-17	sub-17	92	Wake_to_REM	False	23880.0	6082560	6144000	near_zero_lag	review	targeted_review	pass	pass	amplitude:high_robust_range;amplitude:many_10mad_outliers	pass	amplitude:high_robust_range;amplitude:many_10mad_outliers	review_targeted	v0.2	review_targeted	61440	61440	True	pass	False
v0.3	v0.1	v0.1	79	sub-17	sub-17	92	REM_to_Wake	True	24090.0	6136320	6197760	near_zero_lag	review	mad_only_review	pass	pass	amplitude:many_10mad_outliers	pass	amplitude:many_10mad_outliers	include_mad_sensitivity	v0.2	include_mad_sensitivity	61440	61440	True	pass	False
v0.3	v0.1	v0.1	80	sub-17	sub-17	92	Wake_to_REM	False	24120.0	6144000	6205440	near_zero_lag	review	mad_only_review	pass	pass	amplitude:many_10mad_outliers	pass	amplitude:many_10mad_outliers	include_mad_sensitivity	v0.2	include_mad_sensitivity	61440	61440	True	pass	False
v0.3	v0.1	v0.1	81	sub-17	sub-17	92	REM_to_Wake	True	24180.0	6159360	6220800	near_zero_lag	review	mad_only_review	pass	pass	amplitude:many_10mad_outliers	pass	amplitude:many_10mad_outliers	include_mad_sensitivity	v0.2	include_mad_sensitivity	61440	61440	True	pass	False
v0.3	v0.1	v0.1	82	sub-17	sub-17	92	REM_to_Wake	True	24780.0	6312960	6374400	near_zero_lag	review	mad_only_review	pass	pass	amplitude:many_10mad_outliers	pass	amplitude:many_10mad_outliers	include_mad_sensitivity	v0.2	include_mad_sensitivity	61440	61440	True	pass	False
v0.3	v0.1	v0.1	83	sub-17	sub-17	92	Wake_to_REM	False	24810.0	6320640	6382080	near_zero_lag	review	mad_only_review	pass	pass	amplitude:many_10mad_outliers	pass	amplitude:many_10mad_outliers	include_mad_sensitivity	v0.2	include_mad_sensitivity	61440	61440	True	pass	False
v0.3	v0.1	v0.1	84	sub-17	sub-17	92	REM_to_Wake	True	25110.0	6397440	6458880	near_zero_lag	review	mad_only_review	pass	pass	amplitude:many_10mad_outliers	pass	amplitude:many_10mad_outliers	include_mad_sensitivity	v0.2	include_mad_sensitivity	61440	61440	True	pass	False
v0.3	v0.1	v0.1	85	sub-17	sub-17	92	REM_to_Wake	True	29100.0	7418880	7480320	lag_review	review	mad_only_review	pass	pass	amplitude:many_10mad_outliers	pass	amplitude:many_10mad_outliers	include_mad_sensitivity	v0.2	include_mad_sensitivity	61440	61440	True	pass	False
v0.3	v0.1	v0.1	86	sub-17	sub-17	92	Wake_to_REM	False	29130.0	7426560	7488000	lag_review	review	mad_only_review	pass	pass	amplitude:many_10mad_outliers	pass	amplitude:many_10mad_outliers	include_mad_sensitivity	v0.2	include_mad_sensitivity	61440	61440	True	pass	False
v0.3	v0.1	v0.1	87	sub-17	sub-17	92	REM_to_Wake	True	29160.0	7434240	7495680	lag_review	review	mad_only_review	pass	pass	amplitude:many_10mad_outliers	pass	amplitude:many_10mad_outliers	include_mad_sensitivity	v0.2	include_mad_sensitivity	61440	61440	True	pass	False
v0.3	v0.1	v0.1	88	sub-18	sub-18	12	REM_to_Wake	True	6660.0	1674240	1735680	near_zero_lag	review	mad_only_review	pass	pass	amplitude:many_10mad_outliers	pass	amplitude:many_10mad_outliers	include_mad_sensitivity	v0.2	include_mad_sensitivity	61440	61440	True	pass	False
v0.3	v0.1	v0.1	89	sub-18	sub-18	12	REM_to_Wake	True	10950.0	2772480	2833920	near_zero_lag	include	no_review_flag	pass	pass	pass	pass	pass	include	v0.2	include	61440	61440	True	pass	False
v0.3	v0.1	v0.1	90	sub-18	sub-18	12	Wake_to_REM	False	10980.0	2780160	2841600	near_zero_lag	include	no_review_flag	pass	pass	pass	pass	pass	include	v0.2	include	61440	61440	True	pass	False
v0.3	v0.1	v0.1	91	sub-18	sub-18	12	REM_to_Wake	True	12240.0	3102720	3164160	near_zero_lag	include	no_review_flag	pass	pass	pass	pass	pass	include	v0.2	include	61440	61440	True	pass	False
v0.3	v0.1	v0.1	92	sub-18	sub-18	12	REM_to_Wake	True	17340.0	4408320	4469760	near_zero_lag	review	mad_only_review	pass	pass	amplitude:many_10mad_outliers	pass	amplitude:many_10mad_outliers	include_mad_sensitivity	v0.2	include_mad_sensitivity	61440	61440	True	pass	False
v0.3	v0.1	v0.1	93	sub-18	sub-18	12	REM_to_Wake	True	22020.0	5606400	5667840	near_zero_lag	review	mad_only_review	pass	pass	amplitude:many_10mad_outliers	pass	amplitude:many_10mad_outliers	include_mad_sensitivity	v0.2	include_mad_sensitivity	61440	61440	True	pass	False
v0.3	v0.1	v0.1	94	sub-18	sub-18	12	REM_to_Wake	True	22890.0	5829120	5890560	near_zero_lag	include	no_review_flag	pass	pass	pass	pass	pass	include	v0.2	include	61440	61440	True	pass	False
v0.3	v0.1	v0.1	95	sub-18	sub-18	12	REM_to_Wake	True	23310.0	5936640	5998080	near_zero_lag	review	mad_only_review	pass	pass	amplitude:many_10mad_outliers	pass	amplitude:many_10mad_outliers	include_mad_sensitivity	v0.2	include_mad_sensitivity	61440	61440	True	pass	False
v0.3	v0.1	v0.1	96	sub-18	sub-18	12	REM_to_Wake	True	26700.0	6804480	6865920	near_zero_lag	include	no_review_flag	pass	pass	pass	pass	pass	include	v0.2	include	61440	61440	True	pass	False
v0.3	v0.1	v0.1	97	sub-18	sub-18	12	Wake_to_REM	False	26730.0	6812160	6873600	near_zero_lag	include	no_review_flag	pass	pass	pass	pass	pass	include	v0.2	include	61440	61440	True	pass	False
v0.3	v0.1	v0.1	98	sub-18	sub-18	12	REM_to_Wake	True	28260.0	7203840	7265280	near_zero_lag	include	no_review_flag	pass	pass	pass	pass	pass	include	v0.2	include	61440	61440	True	pass	False
v0.3	v0.1	v0.1	99	sub-19	sub-19	93	REM_to_Wake	True	22590.0	5752320	5813760	near_zero_lag	review	targeted_review	pass	pass	amplitude:high_peak_to_peak;amplitude:high_robust_range;amplitude:many_10mad_outliers;amplitude:many_abrupt_jumps	pass	amplitude:high_peak_to_peak;amplitude:high_robust_range;amplitude:many_10mad_outliers;amplitude:many_abrupt_jumps	review_targeted	v0.2	review_targeted	61440	61440	True	pass	False
v0.3	v0.1	v0.1	100	sub-19	sub-19	93	REM_to_Wake	True	29880.0	7618560	7680000	lag_review	review	targeted_review	pass	pass	amplitude:high_robust_range;amplitude:many_10mad_outliers	pass	amplitude:high_robust_range;amplitude:many_10mad_outliers	review_targeted	v0.2	review_targeted	61440	61440	True	pass	False
v0.3	v0.1	v0.1	6	sub-2	sub-2	89	REM_to_Wake	True	15960.0	4055040	4116480	near_zero_lag	review	mad_only_review	pass	pass	amplitude:many_10mad_outliers	pass	amplitude:many_10mad_outliers	include_mad_sensitivity	v0.2	include_mad_sensitivity	61440	61440	True	pass	False
v0.3	v0.1	v0.1	7	sub-2	sub-2	89	Wake_to_REM	False	15990.0	4062720	4124160	near_zero_lag	review	mad_only_review	pass	pass	amplitude:many_10mad_outliers	pass	amplitude:many_10mad_outliers	include_mad_sensitivity	v0.2	include_mad_sensitivity	61440	61440	True	pass	False
v0.3	v0.1	v0.1	8	sub-2	sub-2	89	REM_to_Wake	True	16290.0	4139520	4200960	lag_review	review	mad_only_review	pass	pass	amplitude:many_10mad_outliers	pass	amplitude:many_10mad_outliers	include_mad_sensitivity	v0.2	include_mad_sensitivity	61440	61440	True	pass	False
v0.3	v0.1	v0.1	9	sub-2	sub-2	89	REM_to_Wake	True	16470.0	4185600	4247040	lag_review	review	mad_only_review	pass	pass	amplitude:many_10mad_outliers	pass	amplitude:many_10mad_outliers	include_mad_sensitivity	v0.2	include_mad_sensitivity	61440	61440	True	pass	False
v0.3	v0.1	v0.1	10	sub-2	sub-2	89	REM_to_Wake	True	20760.0	5283840	5345280	near_zero_lag	include	no_review_flag	pass	pass	pass	pass	pass	include	v0.2	include	61440	61440	True	pass	False
v0.3	v0.1	v0.1	11	sub-2	sub-2	89	Wake_to_REM	False	21210.0	5399040	5460480	near_zero_lag	include	no_review_flag	pass	pass	pass	pass	pass	include	v0.2	include	61440	61440	True	pass	False
v0.3	v0.1	v0.1	12	sub-2	sub-2	89	REM_to_Wake	True	21330.0	5429760	5491200	lag_review	include	no_review_flag	pass	pass	pass	pass	pass	include	v0.2	include	61440	61440	True	pass	False
v0.3	v0.1	v0.1	13	sub-2	sub-2	89	REM_to_Wake	True	24930.0	6351360	6412800	near_zero_lag	include	no_review_flag	pass	pass	pass	pass	pass	include	v0.2	include	61440	61440	True	pass	False
v0.3	v0.1	v0.1	14	sub-2	sub-2	89	REM_to_Wake	True	25110.0	6397440	6458880	near_zero_lag	include	no_review_flag	pass	pass	pass	pass	pass	include	v0.2	include	61440	61440	True	pass	False
v0.3	v0.1	v0.1	101	sub-20	sub-20	13	REM_to_Wake	True	12480.0	3164160	3225600	near_zero_lag	review	mad_only_review	pass	pass	amplitude:many_10mad_outliers	pass	amplitude:many_10mad_outliers	include_mad_sensitivity	v0.2	include_mad_sensitivity	61440	61440	True	pass	False
v0.3	v0.1	v0.1	102	sub-20	sub-20	13	REM_to_Wake	True	29250.0	7457280	7518720	near_zero_lag	review	mad_only_review	pass	pass	amplitude:many_10mad_outliers	pass	amplitude:many_10mad_outliers	include_mad_sensitivity	v0.2	include_mad_sensitivity	61440	61440	True	pass	False
v0.3	v0.1	v0.1	103	sub-21	sub-21	93	REM_to_Wake	True	15120.0	3840000	3901440	lag_review	review	targeted_review	pass	pass	amplitude:high_peak_to_peak;amplitude:high_robust_range;amplitude:many_10mad_outliers	pass	amplitude:high_peak_to_peak;amplitude:high_robust_range;amplitude:many_10mad_outliers	review_targeted	v0.2	review_targeted	61440	61440	True	pass	False
v0.3	v0.1	v0.1	104	sub-22	sub-22	14	REM_to_Wake	True	26520.0	6758400	6819840	near_zero_lag	review	targeted_review	pass	pass	amplitude:high_peak_to_peak;amplitude:high_robust_range;amplitude:many_10mad_outliers;amplitude:many_abrupt_jumps	pass	amplitude:high_peak_to_peak;amplitude:high_robust_range;amplitude:many_10mad_outliers;amplitude:many_abrupt_jumps	review_targeted	v0.2	review_targeted	61440	61440	True	pass	False
v0.3	v0.1	v0.1	105	sub-22	sub-22	14	Wake_to_REM	False	26550.0	6766080	6827520	near_zero_lag	review	targeted_review	pass	pass	amplitude:high_peak_to_peak;amplitude:high_robust_range;amplitude:many_10mad_outliers;amplitude:many_abrupt_jumps	pass	amplitude:high_peak_to_peak;amplitude:high_robust_range;amplitude:many_10mad_outliers;amplitude:many_abrupt_jumps	review_targeted	v0.2	review_targeted	61440	61440	True	pass	False
v0.3	v0.1	v0.1	106	sub-22	sub-22	14	REM_to_Wake	True	26970.0	6873600	6935040	near_zero_lag	review	mad_only_review	pass	pass	amplitude:many_10mad_outliers	pass	amplitude:many_10mad_outliers	include_mad_sensitivity	v0.2	include_mad_sensitivity	61440	61440	True	pass	False
v0.3	v0.1	v0.1	107	sub-23	sub-23	15	REM_to_Wake	True	22860.0	5821440	5882880	lag_review	review	mad_only_review	pass	pass	amplitude:many_10mad_outliers	pass	amplitude:many_10mad_outliers	include_mad_sensitivity	v0.2	include_mad_sensitivity	61440	61440	True	pass	False
v0.3	v0.1	v0.1	108	sub-23	sub-23	15	REM_to_Wake	True	31170.0	7948800	8010240	unusable	exclude	critical_exclusion	pass	amplitude:constant_signal;amplitude:flatline_at_least_5_sec;amplitude:near_flat_robust_range	amplitude:repeated_endpoints	amplitude:constant_signal;amplitude:flatline_at_least_5_sec;amplitude:near_flat_robust_range	amplitude:repeated_endpoints	exclude_critical	v0.2	exclude_critical	61440	61440	True	pass	False
v0.3	v0.1	v0.1	109	sub-24	sub-24	16	REM_to_Wake	True	8220.0	2073600	2135040	near_zero_lag	include	no_review_flag	pass	pass	pass	pass	pass	include	v0.2	include	61440	61440	True	pass	False
v0.3	v0.1	v0.1	110	sub-24	sub-24	16	REM_to_Wake	True	17370.0	4416000	4477440	near_zero_lag	review	mad_only_review	pass	pass	amplitude:many_10mad_outliers	pass	amplitude:many_10mad_outliers	include_mad_sensitivity	v0.2	include_mad_sensitivity	61440	61440	True	pass	False
v0.3	v0.1	v0.1	111	sub-25	sub-25	17	REM_to_Wake	True	14970.0	3801600	3863040	near_zero_lag	review	mad_only_review	pass	pass	amplitude:many_10mad_outliers	pass	amplitude:many_10mad_outliers	include_mad_sensitivity	v0.2	include_mad_sensitivity	61440	61440	True	pass	False
v0.3	v0.1	v0.1	112	sub-25	sub-25	17	REM_to_Wake	True	28230.0	7196160	7257600	near_zero_lag	review	mad_only_review	pass	pass	amplitude:many_10mad_outliers	pass	amplitude:many_10mad_outliers	include_mad_sensitivity	v0.2	include_mad_sensitivity	61440	61440	True	pass	False
v0.3	v0.1	v0.1	113	sub-25	sub-25	17	Wake_to_REM	False	28260.0	7203840	7265280	near_zero_lag	review	mad_only_review	pass	pass	amplitude:many_10mad_outliers	pass	amplitude:many_10mad_outliers	include_mad_sensitivity	v0.2	include_mad_sensitivity	61440	61440	True	pass	False
v0.3	v0.1	v0.1	114	sub-25	sub-25	17	REM_to_Wake	True	29190.0	7441920	7503360	near_zero_lag	include	no_review_flag	pass	pass	pass	pass	pass	include	v0.2	include	61440	61440	True	pass	False
v0.3	v0.1	v0.1	115	sub-26	sub-26	18	REM_to_Wake	True	7590.0	1912320	1973760	near_zero_lag	review	mad_only_review	pass	pass	amplitude:many_10mad_outliers	pass	amplitude:many_10mad_outliers	include_mad_sensitivity	v0.2	include_mad_sensitivity	61440	61440	True	pass	False
v0.3	v0.1	v0.1	116	sub-26	sub-26	18	REM_to_Wake	True	28890.0	7365120	7426560	near_zero_lag	review	mad_only_review	pass	pass	amplitude:many_10mad_outliers	pass	amplitude:many_10mad_outliers	include_mad_sensitivity	v0.2	include_mad_sensitivity	61440	61440	True	pass	False
v0.3	v0.1	v0.1	117	sub-27	sub-27	19	REM_to_Wake	True	10470.0	2649600	2711040	near_zero_lag	review	mad_only_review	pass	pass	amplitude:many_10mad_outliers	pass	amplitude:many_10mad_outliers	include_mad_sensitivity	v0.2	include_mad_sensitivity	61440	61440	True	pass	False
v0.3	v0.1	v0.1	118	sub-27	sub-27	19	REM_to_Wake	True	16020.0	4070400	4131840	lag_review	review	mad_only_review	pass	pass	amplitude:many_10mad_outliers	pass	amplitude:many_10mad_outliers	include_mad_sensitivity	v0.2	include_mad_sensitivity	61440	61440	True	pass	False
v0.3	v0.1	v0.1	119	sub-27	sub-27	19	REM_to_Wake	True	21510.0	5475840	5537280	near_zero_lag	review	mad_only_review	pass	pass	amplitude:many_10mad_outliers	pass	amplitude:many_10mad_outliers	include_mad_sensitivity	v0.2	include_mad_sensitivity	61440	61440	True	pass	False
v0.3	v0.1	v0.1	120	sub-27	sub-27	19	REM_to_Wake	True	28470.0	7257600	7311616	near_zero_lag	review	targeted_review	pass	pass	amplitude:high_robust_range;amplitude:many_10mad_outliers	coverage:incomplete_240s_signal_coverage	amplitude:high_robust_range;amplitude:many_10mad_outliers	exclude_critical	v0.2	review_targeted	54016	61440	False	coverage:incomplete_240s_signal_coverage	True
v0.3	v0.1	v0.1	121	sub-28	sub-28	20	REM_to_Wake	True	19470.0	4953600	5015040	near_zero_lag	include	no_review_flag	pass	pass	pass	pass	pass	include	v0.2	include	61440	61440	True	pass	False
v0.3	v0.1	v0.1	122	sub-29	sub-29	21	REM_to_Wake	True	25260.0	6435840	6497280	near_zero_lag	review	targeted_review	pass	pass	amplitude:high_peak_to_peak;amplitude:high_robust_range;amplitude:many_10mad_outliers	pass	amplitude:high_peak_to_peak;amplitude:high_robust_range;amplitude:many_10mad_outliers	review_targeted	v0.2	review_targeted	61440	61440	True	pass	False
v0.3	v0.1	v0.1	123	sub-29	sub-29	21	REM_to_Wake	True	30060.0	7664640	7726080	near_zero_lag	review	targeted_review	pass	pass	amplitude:high_peak_to_peak;amplitude:high_robust_range;amplitude:many_10mad_outliers	pass	amplitude:high_peak_to_peak;amplitude:high_robust_range;amplitude:many_10mad_outliers	review_targeted	v0.2	review_targeted	61440	61440	True	pass	False
v0.3	v0.1	v0.1	124	sub-29	sub-29	21	REM_to_Wake	True	33120.0	8448000	8509440	near_zero_lag	review	targeted_review	pass	pass	amplitude:high_peak_to_peak;amplitude:many_10mad_outliers	pass	amplitude:high_peak_to_peak;amplitude:many_10mad_outliers	review_targeted	v0.2	review_targeted	61440	61440	True	pass	False
v0.3	v0.1	v0.1	15	sub-3	sub-3	1	REM_to_Wake	True	17850.0	4538880	4600320	lag_review	review	mad_only_review	pass	pass	amplitude:many_10mad_outliers	pass	amplitude:many_10mad_outliers	include_mad_sensitivity	v0.2	include_mad_sensitivity	61440	61440	True	pass	False
v0.3	v0.1	v0.1	16	sub-3	sub-3	1	REM_to_Wake	True	19530.0	4968960	5030400	lag_review	review	mad_only_review	pass	pass	amplitude:many_10mad_outliers	pass	amplitude:many_10mad_outliers	include_mad_sensitivity	v0.2	include_mad_sensitivity	61440	61440	True	pass	False
v0.3	v0.1	v0.1	17	sub-3	sub-3	1	REM_to_Wake	True	23700.0	6036480	6097920	lag_review	review	targeted_review	pass	pass	amplitude:high_peak_to_peak;amplitude:high_robust_range;amplitude:many_10mad_outliers	pass	amplitude:high_peak_to_peak;amplitude:high_robust_range;amplitude:many_10mad_outliers	review_targeted	v0.2	review_targeted	61440	61440	True	pass	False
v0.3	v0.1	v0.1	18	sub-3	sub-3	1	Wake_to_REM	False	23760.0	6051840	6113280	lag_review	review	targeted_review	pass	pass	amplitude:high_peak_to_peak;amplitude:high_robust_range;amplitude:many_10mad_outliers	pass	amplitude:high_peak_to_peak;amplitude:high_robust_range;amplitude:many_10mad_outliers	review_targeted	v0.2	review_targeted	61440	61440	True	pass	False
v0.3	v0.1	v0.1	19	sub-3	sub-3	1	REM_to_Wake	True	23970.0	6105600	6167040	near_zero_lag	review	mad_only_review	pass	pass	amplitude:many_10mad_outliers	pass	amplitude:many_10mad_outliers	include_mad_sensitivity	v0.2	include_mad_sensitivity	61440	61440	True	pass	False
v0.3	v0.1	v0.1	20	sub-3	sub-3	1	Wake_to_REM	False	24000.0	6113280	6174720	near_zero_lag	review	mad_only_review	pass	pass	amplitude:many_10mad_outliers	pass	amplitude:many_10mad_outliers	include_mad_sensitivity	v0.2	include_mad_sensitivity	61440	61440	True	pass	False
v0.3	v0.1	v0.1	21	sub-3	sub-3	1	REM_to_Wake	True	24840.0	6328320	6389760	lag_review	review	mad_only_review	pass	pass	amplitude:many_10mad_outliers	pass	amplitude:many_10mad_outliers	include_mad_sensitivity	v0.2	include_mad_sensitivity	61440	61440	True	pass	False
v0.3	v0.1	v0.1	125	sub-30	sub-30	94	REM_to_Wake	True	14130.0	3586560	3648000	lag_review	review	mad_only_review	pass	pass	amplitude:many_10mad_outliers	pass	amplitude:many_10mad_outliers	include_mad_sensitivity	v0.2	include_mad_sensitivity	61440	61440	True	pass	False
v0.3	v0.1	v0.1	126	sub-30	sub-30	94	REM_to_Wake	True	19560.0	4976640	5038080	near_zero_lag	review	mad_only_review	pass	pass	amplitude:many_10mad_outliers	pass	amplitude:many_10mad_outliers	include_mad_sensitivity	v0.2	include_mad_sensitivity	61440	61440	True	pass	False
v0.3	v0.1	v0.1	127	sub-30	sub-30	94	REM_to_Wake	True	24660.0	6282240	6343680	near_zero_lag	review	targeted_review	pass	pass	amplitude:high_peak_to_peak;amplitude:high_robust_range;amplitude:many_10mad_outliers	pass	amplitude:high_peak_to_peak;amplitude:high_robust_range;amplitude:many_10mad_outliers	review_targeted	v0.2	review_targeted	61440	61440	True	pass	False
v0.3	v0.1	v0.1	128	sub-32	sub-32	83	REM_to_Wake	True	9060.0	2288640	2350080	near_zero_lag	review	mad_only_review	pass	pass	amplitude:many_10mad_outliers	pass	amplitude:many_10mad_outliers	include_mad_sensitivity	v0.2	include_mad_sensitivity	61440	61440	True	pass	False
v0.3	v0.1	v0.1	129	sub-32	sub-32	83	Wake_to_REM	False	9090.0	2296320	2357760	near_zero_lag	review	mad_only_review	pass	pass	amplitude:many_10mad_outliers	pass	amplitude:many_10mad_outliers	include_mad_sensitivity	v0.2	include_mad_sensitivity	61440	61440	True	pass	False
v0.3	v0.1	v0.1	130	sub-32	sub-32	83	REM_to_Wake	True	9780.0	2472960	2534400	near_zero_lag	review	mad_only_review	pass	pass	amplitude:many_10mad_outliers	pass	amplitude:many_10mad_outliers	include_mad_sensitivity	v0.2	include_mad_sensitivity	61440	61440	True	pass	False
v0.3	v0.1	v0.1	131	sub-32	sub-32	83	Wake_to_REM	False	9810.0	2480640	2542080	near_zero_lag	review	mad_only_review	pass	pass	amplitude:many_10mad_outliers	pass	amplitude:many_10mad_outliers	include_mad_sensitivity	v0.2	include_mad_sensitivity	61440	61440	True	pass	False
v0.3	v0.1	v0.1	132	sub-32	sub-32	83	REM_to_Wake	True	20610.0	5245440	5306880	near_zero_lag	review	mad_only_review	pass	pass	amplitude:many_10mad_outliers	pass	amplitude:many_10mad_outliers	include_mad_sensitivity	v0.2	include_mad_sensitivity	61440	61440	True	pass	False
v0.3	v0.1	v0.1	133	sub-33	sub-33	84	REM_to_Wake	True	6360.0	1597440	1658880	lag_review	include	no_review_flag	pass	pass	pass	pass	pass	include	v0.2	include	61440	61440	True	pass	False
v0.3	v0.1	v0.1	134	sub-33	sub-33	84	REM_to_Wake	True	10860.0	2749440	2810880	near_zero_lag	include	no_review_flag	pass	pass	pass	pass	pass	include	v0.2	include	61440	61440	True	pass	False
v0.3	v0.1	v0.1	135	sub-33	sub-33	84	REM_to_Wake	True	17040.0	4331520	4392960	near_zero_lag	review	mad_only_review	pass	pass	amplitude:many_10mad_outliers	pass	amplitude:many_10mad_outliers	include_mad_sensitivity	v0.2	include_mad_sensitivity	61440	61440	True	pass	False
v0.3	v0.1	v0.1	136	sub-33	sub-33	84	REM_to_Wake	True	18420.0	4684800	4746240	near_zero_lag	review	mad_only_review	pass	pass	amplitude:many_10mad_outliers	pass	amplitude:many_10mad_outliers	include_mad_sensitivity	v0.2	include_mad_sensitivity	61440	61440	True	pass	False
v0.3	v0.1	v0.1	137	sub-33	sub-33	84	REM_to_Wake	True	22050.0	5614080	5675520	near_zero_lag	review	mad_only_review	pass	pass	amplitude:many_10mad_outliers	pass	amplitude:many_10mad_outliers	include_mad_sensitivity	v0.2	include_mad_sensitivity	61440	61440	True	pass	False
v0.3	v0.1	v0.1	138	sub-33	sub-33	84	REM_to_Wake	True	22500.0	5729280	5790720	near_zero_lag	include	no_review_flag	pass	pass	pass	pass	pass	include	v0.2	include	61440	61440	True	pass	False
v0.3	v0.1	v0.1	139	sub-33	sub-33	84	REM_to_Wake	True	22950.0	5844480	5905920	near_zero_lag	include	no_review_flag	pass	pass	pass	pass	pass	include	v0.2	include	61440	61440	True	pass	False
v0.3	v0.1	v0.1	140	sub-33	sub-33	84	REM_to_Wake	True	24030.0	6120960	6182400	lag_review	review	mad_only_review	pass	pass	amplitude:many_10mad_outliers	pass	amplitude:many_10mad_outliers	include_mad_sensitivity	v0.2	include_mad_sensitivity	61440	61440	True	pass	False
v0.3	v0.1	v0.1	141	sub-36	sub-36	84	REM_to_Wake	True	3450.0	852480	913920	near_zero_lag	include	no_review_flag	pass	pass	pass	pass	pass	include	v0.2	include	61440	61440	True	pass	False
v0.3	v0.1	v0.1	142	sub-36	sub-36	84	REM_to_Wake	True	10410.0	2634240	2695680	near_zero_lag	include	no_review_flag	pass	pass	pass	pass	pass	include	v0.2	include	61440	61440	True	pass	False
v0.3	v0.1	v0.1	143	sub-36	sub-36	84	REM_to_Wake	True	15270.0	3878400	3939840	near_zero_lag	include	no_review_flag	pass	pass	pass	pass	pass	include	v0.2	include	61440	61440	True	pass	False
v0.3	v0.1	v0.1	144	sub-36	sub-36	84	Wake_to_REM	False	15300.0	3886080	3947520	near_zero_lag	include	no_review_flag	pass	pass	pass	pass	pass	include	v0.2	include	61440	61440	True	pass	False
v0.3	v0.1	v0.1	145	sub-36	sub-36	84	REM_to_Wake	True	15360.0	3901440	3962880	near_zero_lag	include	no_review_flag	pass	pass	pass	pass	pass	include	v0.2	include	61440	61440	True	pass	False
v0.3	v0.1	v0.1	146	sub-36	sub-36	84	REM_to_Wake	True	16200.0	4116480	4177920	near_zero_lag	include	no_review_flag	pass	pass	pass	pass	pass	include	v0.2	include	61440	61440	True	pass	False
v0.3	v0.1	v0.1	147	sub-36	sub-36	84	REM_to_Wake	True	22200.0	5652480	5713920	lag_review	include	no_review_flag	pass	pass	pass	pass	pass	include	v0.2	include	61440	61440	True	pass	False
v0.3	v0.1	v0.1	148	sub-36	sub-36	84	REM_to_Wake	True	26760.0	6819840	6873600	unusable	exclude	critical_exclusion	pass	amplitude:constant_signal;amplitude:flatline_at_least_5_sec;amplitude:near_flat_robust_range	amplitude:repeated_endpoints	amplitude:constant_signal;amplitude:flatline_at_least_5_sec;amplitude:near_flat_robust_range;coverage:incomplete_240s_signal_coverage	amplitude:repeated_endpoints	exclude_critical	v0.2	exclude_critical	53760	61440	False	coverage:incomplete_240s_signal_coverage	False
v0.3	v0.1	v0.1	149	sub-37	sub-37	86	REM_to_Wake	True	11160.0	2826240	2887680	near_zero_lag	review	targeted_review	pass	pass	amplitude:high_robust_range;amplitude:many_10mad_outliers	pass	amplitude:high_robust_range;amplitude:many_10mad_outliers	review_targeted	v0.2	review_targeted	61440	61440	True	pass	False
v0.3	v0.1	v0.1	150	sub-37	sub-37	86	REM_to_Wake	True	15450.0	3924480	3985920	near_zero_lag	review	mad_only_review	pass	pass	amplitude:many_10mad_outliers	pass	amplitude:many_10mad_outliers	include_mad_sensitivity	v0.2	include_mad_sensitivity	61440	61440	True	pass	False
v0.3	v0.1	v0.1	151	sub-37	sub-37	86	REM_to_Wake	True	19590.0	4984320	5045760	near_zero_lag	include	no_review_flag	pass	pass	pass	pass	pass	include	v0.2	include	61440	61440	True	pass	False
v0.3	v0.1	v0.1	152	sub-37	sub-37	86	REM_to_Wake	True	23850.0	6074880	6136320	near_zero_lag	review	targeted_review	pass	pass	amplitude:high_robust_range;amplitude:many_10mad_outliers	pass	amplitude:high_robust_range;amplitude:many_10mad_outliers	review_targeted	v0.2	review_targeted	61440	61440	True	pass	False
v0.3	v0.1	v0.1	153	sub-38	sub-38	87	REM_to_Wake	True	21810.0	5552640	5614080	near_zero_lag	review	targeted_review	pass	pass	amplitude:high_peak_to_peak;amplitude:high_robust_range;amplitude:many_10mad_outliers;amplitude:repeated_endpoints	pass	amplitude:high_peak_to_peak;amplitude:high_robust_range;amplitude:many_10mad_outliers;amplitude:repeated_endpoints	review_targeted	v0.2	review_targeted	61440	61440	True	pass	False
v0.3	v0.1	v0.1	154	sub-39	sub-39	85	REM_to_Wake	True	26430.0	6735360	6796800	near_zero_lag	review	targeted_review	pass	pass	amplitude:high_robust_range;amplitude:many_10mad_outliers	pass	amplitude:high_robust_range;amplitude:many_10mad_outliers	review_targeted	v0.2	review_targeted	61440	61440	True	pass	False
v0.3	v0.1	v0.1	22	sub-4	sub-4	2	REM_to_Wake	True	18150.0	4615680	4677120	lag_review	review	mad_only_review	pass	pass	amplitude:many_10mad_outliers	pass	amplitude:many_10mad_outliers	include_mad_sensitivity	v0.2	include_mad_sensitivity	61440	61440	True	pass	False
v0.3	v0.1	v0.1	23	sub-4	sub-4	2	REM_to_Wake	True	22200.0	5652480	5713920	unusable	include	no_review_flag	pass	pass	pass	pass	pass	include	v0.2	include	61440	61440	True	pass	False
v0.3	v0.1	v0.1	155	sub-40	sub-40	86	REM_to_Wake	True	16050.0	4078080	4139520	lag_review	review	mad_only_review	pass	pass	amplitude:many_10mad_outliers	pass	amplitude:many_10mad_outliers	include_mad_sensitivity	v0.2	include_mad_sensitivity	61440	61440	True	pass	False
v0.3	v0.1	v0.1	156	sub-40	sub-40	86	REM_to_Wake	True	22680.0	5775360	5836800	near_zero_lag	include	no_review_flag	pass	pass	pass	pass	pass	include	v0.2	include	61440	61440	True	pass	False
v0.3	v0.1	v0.1	157	sub-41	sub-41	83	REM_to_Wake	True	13770.0	3494400	3555840	near_zero_lag	review	mad_only_review	pass	pass	amplitude:many_10mad_outliers	pass	amplitude:many_10mad_outliers	include_mad_sensitivity	v0.2	include_mad_sensitivity	61440	61440	True	pass	False
v0.3	v0.1	v0.1	158	sub-41	sub-41	83	REM_to_Wake	True	15300.0	3886080	3947520	near_zero_lag	review	mad_only_review	pass	pass	amplitude:many_10mad_outliers	pass	amplitude:many_10mad_outliers	include_mad_sensitivity	v0.2	include_mad_sensitivity	61440	61440	True	pass	False
v0.3	v0.1	v0.1	159	sub-41	sub-41	83	REM_to_Wake	True	20820.0	5299200	5360640	near_zero_lag	review	mad_only_review	pass	pass	amplitude:many_10mad_outliers	pass	amplitude:many_10mad_outliers	include_mad_sensitivity	v0.2	include_mad_sensitivity	61440	61440	True	pass	False
v0.3	v0.1	v0.1	160	sub-41	sub-41	83	REM_to_Wake	True	21570.0	5491200	5552640	near_zero_lag	review	mad_only_review	pass	pass	amplitude:many_10mad_outliers	pass	amplitude:many_10mad_outliers	include_mad_sensitivity	v0.2	include_mad_sensitivity	61440	61440	True	pass	False
v0.3	v0.1	v0.1	161	sub-41	sub-41	83	Wake_to_REM	False	21600.0	5498880	5560320	near_zero_lag	review	mad_only_review	pass	pass	amplitude:many_10mad_outliers	pass	amplitude:many_10mad_outliers	include_mad_sensitivity	v0.2	include_mad_sensitivity	61440	61440	True	pass	False
v0.3	v0.1	v0.1	162	sub-41	sub-41	83	REM_to_Wake	True	23730.0	6044160	6105600	near_zero_lag	review	mad_only_review	pass	pass	amplitude:many_10mad_outliers	pass	amplitude:many_10mad_outliers	include_mad_sensitivity	v0.2	include_mad_sensitivity	61440	61440	True	pass	False
v0.3	v0.1	v0.1	163	sub-42	sub-42	84	REM_to_Wake	True	3960.0	983040	1044480	near_zero_lag	include	no_review_flag	pass	pass	pass	pass	pass	include	v0.2	include	61440	61440	True	pass	False
v0.3	v0.1	v0.1	164	sub-42	sub-42	84	REM_to_Wake	True	4230.0	1052160	1113600	near_zero_lag	include	no_review_flag	pass	pass	pass	pass	pass	include	v0.2	include	61440	61440	True	pass	False
v0.3	v0.1	v0.1	165	sub-42	sub-42	84	REM_to_Wake	True	10260.0	2595840	2657280	near_zero_lag	include	no_review_flag	pass	pass	pass	pass	pass	include	v0.2	include	61440	61440	True	pass	False
v0.3	v0.1	v0.1	166	sub-42	sub-42	84	Wake_to_REM	False	10290.0	2603520	2664960	near_zero_lag	include	no_review_flag	pass	pass	pass	pass	pass	include	v0.2	include	61440	61440	True	pass	False
v0.3	v0.1	v0.1	167	sub-42	sub-42	84	REM_to_Wake	True	11610.0	2941440	3002880	near_zero_lag	include	no_review_flag	pass	pass	pass	pass	pass	include	v0.2	include	61440	61440	True	pass	False
v0.3	v0.1	v0.1	168	sub-42	sub-42	84	REM_to_Wake	True	23100.0	5882880	5944320	near_zero_lag	include	no_review_flag	pass	pass	pass	pass	pass	include	v0.2	include	61440	61440	True	pass	False
v0.3	v0.1	v0.1	169	sub-42	sub-42	84	Wake_to_REM	False	23190.0	5905920	5967360	near_zero_lag	include	no_review_flag	pass	pass	pass	pass	pass	include	v0.2	include	61440	61440	True	pass	False
v0.3	v0.1	v0.1	170	sub-42	sub-42	84	REM_to_Wake	True	23460.0	5975040	6036480	near_zero_lag	review	mad_only_review	pass	pass	amplitude:many_10mad_outliers	pass	amplitude:many_10mad_outliers	include_mad_sensitivity	v0.2	include_mad_sensitivity	61440	61440	True	pass	False
v0.3	v0.1	v0.1	171	sub-43	sub-43	87	REM_to_Wake	True	25140.0	6405120	6452480	lag_review	exclude	critical_exclusion	pass	amplitude:flatline_at_least_5_sec	amplitude:high_robust_range;amplitude:many_10mad_outliers;amplitude:repeated_endpoints	amplitude:flatline_at_least_5_sec;coverage:incomplete_240s_signal_coverage	amplitude:high_robust_range;amplitude:many_10mad_outliers;amplitude:repeated_endpoints	exclude_critical	v0.2	exclude_critical	47360	61440	False	coverage:incomplete_240s_signal_coverage	False
v0.3	v0.1	v0.1	172	sub-44	sub-44	23	REM_to_Wake	True	24060.0	6128640	6190080	near_zero_lag	include	no_review_flag	pass	pass	pass	pass	pass	include	v0.2	include	61440	61440	True	pass	False
v0.3	v0.1	v0.1	173	sub-44	sub-44	23	REM_to_Wake	True	25470.0	6489600	6534400	lag_review	exclude	critical_exclusion	pass	amplitude:flatline_at_least_5_sec	amplitude:high_robust_range;amplitude:repeated_endpoints	amplitude:flatline_at_least_5_sec;coverage:incomplete_240s_signal_coverage	amplitude:high_robust_range;amplitude:repeated_endpoints	exclude_critical	v0.2	exclude_critical	44800	61440	False	coverage:incomplete_240s_signal_coverage	False
v0.3	v0.1	v0.1	174	sub-45	sub-45	24	REM_to_Wake	True	24450.0	6228480	6289920	lag_review	review	mad_only_review	pass	pass	amplitude:many_10mad_outliers	pass	amplitude:many_10mad_outliers	include_mad_sensitivity	v0.2	include_mad_sensitivity	61440	61440	True	pass	False
v0.3	v0.1	v0.1	175	sub-46	sub-46	26	REM_to_Wake	True	9480.0	2396160	2457600	near_zero_lag	review	mad_only_review	pass	pass	amplitude:many_10mad_outliers	pass	amplitude:many_10mad_outliers	include_mad_sensitivity	v0.2	include_mad_sensitivity	61440	61440	True	pass	False
v0.3	v0.1	v0.1	176	sub-46	sub-46	26	Wake_to_REM	False	9510.0	2403840	2465280	near_zero_lag	review	mad_only_review	pass	pass	amplitude:many_10mad_outliers	pass	amplitude:many_10mad_outliers	include_mad_sensitivity	v0.2	include_mad_sensitivity	61440	61440	True	pass	False
v0.3	v0.1	v0.1	177	sub-46	sub-46	26	REM_to_Wake	True	20370.0	5184000	5245440	near_zero_lag	review	mad_only_review	pass	pass	amplitude:many_10mad_outliers	pass	amplitude:many_10mad_outliers	include_mad_sensitivity	v0.2	include_mad_sensitivity	61440	61440	True	pass	False
v0.3	v0.1	v0.1	178	sub-46	sub-46	26	REM_to_Wake	True	26580.0	6773760	6835200	lag_review	review	mad_only_review	pass	pass	amplitude:many_10mad_outliers	pass	amplitude:many_10mad_outliers	include_mad_sensitivity	v0.2	include_mad_sensitivity	61440	61440	True	pass	False
v0.3	v0.1	v0.1	179	sub-46	sub-46	26	Wake_to_REM	False	26610.0	6781440	6842880	lag_review	review	mad_only_review	pass	pass	amplitude:many_10mad_outliers	pass	amplitude:many_10mad_outliers	include_mad_sensitivity	v0.2	include_mad_sensitivity	61440	61440	True	pass	False
v0.3	v0.1	v0.1	180	sub-46	sub-46	26	REM_to_Wake	True	27780.0	7080960	7142400	near_zero_lag	review	mad_only_review	pass	pass	amplitude:many_10mad_outliers	pass	amplitude:many_10mad_outliers	include_mad_sensitivity	v0.2	include_mad_sensitivity	61440	61440	True	pass	False
v0.3	v0.1	v0.1	181	sub-48	sub-48	28	REM_to_Wake	True	27450.0	6996480	7057920	near_zero_lag	review	targeted_review	pass	pass	amplitude:high_peak_to_peak;amplitude:high_robust_range;amplitude:many_10mad_outliers	pass	amplitude:high_peak_to_peak;amplitude:high_robust_range;amplitude:many_10mad_outliers	review_targeted	v0.2	review_targeted	61440	61440	True	pass	False
v0.3	v0.1	v0.1	182	sub-49	sub-49	29	REM_to_Wake	True	19590.0	4984320	5045760	near_zero_lag	review	mad_only_review	pass	pass	amplitude:many_10mad_outliers	pass	amplitude:many_10mad_outliers	include_mad_sensitivity	v0.2	include_mad_sensitivity	61440	61440	True	pass	False
v0.3	v0.1	v0.1	183	sub-49	sub-49	29	REM_to_Wake	True	24720.0	6297600	6359040	lag_review	review	mad_only_review	pass	pass	amplitude:many_10mad_outliers	pass	amplitude:many_10mad_outliers	include_mad_sensitivity	v0.2	include_mad_sensitivity	61440	61440	True	pass	False
v0.3	v0.1	v0.1	24	sub-5	sub-5	3	REM_to_Wake	True	16170.0	4108800	4170240	near_zero_lag	review	mad_only_review	pass	pass	amplitude:many_10mad_outliers	pass	amplitude:many_10mad_outliers	include_mad_sensitivity	v0.2	include_mad_sensitivity	61440	61440	True	pass	False
v0.3	v0.1	v0.1	25	sub-5	sub-5	3	Wake_to_REM	False	16200.0	4116480	4177920	near_zero_lag	review	mad_only_review	pass	pass	amplitude:many_10mad_outliers	pass	amplitude:many_10mad_outliers	include_mad_sensitivity	v0.2	include_mad_sensitivity	61440	61440	True	pass	False
v0.3	v0.1	v0.1	26	sub-5	sub-5	3	REM_to_Wake	True	16380.0	4162560	4224000	near_zero_lag	review	mad_only_review	pass	pass	amplitude:many_10mad_outliers	pass	amplitude:many_10mad_outliers	include_mad_sensitivity	v0.2	include_mad_sensitivity	61440	61440	True	pass	False
v0.3	v0.1	v0.1	27	sub-5	sub-5	3	REM_to_Wake	True	21900.0	5575680	5637120	near_zero_lag	review	mad_only_review	pass	pass	amplitude:many_10mad_outliers	pass	amplitude:many_10mad_outliers	include_mad_sensitivity	v0.2	include_mad_sensitivity	61440	61440	True	pass	False
v0.3	v0.1	v0.1	28	sub-5	sub-5	3	Wake_to_REM	False	21930.0	5583360	5644800	near_zero_lag	review	mad_only_review	pass	pass	amplitude:many_10mad_outliers	pass	amplitude:many_10mad_outliers	include_mad_sensitivity	v0.2	include_mad_sensitivity	61440	61440	True	pass	False
v0.3	v0.1	v0.1	29	sub-5	sub-5	3	REM_to_Wake	True	22380.0	5698560	5760000	lag_review	review	mad_only_review	pass	pass	amplitude:many_10mad_outliers	pass	amplitude:many_10mad_outliers	include_mad_sensitivity	v0.2	include_mad_sensitivity	61440	61440	True	pass	False
v0.3	v0.1	v0.1	184	sub-50	sub-50	88	Wake_to_REM	False	15450.0	3924480	3985920	near_zero_lag	review	mad_only_review	pass	pass	amplitude:many_10mad_outliers	pass	amplitude:many_10mad_outliers	include_mad_sensitivity	v0.2	include_mad_sensitivity	61440	61440	True	pass	False
v0.3	v0.1	v0.1	185	sub-50	sub-50	88	REM_to_Wake	True	23490.0	5982720	6044160	near_zero_lag	review	mad_only_review	pass	pass	amplitude:many_10mad_outliers	pass	amplitude:many_10mad_outliers	include_mad_sensitivity	v0.2	include_mad_sensitivity	61440	61440	True	pass	False
v0.3	v0.1	v0.1	186	sub-51	sub-51	30	REM_to_Wake	True	10200.0	2580480	2641920	near_zero_lag	review	mad_only_review	pass	pass	amplitude:many_10mad_outliers	pass	amplitude:many_10mad_outliers	include_mad_sensitivity	v0.2	include_mad_sensitivity	61440	61440	True	pass	False
v0.3	v0.1	v0.1	187	sub-51	sub-51	30	REM_to_Wake	True	18480.0	4700160	4761600	near_zero_lag	review	mad_only_review	pass	pass	amplitude:many_10mad_outliers	pass	amplitude:many_10mad_outliers	include_mad_sensitivity	v0.2	include_mad_sensitivity	61440	61440	True	pass	False
v0.3	v0.1	v0.1	188	sub-51	sub-51	30	Wake_to_REM	False	18510.0	4707840	4769280	near_zero_lag	review	mad_only_review	pass	pass	amplitude:many_10mad_outliers	pass	amplitude:many_10mad_outliers	include_mad_sensitivity	v0.2	include_mad_sensitivity	61440	61440	True	pass	False
v0.3	v0.1	v0.1	189	sub-51	sub-51	30	REM_to_Wake	True	23550.0	5998080	6059520	near_zero_lag	review	mad_only_review	pass	pass	amplitude:many_10mad_outliers	pass	amplitude:many_10mad_outliers	include_mad_sensitivity	v0.2	include_mad_sensitivity	61440	61440	True	pass	False
v0.3	v0.1	v0.1	190	sub-51	sub-51	30	Wake_to_REM	False	23580.0	6005760	6067200	near_zero_lag	review	mad_only_review	pass	pass	amplitude:many_10mad_outliers	pass	amplitude:many_10mad_outliers	include_mad_sensitivity	v0.2	include_mad_sensitivity	61440	61440	True	pass	False
v0.3	v0.1	v0.1	191	sub-51	sub-51	30	REM_to_Wake	True	23820.0	6067200	6128640	near_zero_lag	review	targeted_review	pass	pass	amplitude:high_robust_range;amplitude:many_10mad_outliers	pass	amplitude:high_robust_range;amplitude:many_10mad_outliers	review_targeted	v0.2	review_targeted	61440	61440	True	pass	False
v0.3	v0.1	v0.1	192	sub-51	sub-51	30	REM_to_Wake	True	26310.0	6704640	6766080	near_zero_lag	review	mad_only_review	pass	pass	amplitude:many_10mad_outliers	pass	amplitude:many_10mad_outliers	include_mad_sensitivity	v0.2	include_mad_sensitivity	61440	61440	True	pass	False
v0.3	v0.1	v0.1	193	sub-52	sub-52	31	REM_to_Wake	True	5070.0	1267200	1328640	near_zero_lag	include	no_review_flag	pass	pass	pass	pass	pass	include	v0.2	include	61440	61440	True	pass	False
v0.3	v0.1	v0.1	194	sub-52	sub-52	31	REM_to_Wake	True	17670.0	4492800	4554240	near_zero_lag	review	mad_only_review	pass	pass	amplitude:many_10mad_outliers	pass	amplitude:many_10mad_outliers	include_mad_sensitivity	v0.2	include_mad_sensitivity	61440	61440	True	pass	False
v0.3	v0.1	v0.1	195	sub-52	sub-52	31	REM_to_Wake	True	23550.0	5998080	6059520	lag_review	include	no_review_flag	pass	pass	pass	pass	pass	include	v0.2	include	61440	61440	True	pass	False
v0.3	v0.1	v0.1	196	sub-52	sub-52	31	REM_to_Wake	True	27660.0	7050240	7094272	near_zero_lag	review	mad_only_review	pass	pass	amplitude:many_10mad_outliers	coverage:incomplete_240s_signal_coverage	amplitude:many_10mad_outliers	exclude_critical	v0.2	include_mad_sensitivity	44032	61440	False	coverage:incomplete_240s_signal_coverage	True
v0.3	v0.1	v0.1	197	sub-53	sub-53	88	REM_to_Wake	True	1620.0	384000	445440	near_zero_lag	review	mad_only_review	pass	pass	amplitude:many_10mad_outliers	pass	amplitude:many_10mad_outliers	include_mad_sensitivity	v0.2	include_mad_sensitivity	61440	61440	True	pass	False
v0.3	v0.1	v0.1	198	sub-53	sub-53	88	Wake_to_REM	False	1650.0	391680	453120	near_zero_lag	review	mad_only_review	pass	pass	amplitude:many_10mad_outliers	pass	amplitude:many_10mad_outliers	include_mad_sensitivity	v0.2	include_mad_sensitivity	61440	61440	True	pass	False
v0.3	v0.1	v0.1	199	sub-53	sub-53	88	REM_to_Wake	True	18540.0	4715520	4776960	near_zero_lag	include	no_review_flag	pass	pass	pass	pass	pass	include	v0.2	include	61440	61440	True	pass	False
v0.3	v0.1	v0.1	200	sub-53	sub-53	88	REM_to_Wake	True	18840.0	4792320	4853760	near_zero_lag	review	mad_only_review	pass	pass	amplitude:many_10mad_outliers	pass	amplitude:many_10mad_outliers	include_mad_sensitivity	v0.2	include_mad_sensitivity	61440	61440	True	pass	False
v0.3	v0.1	v0.1	201	sub-53	sub-53	88	Wake_to_REM	False	18870.0	4800000	4861440	near_zero_lag	review	mad_only_review	pass	pass	amplitude:many_10mad_outliers	pass	amplitude:many_10mad_outliers	include_mad_sensitivity	v0.2	include_mad_sensitivity	61440	61440	True	pass	False
v0.3	v0.1	v0.1	202	sub-53	sub-53	88	REM_to_Wake	True	19080.0	4853760	4915200	near_zero_lag	review	mad_only_review	pass	pass	amplitude:many_10mad_outliers	pass	amplitude:many_10mad_outliers	include_mad_sensitivity	v0.2	include_mad_sensitivity	61440	61440	True	pass	False
v0.3	v0.1	v0.1	203	sub-54	sub-54	88	REM_to_Wake	True	10530.0	2664960	2726400	near_zero_lag	review	mad_only_review	pass	pass	amplitude:many_10mad_outliers	pass	amplitude:many_10mad_outliers	include_mad_sensitivity	v0.2	include_mad_sensitivity	61440	61440	True	pass	False
v0.3	v0.1	v0.1	204	sub-54	sub-54	88	REM_to_Wake	True	17700.0	4500480	4561920	near_zero_lag	review	mad_only_review	pass	pass	amplitude:many_10mad_outliers	pass	amplitude:many_10mad_outliers	include_mad_sensitivity	v0.2	include_mad_sensitivity	61440	61440	True	pass	False
v0.3	v0.1	v0.1	205	sub-54	sub-54	88	Wake_to_REM	False	17730.0	4508160	4569600	near_zero_lag	review	mad_only_review	pass	pass	amplitude:many_10mad_outliers	pass	amplitude:many_10mad_outliers	include_mad_sensitivity	v0.2	include_mad_sensitivity	61440	61440	True	pass	False
v0.3	v0.1	v0.1	206	sub-54	sub-54	88	REM_to_Wake	True	20490.0	5214720	5276160	near_zero_lag	review	mad_only_review	pass	pass	amplitude:many_10mad_outliers	pass	amplitude:many_10mad_outliers	include_mad_sensitivity	v0.2	include_mad_sensitivity	61440	61440	True	pass	False
v0.3	v0.1	v0.1	207	sub-55	sub-55	77	REM_to_Wake	True	15390.0	3909120	3970560	near_zero_lag	review	mad_only_review	pass	pass	amplitude:many_10mad_outliers	pass	amplitude:many_10mad_outliers	include_mad_sensitivity	v0.2	include_mad_sensitivity	61440	61440	True	pass	False
v0.3	v0.1	v0.1	208	sub-55	sub-55	77	REM_to_Wake	True	22050.0	5614080	5675520	lag_review	review	targeted_review	pass	pass	amplitude:high_peak_to_peak;amplitude:high_robust_range;amplitude:many_10mad_outliers	pass	amplitude:high_peak_to_peak;amplitude:high_robust_range;amplitude:many_10mad_outliers	review_targeted	v0.2	review_targeted	61440	61440	True	pass	False
v0.3	v0.1	v0.1	209	sub-55	sub-55	77	REM_to_Wake	True	28170.0	7180800	7242240	unusable	exclude	critical_exclusion	pass	amplitude:constant_signal;amplitude:flatline_at_least_5_sec;amplitude:near_flat_robust_range	amplitude:repeated_endpoints	amplitude:constant_signal;amplitude:flatline_at_least_5_sec;amplitude:near_flat_robust_range	amplitude:repeated_endpoints	exclude_critical	v0.2	exclude_critical	61440	61440	True	pass	False
v0.3	v0.1	v0.1	210	sub-55	sub-55	77	REM_to_Wake	True	29850.0	7610880	7672320	unusable	exclude	critical_exclusion	pass	amplitude:constant_signal;amplitude:flatline_at_least_5_sec;amplitude:near_flat_robust_range	amplitude:repeated_endpoints	amplitude:constant_signal;amplitude:flatline_at_least_5_sec;amplitude:near_flat_robust_range	amplitude:repeated_endpoints	exclude_critical	v0.2	exclude_critical	61440	61440	True	pass	False
v0.3	v0.1	v0.1	211	sub-56	sub-56	78	REM_to_Wake	True	19140.0	4869120	4930560	lag_review	review	mad_only_review	pass	pass	amplitude:many_10mad_outliers	pass	amplitude:many_10mad_outliers	include_mad_sensitivity	v0.2	include_mad_sensitivity	61440	61440	True	pass	False
v0.3	v0.1	v0.1	212	sub-56	sub-56	78	Wake_to_REM	False	19170.0	4876800	4938240	lag_review	review	mad_only_review	pass	pass	amplitude:many_10mad_outliers	pass	amplitude:many_10mad_outliers	include_mad_sensitivity	v0.2	include_mad_sensitivity	61440	61440	True	pass	False
v0.3	v0.1	v0.1	213	sub-56	sub-56	78	REM_to_Wake	True	21000.0	5345280	5406720	lag_review	review	mad_only_review	pass	pass	amplitude:many_10mad_outliers	pass	amplitude:many_10mad_outliers	include_mad_sensitivity	v0.2	include_mad_sensitivity	61440	61440	True	pass	False
v0.3	v0.1	v0.1	214	sub-56	sub-56	78	REM_to_Wake	True	25470.0	6489600	6551040	lag_review	review	targeted_review	pass	pass	amplitude:high_robust_range;amplitude:many_abrupt_jumps	pass	amplitude:high_robust_range;amplitude:many_abrupt_jumps	review_targeted	v0.2	review_targeted	61440	61440	True	pass	False
v0.3	v0.1	v0.1	215	sub-56	sub-56	78	Wake_to_REM	False	25530.0	6504960	6566400	lag_review	review	targeted_review	pass	pass	amplitude:high_robust_range;amplitude:many_10mad_outliers;amplitude:many_abrupt_jumps	pass	amplitude:high_robust_range;amplitude:many_10mad_outliers;amplitude:many_abrupt_jumps	review_targeted	v0.2	review_targeted	61440	61440	True	pass	False
v0.3	v0.1	v0.1	216	sub-56	sub-56	78	REM_to_Wake	True	25590.0	6520320	6581760	lag_review	review	targeted_review	pass	pass	amplitude:high_robust_range;amplitude:many_10mad_outliers;amplitude:many_abrupt_jumps	pass	amplitude:high_robust_range;amplitude:many_10mad_outliers;amplitude:many_abrupt_jumps	review_targeted	v0.2	review_targeted	61440	61440	True	pass	False
v0.3	v0.1	v0.1	217	sub-56	sub-56	78	Wake_to_REM	False	26550.0	6766080	6827520	near_zero_lag	review	mad_only_review	pass	pass	amplitude:many_10mad_outliers	pass	amplitude:many_10mad_outliers	include_mad_sensitivity	v0.2	include_mad_sensitivity	61440	61440	True	pass	False
v0.3	v0.1	v0.1	218	sub-56	sub-56	78	REM_to_Wake	True	26820.0	6835200	6896640	near_zero_lag	include	no_review_flag	pass	pass	pass	pass	pass	include	v0.2	include	61440	61440	True	pass	False
v0.3	v0.1	v0.1	219	sub-56	sub-56	78	Wake_to_REM	False	26850.0	6842880	6904320	near_zero_lag	include	no_review_flag	pass	pass	pass	pass	pass	include	v0.2	include	61440	61440	True	pass	False
v0.3	v0.1	v0.1	220	sub-57	sub-57	77	REM_to_Wake	True	14490.0	3678720	3740160	lag_review	review	targeted_review	pass	pass	amplitude:high_peak_to_peak;amplitude:high_robust_range;amplitude:many_10mad_outliers;amplitude:many_abrupt_jumps;amplitude:repeated_endpoints	pass	amplitude:high_peak_to_peak;amplitude:high_robust_range;amplitude:many_10mad_outliers;amplitude:many_abrupt_jumps;amplitude:repeated_endpoints	review_targeted	v0.2	review_targeted	61440	61440	True	pass	False
v0.3	v0.1	v0.1	221	sub-57	sub-57	77	Wake_to_REM	False	14520.0	3686400	3747840	near_zero_lag	review	targeted_review	pass	pass	amplitude:high_peak_to_peak;amplitude:high_robust_range;amplitude:many_10mad_outliers;amplitude:many_abrupt_jumps;amplitude:repeated_endpoints	pass	amplitude:high_peak_to_peak;amplitude:high_robust_range;amplitude:many_10mad_outliers;amplitude:many_abrupt_jumps;amplitude:repeated_endpoints	review_targeted	v0.2	review_targeted	61440	61440	True	pass	False
v0.3	v0.1	v0.1	222	sub-57	sub-57	77	REM_to_Wake	True	22140.0	5637120	5698560	lag_review	review	mad_only_review	pass	pass	amplitude:many_10mad_outliers	pass	amplitude:many_10mad_outliers	include_mad_sensitivity	v0.2	include_mad_sensitivity	61440	61440	True	pass	False
v0.3	v0.1	v0.1	223	sub-57	sub-57	77	REM_to_Wake	True	29340.0	7480320	7541760	near_zero_lag	review	targeted_review	pass	pass	amplitude:high_peak_to_peak;amplitude:high_robust_range;amplitude:many_10mad_outliers;amplitude:many_abrupt_jumps;amplitude:repeated_endpoints	pass	amplitude:high_peak_to_peak;amplitude:high_robust_range;amplitude:many_10mad_outliers;amplitude:many_abrupt_jumps;amplitude:repeated_endpoints	review_targeted	v0.2	review_targeted	61440	61440	True	pass	False
v0.3	v0.1	v0.1	224	sub-57	sub-57	77	Wake_to_REM	False	29370.0	7488000	7549440	near_zero_lag	review	targeted_review	pass	pass	amplitude:high_peak_to_peak;amplitude:high_robust_range;amplitude:many_10mad_outliers;amplitude:many_abrupt_jumps;amplitude:repeated_endpoints	pass	amplitude:high_peak_to_peak;amplitude:high_robust_range;amplitude:many_10mad_outliers;amplitude:many_abrupt_jumps;amplitude:repeated_endpoints	review_targeted	v0.2	review_targeted	61440	61440	True	pass	False
v0.3	v0.1	v0.1	225	sub-57	sub-57	77	REM_to_Wake	True	30030.0	7656960	7718400	lag_review	review	targeted_review	pass	pass	amplitude:high_peak_to_peak;amplitude:high_robust_range;amplitude:many_10mad_outliers;amplitude:repeated_endpoints	pass	amplitude:high_peak_to_peak;amplitude:high_robust_range;amplitude:many_10mad_outliers;amplitude:repeated_endpoints	review_targeted	v0.2	review_targeted	61440	61440	True	pass	False
v0.3	v0.1	v0.1	226	sub-58	sub-58	78	REM_to_Wake	True	19590.0	4984320	5045760	near_zero_lag	review	targeted_review	pass	pass	amplitude:high_peak_to_peak;amplitude:high_robust_range;amplitude:many_10mad_outliers	pass	amplitude:high_peak_to_peak;amplitude:high_robust_range;amplitude:many_10mad_outliers	review_targeted	v0.2	review_targeted	61440	61440	True	pass	False
v0.3	v0.1	v0.1	227	sub-58	sub-58	78	REM_to_Wake	True	20490.0	5214720	5276160	near_zero_lag	review	mad_only_review	pass	pass	amplitude:many_10mad_outliers	pass	amplitude:many_10mad_outliers	include_mad_sensitivity	v0.2	include_mad_sensitivity	61440	61440	True	pass	False
v0.3	v0.1	v0.1	228	sub-58	sub-58	78	Wake_to_REM	False	20520.0	5222400	5283840	near_zero_lag	review	mad_only_review	pass	pass	amplitude:many_10mad_outliers	pass	amplitude:many_10mad_outliers	include_mad_sensitivity	v0.2	include_mad_sensitivity	61440	61440	True	pass	False
v0.3	v0.1	v0.1	229	sub-58	sub-58	78	REM_to_Wake	True	21540.0	5483520	5544960	lag_review	review	mad_only_review	pass	pass	amplitude:many_10mad_outliers	pass	amplitude:many_10mad_outliers	include_mad_sensitivity	v0.2	include_mad_sensitivity	61440	61440	True	pass	False
v0.3	v0.1	v0.1	230	sub-58	sub-58	78	Wake_to_REM	False	21570.0	5491200	5552640	lag_review	review	mad_only_review	pass	pass	amplitude:many_10mad_outliers	pass	amplitude:many_10mad_outliers	include_mad_sensitivity	v0.2	include_mad_sensitivity	61440	61440	True	pass	False
v0.3	v0.1	v0.1	231	sub-58	sub-58	78	REM_to_Wake	True	26610.0	6781440	6842880	lag_review	include	no_review_flag	pass	pass	pass	pass	pass	include	v0.2	include	61440	61440	True	pass	False
v0.3	v0.1	v0.1	232	sub-58	sub-58	78	REM_to_Wake	True	29970.0	7641600	7703040	near_zero_lag	include	no_review_flag	pass	pass	pass	pass	pass	include	v0.2	include	61440	61440	True	pass	False
v0.3	v0.1	v0.1	233	sub-58	sub-58	78	Wake_to_REM	False	30000.0	7649280	7710720	near_zero_lag	include	no_review_flag	pass	pass	pass	pass	pass	include	v0.2	include	61440	61440	True	pass	False
v0.3	v0.1	v0.1	234	sub-58	sub-58	78	REM_to_Wake	True	30120.0	7680000	7721472	lag_review	exclude	critical_exclusion	pass	amplitude:flatline_at_least_5_sec	amplitude:high_robust_range;amplitude:many_10mad_outliers;amplitude:repeated_endpoints	amplitude:flatline_at_least_5_sec;coverage:incomplete_240s_signal_coverage	amplitude:high_robust_range;amplitude:many_10mad_outliers;amplitude:repeated_endpoints	exclude_critical	v0.2	exclude_critical	41472	61440	False	coverage:incomplete_240s_signal_coverage	False
v0.3	v0.1	v0.1	235	sub-59	sub-59	79	REM_to_Wake	True	14100.0	3578880	3640320	near_zero_lag	review	targeted_review	pass	pass	amplitude:high_peak_to_peak;amplitude:high_robust_range;amplitude:many_10mad_outliers	pass	amplitude:high_peak_to_peak;amplitude:high_robust_range;amplitude:many_10mad_outliers	review_targeted	v0.2	review_targeted	61440	61440	True	pass	False
v0.3	v0.1	v0.1	236	sub-59	sub-59	79	REM_to_Wake	True	21510.0	5475840	5537280	lag_review	review	mad_only_review	pass	pass	amplitude:many_10mad_outliers	pass	amplitude:many_10mad_outliers	include_mad_sensitivity	v0.2	include_mad_sensitivity	61440	61440	True	pass	False
v0.3	v0.1	v0.1	237	sub-59	sub-59	79	REM_to_Wake	True	27270.0	6950400	7011840	near_zero_lag	review	mad_only_review	pass	pass	amplitude:many_10mad_outliers	pass	amplitude:many_10mad_outliers	include_mad_sensitivity	v0.2	include_mad_sensitivity	61440	61440	True	pass	False
v0.3	v0.1	v0.1	238	sub-59	sub-59	79	Wake_to_REM	False	27450.0	6996480	7057920	near_zero_lag	review	mad_only_review	pass	pass	amplitude:many_10mad_outliers	pass	amplitude:many_10mad_outliers	include_mad_sensitivity	v0.2	include_mad_sensitivity	61440	61440	True	pass	False
v0.3	v0.1	v0.1	239	sub-59	sub-59	79	REM_to_Wake	True	28530.0	7272960	7334400	near_zero_lag	include	no_review_flag	pass	pass	pass	pass	pass	include	v0.2	include	61440	61440	True	pass	False
v0.3	v0.1	v0.1	240	sub-59	sub-59	79	Wake_to_REM	False	28560.0	7280640	7342080	near_zero_lag	include	no_review_flag	pass	pass	pass	pass	pass	include	v0.2	include	61440	61440	True	pass	False
v0.3	v0.1	v0.1	241	sub-59	sub-59	79	REM_to_Wake	True	28950.0	7380480	7441920	lag_review	review	mad_only_review	pass	pass	amplitude:many_10mad_outliers	pass	amplitude:many_10mad_outliers	include_mad_sensitivity	v0.2	include_mad_sensitivity	61440	61440	True	pass	False
v0.3	v0.1	v0.1	242	sub-59	sub-59	79	Wake_to_REM	False	28980.0	7388160	7449600	lag_review	review	mad_only_review	pass	pass	amplitude:many_10mad_outliers	pass	amplitude:many_10mad_outliers	include_mad_sensitivity	v0.2	include_mad_sensitivity	61440	61440	True	pass	False
v0.3	v0.1	v0.1	30	sub-6	sub-6	4	REM_to_Wake	True	18750.0	4769280	4830720	near_zero_lag	include	no_review_flag	pass	pass	pass	pass	pass	include	v0.2	include	61440	61440	True	pass	False
v0.3	v0.1	v0.1	243	sub-61	sub-61	79	REM_to_Wake	True	9900.0	2503680	2565120	lag_review	review	targeted_review	pass	pass	amplitude:high_peak_to_peak;amplitude:high_robust_range;amplitude:many_10mad_outliers	pass	amplitude:high_peak_to_peak;amplitude:high_robust_range;amplitude:many_10mad_outliers	review_targeted	v0.2	review_targeted	61440	61440	True	pass	False
v0.3	v0.1	v0.1	244	sub-61	sub-61	79	REM_to_Wake	True	16530.0	4200960	4262400	lag_review	review	targeted_review	pass	pass	amplitude:high_peak_to_peak;amplitude:high_robust_range;amplitude:many_10mad_outliers;amplitude:many_abrupt_jumps;amplitude:repeated_endpoints	pass	amplitude:high_peak_to_peak;amplitude:high_robust_range;amplitude:many_10mad_outliers;amplitude:many_abrupt_jumps;amplitude:repeated_endpoints	review_targeted	v0.2	review_targeted	61440	61440	True	pass	False
v0.3	v0.1	v0.1	245	sub-61	sub-61	79	REM_to_Wake	True	26550.0	6766080	6827520	near_zero_lag	review	targeted_review	pass	pass	amplitude:high_peak_to_peak;amplitude:high_robust_range;amplitude:many_10mad_outliers;amplitude:many_abrupt_jumps;amplitude:repeated_endpoints	pass	amplitude:high_peak_to_peak;amplitude:high_robust_range;amplitude:many_10mad_outliers;amplitude:many_abrupt_jumps;amplitude:repeated_endpoints	review_targeted	v0.2	review_targeted	61440	61440	True	pass	False
v0.3	v0.1	v0.1	246	sub-61	sub-61	79	Wake_to_REM	False	26580.0	6773760	6835200	near_zero_lag	review	targeted_review	pass	pass	amplitude:high_peak_to_peak;amplitude:high_robust_range;amplitude:many_10mad_outliers;amplitude:many_abrupt_jumps;amplitude:repeated_endpoints	pass	amplitude:high_peak_to_peak;amplitude:high_robust_range;amplitude:many_10mad_outliers;amplitude:many_abrupt_jumps;amplitude:repeated_endpoints	review_targeted	v0.2	review_targeted	61440	61440	True	pass	False
v0.3	v0.1	v0.1	247	sub-61	sub-61	79	REM_to_Wake	True	26940.0	6865920	6927360	near_zero_lag	review	targeted_review	pass	pass	amplitude:high_peak_to_peak;amplitude:high_robust_range;amplitude:many_10mad_outliers;amplitude:many_abrupt_jumps;amplitude:repeated_endpoints	pass	amplitude:high_peak_to_peak;amplitude:high_robust_range;amplitude:many_10mad_outliers;amplitude:many_abrupt_jumps;amplitude:repeated_endpoints	review_targeted	v0.2	review_targeted	61440	61440	True	pass	False
v0.3	v0.1	v0.1	248	sub-61	sub-61	79	Wake_to_REM	False	26970.0	6873600	6935040	near_zero_lag	review	targeted_review	pass	pass	amplitude:high_peak_to_peak;amplitude:high_robust_range;amplitude:many_10mad_outliers;amplitude:many_abrupt_jumps;amplitude:repeated_endpoints	pass	amplitude:high_peak_to_peak;amplitude:high_robust_range;amplitude:many_10mad_outliers;amplitude:many_abrupt_jumps;amplitude:repeated_endpoints	review_targeted	v0.2	review_targeted	61440	61440	True	pass	False
v0.3	v0.1	v0.1	249	sub-61	sub-61	79	REM_to_Wake	True	27120.0	6912000	6973440	lag_review	review	targeted_review	pass	pass	amplitude:high_robust_range;amplitude:many_10mad_outliers	pass	amplitude:high_robust_range;amplitude:many_10mad_outliers	review_targeted	v0.2	review_targeted	61440	61440	True	pass	False
v0.3	v0.1	v0.1	250	sub-61	sub-61	79	Wake_to_REM	False	27150.0	6919680	6981120	lag_review	review	targeted_review	pass	pass	amplitude:high_robust_range;amplitude:many_10mad_outliers	pass	amplitude:high_robust_range;amplitude:many_10mad_outliers	review_targeted	v0.2	review_targeted	61440	61440	True	pass	False
v0.3	v0.1	v0.1	251	sub-62	sub-62	80	REM_to_Wake	True	17040.0	4331520	4392960	near_zero_lag	review	mad_only_review	pass	pass	amplitude:many_10mad_outliers	pass	amplitude:many_10mad_outliers	include_mad_sensitivity	v0.2	include_mad_sensitivity	61440	61440	True	pass	False
v0.3	v0.1	v0.1	252	sub-62	sub-62	80	REM_to_Wake	True	25980.0	6620160	6681600	near_zero_lag	review	mad_only_review	pass	pass	amplitude:many_10mad_outliers	pass	amplitude:many_10mad_outliers	include_mad_sensitivity	v0.2	include_mad_sensitivity	61440	61440	True	pass	False
v0.3	v0.1	v0.1	253	sub-63	sub-63	81	REM_to_Wake	True	22920.0	5836800	5898240	near_zero_lag	review	mad_only_review	pass	pass	amplitude:many_10mad_outliers	pass	amplitude:many_10mad_outliers	include_mad_sensitivity	v0.2	include_mad_sensitivity	61440	61440	True	pass	False
v0.3	v0.1	v0.1	254	sub-64	sub-64	82	REM_to_Wake	True	11250.0	2849280	2910720	near_zero_lag	include	no_review_flag	pass	pass	pass	pass	pass	include	v0.2	include	61440	61440	True	pass	False
v0.3	v0.1	v0.1	255	sub-64	sub-64	82	Wake_to_REM	False	11280.0	2856960	2918400	near_zero_lag	include	no_review_flag	pass	pass	pass	pass	pass	include	v0.2	include	61440	61440	True	pass	False
v0.3	v0.1	v0.1	256	sub-64	sub-64	82	REM_to_Wake	True	21480.0	5468160	5529600	near_zero_lag	review	mad_only_review	pass	pass	amplitude:many_10mad_outliers	pass	amplitude:many_10mad_outliers	include_mad_sensitivity	v0.2	include_mad_sensitivity	61440	61440	True	pass	False
v0.3	v0.1	v0.1	257	sub-65	sub-65	81	REM_to_Wake	True	15030.0	3816960	3878400	lag_review	review	targeted_review	pass	pass	amplitude:high_peak_to_peak;amplitude:many_10mad_outliers;amplitude:many_abrupt_jumps	pass	amplitude:high_peak_to_peak;amplitude:many_10mad_outliers;amplitude:many_abrupt_jumps	review_targeted	v0.2	review_targeted	61440	61440	True	pass	False
v0.3	v0.1	v0.1	258	sub-66	sub-66	82	REM_to_Wake	True	14880.0	3778560	3840000	lag_review	review	mad_only_review	pass	pass	amplitude:many_10mad_outliers	pass	amplitude:many_10mad_outliers	include_mad_sensitivity	v0.2	include_mad_sensitivity	61440	61440	True	pass	False
v0.3	v0.1	v0.1	259	sub-66	sub-66	82	REM_to_Wake	True	30150.0	7687680	7749120	near_zero_lag	review	mad_only_review	pass	pass	amplitude:many_10mad_outliers	pass	amplitude:many_10mad_outliers	include_mad_sensitivity	v0.2	include_mad_sensitivity	61440	61440	True	pass	False
v0.3	v0.1	v0.1	260	sub-67	sub-67	32	REM_to_Wake	True	5700.0	1428480	1489920	near_zero_lag	include	no_review_flag	pass	pass	pass	pass	pass	include	v0.2	include	61440	61440	True	pass	False
v0.3	v0.1	v0.1	261	sub-67	sub-67	32	REM_to_Wake	True	9450.0	2388480	2449920	near_zero_lag	review	mad_only_review	pass	pass	amplitude:many_10mad_outliers	pass	amplitude:many_10mad_outliers	include_mad_sensitivity	v0.2	include_mad_sensitivity	61440	61440	True	pass	False
v0.3	v0.1	v0.1	262	sub-67	sub-67	32	REM_to_Wake	True	15450.0	3924480	3985920	near_zero_lag	review	mad_only_review	pass	pass	amplitude:many_10mad_outliers	pass	amplitude:many_10mad_outliers	include_mad_sensitivity	v0.2	include_mad_sensitivity	61440	61440	True	pass	False
v0.3	v0.1	v0.1	263	sub-67	sub-67	32	REM_to_Wake	True	20490.0	5214720	5276160	near_zero_lag	review	mad_only_review	pass	pass	amplitude:many_10mad_outliers	pass	amplitude:many_10mad_outliers	include_mad_sensitivity	v0.2	include_mad_sensitivity	61440	61440	True	pass	False
v0.3	v0.1	v0.1	264	sub-67	sub-67	32	REM_to_Wake	True	24240.0	6174720	6236160	lag_review	review	targeted_review	pass	pass	amplitude:high_peak_to_peak;amplitude:high_robust_range;amplitude:many_10mad_outliers;amplitude:repeated_endpoints	pass	amplitude:high_peak_to_peak;amplitude:high_robust_range;amplitude:many_10mad_outliers;amplitude:repeated_endpoints	review_targeted	v0.2	review_targeted	61440	61440	True	pass	False
v0.3	v0.1	v0.1	265	sub-67	sub-67	32	Wake_to_REM	False	24270.0	6182400	6243840	lag_review	review	targeted_review	pass	pass	amplitude:high_peak_to_peak;amplitude:high_robust_range;amplitude:many_10mad_outliers;amplitude:repeated_endpoints	pass	amplitude:high_peak_to_peak;amplitude:high_robust_range;amplitude:many_10mad_outliers;amplitude:repeated_endpoints	review_targeted	v0.2	review_targeted	61440	61440	True	pass	False
v0.3	v0.1	v0.1	266	sub-67	sub-67	32	REM_to_Wake	True	25140.0	6405120	6466560	near_zero_lag	review	mad_only_review	pass	pass	amplitude:many_10mad_outliers	pass	amplitude:many_10mad_outliers	include_mad_sensitivity	v0.2	include_mad_sensitivity	61440	61440	True	pass	False
v0.3	v0.1	v0.1	267	sub-67	sub-67	32	Wake_to_REM	False	25170.0	6412800	6474240	near_zero_lag	review	mad_only_review	pass	pass	amplitude:many_10mad_outliers	pass	amplitude:many_10mad_outliers	include_mad_sensitivity	v0.2	include_mad_sensitivity	61440	61440	True	pass	False
v0.3	v0.1	v0.1	268	sub-68	sub-68	33	REM_to_Wake	True	10020.0	2534400	2595840	near_zero_lag	review	mad_only_review	pass	pass	amplitude:many_10mad_outliers	pass	amplitude:many_10mad_outliers	include_mad_sensitivity	v0.2	include_mad_sensitivity	61440	61440	True	pass	False
v0.3	v0.1	v0.1	269	sub-68	sub-68	33	REM_to_Wake	True	25710.0	6551040	6612480	near_zero_lag	review	mad_only_review	pass	pass	amplitude:many_10mad_outliers	pass	amplitude:many_10mad_outliers	include_mad_sensitivity	v0.2	include_mad_sensitivity	61440	61440	True	pass	False
v0.3	v0.1	v0.1	270	sub-69	sub-69	34	REM_to_Wake	True	23040.0	5867520	5928960	near_zero_lag	review	targeted_review	pass	pass	amplitude:high_peak_to_peak;amplitude:high_robust_range;amplitude:many_10mad_outliers	pass	amplitude:high_peak_to_peak;amplitude:high_robust_range;amplitude:many_10mad_outliers	review_targeted	v0.2	review_targeted	61440	61440	True	pass	False
v0.3	v0.1	v0.1	31	sub-7	sub-7	5	REM_to_Wake	True	15540.0	3947520	4008960	near_zero_lag	review	targeted_review	pass	pass	amplitude:high_peak_to_peak;amplitude:high_robust_range;amplitude:many_10mad_outliers;amplitude:repeated_endpoints	pass	amplitude:high_peak_to_peak;amplitude:high_robust_range;amplitude:many_10mad_outliers;amplitude:repeated_endpoints	review_targeted	v0.2	review_targeted	61440	61440	True	pass	False
v0.3	v0.1	v0.1	32	sub-7	sub-7	5	REM_to_Wake	True	21510.0	5475840	5537280	lag_review	review	targeted_review	pass	pass	amplitude:high_peak_to_peak;amplitude:high_robust_range;amplitude:many_10mad_outliers;amplitude:many_abrupt_jumps;amplitude:repeated_endpoints	pass	amplitude:high_peak_to_peak;amplitude:high_robust_range;amplitude:many_10mad_outliers;amplitude:many_abrupt_jumps;amplitude:repeated_endpoints	review_targeted	v0.2	review_targeted	61440	61440	True	pass	False
v0.3	v0.1	v0.1	33	sub-7	sub-7	5	Wake_to_REM	False	21540.0	5483520	5544960	lag_review	review	targeted_review	pass	pass	amplitude:high_peak_to_peak;amplitude:high_robust_range;amplitude:many_10mad_outliers;amplitude:many_abrupt_jumps;amplitude:repeated_endpoints	pass	amplitude:high_peak_to_peak;amplitude:high_robust_range;amplitude:many_10mad_outliers;amplitude:many_abrupt_jumps;amplitude:repeated_endpoints	review_targeted	v0.2	review_targeted	61440	61440	True	pass	False
v0.3	v0.1	v0.1	34	sub-7	sub-7	5	REM_to_Wake	True	26370.0	6720000	6781440	near_zero_lag	review	targeted_review	pass	pass	amplitude:high_peak_to_peak;amplitude:high_robust_range;amplitude:many_10mad_outliers;amplitude:many_abrupt_jumps;amplitude:repeated_endpoints	pass	amplitude:high_peak_to_peak;amplitude:high_robust_range;amplitude:many_10mad_outliers;amplitude:many_abrupt_jumps;amplitude:repeated_endpoints	review_targeted	v0.2	review_targeted	61440	61440	True	pass	False
v0.3	v0.1	v0.1	271	sub-70	sub-70	35	REM_to_Wake	True	21870.0	5568000	5629440	lag_review	review	mad_only_review	pass	pass	amplitude:many_10mad_outliers	pass	amplitude:many_10mad_outliers	include_mad_sensitivity	v0.2	include_mad_sensitivity	61440	61440	True	pass	False
v0.3	v0.1	v0.1	272	sub-70	sub-70	35	REM_to_Wake	True	22110.0	5629440	5690880	near_zero_lag	review	mad_only_review	pass	pass	amplitude:many_10mad_outliers	pass	amplitude:many_10mad_outliers	include_mad_sensitivity	v0.2	include_mad_sensitivity	61440	61440	True	pass	False
v0.3	v0.1	v0.1	273	sub-71	sub-71	36	REM_to_Wake	True	22740.0	5790720	5852160	lag_review	review	mad_only_review	pass	pass	amplitude:many_10mad_outliers	pass	amplitude:many_10mad_outliers	include_mad_sensitivity	v0.2	include_mad_sensitivity	61440	61440	True	pass	False
v0.3	v0.1	v0.1	274	sub-71	sub-71	36	REM_to_Wake	True	26880.0	6850560	6912000	near_zero_lag	review	mad_only_review	pass	pass	amplitude:many_10mad_outliers	pass	amplitude:many_10mad_outliers	include_mad_sensitivity	v0.2	include_mad_sensitivity	61440	61440	True	pass	False
v0.3	v0.1	v0.1	275	sub-71	sub-71	36	REM_to_Wake	True	28830.0	7349760	7411200	near_zero_lag	review	mad_only_review	pass	pass	amplitude:many_10mad_outliers	pass	amplitude:many_10mad_outliers	include_mad_sensitivity	v0.2	include_mad_sensitivity	61440	61440	True	pass	False
v0.3	v0.1	v0.1	276	sub-71	sub-71	36	Wake_to_REM	False	28860.0	7357440	7418880	near_zero_lag	review	mad_only_review	pass	pass	amplitude:many_10mad_outliers	pass	amplitude:many_10mad_outliers	include_mad_sensitivity	v0.2	include_mad_sensitivity	61440	61440	True	pass	False
v0.3	v0.1	v0.1	277	sub-72	sub-72	37	REM_to_Wake	True	22800.0	5806080	5867520	near_zero_lag	review	targeted_review	pass	pass	amplitude:high_peak_to_peak;amplitude:high_robust_range;amplitude:many_10mad_outliers	pass	amplitude:high_peak_to_peak;amplitude:high_robust_range;amplitude:many_10mad_outliers	review_targeted	v0.2	review_targeted	61440	61440	True	pass	False
v0.3	v0.1	v0.1	278	sub-72	sub-72	37	REM_to_Wake	True	23400.0	5959680	6021120	near_zero_lag	review	targeted_review	pass	pass	amplitude:high_robust_range;amplitude:many_10mad_outliers;amplitude:many_abrupt_jumps	pass	amplitude:high_robust_range;amplitude:many_10mad_outliers;amplitude:many_abrupt_jumps	review_targeted	v0.2	review_targeted	61440	61440	True	pass	False
v0.3	v0.1	v0.1	279	sub-73	sub-73	38	REM_to_Wake	True	5850.0	1466880	1528320	near_zero_lag	review	mad_only_review	pass	pass	amplitude:many_10mad_outliers	pass	amplitude:many_10mad_outliers	include_mad_sensitivity	v0.2	include_mad_sensitivity	61440	61440	True	pass	False
v0.3	v0.1	v0.1	280	sub-74	sub-74	39	REM_to_Wake	True	17010.0	4323840	4385280	near_zero_lag	include	no_review_flag	pass	pass	pass	pass	pass	include	v0.2	include	61440	61440	True	pass	False
v0.3	v0.1	v0.1	281	sub-74	sub-74	39	REM_to_Wake	True	27630.0	7042560	7104000	near_zero_lag	include	no_review_flag	pass	pass	pass	pass	pass	include	v0.2	include	61440	61440	True	pass	False
v0.3	v0.1	v0.1	282	sub-75	sub-75	40	REM_to_Wake	True	24360.0	6205440	6266880	lag_review	review	targeted_review	pass	pass	amplitude:high_peak_to_peak;amplitude:high_robust_range;amplitude:many_10mad_outliers;amplitude:many_abrupt_jumps;amplitude:repeated_endpoints	pass	amplitude:high_peak_to_peak;amplitude:high_robust_range;amplitude:many_10mad_outliers;amplitude:many_abrupt_jumps;amplitude:repeated_endpoints	review_targeted	v0.2	review_targeted	61440	61440	True	pass	False
v0.3	v0.1	v0.1	283	sub-75	sub-75	40	Wake_to_REM	False	24390.0	6213120	6274560	lag_review	review	targeted_review	pass	pass	amplitude:high_peak_to_peak;amplitude:high_robust_range;amplitude:many_10mad_outliers;amplitude:many_abrupt_jumps;amplitude:repeated_endpoints	pass	amplitude:high_peak_to_peak;amplitude:high_robust_range;amplitude:many_10mad_outliers;amplitude:many_abrupt_jumps;amplitude:repeated_endpoints	review_targeted	v0.2	review_targeted	61440	61440	True	pass	False
v0.3	v0.1	v0.1	284	sub-75	sub-75	40	REM_to_Wake	True	25590.0	6520320	6581760	lag_review	review	targeted_review	pass	pass	amplitude:high_robust_range;amplitude:many_10mad_outliers	pass	amplitude:high_robust_range;amplitude:many_10mad_outliers	review_targeted	v0.2	review_targeted	61440	61440	True	pass	False
v0.3	v0.1	v0.1	285	sub-76	sub-76	41	REM_to_Wake	True	28470.0	7257600	7319040	near_zero_lag	review	targeted_review	pass	pass	amplitude:high_peak_to_peak;amplitude:high_robust_range;amplitude:many_abrupt_jumps;amplitude:repeated_endpoints	pass	amplitude:high_peak_to_peak;amplitude:high_robust_range;amplitude:many_abrupt_jumps;amplitude:repeated_endpoints	review_targeted	v0.2	review_targeted	61440	61440	True	pass	False
v0.3	v0.1	v0.1	286	sub-76	sub-76	41	REM_to_Wake	True	31110.0	7933440	7994880	lag_review	review	targeted_review	pass	pass	amplitude:high_peak_to_peak;amplitude:high_robust_range;amplitude:many_10mad_outliers;amplitude:many_abrupt_jumps;amplitude:repeated_endpoints	pass	amplitude:high_peak_to_peak;amplitude:high_robust_range;amplitude:many_10mad_outliers;amplitude:many_abrupt_jumps;amplitude:repeated_endpoints	review_targeted	v0.2	review_targeted	61440	61440	True	pass	False
v0.3	v0.1	v0.1	287	sub-77	sub-77	42	REM_to_Wake	True	16830.0	4277760	4339200	near_zero_lag	review	targeted_review	pass	pass	amplitude:high_peak_to_peak;amplitude:many_10mad_outliers	pass	amplitude:high_peak_to_peak;amplitude:many_10mad_outliers	review_targeted	v0.2	review_targeted	61440	61440	True	pass	False
v0.3	v0.1	v0.1	288	sub-77	sub-77	42	Wake_to_REM	False	16860.0	4285440	4346880	near_zero_lag	review	mad_only_review	pass	pass	amplitude:many_10mad_outliers	pass	amplitude:many_10mad_outliers	include_mad_sensitivity	v0.2	include_mad_sensitivity	61440	61440	True	pass	False
v0.3	v0.1	v0.1	289	sub-77	sub-77	42	REM_to_Wake	True	17880.0	4546560	4608000	near_zero_lag	review	targeted_review	pass	pass	amplitude:high_robust_range;amplitude:many_10mad_outliers	pass	amplitude:high_robust_range;amplitude:many_10mad_outliers	review_targeted	v0.2	review_targeted	61440	61440	True	pass	False
v0.3	v0.1	v0.1	290	sub-77	sub-77	42	REM_to_Wake	True	30090.0	7672320	7733760	unusable	exclude	critical_exclusion	pass	amplitude:constant_signal;amplitude:flatline_at_least_5_sec;amplitude:near_flat_robust_range	amplitude:repeated_endpoints	amplitude:constant_signal;amplitude:flatline_at_least_5_sec;amplitude:near_flat_robust_range	amplitude:repeated_endpoints	exclude_critical	v0.2	exclude_critical	61440	61440	True	pass	False
v0.3	v0.1	v0.1	291	sub-78	sub-78	43	REM_to_Wake	True	24570.0	6259200	6320640	near_zero_lag	review	mad_only_review	pass	pass	amplitude:many_10mad_outliers	pass	amplitude:many_10mad_outliers	include_mad_sensitivity	v0.2	include_mad_sensitivity	61440	61440	True	pass	False
v0.3	v0.1	v0.1	292	sub-78	sub-78	43	Wake_to_REM	False	24600.0	6266880	6328320	near_zero_lag	review	mad_only_review	pass	pass	amplitude:many_10mad_outliers	pass	amplitude:many_10mad_outliers	include_mad_sensitivity	v0.2	include_mad_sensitivity	61440	61440	True	pass	False
v0.3	v0.1	v0.1	293	sub-78	sub-78	43	REM_to_Wake	True	25230.0	6428160	6489600	near_zero_lag	review	mad_only_review	pass	pass	amplitude:many_10mad_outliers	pass	amplitude:many_10mad_outliers	include_mad_sensitivity	v0.2	include_mad_sensitivity	61440	61440	True	pass	False
v0.3	v0.1	v0.1	294	sub-81	sub-81	46	REM_to_Wake	True	13380.0	3394560	3456000	near_zero_lag	review	targeted_review	pass	pass	amplitude:high_robust_range;amplitude:many_10mad_outliers	pass	amplitude:high_robust_range;amplitude:many_10mad_outliers	review_targeted	v0.2	review_targeted	61440	61440	True	pass	False
v0.3	v0.1	v0.1	295	sub-81	sub-81	46	Wake_to_REM	False	13410.0	3402240	3463680	near_zero_lag	review	targeted_review	pass	pass	amplitude:high_robust_range;amplitude:many_10mad_outliers	pass	amplitude:high_robust_range;amplitude:many_10mad_outliers	review_targeted	v0.2	review_targeted	61440	61440	True	pass	False
v0.3	v0.1	v0.1	296	sub-81	sub-81	46	REM_to_Wake	True	13590.0	3448320	3509760	near_zero_lag	review	mad_only_review	pass	pass	amplitude:many_10mad_outliers	pass	amplitude:many_10mad_outliers	include_mad_sensitivity	v0.2	include_mad_sensitivity	61440	61440	True	pass	False
v0.3	v0.1	v0.1	297	sub-81	sub-81	46	Wake_to_REM	False	13620.0	3456000	3517440	near_zero_lag	review	mad_only_review	pass	pass	amplitude:many_10mad_outliers	pass	amplitude:many_10mad_outliers	include_mad_sensitivity	v0.2	include_mad_sensitivity	61440	61440	True	pass	False
v0.3	v0.1	v0.1	298	sub-81	sub-81	46	REM_to_Wake	True	13710.0	3479040	3540480	near_zero_lag	review	mad_only_review	pass	pass	amplitude:many_10mad_outliers	pass	amplitude:many_10mad_outliers	include_mad_sensitivity	v0.2	include_mad_sensitivity	61440	61440	True	pass	False
v0.3	v0.1	v0.1	299	sub-81	sub-81	46	Wake_to_REM	False	13740.0	3486720	3548160	near_zero_lag	review	mad_only_review	pass	pass	amplitude:many_10mad_outliers	pass	amplitude:many_10mad_outliers	include_mad_sensitivity	v0.2	include_mad_sensitivity	61440	61440	True	pass	False
v0.3	v0.1	v0.1	300	sub-81	sub-81	46	REM_to_Wake	True	14550.0	3694080	3755520	near_zero_lag	review	targeted_review	pass	pass	amplitude:high_peak_to_peak;amplitude:high_robust_range;amplitude:many_10mad_outliers	pass	amplitude:high_peak_to_peak;amplitude:high_robust_range;amplitude:many_10mad_outliers	review_targeted	v0.2	review_targeted	61440	61440	True	pass	False
v0.3	v0.1	v0.1	301	sub-81	sub-81	46	Wake_to_REM	False	14580.0	3701760	3763200	near_zero_lag	review	targeted_review	pass	pass	amplitude:high_peak_to_peak;amplitude:high_robust_range;amplitude:many_10mad_outliers	pass	amplitude:high_peak_to_peak;amplitude:high_robust_range;amplitude:many_10mad_outliers	review_targeted	v0.2	review_targeted	61440	61440	True	pass	False
v0.3	v0.1	v0.1	302	sub-81	sub-81	46	REM_to_Wake	True	14820.0	3763200	3824640	near_zero_lag	review	targeted_review	pass	pass	amplitude:high_peak_to_peak;amplitude:high_robust_range;amplitude:many_10mad_outliers	pass	amplitude:high_peak_to_peak;amplitude:high_robust_range;amplitude:many_10mad_outliers	review_targeted	v0.2	review_targeted	61440	61440	True	pass	False
v0.3	v0.1	v0.1	303	sub-81	sub-81	46	REM_to_Wake	True	21990.0	5598720	5660160	near_zero_lag	include	no_review_flag	pass	pass	pass	pass	pass	include	v0.2	include	61440	61440	True	pass	False
v0.3	v0.1	v0.1	304	sub-81	sub-81	46	REM_to_Wake	True	26370.0	6720000	6781440	near_zero_lag	review	mad_only_review	pass	pass	amplitude:many_10mad_outliers	pass	amplitude:many_10mad_outliers	include_mad_sensitivity	v0.2	include_mad_sensitivity	61440	61440	True	pass	False
v0.3	v0.1	v0.1	305	sub-81	sub-81	46	REM_to_Wake	True	27000.0	6881280	6942720	near_zero_lag	review	mad_only_review	pass	pass	amplitude:many_10mad_outliers	pass	amplitude:many_10mad_outliers	include_mad_sensitivity	v0.2	include_mad_sensitivity	61440	61440	True	pass	False
v0.3	v0.1	v0.1	306	sub-81	sub-81	46	Wake_to_REM	False	27030.0	6888960	6950400	near_zero_lag	review	mad_only_review	pass	pass	amplitude:many_10mad_outliers	pass	amplitude:many_10mad_outliers	include_mad_sensitivity	v0.2	include_mad_sensitivity	61440	61440	True	pass	False
v0.3	v0.1	v0.1	307	sub-82	sub-82	48	REM_to_Wake	True	12540.0	3179520	3240960	lag_review	review	targeted_review	pass	pass	amplitude:high_robust_range;amplitude:many_10mad_outliers;amplitude:many_abrupt_jumps	pass	amplitude:high_robust_range;amplitude:many_10mad_outliers;amplitude:many_abrupt_jumps	review_targeted	v0.2	review_targeted	61440	61440	True	pass	False
v0.3	v0.1	v0.1	308	sub-82	sub-82	48	REM_to_Wake	True	22800.0	5806080	5867520	lag_review	review	targeted_review	pass	pass	amplitude:high_peak_to_peak;amplitude:high_robust_range;amplitude:many_10mad_outliers	pass	amplitude:high_peak_to_peak;amplitude:high_robust_range;amplitude:many_10mad_outliers	review_targeted	v0.2	review_targeted	61440	61440	True	pass	False
v0.3	v0.1	v0.1	309	sub-83	sub-83	50	REM_to_Wake	True	18450.0	4692480	4753920	near_zero_lag	review	mad_only_review	pass	pass	amplitude:many_10mad_outliers	pass	amplitude:many_10mad_outliers	include_mad_sensitivity	v0.2	include_mad_sensitivity	61440	61440	True	pass	False
v0.3	v0.1	v0.1	310	sub-84	sub-84	51	REM_to_Wake	True	26280.0	6696960	6758400	near_zero_lag	include	no_review_flag	pass	pass	pass	pass	pass	include	v0.2	include	61440	61440	True	pass	False
v0.3	v0.1	v0.1	311	sub-85	sub-85	52	REM_to_Wake	True	14760.0	3747840	3809280	near_zero_lag	review	mad_only_review	pass	pass	amplitude:many_10mad_outliers	pass	amplitude:many_10mad_outliers	include_mad_sensitivity	v0.2	include_mad_sensitivity	61440	61440	True	pass	False
v0.3	v0.1	v0.1	312	sub-85	sub-85	52	REM_to_Wake	True	20340.0	5176320	5237760	near_zero_lag	review	mad_only_review	pass	pass	amplitude:many_10mad_outliers	pass	amplitude:many_10mad_outliers	include_mad_sensitivity	v0.2	include_mad_sensitivity	61440	61440	True	pass	False
v0.3	v0.1	v0.1	313	sub-85	sub-85	52	REM_to_Wake	True	24600.0	6266880	6328320	near_zero_lag	review	mad_only_review	pass	pass	amplitude:many_10mad_outliers	pass	amplitude:many_10mad_outliers	include_mad_sensitivity	v0.2	include_mad_sensitivity	61440	61440	True	pass	False
v0.3	v0.1	v0.1	314	sub-85	sub-85	52	REM_to_Wake	True	25260.0	6435840	6497280	near_zero_lag	review	mad_only_review	pass	pass	amplitude:many_10mad_outliers	pass	amplitude:many_10mad_outliers	include_mad_sensitivity	v0.2	include_mad_sensitivity	61440	61440	True	pass	False
v0.3	v0.1	v0.1	315	sub-85	sub-85	52	REM_to_Wake	True	26070.0	6643200	6704640	lag_review	review	mad_only_review	pass	pass	amplitude:many_10mad_outliers	pass	amplitude:many_10mad_outliers	include_mad_sensitivity	v0.2	include_mad_sensitivity	61440	61440	True	pass	False
v0.3	v0.1	v0.1	316	sub-87	sub-87	54	REM_to_Wake	True	19230.0	4892160	4953600	near_zero_lag	review	targeted_review	pass	pass	amplitude:high_peak_to_peak;amplitude:high_robust_range;amplitude:many_10mad_outliers;amplitude:repeated_endpoints	pass	amplitude:high_peak_to_peak;amplitude:high_robust_range;amplitude:many_10mad_outliers;amplitude:repeated_endpoints	review_targeted	v0.2	review_targeted	61440	61440	True	pass	False
v0.3	v0.1	v0.1	317	sub-87	sub-87	54	REM_to_Wake	True	25740.0	6558720	6620160	lag_review	include	no_review_flag	pass	pass	pass	pass	pass	include	v0.2	include	61440	61440	True	pass	False
v0.3	v0.1	v0.1	35	sub-9	sub-9	90	REM_to_Wake	True	20910.0	5322240	5383680	lag_review	review	targeted_review	pass	pass	amplitude:high_peak_to_peak;amplitude:high_robust_range;amplitude:many_10mad_outliers;amplitude:repeated_endpoints	pass	amplitude:high_peak_to_peak;amplitude:high_robust_range;amplitude:many_10mad_outliers;amplitude:repeated_endpoints	review_targeted	v0.2	review_targeted	61440	61440	True	pass	False
v0.3	v0.1	v0.1	318	sub-90	sub-90	57	REM_to_Wake	True	15330.0	3893760	3955200	near_zero_lag	review	mad_only_review	pass	pass	amplitude:many_10mad_outliers	pass	amplitude:many_10mad_outliers	include_mad_sensitivity	v0.2	include_mad_sensitivity	61440	61440	True	pass	False
v0.3	v0.1	v0.1	319	sub-90	sub-90	57	REM_to_Wake	True	21510.0	5475840	5537280	near_zero_lag	include	no_review_flag	pass	pass	pass	pass	pass	include	v0.2	include	61440	61440	True	pass	False
v0.3	v0.1	v0.1	320	sub-90	sub-90	57	REM_to_Wake	True	27090.0	6904320	6965760	near_zero_lag	review	mad_only_review	pass	pass	amplitude:many_10mad_outliers	pass	amplitude:many_10mad_outliers	include_mad_sensitivity	v0.2	include_mad_sensitivity	61440	61440	True	pass	False
v0.3	v0.1	v0.1	321	sub-90	sub-90	57	Wake_to_REM	False	27120.0	6912000	6973440	near_zero_lag	review	mad_only_review	pass	pass	amplitude:many_10mad_outliers	pass	amplitude:many_10mad_outliers	include_mad_sensitivity	v0.2	include_mad_sensitivity	61440	61440	True	pass	False
v0.3	v0.1	v0.1	322	sub-90	sub-90	57	REM_to_Wake	True	27210.0	6935040	6996480	near_zero_lag	review	mad_only_review	pass	pass	amplitude:many_10mad_outliers	pass	amplitude:many_10mad_outliers	include_mad_sensitivity	v0.2	include_mad_sensitivity	61440	61440	True	pass	False
v0.3	v0.1	v0.1	323	sub-90	sub-90	57	Wake_to_REM	False	27240.0	6942720	7004160	near_zero_lag	include	no_review_flag	pass	pass	pass	pass	pass	include	v0.2	include	61440	61440	True	pass	False
v0.3	v0.1	v0.1	324	sub-90	sub-90	57	REM_to_Wake	True	28050.0	7150080	7211520	lag_review	include	no_review_flag	pass	pass	pass	pass	pass	include	v0.2	include	61440	61440	True	pass	False
v0.3	v0.1	v0.1	325	sub-91	sub-91	58	REM_to_Wake	True	24210.0	6167040	6228480	lag_review	include	no_review_flag	pass	pass	pass	pass	pass	include	v0.2	include	61440	61440	True	pass	False
v0.3	v0.1	v0.1	326	sub-91	sub-91	58	Wake_to_REM	False	24240.0	6174720	6236160	lag_review	include	no_review_flag	pass	pass	pass	pass	pass	include	v0.2	include	61440	61440	True	pass	False
v0.3	v0.1	v0.1	327	sub-91	sub-91	58	REM_to_Wake	True	28830.0	7349760	7411200	near_zero_lag	include	no_review_flag	pass	pass	pass	pass	pass	include	v0.2	include	61440	61440	True	pass	False
v0.3	v0.1	v0.1	328	sub-91	sub-91	58	REM_to_Wake	True	29370.0	7488000	7549440	lag_review	review	mad_only_review	pass	pass	amplitude:many_10mad_outliers	pass	amplitude:many_10mad_outliers	include_mad_sensitivity	v0.2	include_mad_sensitivity	61440	61440	True	pass	False
v0.3	v0.1	v0.1	329	sub-91	sub-91	58	Wake_to_REM	False	29400.0	7495680	7557120	lag_review	review	mad_only_review	pass	pass	amplitude:many_10mad_outliers	pass	amplitude:many_10mad_outliers	include_mad_sensitivity	v0.2	include_mad_sensitivity	61440	61440	True	pass	False
v0.3	v0.1	v0.1	330	sub-91	sub-91	58	REM_to_Wake	True	29910.0	7626240	7687680	lag_review	include	no_review_flag	pass	pass	pass	pass	pass	include	v0.2	include	61440	61440	True	pass	False
v0.3	v0.1	v0.1	331	sub-91	sub-91	58	Wake_to_REM	False	29940.0	7633920	7695360	lag_review	include	no_review_flag	pass	pass	pass	pass	pass	include	v0.2	include	61440	61440	True	pass	False
v0.3	v0.1	v0.1	332	sub-91	sub-91	58	REM_to_Wake	True	30150.0	7687680	7749120	near_zero_lag	review	mad_only_review	pass	pass	amplitude:many_10mad_outliers	pass	amplitude:many_10mad_outliers	include_mad_sensitivity	v0.2	include_mad_sensitivity	61440	61440	True	pass	False
v0.3	v0.1	v0.1	333	sub-92	sub-92	59	REM_to_Wake	True	12690.0	3217920	3279360	near_zero_lag	review	mad_only_review	pass	pass	amplitude:many_10mad_outliers	pass	amplitude:many_10mad_outliers	include_mad_sensitivity	v0.2	include_mad_sensitivity	61440	61440	True	pass	False
v0.3	v0.1	v0.1	334	sub-92	sub-92	59	REM_to_Wake	True	24480.0	6236160	6297600	near_zero_lag	include	no_review_flag	pass	pass	pass	pass	pass	include	v0.2	include	61440	61440	True	pass	False
v0.3	v0.1	v0.1	335	sub-92	sub-92	59	Wake_to_REM	False	24510.0	6243840	6305280	near_zero_lag	include	no_review_flag	pass	pass	pass	pass	pass	include	v0.2	include	61440	61440	True	pass	False
v0.3	v0.1	v0.1	336	sub-92	sub-92	59	REM_to_Wake	True	24690.0	6289920	6351360	near_zero_lag	review	mad_only_review	pass	pass	amplitude:many_10mad_outliers	pass	amplitude:many_10mad_outliers	include_mad_sensitivity	v0.2	include_mad_sensitivity	61440	61440	True	pass	False
v0.3	v0.1	v0.1	337	sub-92	sub-92	59	Wake_to_REM	False	24720.0	6297600	6359040	near_zero_lag	review	mad_only_review	pass	pass	amplitude:many_10mad_outliers	pass	amplitude:many_10mad_outliers	include_mad_sensitivity	v0.2	include_mad_sensitivity	61440	61440	True	pass	False
v0.3	v0.1	v0.1	338	sub-93	sub-93	60	REM_to_Wake	True	14310.0	3632640	3694080	near_zero_lag	review	mad_only_review	pass	pass	amplitude:many_10mad_outliers	pass	amplitude:many_10mad_outliers	include_mad_sensitivity	v0.2	include_mad_sensitivity	61440	61440	True	pass	False
v0.3	v0.1	v0.1	339	sub-93	sub-93	60	REM_to_Wake	True	20010.0	5091840	5153280	near_zero_lag	review	mad_only_review	pass	pass	amplitude:many_10mad_outliers	pass	amplitude:many_10mad_outliers	include_mad_sensitivity	v0.2	include_mad_sensitivity	61440	61440	True	pass	False
v0.3	v0.1	v0.1	340	sub-93	sub-93	60	Wake_to_REM	False	20040.0	5099520	5160960	near_zero_lag	review	mad_only_review	pass	pass	amplitude:many_10mad_outliers	pass	amplitude:many_10mad_outliers	include_mad_sensitivity	v0.2	include_mad_sensitivity	61440	61440	True	pass	False
v0.3	v0.1	v0.1	341	sub-93	sub-93	60	REM_to_Wake	True	20100.0	5114880	5176320	near_zero_lag	review	mad_only_review	pass	pass	amplitude:many_10mad_outliers	pass	amplitude:many_10mad_outliers	include_mad_sensitivity	v0.2	include_mad_sensitivity	61440	61440	True	pass	False
v0.3	v0.1	v0.1	342	sub-94	sub-94	61	REM_to_Wake	True	16530.0	4200960	4262400	lag_review	review	targeted_review	pass	pass	amplitude:high_peak_to_peak;amplitude:high_robust_range;amplitude:many_10mad_outliers	pass	amplitude:high_peak_to_peak;amplitude:high_robust_range;amplitude:many_10mad_outliers	review_targeted	v0.2	review_targeted	61440	61440	True	pass	False
v0.3	v0.1	v0.1	343	sub-94	sub-94	61	REM_to_Wake	True	25680.0	6543360	6604800	near_zero_lag	review	targeted_review	pass	pass	amplitude:high_robust_range;amplitude:many_10mad_outliers	pass	amplitude:high_robust_range;amplitude:many_10mad_outliers	review_targeted	v0.2	review_targeted	61440	61440	True	pass	False
v0.3	v0.1	v0.1	344	sub-95	sub-95	62	REM_to_Wake	True	13830.0	3509760	3571200	near_zero_lag	include	no_review_flag	pass	pass	pass	pass	pass	include	v0.2	include	61440	61440	True	pass	False
v0.3	v0.1	v0.1	345	sub-95	sub-95	62	REM_to_Wake	True	14310.0	3632640	3694080	near_zero_lag	include	no_review_flag	pass	pass	pass	pass	pass	include	v0.2	include	61440	61440	True	pass	False
v0.3	v0.1	v0.1	346	sub-95	sub-95	62	REM_to_Wake	True	22020.0	5606400	5667840	near_zero_lag	review	targeted_review	pass	pass	amplitude:high_peak_to_peak;amplitude:high_robust_range;amplitude:many_10mad_outliers	pass	amplitude:high_peak_to_peak;amplitude:high_robust_range;amplitude:many_10mad_outliers	review_targeted	v0.2	review_targeted	61440	61440	True	pass	False
v0.3	v0.1	v0.1	347	sub-95	sub-95	62	REM_to_Wake	True	26700.0	6804480	6865920	near_zero_lag	include	no_review_flag	pass	pass	pass	pass	pass	include	v0.2	include	61440	61440	True	pass	False
v0.3	v0.1	v0.1	348	sub-95	sub-95	62	Wake_to_REM	False	26730.0	6812160	6873600	near_zero_lag	include	no_review_flag	pass	pass	pass	pass	pass	include	v0.2	include	61440	61440	True	pass	False
v0.3	v0.1	v0.1	349	sub-95	sub-95	62	REM_to_Wake	True	27390.0	6981120	7042560	near_zero_lag	review	mad_only_review	pass	pass	amplitude:many_10mad_outliers	pass	amplitude:many_10mad_outliers	include_mad_sensitivity	v0.2	include_mad_sensitivity	61440	61440	True	pass	False
v0.3	v0.1	v0.1	350	sub-95	sub-95	62	Wake_to_REM	False	27420.0	6988800	7050240	near_zero_lag	review	mad_only_review	pass	pass	amplitude:many_10mad_outliers	pass	amplitude:many_10mad_outliers	include_mad_sensitivity	v0.2	include_mad_sensitivity	61440	61440	True	pass	False
v0.3	v0.1	v0.1	351	sub-95	sub-95	62	REM_to_Wake	True	27690.0	7057920	7119360	lag_review	review	targeted_review	pass	pass	amplitude:high_robust_range;amplitude:many_10mad_outliers	pass	amplitude:high_robust_range;amplitude:many_10mad_outliers	review_targeted	v0.2	review_targeted	61440	61440	True	pass	False
v0.3	v0.1	v0.1	352	sub-96	sub-96	63	REM_to_Wake	True	9210.0	2327040	2388480	near_zero_lag	review	mad_only_review	pass	pass	amplitude:many_10mad_outliers	pass	amplitude:many_10mad_outliers	include_mad_sensitivity	v0.2	include_mad_sensitivity	61440	61440	True	pass	False
v0.3	v0.1	v0.1	353	sub-96	sub-96	63	REM_to_Wake	True	14190.0	3601920	3663360	near_zero_lag	review	mad_only_review	pass	pass	amplitude:many_10mad_outliers	pass	amplitude:many_10mad_outliers	include_mad_sensitivity	v0.2	include_mad_sensitivity	61440	61440	True	pass	False
v0.3	v0.1	v0.1	354	sub-96	sub-96	63	REM_to_Wake	True	26190.0	6673920	6735360	lag_review	review	mad_only_review	pass	pass	amplitude:many_10mad_outliers	pass	amplitude:many_10mad_outliers	include_mad_sensitivity	v0.2	include_mad_sensitivity	61440	61440	True	pass	False
v0.3	v0.1	v0.1	355	sub-96	sub-96	63	Wake_to_REM	False	26220.0	6681600	6743040	lag_review	review	mad_only_review	pass	pass	amplitude:many_10mad_outliers	pass	amplitude:many_10mad_outliers	include_mad_sensitivity	v0.2	include_mad_sensitivity	61440	61440	True	pass	False
v0.3	v0.1	v0.1	356	sub-96	sub-96	63	REM_to_Wake	True	26820.0	6835200	6896640	lag_review	review	mad_only_review	pass	pass	amplitude:many_10mad_outliers	pass	amplitude:many_10mad_outliers	include_mad_sensitivity	v0.2	include_mad_sensitivity	61440	61440	True	pass	False
v0.3	v0.1	v0.1	357	sub-97	sub-97	64	REM_to_Wake	True	8490.0	2142720	2204160	near_zero_lag	review	mad_only_review	pass	pass	amplitude:many_10mad_outliers	pass	amplitude:many_10mad_outliers	include_mad_sensitivity	v0.2	include_mad_sensitivity	61440	61440	True	pass	False
v0.3	v0.1	v0.1	358	sub-97	sub-97	64	REM_to_Wake	True	23220.0	5913600	5975040	near_zero_lag	review	mad_only_review	pass	pass	amplitude:many_10mad_outliers	pass	amplitude:many_10mad_outliers	include_mad_sensitivity	v0.2	include_mad_sensitivity	61440	61440	True	pass	False
v0.3	v0.1	v0.1	359	sub-97	sub-97	64	REM_to_Wake	True	27180.0	6927360	6988800	near_zero_lag	review	mad_only_review	pass	pass	amplitude:many_10mad_outliers	pass	amplitude:many_10mad_outliers	include_mad_sensitivity	v0.2	include_mad_sensitivity	61440	61440	True	pass	False
v0.3	v0.1	v0.1	360	sub-97	sub-97	64	Wake_to_REM	False	27390.0	6981120	7042560	near_zero_lag	include	no_review_flag	pass	pass	pass	pass	pass	include	v0.2	include	61440	61440	True	pass	False
v0.3	v0.1	v0.1	361	sub-97	sub-97	64	REM_to_Wake	True	27780.0	7080960	7142400	near_zero_lag	include	no_review_flag	pass	pass	pass	pass	pass	include	v0.2	include	61440	61440	True	pass	False
v0.3	v0.1	v0.1	362	sub-97	sub-97	64	Wake_to_REM	False	27810.0	7088640	7150080	near_zero_lag	include	no_review_flag	pass	pass	pass	pass	pass	include	v0.2	include	61440	61440	True	pass	False
v0.3	v0.1	v0.1	363	sub-97	sub-97	64	Wake_to_REM	False	28290.0	7211520	7272960	near_zero_lag	review	mad_only_review	pass	pass	amplitude:many_10mad_outliers	pass	amplitude:many_10mad_outliers	include_mad_sensitivity	v0.2	include_mad_sensitivity	61440	61440	True	pass	False
v0.3	v0.1	v0.1	364	sub-97	sub-97	64	REM_to_Wake	True	28350.0	7226880	7288320	near_zero_lag	review	mad_only_review	pass	pass	amplitude:many_10mad_outliers	pass	amplitude:many_10mad_outliers	include_mad_sensitivity	v0.2	include_mad_sensitivity	61440	61440	True	pass	False
v0.3	v0.1	v0.1	365	sub-98	sub-98	65	REM_to_Wake	True	7020.0	1766400	1827840	near_zero_lag	review	mad_only_review	pass	pass	amplitude:many_10mad_outliers	pass	amplitude:many_10mad_outliers	include_mad_sensitivity	v0.2	include_mad_sensitivity	61440	61440	True	pass	False
v0.3	v0.1	v0.1	366	sub-98	sub-98	65	REM_to_Wake	True	9570.0	2419200	2480640	near_zero_lag	review	mad_only_review	pass	pass	amplitude:many_10mad_outliers	pass	amplitude:many_10mad_outliers	include_mad_sensitivity	v0.2	include_mad_sensitivity	61440	61440	True	pass	False
v0.3	v0.1	v0.1	367	sub-98	sub-98	65	Wake_to_REM	False	9660.0	2442240	2503680	near_zero_lag	review	mad_only_review	pass	pass	amplitude:many_10mad_outliers	pass	amplitude:many_10mad_outliers	include_mad_sensitivity	v0.2	include_mad_sensitivity	61440	61440	True	pass	False
v0.3	v0.1	v0.1	368	sub-98	sub-98	65	REM_to_Wake	True	9870.0	2496000	2557440	near_zero_lag	review	mad_only_review	pass	pass	amplitude:many_10mad_outliers	pass	amplitude:many_10mad_outliers	include_mad_sensitivity	v0.2	include_mad_sensitivity	61440	61440	True	pass	False
v0.3	v0.1	v0.1	369	sub-98	sub-98	65	Wake_to_REM	False	9900.0	2503680	2565120	near_zero_lag	review	mad_only_review	pass	pass	amplitude:many_10mad_outliers	pass	amplitude:many_10mad_outliers	include_mad_sensitivity	v0.2	include_mad_sensitivity	61440	61440	True	pass	False
v0.3	v0.1	v0.1	370	sub-98	sub-98	65	REM_to_Wake	True	10920.0	2764800	2826240	lag_review	review	mad_only_review	pass	pass	amplitude:many_10mad_outliers	pass	amplitude:many_10mad_outliers	include_mad_sensitivity	v0.2	include_mad_sensitivity	61440	61440	True	pass	False
v0.3	v0.1	v0.1	371	sub-98	sub-98	65	REM_to_Wake	True	16020.0	4070400	4131840	lag_review	review	mad_only_review	pass	pass	amplitude:many_10mad_outliers	pass	amplitude:many_10mad_outliers	include_mad_sensitivity	v0.2	include_mad_sensitivity	61440	61440	True	pass	False
v0.3	v0.1	v0.1	372	sub-98	sub-98	65	REM_to_Wake	True	19080.0	4853760	4915200	lag_review	review	mad_only_review	pass	pass	amplitude:many_10mad_outliers	pass	amplitude:many_10mad_outliers	include_mad_sensitivity	v0.2	include_mad_sensitivity	61440	61440	True	pass	False
v0.3	v0.1	v0.1	373	sub-98	sub-98	65	Wake_to_REM	False	19110.0	4861440	4922880	lag_review	review	mad_only_review	pass	pass	amplitude:many_10mad_outliers	pass	amplitude:many_10mad_outliers	include_mad_sensitivity	v0.2	include_mad_sensitivity	61440	61440	True	pass	False
v0.3	v0.1	v0.1	374	sub-98	sub-98	65	REM_to_Wake	True	20070.0	5107200	5168640	near_zero_lag	review	mad_only_review	pass	pass	amplitude:many_10mad_outliers	pass	amplitude:many_10mad_outliers	include_mad_sensitivity	v0.2	include_mad_sensitivity	61440	61440	True	pass	False
v0.3	v0.1	v0.1	375	sub-98	sub-98	65	Wake_to_REM	False	20100.0	5114880	5176320	near_zero_lag	review	mad_only_review	pass	pass	amplitude:many_10mad_outliers	pass	amplitude:many_10mad_outliers	include_mad_sensitivity	v0.2	include_mad_sensitivity	61440	61440	True	pass	False
v0.3	v0.1	v0.1	376	sub-98	sub-98	65	Wake_to_REM	False	20430.0	5199360	5260800	near_zero_lag	review	mad_only_review	pass	pass	amplitude:many_10mad_outliers	pass	amplitude:many_10mad_outliers	include_mad_sensitivity	v0.2	include_mad_sensitivity	61440	61440	True	pass	False
