outer_fold	candidate	threshold	recordings	pid	reference_events	predicted_events	true_positive	false_positive	false_negative	ignored_predictions	supported_hours	precision	recall	f1	false_alarms_per_hour
1	BLSTM-CRF	0.01	66	51	128	2245	88	2143	40	14	506.8333333333333	0.039444195428059166	0.6875	0.07460788469690546	4.228214403156857
1	BLSTM-CRF	0.060000000000000005	66	51	128	1558	88	1460	40	10	506.8333333333333	0.056847545219638244	0.6875	0.10501193317422435	2.8806313712594545
1	BLSTM-CRF	0.11	66	51	128	1354	84	1260	44	10	506.8333333333333	0.0625	0.65625	0.11413043478260869	2.486024334100625
1	BLSTM-CRF	0.16000000000000003	66	51	128	1220	84	1126	44	10	506.8333333333333	0.06942148760330578	0.65625	0.12556053811659193	2.221637619204209
1	BLSTM-CRF	0.21000000000000002	66	51	128	1125	82	1033	46	10	506.8333333333333	0.07354260089686099	0.640625	0.13193885760257443	2.0381453469253534
1	BLSTM-CRF	0.26	66	51	128	1071	81	980	47	10	506.8333333333333	0.0763430725730443	0.6328125	0.13624894869638352	1.9335744820782639
1	BLSTM-CRF	0.31000000000000005	66	51	128	1019	81	928	47	10	506.8333333333333	0.0802775024777007	0.6328125	0.1424802110817942	1.8309766524169682
1	BLSTM-CRF	0.36000000000000004	66	51	128	985	81	894	47	10	506.8333333333333	0.08307692307692308	0.6328125	0.1468721668177697	1.7638934560999673
1	BLSTM-CRF	0.41000000000000003	66	51	128	927	81	836	47	10	506.8333333333333	0.08833151581243184	0.6328125	0.15502392344497606	1.6494574153239068
1	BLSTM-CRF	0.46	66	51	128	889	79	800	49	10	506.8333333333333	0.08987485779294653	0.6171875	0.15690168818272096	1.5784281486353173
1	BLSTM-CRF	0.51	66	51	128	863	78	775	50	10	506.8333333333333	0.0914419695193435	0.609375	0.15902140672782875	1.5291022689904636
1	BLSTM-CRF	0.56	66	51	128	828	76	742	52	10	506.8333333333333	0.09290953545232274	0.59375	0.160676532769556	1.4639921078592568
1	BLSTM-CRF	0.6100000000000001	66	51	128	793	76	707	52	10	506.8333333333333	0.0970625798212005	0.59375	0.1668496158068057	1.3949358763564617
1	BLSTM-CRF	0.66	66	51	128	754	74	671	54	9	506.8333333333333	0.09932885906040269	0.578125	0.16953035509736541	1.3239066096678724
1	BLSTM-CRF	0.7100000000000001	66	51	128	710	73	628	55	9	506.8333333333333	0.10413694721825963	0.5703125	0.17611580217129072	1.2390660966787241
1	BLSTM-CRF	0.76	66	51	128	668	71	588	57	9	506.8333333333333	0.10773899848254932	0.5546875	0.18043202033036848	1.1601446892469582
1	BLSTM-CRF	0.81	66	51	128	617	70	538	58	9	506.8333333333333	0.11513157894736842	0.546875	0.19021739130434784	1.0614929299572509
1	BLSTM-CRF	0.8600000000000001	66	51	128	560	67	484	61	9	506.8333333333333	0.12159709618874773	0.5234375	0.19734904270986744	0.954949029924367
1	BLSTM-CRF	0.91	66	51	128	497	62	427	66	8	506.8333333333333	0.12678936605316973	0.484375	0.20097244732576985	0.8424860243341007
1	BLSTM-CRF	0.9525741268224334	66	51	128	417	55	354	73	8	506.8333333333333	0.13447432762836187	0.4296875	0.2048417132216015	0.698454455771128
1	BLSTM-CRF	0.9626731126558706	66	51	128	389	52	329	76	8	506.8333333333333	0.13648293963254593	0.40625	0.2043222003929273	0.6491285761262743
1	BLSTM-CRF	0.9706877692486436	66	51	128	365	50	307	78	8	506.8333333333333	0.1400560224089636	0.390625	0.20618556701030927	0.6057218020388031
1	BLSTM-CRF	0.9770226300899744	66	51	128	350	48	295	80	7	506.8333333333333	0.13994169096209913	0.375	0.20382165605095542	0.5820453798092733
1	BLSTM-CRF	0.9820137900379085	66	51	128	315	42	267	86	6	506.8333333333333	0.13592233009708737	0.328125	0.19221967963386727	0.5268003946070372
1	BLSTM-CRF	0.9859363729567544	66	51	128	292	40	246	88	6	506.8333333333333	0.13986013986013987	0.3125	0.1932367149758454	0.4853666557053601
1	BLSTM-CRF	0.9890130573694068	66	51	128	271	37	229	91	5	506.8333333333333	0.13909774436090225	0.2890625	0.18781725888324874	0.4518250575468596
1	BLSTM-CRF	0.991422514586288	66	51	128	253	37	211	91	5	506.8333333333333	0.14919354838709678	0.2890625	0.19680851063829788	0.416310424202565
1	BLSTM-CRF	0.9933071490757153	66	51	128	240	37	198	91	5	506.8333333333333	0.1574468085106383	0.2890625	0.20385674931129477	0.39066096678724105
1	BLSTM-CRF	0.9947798743064417	66	51	128	217	37	175	91	5	506.8333333333333	0.17452830188679244	0.2890625	0.21764705882352942	0.3452811575139757
1	BLSTM-CRF	0.995929862284104	66	51	128	198	32	161	96	5	506.8333333333333	0.16580310880829016	0.25	0.19937694704049844	0.3176586649128576
1	BLSTM-CRF	0.9968273171575148	66	51	128	180	30	145	98	5	506.8333333333333	0.17142857142857143	0.234375	0.19801980198019803	0.2860901019401513
1	BLSTM-CRF	0.9975273768433653	66	51	128	155	27	123	101	5	506.8333333333333	0.18	0.2109375	0.19424460431654678	0.24268332785268004
1	BLSTM-CRF	0.9980732653366725	66	51	128	142	26	111	102	5	506.8333333333333	0.1897810218978102	0.203125	0.19622641509433963	0.21900690562315028
1	BLSTM-CRF	0.998498817743263	66	51	128	133	26	102	102	5	506.8333333333333	0.203125	0.203125	0.203125	0.20124958895100298
1	BLSTM-CRF	0.9988304897349445	66	51	128	123	24	94	104	5	506.8333333333333	0.2033898305084746	0.1875	0.1951219512195122	0.1854653074646498
1	BLSTM-CRF	0.9990889488055994	66	51	128	111	24	82	104	5	506.8333333333333	0.22641509433962265	0.1875	0.20512820512820512	0.16178888523512003
1	BLSTM-CRF	0.9992903296008995	66	51	128	93	22	68	106	3	506.8333333333333	0.24444444444444444	0.171875	0.2018348623853211	0.13416639263400199
1	BLSTM-CRF	0.9994472213630764	66	51	128	84	21	60	107	3	506.8333333333333	0.25925925925925924	0.1640625	0.20095693779904306	0.11838211114764881
1	BLSTM-CRF	0.9995694429186754	66	51	128	74	17	54	111	3	506.8333333333333	0.23943661971830985	0.1328125	0.1708542713567839	0.10654390003288393
1	BLSTM-CRF	0.9996646498695336	66	51	128	69	15	51	113	3	506.8333333333333	0.22727272727272727	0.1171875	0.15463917525773196	0.10062479447550149
1	BLSTM-CRF	0.9997388096809043	66	51	128	62	13	47	115	2	506.8333333333333	0.21666666666666667	0.1015625	0.13829787234042554	0.0927326537323249
1	BLSTM-CRF	0.9997965730219448	66	51	128	57	13	42	115	2	506.8333333333333	0.23636363636363636	0.1015625	0.14207650273224043	0.08286747780335417
1	BLSTM-CRF	0.9998415637808975	66	51	128	49	10	37	118	2	506.8333333333333	0.2127659574468085	0.078125	0.11428571428571428	0.07300230187438343
1	BLSTM-CRF	0.9998766054240137	66	51	128	45	9	34	119	2	506.8333333333333	0.20930232558139536	0.0703125	0.10526315789473684	0.06708319631700099
1	BLSTM-CRF	0.9999038975845005	66	51	128	40	6	33	122	1	506.8333333333333	0.15384615384615385	0.046875	0.0718562874251497	0.06511016113120684
1	BLSTM-CRF	0.9999251537724895	66	51	128	36	6	30	122	0	506.8333333333333	0.16666666666666666	0.046875	0.07317073170731707	0.059191055573824404
1	BLSTM-CRF	0.9999417087343389	66	51	128	32	6	26	122	0	506.8333333333333	0.1875	0.046875	0.075	0.051298914830647815
1	BLSTM-CRF	0.9999546021312976	66	51	128	26	6	20	122	0	506.8333333333333	0.23076923076923078	0.046875	0.07792207792207792	0.039460703715882936
1	BLSTM-CRF	0.9999646437492582	66	51	128	21	5	16	123	0	506.8333333333333	0.23809523809523808	0.0390625	0.06711409395973154	0.03156856297270635
1	BLSTM-CRF	0.9999724643088853	66	51	128	18	3	15	125	0	506.8333333333333	0.16666666666666666	0.0234375	0.0410958904109589	0.029595527786912202
1	BLSTM-CRF	0.9999785550515792	66	51	128	16	2	14	126	0	506.8333333333333	0.125	0.015625	0.027777777777777776	0.027622492601118053
1	BLSTM-CRF	0.999983298578152	66	51	128	12	1	11	127	0	506.8333333333333	0.08333333333333333	0.0078125	0.014285714285714285	0.021703387043735613
1	BLSTM-CRF	0.9999869928715335	66	51	128	10	1	9	127	0	506.8333333333333	0.1	0.0078125	0.014492753623188406	0.01775731667214732
1	BLSTM-CRF	0.9999898700090192	66	51	128	10	1	9	127	0	506.8333333333333	0.1	0.0078125	0.014492753623188406	0.01775731667214732
1	BLSTM-CRF	0.9999921107374138	66	51	128	8	1	7	127	0	506.8333333333333	0.125	0.0078125	0.014705882352941176	0.013811246300559027
1	BLSTM-CRF	0.9999938558253978	66	51	128	7	0	7	128	0	506.8333333333333	0.0	0.0	0.0	0.013811246300559027
1	BLSTM-CRF	0.9999952149055051	66	51	128	6	0	6	128	0	506.8333333333333	0.0	0.0	0.0	0.011838211114764881
1	BLSTM-CRF	0.9999962733607158	66	51	128	6	0	6	128	0	506.8333333333333	0.0	0.0	0.0	0.011838211114764881
1	BLSTM-CRF	0.9999970976880148	66	51	128	5	0	5	128	0	506.8333333333333	0.0	0.0	0.0	0.009865175928970734
1	BLSTM-CRF	0.999997739675702	66	51	128	3	0	3	128	0	506.8333333333333	0.0	0.0	0.0	0.005919105557382441
1	BLSTM-CRF	0.9999982396567868	66	51	128	2	0	2	128	0	506.8333333333333	0.0	0.0	0.0	0.003946070371588293
1	BLSTM-CRF	0.999998629042793	66	51	128	2	0	2	128	0	506.8333333333333	0.0	0.0	0.0	0.003946070371588293
1	BLSTM-CRF	0.9999989322971299	66	51	128	1	0	1	128	0	506.8333333333333	0.0	0.0	0.0	0.0019730351857941467
1	BLSTM-CRF	0.9999991684719722	66	51	128	0	0	0	128	0	506.8333333333333		0.0	0.0	0.0
1	BGRU-CRF	0.01	66	51	128	2643	88	2538	40	17	506.8333333333333	0.03351104341203351	0.6875	0.06390704429920116	5.007563301545544
1	BGRU-CRF	0.060000000000000005	66	51	128	1764	84	1666	44	14	506.8333333333333	0.048	0.65625	0.08945686900958466	3.2870766195330483
1	BGRU-CRF	0.11	66	51	128	1517	83	1420	45	14	506.8333333333333	0.0552228875582169	0.6484375	0.10177805027590435	2.8017099638276886
1	BGRU-CRF	0.16000000000000003	66	51	128	1402	83	1307	45	12	506.8333333333333	0.05971223021582734	0.6484375	0.10935441370223979	2.57875698783295
1	BGRU-CRF	0.21000000000000002	66	51	128	1297	81	1204	47	12	506.8333333333333	0.06303501945525292	0.6328125	0.11464968152866242	2.375534363696153
1	BGRU-CRF	0.26	66	51	128	1231	80	1139	48	12	506.8333333333333	0.06562756357670221	0.625	0.11878247958426132	2.247287076619533
1	BGRU-CRF	0.31000000000000005	66	51	128	1166	80	1074	48	12	506.8333333333333	0.06932409012131716	0.625	0.12480499219968799	2.1190397895429136
1	BGRU-CRF	0.36000000000000004	66	51	128	1101	80	1009	48	12	506.8333333333333	0.07346189164370982	0.625	0.1314708299096138	1.990792502466294
1	BGRU-CRF	0.41000000000000003	66	51	128	1048	78	958	50	12	506.8333333333333	0.07528957528957529	0.609375	0.13402061855670103	1.8901677079907926
1	BGRU-CRF	0.46	66	51	128	1001	77	912	51	12	506.8333333333333	0.07785642062689585	0.6015625	0.1378692927484333	1.799408089444262
1	BGRU-CRF	0.51	66	51	128	953	77	864	51	12	506.8333333333333	0.0818278427205101	0.6015625	0.14405986903648269	1.7047024005261429
1	BGRU-CRF	0.56	66	51	128	913	74	827	54	12	506.8333333333333	0.08213096559378469	0.578125	0.14382896015549076	1.6317000986517594
1	BGRU-CRF	0.6100000000000001	66	51	128	877	73	792	55	12	506.8333333333333	0.08439306358381503	0.5703125	0.1470292044310171	1.5626438671489642
1	BGRU-CRF	0.66	66	51	128	824	73	740	55	11	506.8333333333333	0.0897908979089791	0.5703125	0.155154091392136	1.4600460374876685
1	BGRU-CRF	0.7100000000000001	66	51	128	772	71	690	57	11	506.8333333333333	0.09329829172141918	0.5546875	0.1597300337457818	1.3613942781979613
1	BGRU-CRF	0.76	66	51	128	723	69	644	59	10	506.8333333333333	0.0967741935483871	0.5390625	0.16409036860879905	1.2706346596514304
1	BGRU-CRF	0.81	66	51	128	681	66	606	62	9	506.8333333333333	0.09821428571428571	0.515625	0.165	1.1956593225912528
1	BGRU-CRF	0.8600000000000001	66	51	128	622	65	548	63	9	506.8333333333333	0.10603588907014681	0.5078125	0.17543859649122806	1.0812232818151923
1	BGRU-CRF	0.91	66	51	128	543	62	472	66	9	506.8333333333333	0.11610486891385768	0.484375	0.18731117824773413	0.9312726076948372
1	BGRU-CRF	0.9525741268224334	66	51	128	463	60	394	68	9	506.8333333333333	0.13215859030837004	0.46875	0.20618556701030927	0.7773758632028939
1	BGRU-CRF	0.9626731126558706	66	51	128	439	57	373	71	9	506.8333333333333	0.1325581395348837	0.4453125	0.20430107526881722	0.7359421243012167
1	BGRU-CRF	0.9706877692486436	66	51	128	416	53	354	75	9	506.8333333333333	0.13022113022113022	0.4140625	0.19813084112149532	0.698454455771128
1	BGRU-CRF	0.9770226300899744	66	51	128	380	52	319	76	9	506.8333333333333	0.14016172506738545	0.40625	0.20841683366733466	0.6293982242683328
1	BGRU-CRF	0.9820137900379085	66	51	128	359	50	301	78	8	506.8333333333333	0.14245014245014245	0.390625	0.20876826722338204	0.5938835909240382
1	BGRU-CRF	0.9859363729567544	66	51	128	338	48	282	80	8	506.8333333333333	0.14545454545454545	0.375	0.2096069868995633	0.5563959223939494
1	BGRU-CRF	0.9890130573694068	66	51	128	316	44	264	84	8	506.8333333333333	0.14285714285714285	0.34375	0.2018348623853211	0.5208812890496547
1	BGRU-CRF	0.991422514586288	66	51	128	288	39	242	89	7	506.8333333333333	0.1387900355871886	0.3046875	0.19070904645476772	0.4774745149621835
1	BGRU-CRF	0.9933071490757153	66	51	128	270	38	225	90	7	506.8333333333333	0.1444866920152091	0.296875	0.19437340153452684	0.443932916803683
1	BGRU-CRF	0.9947798743064417	66	51	128	240	36	197	92	7	506.8333333333333	0.15450643776824036	0.28125	0.1994459833795014	0.38868793160144693
1	BGRU-CRF	0.995929862284104	66	51	128	231	36	188	92	7	506.8333333333333	0.16071428571428573	0.28125	0.20454545454545456	0.3709306149292996
1	BGRU-CRF	0.9968273171575148	66	51	128	214	35	172	93	7	506.8333333333333	0.16908212560386474	0.2734375	0.208955223880597	0.33936205195659325
1	BGRU-CRF	0.9975273768433653	66	51	128	198	31	161	97	6	506.8333333333333	0.16145833333333334	0.2421875	0.19375	0.3176586649128576
1	BGRU-CRF	0.9980732653366725	66	51	128	182	28	148	100	6	506.8333333333333	0.1590909090909091	0.21875	0.18421052631578946	0.29200920749753373
1	BGRU-CRF	0.998498817743263	66	51	128	174	28	140	100	6	506.8333333333333	0.16666666666666666	0.21875	0.1891891891891892	0.27622492601118054
1	BGRU-CRF	0.9988304897349445	66	51	128	161	27	129	101	5	506.8333333333333	0.17307692307692307	0.2109375	0.19014084507042253	0.25452153896744495
1	BGRU-CRF	0.9990889488055994	66	51	128	149	26	118	102	5	506.8333333333333	0.18055555555555555	0.203125	0.19117647058823528	0.2328181519237093
1	BGRU-CRF	0.9992903296008995	66	51	128	135	23	107	105	5	506.8333333333333	0.17692307692307693	0.1796875	0.17829457364341086	0.2111147648799737
1	BGRU-CRF	0.9994472213630764	66	51	128	122	22	95	106	5	506.8333333333333	0.18803418803418803	0.171875	0.17959183673469387	0.18743834265044393
1	BGRU-CRF	0.9995694429186754	66	51	128	109	19	85	109	5	506.8333333333333	0.18269230769230768	0.1484375	0.16379310344827586	0.16770799079250248
1	BGRU-CRF	0.9996646498695336	66	51	128	93	18	70	110	5	506.8333333333333	0.20454545454545456	0.140625	0.16666666666666666	0.13811246300559027
1	BGRU-CRF	0.9997388096809043	66	51	128	86	18	63	110	5	506.8333333333333	0.2222222222222222	0.140625	0.1722488038277512	0.12430121670503125
1	BGRU-CRF	0.9997965730219448	66	51	128	79	18	57	110	4	506.8333333333333	0.24	0.140625	0.17733990147783252	0.11246300559026637
1	BGRU-CRF	0.9998415637808975	66	51	128	66	16	47	112	3	506.8333333333333	0.25396825396825395	0.125	0.16753926701570682	0.0927326537323249
1	BGRU-CRF	0.9998766054240137	66	51	128	57	15	39	113	3	506.8333333333333	0.2777777777777778	0.1171875	0.16483516483516483	0.07694837224597172
1	BGRU-CRF	0.9999038975845005	66	51	128	52	13	36	115	3	506.8333333333333	0.2653061224489796	0.1015625	0.14689265536723164	0.07102926668858928
1	BGRU-CRF	0.9999251537724895	66	51	128	49	13	33	115	3	506.8333333333333	0.2826086956521739	0.1015625	0.14942528735632185	0.06511016113120684
1	BGRU-CRF	0.9999417087343389	66	51	128	46	10	33	118	3	506.8333333333333	0.23255813953488372	0.078125	0.11695906432748537	0.06511016113120684
1	BGRU-CRF	0.9999546021312976	66	51	128	33	8	24	120	1	506.8333333333333	0.25	0.0625	0.1	0.047352844459059525
1	BGRU-CRF	0.9999646437492582	66	51	128	30	7	22	121	1	506.8333333333333	0.2413793103448276	0.0546875	0.08917197452229299	0.04340677408747123
1	BGRU-CRF	0.9999724643088853	66	51	128	26	7	18	121	1	506.8333333333333	0.28	0.0546875	0.0915032679738562	0.03551463334429464
1	BGRU-CRF	0.9999785550515792	66	51	128	23	7	15	121	1	506.8333333333333	0.3181818181818182	0.0546875	0.09333333333333334	0.029595527786912202
1	BGRU-CRF	0.999983298578152	66	51	128	22	7	15	121	0	506.8333333333333	0.3181818181818182	0.0546875	0.09333333333333334	0.029595527786912202
1	BGRU-CRF	0.9999869928715335	66	51	128	19	6	13	122	0	506.8333333333333	0.3157894736842105	0.046875	0.08163265306122448	0.025649457415323908
1	BGRU-CRF	0.9999898700090192	66	51	128	15	5	10	123	0	506.8333333333333	0.3333333333333333	0.0390625	0.06993006993006994	0.019730351857941468
1	BGRU-CRF	0.9999921107374138	66	51	128	13	5	8	123	0	506.8333333333333	0.38461538461538464	0.0390625	0.07092198581560284	0.015784281486353174
1	BGRU-CRF	0.9999938558253978	66	51	128	11	5	6	123	0	506.8333333333333	0.45454545454545453	0.0390625	0.07194244604316546	0.011838211114764881
1	BGRU-CRF	0.9999952149055051	66	51	128	10	5	5	123	0	506.8333333333333	0.5	0.0390625	0.07246376811594203	0.009865175928970734
1	BGRU-CRF	0.9999962733607158	66	51	128	10	5	5	123	0	506.8333333333333	0.5	0.0390625	0.07246376811594203	0.009865175928970734
1	BGRU-CRF	0.9999970976880148	66	51	128	9	5	4	123	0	506.8333333333333	0.5555555555555556	0.0390625	0.072992700729927	0.007892140743176587
1	BGRU-CRF	0.999997739675702	66	51	128	7	3	4	125	0	506.8333333333333	0.42857142857142855	0.0234375	0.044444444444444446	0.007892140743176587
1	BGRU-CRF	0.9999982396567868	66	51	128	6	2	4	126	0	506.8333333333333	0.3333333333333333	0.015625	0.029850746268656716	0.007892140743176587
1	BGRU-CRF	0.999998629042793	66	51	128	5	2	3	126	0	506.8333333333333	0.4	0.015625	0.03007518796992481	0.005919105557382441
1	BGRU-CRF	0.9999989322971299	66	51	128	2	1	1	127	0	506.8333333333333	0.5	0.0078125	0.015384615384615385	0.0019730351857941467
1	BGRU-CRF	0.9999991684719722	66	51	128	1	0	1	128	0	506.8333333333333	0.0	0.0	0.0	0.0019730351857941467
1	TCN-CRF	0.01	66	51	128	2471	85	2373	43	13	506.8333333333333	0.03458096013018715	0.6640625	0.065738592420727	4.68201249588951
1	TCN-CRF	0.060000000000000005	66	51	128	1814	82	1720	46	12	506.8333333333333	0.04550499445061043	0.640625	0.0849740932642487	3.3936205195659324
1	TCN-CRF	0.11	66	51	128	1601	81	1508	47	12	506.8333333333333	0.050975456261799876	0.6328125	0.09435061153174142	2.9753370601775733
1	TCN-CRF	0.16000000000000003	66	51	128	1478	79	1387	49	12	506.8333333333333	0.0538881309686221	0.6171875	0.09912170639899624	2.7365998026964817
1	TCN-CRF	0.21000000000000002	66	51	128	1376	78	1287	50	11	506.8333333333333	0.05714285714285714	0.609375	0.10448760884125921	2.539296284117067
1	TCN-CRF	0.26	66	51	128	1303	78	1214	50	11	506.8333333333333	0.06037151702786378	0.609375	0.10985915492957747	2.3952647155540943
1	TCN-CRF	0.31000000000000005	66	51	128	1235	77	1147	51	11	506.8333333333333	0.06290849673202614	0.6015625	0.11390532544378698	2.2630713581058863
1	TCN-CRF	0.36000000000000004	66	51	128	1171	77	1083	51	11	506.8333333333333	0.06637931034482758	0.6015625	0.11956521739130435	2.136797106215061
1	TCN-CRF	0.41000000000000003	66	51	128	1126	76	1039	52	11	506.8333333333333	0.06816143497757847	0.59375	0.12228479485116653	2.0499835580401187
1	TCN-CRF	0.46	66	51	128	1081	75	995	53	11	506.8333333333333	0.07009345794392523	0.5859375	0.12520868113522537	1.963170009865176
1	TCN-CRF	0.51	66	51	128	1038	74	953	54	11	506.8333333333333	0.07205452775073028	0.578125	0.12813852813852813	1.8803025320618219
1	TCN-CRF	0.56	66	51	128	990	73	906	55	11	506.8333333333333	0.0745658835546476	0.5703125	0.13188798554652212	1.7875698783294969
1	TCN-CRF	0.6100000000000001	66	51	128	955	72	872	56	11	506.8333333333333	0.07627118644067797	0.5625	0.13432835820895522	1.720486682012496
1	TCN-CRF	0.66	66	51	128	918	71	836	57	11	506.8333333333333	0.0782800441014333	0.5546875	0.13719806763285025	1.6494574153239068
1	TCN-CRF	0.7100000000000001	66	51	128	879	71	797	57	11	506.8333333333333	0.08179723502304148	0.5546875	0.142570281124498	1.572509043077935
1	TCN-CRF	0.76	66	51	128	835	69	755	59	11	506.8333333333333	0.08373786407766991	0.5390625	0.14495798319327732	1.4896415652745807
1	TCN-CRF	0.81	66	51	128	784	68	705	60	11	506.8333333333333	0.08796895213454076	0.53125	0.1509433962264151	1.3909898059848735
1	TCN-CRF	0.8600000000000001	66	51	128	714	66	637	62	11	506.8333333333333	0.09388335704125178	0.515625	0.1588447653429603	1.2568234133508716
1	TCN-CRF	0.91	66	51	128	642	64	567	64	11	506.8333333333333	0.10142630744849446	0.5	0.1686429512516469	1.1187109503452812
1	TCN-CRF	0.9525741268224334	66	51	128	541	58	472	70	11	506.8333333333333	0.10943396226415095	0.453125	0.1762917933130699	0.9312726076948372
1	TCN-CRF	0.9626731126558706	66	51	128	491	55	426	73	10	506.8333333333333	0.11434511434511435	0.4296875	0.180623973727422	0.8405129891483065
1	TCN-CRF	0.9706877692486436	66	51	128	466	55	401	73	10	506.8333333333333	0.1206140350877193	0.4296875	0.18835616438356165	0.7911871095034528
1	TCN-CRF	0.9770226300899744	66	51	128	428	53	365	75	10	506.8333333333333	0.12679425837320574	0.4140625	0.19413919413919414	0.7201578428148636
1	TCN-CRF	0.9820137900379085	66	51	128	403	52	342	76	9	506.8333333333333	0.1319796954314721	0.40625	0.19923371647509577	0.6747780335415982
1	TCN-CRF	0.9859363729567544	66	51	128	384	49	326	79	9	506.8333333333333	0.13066666666666665	0.3828125	0.19483101391650098	0.6432094705688919
1	TCN-CRF	0.9890130573694068	66	51	128	362	49	304	79	9	506.8333333333333	0.1388101983002833	0.3828125	0.20374220374220375	0.5998026964814206
1	TCN-CRF	0.991422514586288	66	51	128	344	46	290	82	8	506.8333333333333	0.13690476190476192	0.359375	0.19827586206896552	0.5721802038803026
1	TCN-CRF	0.9933071490757153	66	51	128	325	44	273	84	8	506.8333333333333	0.138801261829653	0.34375	0.19775280898876405	0.5386386057218021
1	TCN-CRF	0.9947798743064417	66	51	128	306	41	257	87	8	506.8333333333333	0.13758389261744966	0.3203125	0.19248826291079812	0.5070700427490957
1	TCN-CRF	0.995929862284104	66	51	128	288	40	240	88	8	506.8333333333333	0.14285714285714285	0.3125	0.19607843137254902	0.47352844459059523
1	TCN-CRF	0.9968273171575148	66	51	128	258	40	211	88	7	506.8333333333333	0.1593625498007968	0.3125	0.21108179419525067	0.416310424202565
1	TCN-CRF	0.9975273768433653	66	51	128	241	38	198	90	5	506.8333333333333	0.16101694915254236	0.296875	0.2087912087912088	0.39066096678724105
1	TCN-CRF	0.9980732653366725	66	51	128	221	35	181	93	5	506.8333333333333	0.16203703703703703	0.2734375	0.20348837209302326	0.35711936862874055
1	TCN-CRF	0.998498817743263	66	51	128	208	33	170	95	5	506.8333333333333	0.1625615763546798	0.2578125	0.19939577039274925	0.33541598158500496
1	TCN-CRF	0.9988304897349445	66	51	128	188	33	150	95	5	506.8333333333333	0.18032786885245902	0.2578125	0.21221864951768488	0.295955277869122
1	TCN-CRF	0.9990889488055994	66	51	128	171	31	135	97	5	506.8333333333333	0.18674698795180722	0.2421875	0.2108843537414966	0.2663597500822098
1	TCN-CRF	0.9992903296008995	66	51	128	153	28	121	100	4	506.8333333333333	0.18791946308724833	0.21875	0.20216606498194944	0.23873725748109176
1	TCN-CRF	0.9994472213630764	66	51	128	141	26	111	102	4	506.8333333333333	0.1897810218978102	0.203125	0.19622641509433963	0.21900690562315028
1	TCN-CRF	0.9995694429186754	66	51	128	130	24	102	104	4	506.8333333333333	0.19047619047619047	0.1875	0.1889763779527559	0.20124958895100298
1	TCN-CRF	0.9996646498695336	66	51	128	122	22	96	106	4	506.8333333333333	0.1864406779661017	0.171875	0.17886178861788618	0.1894113778362381
1	TCN-CRF	0.9997388096809043	66	51	128	116	18	95	110	3	506.8333333333333	0.1592920353982301	0.140625	0.14937759336099585	0.18743834265044393
1	TCN-CRF	0.9997965730219448	66	51	128	103	14	86	114	3	506.8333333333333	0.14	0.109375	0.12280701754385964	0.16968102597829662
1	TCN-CRF	0.9998415637808975	66	51	128	96	12	81	116	3	506.8333333333333	0.12903225806451613	0.09375	0.1085972850678733	0.15981585004932589
1	TCN-CRF	0.9998766054240137	66	51	128	89	11	75	117	3	506.8333333333333	0.12790697674418605	0.0859375	0.102803738317757	0.147977638934561
1	TCN-CRF	0.9999038975845005	66	51	128	80	9	68	119	3	506.8333333333333	0.11688311688311688	0.0703125	0.08780487804878048	0.13416639263400199
1	TCN-CRF	0.9999251537724895	66	51	128	73	7	63	121	3	506.8333333333333	0.1	0.0546875	0.0707070707070707	0.12430121670503125
1	TCN-CRF	0.9999417087343389	66	51	128	66	6	57	122	3	506.8333333333333	0.09523809523809523	0.046875	0.06282722513089005	0.11246300559026637
1	TCN-CRF	0.9999546021312976	66	51	128	59	6	50	122	3	506.8333333333333	0.10714285714285714	0.046875	0.06521739130434782	0.09865175928970733
1	TCN-CRF	0.9999646437492582	66	51	128	52	6	43	122	3	506.8333333333333	0.12244897959183673	0.046875	0.06779661016949153	0.08484051298914831
1	TCN-CRF	0.9999724643088853	66	51	128	48	4	41	124	3	506.8333333333333	0.08888888888888889	0.03125	0.046242774566473986	0.08089444261756001
1	TCN-CRF	0.9999785550515792	66	51	128	45	4	38	124	3	506.8333333333333	0.09523809523809523	0.03125	0.047058823529411764	0.07497533706017757
1	TCN-CRF	0.999983298578152	66	51	128	43	3	37	125	3	506.8333333333333	0.075	0.0234375	0.03571428571428571	0.07300230187438343
1	TCN-CRF	0.9999869928715335	66	51	128	43	3	37	125	3	506.8333333333333	0.075	0.0234375	0.03571428571428571	0.07300230187438343
1	TCN-CRF	0.9999898700090192	66	51	128	40	3	35	125	2	506.8333333333333	0.07894736842105263	0.0234375	0.03614457831325301	0.06905623150279513
1	TCN-CRF	0.9999921107374138	66	51	128	36	1	33	127	2	506.8333333333333	0.029411764705882353	0.0078125	0.012345679012345678	0.06511016113120684
1	TCN-CRF	0.9999938558253978	66	51	128	33	0	31	128	2	506.8333333333333	0.0	0.0	0.0	0.061164090759618546
1	TCN-CRF	0.9999952149055051	66	51	128	30	0	29	128	1	506.8333333333333	0.0	0.0	0.0	0.057218020388030255
1	TCN-CRF	0.9999962733607158	66	51	128	30	0	29	128	1	506.8333333333333	0.0	0.0	0.0	0.057218020388030255
1	TCN-CRF	0.9999970976880148	66	51	128	28	0	27	128	1	506.8333333333333	0.0	0.0	0.0	0.053271950016441964
1	TCN-CRF	0.999997739675702	66	51	128	28	0	27	128	1	506.8333333333333	0.0	0.0	0.0	0.053271950016441964
1	TCN-CRF	0.9999982396567868	66	51	128	24	0	23	128	1	506.8333333333333	0.0	0.0	0.0	0.045379809273265376
1	TCN-CRF	0.999998629042793	66	51	128	23	0	22	128	1	506.8333333333333	0.0	0.0	0.0	0.04340677408747123
1	TCN-CRF	0.9999989322971299	66	51	128	23	0	22	128	1	506.8333333333333	0.0	0.0	0.0	0.04340677408747123
1	TCN-CRF	0.9999991684719722	66	51	128	21	0	20	128	1	506.8333333333333	0.0	0.0	0.0	0.039460703715882936
1	BLSTM-2H	0.01	66	51	128	1766	79	1671	49	16	506.8333333333333	0.045142857142857144	0.6171875	0.08413205537806177	3.2969417954620193
1	BLSTM-2H	0.060000000000000005	66	51	128	1270	77	1182	51	11	506.8333333333333	0.06115965051628276	0.6015625	0.1110310021629416	2.3321275896086813
1	BLSTM-2H	0.11	66	51	128	1134	71	1052	57	11	506.8333333333333	0.06322350845948353	0.5546875	0.1135091926458833	2.0756330154554425
1	BLSTM-2H	0.16000000000000003	66	51	128	1038	63	966	65	9	506.8333333333333	0.061224489795918366	0.4921875	0.10890233362143474	1.9059519894771457
1	BLSTM-2H	0.21000000000000002	66	51	128	958	61	888	67	9	506.8333333333333	0.0642781875658588	0.4765625	0.11327762302692665	1.7520552449852023
1	BLSTM-2H	0.26	66	51	128	888	60	819	68	9	506.8333333333333	0.06825938566552901	0.46875	0.11916583912611718	1.6159158171654062
1	BLSTM-2H	0.31000000000000005	66	51	128	828	61	758	67	9	506.8333333333333	0.07448107448107448	0.4765625	0.12882787750791974	1.4955606708319633
1	BLSTM-2H	0.36000000000000004	66	51	128	778	60	709	68	9	506.8333333333333	0.07802340702210664	0.46875	0.13377926421404682	1.39888194672805
1	BLSTM-2H	0.41000000000000003	66	51	128	721	57	655	71	9	506.8333333333333	0.0800561797752809	0.4453125	0.1357142857142857	1.2923380466951662
1	BLSTM-2H	0.46	66	51	128	689	55	625	73	9	506.8333333333333	0.08088235294117647	0.4296875	0.13613861386138615	1.2331469911213417
1	BLSTM-2H	0.51	66	51	128	654	55	591	73	8	506.8333333333333	0.08513931888544891	0.4296875	0.1421188630490956	1.1660637948043406
1	BLSTM-2H	0.56	66	51	128	629	54	567	74	8	506.8333333333333	0.08695652173913043	0.421875	0.14419225634178906	1.1187109503452812
1	BLSTM-2H	0.6100000000000001	66	51	128	593	54	531	74	8	506.8333333333333	0.09230769230769231	0.421875	0.1514726507713885	1.047681683656692
1	BLSTM-2H	0.66	66	51	128	558	50	500	78	8	506.8333333333333	0.09090909090909091	0.390625	0.14749262536873156	0.9865175928970734
1	BLSTM-2H	0.7100000000000001	66	51	128	519	50	461	78	8	506.8333333333333	0.09784735812133072	0.390625	0.1564945226917058	0.9095692206511017
1	BLSTM-2H	0.76	66	51	128	481	50	423	78	8	506.8333333333333	0.10570824524312897	0.390625	0.16638935108153077	0.8345938835909241
1	BLSTM-2H	0.81	66	51	128	442	46	388	82	8	506.8333333333333	0.10599078341013825	0.359375	0.16370106761565836	0.765537652088129
1	BLSTM-2H	0.8600000000000001	66	51	128	394	44	342	84	8	506.8333333333333	0.11398963730569948	0.34375	0.17120622568093385	0.6747780335415982
1	BLSTM-2H	0.91	66	51	128	330	40	283	88	7	506.8333333333333	0.1238390092879257	0.3125	0.17738359201773837	0.5583689575797435
1	BLSTM-2H	0.9525741268224334	66	51	128	260	34	219	94	7	506.8333333333333	0.13438735177865613	0.265625	0.1784776902887139	0.4320947056889181
1	BLSTM-2H	0.9626731126558706	66	51	128	230	32	192	96	6	506.8333333333333	0.14285714285714285	0.25	0.18181818181818182	0.3788227556724762
1	BLSTM-2H	0.9706877692486436	66	51	128	202	32	164	96	6	506.8333333333333	0.16326530612244897	0.25	0.19753086419753085	0.32357777047024006
1	BLSTM-2H	0.9770226300899744	66	51	128	169	31	133	97	5	506.8333333333333	0.18902439024390244	0.2421875	0.21232876712328766	0.2624136797106215
1	BLSTM-2H	0.9820137900379085	66	51	128	143	29	109	99	5	506.8333333333333	0.21014492753623187	0.2265625	0.21804511278195488	0.215060835251562
1	BLSTM-2H	0.9859363729567544	66	51	128	125	27	93	101	5	506.8333333333333	0.225	0.2109375	0.21774193548387097	0.18349227227885564
1	BLSTM-2H	0.9890130573694068	66	51	128	100	23	73	105	4	506.8333333333333	0.23958333333333334	0.1796875	0.20535714285714285	0.14403156856297272
1	BLSTM-2H	0.991422514586288	66	51	128	82	18	61	110	3	506.8333333333333	0.22784810126582278	0.140625	0.17391304347826086	0.12035514633344295
1	BLSTM-2H	0.9933071490757153	66	51	128	69	17	49	111	3	506.8333333333333	0.25757575757575757	0.1328125	0.17525773195876287	0.09667872410391319
1	BLSTM-2H	0.9947798743064417	66	51	128	60	15	42	113	3	506.8333333333333	0.2631578947368421	0.1171875	0.16216216216216217	0.08286747780335417
1	BLSTM-2H	0.995929862284104	66	51	128	50	14	34	114	2	506.8333333333333	0.2916666666666667	0.109375	0.1590909090909091	0.06708319631700099
1	BLSTM-2H	0.9968273171575148	66	51	128	32	8	23	120	1	506.8333333333333	0.25806451612903225	0.0625	0.10062893081761007	0.045379809273265376
1	BLSTM-2H	0.9975273768433653	66	51	128	26	7	18	121	1	506.8333333333333	0.28	0.0546875	0.0915032679738562	0.03551463334429464
1	BLSTM-2H	0.9980732653366725	66	51	128	17	5	11	123	1	506.8333333333333	0.3125	0.0390625	0.06944444444444445	0.021703387043735613
1	BLSTM-2H	0.998498817743263	66	51	128	11	3	7	125	1	506.8333333333333	0.3	0.0234375	0.043478260869565216	0.013811246300559027
1	BLSTM-2H	0.9988304897349445	66	51	128	4	2	1	126	1	506.8333333333333	0.6666666666666666	0.015625	0.030534351145038167	0.0019730351857941467
1	BLSTM-2H	0.9990889488055994	66	51	128	3	2	0	126	1	506.8333333333333	1.0	0.015625	0.03076923076923077	0.0
1	BLSTM-2H	0.9992903296008995	66	51	128	2	1	0	127	1	506.8333333333333	1.0	0.0078125	0.015503875968992248	0.0
1	BLSTM-2H	0.9994472213630764	66	51	128	0	0	0	128	0	506.8333333333333		0.0	0.0	0.0
1	BLSTM-2H	0.9995694429186754	66	51	128	0	0	0	128	0	506.8333333333333		0.0	0.0	0.0
1	BLSTM-2H	0.9996646498695336	66	51	128	0	0	0	128	0	506.8333333333333		0.0	0.0	0.0
1	BLSTM-2H	0.9997388096809043	66	51	128	0	0	0	128	0	506.8333333333333		0.0	0.0	0.0
1	BLSTM-2H	0.9997965730219448	66	51	128	0	0	0	128	0	506.8333333333333		0.0	0.0	0.0
1	BLSTM-2H	0.9998415637808975	66	51	128	0	0	0	128	0	506.8333333333333		0.0	0.0	0.0
1	BLSTM-2H	0.9998766054240137	66	51	128	0	0	0	128	0	506.8333333333333		0.0	0.0	0.0
1	BLSTM-2H	0.9999038975845005	66	51	128	0	0	0	128	0	506.8333333333333		0.0	0.0	0.0
1	BLSTM-2H	0.9999251537724895	66	51	128	0	0	0	128	0	506.8333333333333		0.0	0.0	0.0
1	BLSTM-2H	0.9999417087343389	66	51	128	0	0	0	128	0	506.8333333333333		0.0	0.0	0.0
1	BLSTM-2H	0.9999546021312976	66	51	128	0	0	0	128	0	506.8333333333333		0.0	0.0	0.0
1	BLSTM-2H	0.9999646437492582	66	51	128	0	0	0	128	0	506.8333333333333		0.0	0.0	0.0
1	BLSTM-2H	0.9999724643088853	66	51	128	0	0	0	128	0	506.8333333333333		0.0	0.0	0.0
1	BLSTM-2H	0.9999785550515792	66	51	128	0	0	0	128	0	506.8333333333333		0.0	0.0	0.0
1	BLSTM-2H	0.999983298578152	66	51	128	0	0	0	128	0	506.8333333333333		0.0	0.0	0.0
1	BLSTM-2H	0.9999869928715335	66	51	128	0	0	0	128	0	506.8333333333333		0.0	0.0	0.0
1	BLSTM-2H	0.9999898700090192	66	51	128	0	0	0	128	0	506.8333333333333		0.0	0.0	0.0
1	BLSTM-2H	0.9999921107374138	66	51	128	0	0	0	128	0	506.8333333333333		0.0	0.0	0.0
1	BLSTM-2H	0.9999938558253978	66	51	128	0	0	0	128	0	506.8333333333333		0.0	0.0	0.0
1	BLSTM-2H	0.9999952149055051	66	51	128	0	0	0	128	0	506.8333333333333		0.0	0.0	0.0
1	BLSTM-2H	0.9999962733607158	66	51	128	0	0	0	128	0	506.8333333333333		0.0	0.0	0.0
1	BLSTM-2H	0.9999970976880148	66	51	128	0	0	0	128	0	506.8333333333333		0.0	0.0	0.0
1	BLSTM-2H	0.999997739675702	66	51	128	0	0	0	128	0	506.8333333333333		0.0	0.0	0.0
1	BLSTM-2H	0.9999982396567868	66	51	128	0	0	0	128	0	506.8333333333333		0.0	0.0	0.0
1	BLSTM-2H	0.999998629042793	66	51	128	0	0	0	128	0	506.8333333333333		0.0	0.0	0.0
1	BLSTM-2H	0.9999989322971299	66	51	128	0	0	0	128	0	506.8333333333333		0.0	0.0	0.0
1	BLSTM-2H	0.9999991684719722	66	51	128	0	0	0	128	0	506.8333333333333		0.0	0.0	0.0
2	BLSTM-CRF	0.01	66	51	151	2651	87	2552	64	12	510.2416666666666	0.03296703296703297	0.5761589403973509	0.06236559139784946	5.0015515523689755
2	BLSTM-CRF	0.060000000000000005	66	51	151	1933	86	1836	65	11	510.2416666666666	0.044745057232049947	0.5695364238410596	0.08297153883260974	3.5982949256071475
2	BLSTM-CRF	0.11	66	51	151	1676	85	1580	66	11	510.2416666666666	0.05105105105105105	0.5629139072847682	0.09361233480176212	3.0965718858710747
2	BLSTM-CRF	0.16000000000000003	66	51	151	1532	82	1440	69	10	510.2416666666666	0.05387647831800263	0.543046357615894	0.09802749551703527	2.8221920985154094
2	BLSTM-CRF	0.21000000000000002	66	51	151	1437	81	1346	70	10	510.2416666666666	0.056762438682550806	0.5364238410596026	0.10266159695817491	2.6379656698623206
2	BLSTM-CRF	0.26	66	51	151	1369	81	1279	70	9	510.2416666666666	0.05955882352941176	0.5364238410596026	0.10721376571806751	2.506655343056395
2	BLSTM-CRF	0.31000000000000005	66	51	151	1274	81	1184	70	9	510.2416666666666	0.06403162055335969	0.5364238410596026	0.11440677966101695	2.3204690587793366
2	BLSTM-CRF	0.36000000000000004	66	51	151	1222	81	1133	70	8	510.2416666666666	0.06672158154859967	0.5364238410596026	0.11868131868131868	2.220516421956916
2	BLSTM-CRF	0.41000000000000003	66	51	151	1167	81	1078	70	8	510.2416666666666	0.06988783433994823	0.5364238410596026	0.12366412213740458	2.112724362638619
2	BLSTM-CRF	0.46	66	51	151	1102	81	1013	70	8	510.2416666666666	0.0740402193784278	0.5364238410596026	0.13012048192771083	1.9853337470806318
2	BLSTM-CRF	0.51	66	51	151	1037	81	948	70	8	510.2416666666666	0.07871720116618076	0.5364238410596026	0.13728813559322034	1.8579431315226447
2	BLSTM-CRF	0.56	66	51	151	968	78	882	73	8	510.2416666666666	0.08125	0.5165562913907285	0.1404140414041404	1.7285926603406885
2	BLSTM-CRF	0.6100000000000001	66	51	151	922	78	836	73	8	510.2416666666666	0.08533916849015317	0.5165562913907285	0.14647887323943662	1.638439301638113
2	BLSTM-CRF	0.66	66	51	151	876	78	790	73	8	510.2416666666666	0.08986175115207373	0.5165562913907285	0.15309126594700687	1.5482859429355373
2	BLSTM-CRF	0.7100000000000001	66	51	151	836	77	751	74	8	510.2416666666666	0.0929951690821256	0.5099337748344371	0.15730337078651685	1.471851573600745
2	BLSTM-CRF	0.76	66	51	151	776	76	693	75	7	510.2416666666666	0.0988296488946684	0.5033112582781457	0.16521739130434782	1.358179947410541
2	BLSTM-CRF	0.81	66	51	151	728	74	647	77	7	510.2416666666666	0.10263522884882108	0.4900662251655629	0.16972477064220184	1.2680265887079654
2	BLSTM-CRF	0.8600000000000001	66	51	151	664	69	588	82	7	510.2416666666666	0.1050228310502283	0.45695364238410596	0.1707920792079208	1.1523951068937923
2	BLSTM-CRF	0.91	66	51	151	575	66	502	85	7	510.2416666666666	0.11619718309859155	0.4370860927152318	0.1835883171070932	0.9838475232324553
2	BLSTM-CRF	0.9525741268224334	66	51	151	485	61	416	90	8	510.2416666666666	0.1278825995807128	0.40397350993377484	0.1942675159235669	0.8152999395711183
2	BLSTM-CRF	0.9626731126558706	66	51	151	446	60	379	91	7	510.2416666666666	0.1366742596810934	0.3973509933774834	0.2033898305084746	0.742785281484264
2	BLSTM-CRF	0.9706877692486436	66	51	151	419	57	355	94	7	510.2416666666666	0.1383495145631068	0.37748344370860926	0.2024866785079929	0.6957487465090072
2	BLSTM-CRF	0.9770226300899744	66	51	151	377	53	317	98	7	510.2416666666666	0.14324324324324325	0.3509933774834437	0.2034548944337812	0.621274232798184
2	BLSTM-CRF	0.9820137900379085	66	51	151	352	52	294	99	6	510.2416666666666	0.15028901734104047	0.3443708609271523	0.20925553319919518	0.5761975534468962
2	BLSTM-CRF	0.9859363729567544	66	51	151	320	50	264	101	6	510.2416666666666	0.1592356687898089	0.33112582781456956	0.21505376344086022	0.5174018847278251
2	BLSTM-CRF	0.9890130573694068	66	51	151	303	47	251	104	5	510.2416666666666	0.15771812080536912	0.31125827814569534	0.20935412026726058	0.49192376161622764
2	BLSTM-CRF	0.991422514586288	66	51	151	280	45	230	106	5	510.2416666666666	0.16363636363636364	0.2980132450331126	0.2112676056338028	0.4507667935128779
2	BLSTM-CRF	0.9933071490757153	66	51	151	260	44	211	107	5	510.2416666666666	0.17254901960784313	0.2913907284768212	0.21674876847290642	0.4135295366574663
2	BLSTM-CRF	0.9947798743064417	66	51	151	225	39	181	112	5	510.2416666666666	0.17727272727272728	0.2582781456953642	0.21024258760107817	0.35473386793839523
2	BLSTM-CRF	0.995929862284104	66	51	151	202	37	160	114	5	510.2416666666666	0.18781725888324874	0.24503311258278146	0.21264367816091953	0.3135768998350455
2	BLSTM-CRF	0.9968273171575148	66	51	151	187	35	147	116	5	510.2416666666666	0.19230769230769232	0.23178807947019867	0.21021021021021022	0.2880987767234481
2	BLSTM-CRF	0.9975273768433653	66	51	151	165	31	129	120	5	510.2416666666666	0.19375	0.2052980132450331	0.19935691318327975	0.25282137549200545
2	BLSTM-CRF	0.9980732653366725	66	51	151	142	28	109	123	5	510.2416666666666	0.20437956204379562	0.18543046357615894	0.19444444444444445	0.21362426301262477
2	BLSTM-CRF	0.998498817743263	66	51	151	133	26	102	125	5	510.2416666666666	0.203125	0.17218543046357615	0.1863799283154122	0.1999052736448415
2	BLSTM-CRF	0.9988304897349445	66	51	151	113	23	86	128	4	510.2416666666666	0.21100917431192662	0.152317880794702	0.17692307692307693	0.16854758366133696
2	BLSTM-CRF	0.9990889488055994	66	51	151	96	20	72	131	4	510.2416666666666	0.21739130434782608	0.13245033112582782	0.1646090534979424	0.1411096049257705
2	BLSTM-CRF	0.9992903296008995	66	51	151	85	18	63	133	4	510.2416666666666	0.2222222222222222	0.11920529801324503	0.15517241379310345	0.12347090431004917
2	BLSTM-CRF	0.9994472213630764	66	51	151	69	16	50	135	3	510.2416666666666	0.24242424242424243	0.10596026490066225	0.14746543778801843	0.09799278119845173
2	BLSTM-CRF	0.9995694429186754	66	51	151	58	14	42	137	2	510.2416666666666	0.25	0.09271523178807947	0.13526570048309178	0.08231393620669945
2	BLSTM-CRF	0.9996646498695336	66	51	151	49	13	34	138	2	510.2416666666666	0.2765957446808511	0.08609271523178808	0.13131313131313133	0.06663509121494718
2	BLSTM-CRF	0.9997388096809043	66	51	151	39	12	25	139	2	510.2416666666666	0.32432432432432434	0.07947019867549669	0.1276595744680851	0.048996390599225864
2	BLSTM-CRF	0.9997965730219448	66	51	151	31	9	22	142	0	510.2416666666666	0.2903225806451613	0.059602649006622516	0.0989010989010989	0.04311682372731876
2	BLSTM-CRF	0.9998415637808975	66	51	151	23	5	18	146	0	510.2416666666666	0.21739130434782608	0.033112582781456956	0.05747126436781609	0.03527740123144262
2	BLSTM-CRF	0.9998766054240137	66	51	151	20	5	15	146	0	510.2416666666666	0.25	0.033112582781456956	0.05847953216374269	0.029397834359535517
2	BLSTM-CRF	0.9999038975845005	66	51	151	10	3	7	148	0	510.2416666666666	0.3	0.019867549668874173	0.037267080745341616	0.01371898936778324
2	BLSTM-CRF	0.9999251537724895	66	51	151	5	1	4	150	0	510.2416666666666	0.2	0.006622516556291391	0.01282051282051282	0.007839422495876137
2	BLSTM-CRF	0.9999417087343389	66	51	151	2	0	2	151	0	510.2416666666666	0.0	0.0	0.0	0.003919711247938069
2	BLSTM-CRF	0.9999546021312976	66	51	151	2	0	2	151	0	510.2416666666666	0.0	0.0	0.0	0.003919711247938069
2	BLSTM-CRF	0.9999646437492582	66	51	151	2	0	2	151	0	510.2416666666666	0.0	0.0	0.0	0.003919711247938069
2	BLSTM-CRF	0.9999724643088853	66	51	151	2	0	2	151	0	510.2416666666666	0.0	0.0	0.0	0.003919711247938069
2	BLSTM-CRF	0.9999785550515792	66	51	151	2	0	2	151	0	510.2416666666666	0.0	0.0	0.0	0.003919711247938069
2	BLSTM-CRF	0.999983298578152	66	51	151	1	0	1	151	0	510.2416666666666	0.0	0.0	0.0	0.0019598556239690344
2	BLSTM-CRF	0.9999869928715335	66	51	151	1	0	1	151	0	510.2416666666666	0.0	0.0	0.0	0.0019598556239690344
2	BLSTM-CRF	0.9999898700090192	66	51	151	0	0	0	151	0	510.2416666666666		0.0	0.0	0.0
2	BLSTM-CRF	0.9999921107374138	66	51	151	0	0	0	151	0	510.2416666666666		0.0	0.0	0.0
2	BLSTM-CRF	0.9999938558253978	66	51	151	0	0	0	151	0	510.2416666666666		0.0	0.0	0.0
2	BLSTM-CRF	0.9999952149055051	66	51	151	0	0	0	151	0	510.2416666666666		0.0	0.0	0.0
2	BLSTM-CRF	0.9999962733607158	66	51	151	0	0	0	151	0	510.2416666666666		0.0	0.0	0.0
2	BLSTM-CRF	0.9999970976880148	66	51	151	0	0	0	151	0	510.2416666666666		0.0	0.0	0.0
2	BLSTM-CRF	0.999997739675702	66	51	151	0	0	0	151	0	510.2416666666666		0.0	0.0	0.0
2	BLSTM-CRF	0.9999982396567868	66	51	151	0	0	0	151	0	510.2416666666666		0.0	0.0	0.0
2	BLSTM-CRF	0.999998629042793	66	51	151	0	0	0	151	0	510.2416666666666		0.0	0.0	0.0
2	BLSTM-CRF	0.9999989322971299	66	51	151	0	0	0	151	0	510.2416666666666		0.0	0.0	0.0
2	BLSTM-CRF	0.9999991684719722	66	51	151	0	0	0	151	0	510.2416666666666		0.0	0.0	0.0
2	BGRU-CRF	0.01	66	51	151	3018	95	2908	56	15	510.2416666666666	0.03163503163503163	0.6291390728476821	0.060240963855421686	5.699260154501952
2	BGRU-CRF	0.060000000000000005	66	51	151	2172	93	2064	58	15	510.2416666666666	0.043115438108484005	0.6158940397350994	0.0805892547660312	4.045142007872087
2	BGRU-CRF	0.11	66	51	151	1910	92	1803	59	15	510.2416666666666	0.04854881266490765	0.609271523178808	0.08993157380254155	3.533619690016169
2	BGRU-CRF	0.16000000000000003	66	51	151	1746	89	1642	62	15	510.2416666666666	0.05141536683997689	0.5894039735099338	0.09458023379383634	3.2180829345571547
2	BGRU-CRF	0.21000000000000002	66	51	151	1613	89	1510	62	14	510.2416666666666	0.05565978736710444	0.5894039735099338	0.10171428571428572	2.9593819921932423
2	BGRU-CRF	0.26	66	51	151	1503	88	1403	63	12	510.2416666666666	0.05902079141515761	0.5827814569536424	0.1071863580998782	2.7496774404285556
2	BGRU-CRF	0.31000000000000005	66	51	151	1410	88	1311	63	11	510.2416666666666	0.06290207290922087	0.5827814569536424	0.1135483870967742	2.5693707230234044
2	BGRU-CRF	0.36000000000000004	66	51	151	1340	87	1242	64	11	510.2416666666666	0.0654627539503386	0.5761589403973509	0.11756756756756757	2.434140684969541
2	BGRU-CRF	0.41000000000000003	66	51	151	1278	86	1181	65	11	510.2416666666666	0.06787687450670876	0.5695364238410596	0.12129760225669958	2.3145894919074297
2	BGRU-CRF	0.46	66	51	151	1223	85	1128	66	10	510.2416666666666	0.07007419620774938	0.5629139072847682	0.12463343108504399	2.210717143837071
2	BGRU-CRF	0.51	66	51	151	1162	83	1070	68	9	510.2416666666666	0.07198612315698179	0.5496688741721855	0.1273006134969325	2.0970455176468668
2	BGRU-CRF	0.56	66	51	151	1097	82	1006	69	9	510.2416666666666	0.07536764705882353	0.543046357615894	0.13236481033091202	1.9716147577128487
2	BGRU-CRF	0.6100000000000001	66	51	151	1040	78	953	73	9	510.2416666666666	0.07565470417070805	0.5165562913907285	0.1319796954314721	1.86774240964249
2	BGRU-CRF	0.66	66	51	151	990	78	903	73	9	510.2416666666666	0.07951070336391437	0.5165562913907285	0.13780918727915195	1.7697496284440382
2	BGRU-CRF	0.7100000000000001	66	51	151	927	75	843	76	9	510.2416666666666	0.08169934640522876	0.4966887417218543	0.1403180542563143	1.652158291005896
2	BGRU-CRF	0.76	66	51	151	865	74	783	77	8	510.2416666666666	0.08634772462077013	0.4900662251655629	0.14682539682539683	1.534566953567754
2	BGRU-CRF	0.81	66	51	151	800	68	724	83	8	510.2416666666666	0.08585858585858586	0.4503311258278146	0.14422057264050903	1.418935471753581
2	BGRU-CRF	0.8600000000000001	66	51	151	728	65	655	86	8	510.2416666666666	0.09027777777777778	0.4304635761589404	0.14925373134328357	1.2837054336997176
2	BGRU-CRF	0.91	66	51	151	630	62	560	89	8	510.2416666666666	0.09967845659163987	0.4105960264900662	0.16041397153945666	1.0975191494226593
2	BGRU-CRF	0.9525741268224334	66	51	151	505	56	442	95	7	510.2416666666666	0.11244979919678715	0.3708609271523179	0.17257318952234207	0.8662561857943132
2	BGRU-CRF	0.9626731126558706	66	51	151	475	55	413	96	7	510.2416666666666	0.11752136752136752	0.36423841059602646	0.1777059773828756	0.8094203726992112
2	BGRU-CRF	0.9706877692486436	66	51	151	444	50	387	101	7	510.2416666666666	0.11441647597254005	0.33112582781456956	0.17006802721088435	0.7584641264760164
2	BGRU-CRF	0.9770226300899744	66	51	151	413	50	357	101	6	510.2416666666666	0.12285012285012285	0.33112582781456956	0.17921146953405018	0.6996684577569453
2	BGRU-CRF	0.9820137900379085	66	51	151	376	45	325	106	6	510.2416666666666	0.12162162162162163	0.2980132450331126	0.1727447216890595	0.6369530777899362
2	BGRU-CRF	0.9859363729567544	66	51	151	357	43	308	108	6	510.2416666666666	0.1225071225071225	0.2847682119205298	0.17131474103585656	0.6036355321824626
2	BGRU-CRF	0.9890130573694068	66	51	151	320	41	274	110	5	510.2416666666666	0.13015873015873017	0.271523178807947	0.1759656652360515	0.5370004409675154
2	BGRU-CRF	0.991422514586288	66	51	151	297	39	254	112	4	510.2416666666666	0.13310580204778158	0.2582781456953642	0.17567567567567569	0.49780332848813474
2	BGRU-CRF	0.9933071490757153	66	51	151	267	37	226	114	4	510.2416666666666	0.14068441064638784	0.24503311258278146	0.178743961352657	0.4429273710170018
2	BGRU-CRF	0.9947798743064417	66	51	151	241	32	205	119	4	510.2416666666666	0.1350210970464135	0.2119205298013245	0.16494845360824742	0.40177040291365207
2	BGRU-CRF	0.995929862284104	66	51	151	225	31	190	120	4	510.2416666666666	0.14027149321266968	0.2052980132450331	0.16666666666666666	0.37237256855411655
2	BGRU-CRF	0.9968273171575148	66	51	151	199	28	167	123	4	510.2416666666666	0.14358974358974358	0.18543046357615894	0.16184971098265896	0.32729588920282876
2	BGRU-CRF	0.9975273768433653	66	51	151	181	25	152	126	4	510.2416666666666	0.14124293785310735	0.16556291390728478	0.1524390243902439	0.29789805484329324
2	BGRU-CRF	0.9980732653366725	66	51	151	157	23	130	128	4	510.2416666666666	0.1503267973856209	0.152317880794702	0.1513157894736842	0.2547812311159745
2	BGRU-CRF	0.998498817743263	66	51	151	143	20	119	131	4	510.2416666666666	0.14388489208633093	0.13245033112582782	0.13793103448275862	0.2332228192523151
2	BGRU-CRF	0.9988304897349445	66	51	151	122	19	100	132	3	510.2416666666666	0.15966386554621848	0.12582781456953643	0.14074074074074075	0.19598556239690346
2	BGRU-CRF	0.9990889488055994	66	51	151	105	18	84	133	3	510.2416666666666	0.17647058823529413	0.11920529801324503	0.1422924901185771	0.1646278724133989
2	BGRU-CRF	0.9992903296008995	66	51	151	88	18	67	133	3	510.2416666666666	0.21176470588235294	0.11920529801324503	0.15254237288135594	0.1313103268059253
2	BGRU-CRF	0.9994472213630764	66	51	151	74	16	55	135	3	510.2416666666666	0.22535211267605634	0.10596026490066225	0.14414414414414414	0.1077920593182969
2	BGRU-CRF	0.9995694429186754	66	51	151	63	13	47	138	3	510.2416666666666	0.21666666666666667	0.08609271523178808	0.12322274881516587	0.09211321432654462
2	BGRU-CRF	0.9996646498695336	66	51	151	52	11	39	140	2	510.2416666666666	0.22	0.0728476821192053	0.10945273631840796	0.07643436933479235
2	BGRU-CRF	0.9997388096809043	66	51	151	46	11	34	140	1	510.2416666666666	0.24444444444444444	0.0728476821192053	0.11224489795918367	0.06663509121494718
2	BGRU-CRF	0.9997965730219448	66	51	151	40	10	29	141	1	510.2416666666666	0.2564102564102564	0.06622516556291391	0.10526315789473684	0.056835813095102
2	BGRU-CRF	0.9998415637808975	66	51	151	34	8	25	143	1	510.2416666666666	0.24242424242424243	0.052980132450331126	0.08695652173913043	0.048996390599225864
2	BGRU-CRF	0.9998766054240137	66	51	151	29	8	21	143	0	510.2416666666666	0.27586206896551724	0.052980132450331126	0.08888888888888889	0.04115696810334973
2	BGRU-CRF	0.9999038975845005	66	51	151	23	8	15	143	0	510.2416666666666	0.34782608695652173	0.052980132450331126	0.09195402298850575	0.029397834359535517
2	BGRU-CRF	0.9999251537724895	66	51	151	21	7	14	144	0	510.2416666666666	0.3333333333333333	0.046357615894039736	0.08139534883720931	0.02743797873556648
2	BGRU-CRF	0.9999417087343389	66	51	151	18	6	12	145	0	510.2416666666666	0.3333333333333333	0.039735099337748346	0.07100591715976332	0.023518267487628412
2	BGRU-CRF	0.9999546021312976	66	51	151	15	6	9	145	0	510.2416666666666	0.4	0.039735099337748346	0.07228915662650602	0.01763870061572131
2	BGRU-CRF	0.9999646437492582	66	51	151	12	4	8	147	0	510.2416666666666	0.3333333333333333	0.026490066225165563	0.049079754601226995	0.015678844991752275
2	BGRU-CRF	0.9999724643088853	66	51	151	11	4	7	147	0	510.2416666666666	0.36363636363636365	0.026490066225165563	0.04938271604938271	0.01371898936778324
2	BGRU-CRF	0.9999785550515792	66	51	151	9	3	6	148	0	510.2416666666666	0.3333333333333333	0.019867549668874173	0.0375	0.011759133743814206
2	BGRU-CRF	0.999983298578152	66	51	151	6	2	4	149	0	510.2416666666666	0.3333333333333333	0.013245033112582781	0.025477707006369428	0.007839422495876137
2	BGRU-CRF	0.9999869928715335	66	51	151	4	2	2	149	0	510.2416666666666	0.5	0.013245033112582781	0.025806451612903226	0.003919711247938069
2	BGRU-CRF	0.9999898700090192	66	51	151	4	2	2	149	0	510.2416666666666	0.5	0.013245033112582781	0.025806451612903226	0.003919711247938069
2	BGRU-CRF	0.9999921107374138	66	51	151	4	2	2	149	0	510.2416666666666	0.5	0.013245033112582781	0.025806451612903226	0.003919711247938069
2	BGRU-CRF	0.9999938558253978	66	51	151	2	1	1	150	0	510.2416666666666	0.5	0.006622516556291391	0.013071895424836602	0.0019598556239690344
2	BGRU-CRF	0.9999952149055051	66	51	151	1	1	0	150	0	510.2416666666666	1.0	0.006622516556291391	0.013157894736842105	0.0
2	BGRU-CRF	0.9999962733607158	66	51	151	1	1	0	150	0	510.2416666666666	1.0	0.006622516556291391	0.013157894736842105	0.0
2	BGRU-CRF	0.9999970976880148	66	51	151	1	1	0	150	0	510.2416666666666	1.0	0.006622516556291391	0.013157894736842105	0.0
2	BGRU-CRF	0.999997739675702	66	51	151	0	0	0	151	0	510.2416666666666		0.0	0.0	0.0
2	BGRU-CRF	0.9999982396567868	66	51	151	0	0	0	151	0	510.2416666666666		0.0	0.0	0.0
2	BGRU-CRF	0.999998629042793	66	51	151	0	0	0	151	0	510.2416666666666		0.0	0.0	0.0
2	BGRU-CRF	0.9999989322971299	66	51	151	0	0	0	151	0	510.2416666666666		0.0	0.0	0.0
2	BGRU-CRF	0.9999991684719722	66	51	151	0	0	0	151	0	510.2416666666666		0.0	0.0	0.0
2	TCN-CRF	0.01	66	51	151	2940	95	2832	56	13	510.2416666666666	0.03245644004099761	0.6291390728476821	0.06172839506172839	5.550311127080306
2	TCN-CRF	0.060000000000000005	66	51	151	2154	91	2050	60	13	510.2416666666666	0.0425035030359645	0.6026490066225165	0.07940663176265271	4.017704029136521
2	TCN-CRF	0.11	66	51	151	1911	88	1810	63	13	510.2416666666666	0.04636459430979979	0.5827814569536424	0.08589555880917521	3.5473386793839525
2	TCN-CRF	0.16000000000000003	66	51	151	1760	88	1660	63	12	510.2416666666666	0.05034324942791762	0.5827814569536424	0.09268035808320169	3.253360335788597
2	TCN-CRF	0.21000000000000002	66	51	151	1652	86	1554	65	12	510.2416666666666	0.0524390243902439	0.5695364238410596	0.096035734226689	3.0456156396478797
2	TCN-CRF	0.26	66	51	151	1542	84	1446	67	12	510.2416666666666	0.054901960784313725	0.5562913907284768	0.09994051160023795	2.8339512322592237
2	TCN-CRF	0.31000000000000005	66	51	151	1458	83	1363	68	12	510.2416666666666	0.05739972337482711	0.5496688741721855	0.10394489668127739	2.671283215469794
2	TCN-CRF	0.36000000000000004	66	51	151	1386	83	1291	68	12	510.2416666666666	0.06040756914119359	0.5496688741721855	0.10885245901639344	2.5301736105440233
2	TCN-CRF	0.41000000000000003	66	51	151	1326	81	1233	70	12	510.2416666666666	0.06164383561643835	0.5364238410596026	0.110580204778157	2.4165019843538196
2	TCN-CRF	0.46	66	51	151	1256	80	1164	71	12	510.2416666666666	0.06430868167202572	0.5298013245033113	0.11469534050179211	2.281271946299956
2	TCN-CRF	0.51	66	51	151	1202	80	1110	71	12	510.2416666666666	0.06722689075630252	0.5298013245033113	0.11931394481730052	2.1754397426056284
2	TCN-CRF	0.56	66	51	151	1142	79	1051	72	12	510.2416666666666	0.06991150442477877	0.5231788079470199	0.12334113973458236	2.0598082607914554
2	TCN-CRF	0.6100000000000001	66	51	151	1080	79	989	72	12	510.2416666666666	0.07397003745318352	0.5231788079470199	0.12961443806398687	1.9382972121053752
2	TCN-CRF	0.66	66	51	151	1022	77	933	74	12	510.2416666666666	0.07623762376237624	0.5099337748344371	0.1326442721791559	1.828545297163109
2	TCN-CRF	0.7100000000000001	66	51	151	964	76	876	75	12	510.2416666666666	0.07983193277310924	0.5033112582781457	0.13780598368087035	1.7168335265968742
2	TCN-CRF	0.76	66	51	151	904	74	819	77	11	510.2416666666666	0.08286674132138858	0.4900662251655629	0.1417624521072797	1.6051217560306392
2	TCN-CRF	0.81	66	51	151	836	74	751	77	11	510.2416666666666	0.08969696969696969	0.4900662251655629	0.15163934426229508	1.471851573600745
2	TCN-CRF	0.8600000000000001	66	51	151	768	70	687	81	11	510.2416666666666	0.09247027741083223	0.46357615894039733	0.15418502202643172	1.3464208136667266
2	TCN-CRF	0.91	66	51	151	675	68	596	83	11	510.2416666666666	0.10240963855421686	0.4503311258278146	0.1668711656441718	1.1680739518855445
2	TCN-CRF	0.9525741268224334	66	51	151	562	62	489	89	11	510.2416666666666	0.11252268602540835	0.4105960264900662	0.17663817663817663	0.9583694001208578
2	TCN-CRF	0.9626731126558706	66	51	151	517	58	450	93	9	510.2416666666666	0.1141732283464567	0.3841059602649007	0.17602427921092564	0.8819350307860655
2	TCN-CRF	0.9706877692486436	66	51	151	477	54	414	97	9	510.2416666666666	0.11538461538461539	0.3576158940397351	0.17447495961227788	0.8113802283231802
2	TCN-CRF	0.9770226300899744	66	51	151	440	53	378	98	9	510.2416666666666	0.12296983758700696	0.3509933774834437	0.18213058419243985	0.740825425860295
2	TCN-CRF	0.9820137900379085	66	51	151	405	52	344	99	9	510.2416666666666	0.13131313131313133	0.3443708609271523	0.19012797074954296	0.6741903346453478
2	TCN-CRF	0.9859363729567544	66	51	151	383	51	325	100	7	510.2416666666666	0.1356382978723404	0.33774834437086093	0.1935483870967742	0.6369530777899362
2	TCN-CRF	0.9890130573694068	66	51	151	352	47	298	104	7	510.2416666666666	0.13623188405797101	0.31125827814569534	0.18951612903225806	0.5840369759427723
2	TCN-CRF	0.991422514586288	66	51	151	327	46	274	105	7	510.2416666666666	0.14375	0.304635761589404	0.19532908704883228	0.5370004409675154
2	TCN-CRF	0.9933071490757153	66	51	151	302	44	251	107	7	510.2416666666666	0.14915254237288136	0.2913907284768212	0.19730941704035873	0.49192376161622764
2	TCN-CRF	0.9947798743064417	66	51	151	282	42	233	109	7	510.2416666666666	0.15272727272727274	0.2781456953642384	0.19718309859154928	0.456646360384785
2	TCN-CRF	0.995929862284104	66	51	151	256	41	208	110	7	510.2416666666666	0.1646586345381526	0.271523178807947	0.205	0.4076499697855592
2	TCN-CRF	0.9968273171575148	66	51	151	242	39	196	112	7	510.2416666666666	0.16595744680851063	0.2582781456953642	0.20207253886010362	0.38413170229793075
2	TCN-CRF	0.9975273768433653	66	51	151	220	37	177	114	6	510.2416666666666	0.17289719626168223	0.24503311258278146	0.20273972602739726	0.34689444544251913
2	TCN-CRF	0.9980732653366725	66	51	151	206	35	166	116	5	510.2416666666666	0.17412935323383086	0.23178807947019867	0.19886363636363635	0.3253360335788597
2	TCN-CRF	0.998498817743263	66	51	151	197	34	158	117	5	510.2416666666666	0.17708333333333334	0.2251655629139073	0.19825072886297376	0.30965718858710745
2	TCN-CRF	0.9988304897349445	66	51	151	183	33	145	118	5	510.2416666666666	0.1853932584269663	0.2185430463576159	0.2006079027355623	0.28417906547551
2	TCN-CRF	0.9990889488055994	66	51	151	164	32	127	119	5	510.2416666666666	0.20125786163522014	0.2119205298013245	0.2064516129032258	0.24890166424406737
2	TCN-CRF	0.9992903296008995	66	51	151	146	29	113	122	4	510.2416666666666	0.20422535211267606	0.19205298013245034	0.19795221843003413	0.2214636855085009
2	TCN-CRF	0.9994472213630764	66	51	151	131	29	99	122	3	510.2416666666666	0.2265625	0.19205298013245034	0.2078853046594982	0.1940257067729344
2	TCN-CRF	0.9995694429186754	66	51	151	121	24	94	127	3	510.2416666666666	0.2033898305084746	0.15894039735099338	0.17843866171003717	0.18422642865308925
2	TCN-CRF	0.9996646498695336	66	51	151	107	19	85	132	3	510.2416666666666	0.18269230769230768	0.12582781456953643	0.14901960784313725	0.16658772803736793
2	TCN-CRF	0.9997388096809043	66	51	151	100	18	79	133	3	510.2416666666666	0.18556701030927836	0.11920529801324503	0.14516129032258066	0.15482859429355372
2	TCN-CRF	0.9997965730219448	66	51	151	92	16	73	135	3	510.2416666666666	0.1797752808988764	0.10596026490066225	0.13333333333333333	0.1430694605497395
2	TCN-CRF	0.9998415637808975	66	51	151	81	14	65	137	2	510.2416666666666	0.17721518987341772	0.09271523178807947	0.12173913043478261	0.12739061555798725
2	TCN-CRF	0.9998766054240137	66	51	151	76	12	62	139	2	510.2416666666666	0.16216216216216217	0.07947019867549669	0.10666666666666667	0.12151104868608013
2	TCN-CRF	0.9999038975845005	66	51	151	66	11	53	140	2	510.2416666666666	0.171875	0.0728476821192053	0.10232558139534884	0.10387234807035883
2	TCN-CRF	0.9999251537724895	66	51	151	58	11	45	140	2	510.2416666666666	0.19642857142857142	0.0728476821192053	0.10628019323671498	0.08819350307860654
2	TCN-CRF	0.9999417087343389	66	51	151	53	10	41	141	2	510.2416666666666	0.19607843137254902	0.06622516556291391	0.09900990099009901	0.08035408058273041
2	TCN-CRF	0.9999546021312976	66	51	151	49	9	38	142	2	510.2416666666666	0.19148936170212766	0.059602649006622516	0.09090909090909091	0.07447451371082331
2	TCN-CRF	0.9999646437492582	66	51	151	47	9	36	142	2	510.2416666666666	0.2	0.059602649006622516	0.09183673469387756	0.07055480246288524
2	TCN-CRF	0.9999724643088853	66	51	151	39	7	32	144	0	510.2416666666666	0.1794871794871795	0.046357615894039736	0.07368421052631578	0.0627153799670091
2	TCN-CRF	0.9999785550515792	66	51	151	36	6	30	145	0	510.2416666666666	0.16666666666666666	0.039735099337748346	0.06417112299465241	0.058795668719071034
2	TCN-CRF	0.999983298578152	66	51	151	33	5	28	146	0	510.2416666666666	0.15151515151515152	0.033112582781456956	0.05434782608695652	0.05487595747113296
2	TCN-CRF	0.9999869928715335	66	51	151	30	4	26	147	0	510.2416666666666	0.13333333333333333	0.026490066225165563	0.04419889502762431	0.0509562462231949
2	TCN-CRF	0.9999898700090192	66	51	151	29	3	26	148	0	510.2416666666666	0.10344827586206896	0.019867549668874173	0.03333333333333333	0.0509562462231949
2	TCN-CRF	0.9999921107374138	66	51	151	27	3	24	148	0	510.2416666666666	0.1111111111111111	0.019867549668874173	0.033707865168539325	0.047036534975256825
2	TCN-CRF	0.9999938558253978	66	51	151	26	3	23	148	0	510.2416666666666	0.11538461538461539	0.019867549668874173	0.03389830508474576	0.04507667935128779
2	TCN-CRF	0.9999952149055051	66	51	151	23	2	21	149	0	510.2416666666666	0.08695652173913043	0.013245033112582781	0.022988505747126436	0.04115696810334973
2	TCN-CRF	0.9999962733607158	66	51	151	22	2	20	149	0	510.2416666666666	0.09090909090909091	0.013245033112582781	0.023121387283236993	0.03919711247938069
2	TCN-CRF	0.9999970976880148	66	51	151	22	2	20	149	0	510.2416666666666	0.09090909090909091	0.013245033112582781	0.023121387283236993	0.03919711247938069
2	TCN-CRF	0.999997739675702	66	51	151	19	2	17	149	0	510.2416666666666	0.10526315789473684	0.013245033112582781	0.023529411764705882	0.03331754560747359
2	TCN-CRF	0.9999982396567868	66	51	151	19	2	17	149	0	510.2416666666666	0.10526315789473684	0.013245033112582781	0.023529411764705882	0.03331754560747359
2	TCN-CRF	0.999998629042793	66	51	151	19	2	17	149	0	510.2416666666666	0.10526315789473684	0.013245033112582781	0.023529411764705882	0.03331754560747359
2	TCN-CRF	0.9999989322971299	66	51	151	18	1	17	150	0	510.2416666666666	0.05555555555555555	0.006622516556291391	0.011834319526627219	0.03331754560747359
2	TCN-CRF	0.9999991684719722	66	51	151	17	1	16	150	0	510.2416666666666	0.058823529411764705	0.006622516556291391	0.011904761904761904	0.03135768998350455
2	BLSTM-2H	0.01	66	51	151	1835	82	1741	69	12	510.2416666666666	0.044980800877674164	0.543046357615894	0.08308004052684904	3.412108641330089
2	BLSTM-2H	0.060000000000000005	66	51	151	1390	77	1302	74	11	510.2416666666666	0.05583756345177665	0.5099337748344371	0.10065359477124183	2.5517320224076827
2	BLSTM-2H	0.11	66	51	151	1217	78	1129	73	10	510.2416666666666	0.06462303231151616	0.5165562913907285	0.11487481590574374	2.21267699946104
2	BLSTM-2H	0.16000000000000003	66	51	151	1107	77	1019	74	11	510.2416666666666	0.07025547445255474	0.5099337748344371	0.12349639133921411	1.9970928808244461
2	BLSTM-2H	0.21000000000000002	66	51	151	1039	75	952	76	12	510.2416666666666	0.0730282375851996	0.4966887417218543	0.1273344651952462	1.865782554018521
2	BLSTM-2H	0.26	66	51	151	973	73	888	78	12	510.2416666666666	0.07596253902185224	0.48344370860927155	0.13129496402877697	1.7403517940845026
2	BLSTM-2H	0.31000000000000005	66	51	151	933	71	851	80	11	510.2416666666666	0.0770065075921909	0.47019867549668876	0.13233923578751164	1.6678371359976483
2	BLSTM-2H	0.36000000000000004	66	51	151	872	69	792	82	11	510.2416666666666	0.08013937282229965	0.45695364238410596	0.13636363636363635	1.5522056541834752
2	BLSTM-2H	0.41000000000000003	66	51	151	825	68	746	83	11	510.2416666666666	0.08353808353808354	0.4503311258278146	0.14093264248704662	1.4620522954808997
2	BLSTM-2H	0.46	66	51	151	783	67	706	84	10	510.2416666666666	0.08667529107373868	0.44370860927152317	0.14502164502164502	1.3836580705221384
2	BLSTM-2H	0.51	66	51	151	736	67	659	84	10	510.2416666666666	0.09228650137741047	0.44370860927152317	0.15279361459521096	1.2915448561955938
2	BLSTM-2H	0.56	66	51	151	697	66	621	85	10	510.2416666666666	0.09606986899563319	0.4370860927152318	0.1575178997613365	1.2170703424847704
2	BLSTM-2H	0.6100000000000001	66	51	151	663	66	588	85	9	510.2416666666666	0.10091743119266056	0.4370860927152318	0.1639751552795031	1.1523951068937923
2	BLSTM-2H	0.66	66	51	151	622	65	548	86	9	510.2416666666666	0.10603588907014681	0.4304635761589404	0.17015706806282724	1.0740008819350308
2	BLSTM-2H	0.7100000000000001	66	51	151	575	65	503	86	7	510.2416666666666	0.11443661971830986	0.4304635761589404	0.1808066759388039	0.9858073788564243
2	BLSTM-2H	0.76	66	51	151	536	63	466	88	7	510.2416666666666	0.11909262759924386	0.41721854304635764	0.18529411764705883	0.91329272076957
2	BLSTM-2H	0.81	66	51	151	491	61	424	90	6	510.2416666666666	0.12577319587628866	0.40397350993377484	0.1918238993710692	0.8309787845628707
2	BLSTM-2H	0.8600000000000001	66	51	151	424	56	362	95	6	510.2416666666666	0.1339712918660287	0.3708609271523179	0.1968365553602812	0.7094677358767905
2	BLSTM-2H	0.91	66	51	151	346	50	290	101	6	510.2416666666666	0.14705882352941177	0.33112582781456956	0.20366598778004075	0.56835813095102
2	BLSTM-2H	0.9525741268224334	66	51	151	260	43	213	108	4	510.2416666666666	0.16796875	0.2847682119205298	0.2113022113022113	0.41744924790540433
2	BLSTM-2H	0.9626731126558706	66	51	151	221	39	178	112	4	510.2416666666666	0.17972350230414746	0.2582781456953642	0.21195652173913043	0.3488543010664881
2	BLSTM-2H	0.9706877692486436	66	51	151	183	34	145	117	4	510.2416666666666	0.18994413407821228	0.2251655629139073	0.20606060606060606	0.28417906547551
2	BLSTM-2H	0.9770226300899744	66	51	151	159	28	127	123	4	510.2416666666666	0.18064516129032257	0.18543046357615894	0.1830065359477124	0.24890166424406737
2	BLSTM-2H	0.9820137900379085	66	51	151	142	27	111	124	4	510.2416666666666	0.1956521739130435	0.17880794701986755	0.18685121107266436	0.21754397426056282
2	BLSTM-2H	0.9859363729567544	66	51	151	118	22	92	129	4	510.2416666666666	0.19298245614035087	0.1456953642384106	0.1660377358490566	0.18030671740515117
2	BLSTM-2H	0.9890130573694068	66	51	151	101	21	76	130	4	510.2416666666666	0.21649484536082475	0.1390728476821192	0.1693548387096774	0.14894902742164662
2	BLSTM-2H	0.991422514586288	66	51	151	86	16	67	135	3	510.2416666666666	0.1927710843373494	0.10596026490066225	0.13675213675213677	0.1313103268059253
2	BLSTM-2H	0.9933071490757153	66	51	151	67	14	50	137	3	510.2416666666666	0.21875	0.09271523178807947	0.13023255813953488	0.09799278119845173
2	BLSTM-2H	0.9947798743064417	66	51	151	54	12	41	139	1	510.2416666666666	0.22641509433962265	0.07947019867549669	0.11764705882352941	0.08035408058273041
2	BLSTM-2H	0.995929862284104	66	51	151	34	8	26	143	0	510.2416666666666	0.23529411764705882	0.052980132450331126	0.08648648648648649	0.0509562462231949
2	BLSTM-2H	0.9968273171575148	66	51	151	26	6	20	145	0	510.2416666666666	0.23076923076923078	0.039735099337748346	0.06779661016949153	0.03919711247938069
2	BLSTM-2H	0.9975273768433653	66	51	151	21	5	16	146	0	510.2416666666666	0.23809523809523808	0.033112582781456956	0.05813953488372093	0.03135768998350455
2	BLSTM-2H	0.9980732653366725	66	51	151	10	2	8	149	0	510.2416666666666	0.2	0.013245033112582781	0.024844720496894408	0.015678844991752275
2	BLSTM-2H	0.998498817743263	66	51	151	9	2	7	149	0	510.2416666666666	0.2222222222222222	0.013245033112582781	0.025	0.01371898936778324
2	BLSTM-2H	0.9988304897349445	66	51	151	6	1	5	150	0	510.2416666666666	0.16666666666666666	0.006622516556291391	0.012738853503184714	0.009799278119845172
2	BLSTM-2H	0.9990889488055994	66	51	151	2	0	2	151	0	510.2416666666666	0.0	0.0	0.0	0.003919711247938069
2	BLSTM-2H	0.9992903296008995	66	51	151	1	0	1	151	0	510.2416666666666	0.0	0.0	0.0	0.0019598556239690344
2	BLSTM-2H	0.9994472213630764	66	51	151	0	0	0	151	0	510.2416666666666		0.0	0.0	0.0
2	BLSTM-2H	0.9995694429186754	66	51	151	0	0	0	151	0	510.2416666666666		0.0	0.0	0.0
2	BLSTM-2H	0.9996646498695336	66	51	151	0	0	0	151	0	510.2416666666666		0.0	0.0	0.0
2	BLSTM-2H	0.9997388096809043	66	51	151	0	0	0	151	0	510.2416666666666		0.0	0.0	0.0
2	BLSTM-2H	0.9997965730219448	66	51	151	0	0	0	151	0	510.2416666666666		0.0	0.0	0.0
2	BLSTM-2H	0.9998415637808975	66	51	151	0	0	0	151	0	510.2416666666666		0.0	0.0	0.0
2	BLSTM-2H	0.9998766054240137	66	51	151	0	0	0	151	0	510.2416666666666		0.0	0.0	0.0
2	BLSTM-2H	0.9999038975845005	66	51	151	0	0	0	151	0	510.2416666666666		0.0	0.0	0.0
2	BLSTM-2H	0.9999251537724895	66	51	151	0	0	0	151	0	510.2416666666666		0.0	0.0	0.0
2	BLSTM-2H	0.9999417087343389	66	51	151	0	0	0	151	0	510.2416666666666		0.0	0.0	0.0
2	BLSTM-2H	0.9999546021312976	66	51	151	0	0	0	151	0	510.2416666666666		0.0	0.0	0.0
2	BLSTM-2H	0.9999646437492582	66	51	151	0	0	0	151	0	510.2416666666666		0.0	0.0	0.0
2	BLSTM-2H	0.9999724643088853	66	51	151	0	0	0	151	0	510.2416666666666		0.0	0.0	0.0
2	BLSTM-2H	0.9999785550515792	66	51	151	0	0	0	151	0	510.2416666666666		0.0	0.0	0.0
2	BLSTM-2H	0.999983298578152	66	51	151	0	0	0	151	0	510.2416666666666		0.0	0.0	0.0
2	BLSTM-2H	0.9999869928715335	66	51	151	0	0	0	151	0	510.2416666666666		0.0	0.0	0.0
2	BLSTM-2H	0.9999898700090192	66	51	151	0	0	0	151	0	510.2416666666666		0.0	0.0	0.0
2	BLSTM-2H	0.9999921107374138	66	51	151	0	0	0	151	0	510.2416666666666		0.0	0.0	0.0
2	BLSTM-2H	0.9999938558253978	66	51	151	0	0	0	151	0	510.2416666666666		0.0	0.0	0.0
2	BLSTM-2H	0.9999952149055051	66	51	151	0	0	0	151	0	510.2416666666666		0.0	0.0	0.0
2	BLSTM-2H	0.9999962733607158	66	51	151	0	0	0	151	0	510.2416666666666		0.0	0.0	0.0
2	BLSTM-2H	0.9999970976880148	66	51	151	0	0	0	151	0	510.2416666666666		0.0	0.0	0.0
2	BLSTM-2H	0.999997739675702	66	51	151	0	0	0	151	0	510.2416666666666		0.0	0.0	0.0
2	BLSTM-2H	0.9999982396567868	66	51	151	0	0	0	151	0	510.2416666666666		0.0	0.0	0.0
2	BLSTM-2H	0.999998629042793	66	51	151	0	0	0	151	0	510.2416666666666		0.0	0.0	0.0
2	BLSTM-2H	0.9999989322971299	66	51	151	0	0	0	151	0	510.2416666666666		0.0	0.0	0.0
2	BLSTM-2H	0.9999991684719722	66	51	151	0	0	0	151	0	510.2416666666666		0.0	0.0	0.0
3	BLSTM-CRF	0.01	66	51	147	2523	75	2433	72	15	503.6166666666667	0.029904306220095694	0.5102040816326531	0.05649717514124294	4.831055366184598
3	BLSTM-CRF	0.060000000000000005	66	51	147	1880	72	1795	75	13	503.6166666666667	0.0385645420460632	0.4897959183673469	0.07149950347567031	3.5642188172220934
3	BLSTM-CRF	0.11	66	51	147	1684	71	1601	76	12	503.6166666666667	0.042464114832535885	0.48299319727891155	0.07806487080813634	3.179005195750736
3	BLSTM-CRF	0.16000000000000003	66	51	147	1576	68	1496	79	12	503.6166666666667	0.043478260869565216	0.46258503401360546	0.07948568088836938	2.9705132872224245
3	BLSTM-CRF	0.21000000000000002	66	51	147	1504	67	1426	80	11	503.6166666666667	0.044876088412592094	0.4557823129251701	0.08170731707317073	2.8315186815368834
3	BLSTM-CRF	0.26	66	51	147	1421	66	1344	81	11	503.6166666666667	0.04680851063829787	0.4489795918367347	0.08477842003853564	2.668696429162392
3	BLSTM-CRF	0.31000000000000005	66	51	147	1364	67	1286	80	11	503.6166666666667	0.04951958610495196	0.4557823129251701	0.08933333333333333	2.5535294701658007
3	BLSTM-CRF	0.36000000000000004	66	51	147	1307	62	1234	85	11	503.6166666666667	0.047839506172839504	0.4217687074829932	0.08593208593208593	2.4502763345136844
3	BLSTM-CRF	0.41000000000000003	66	51	147	1263	61	1191	86	11	503.6166666666667	0.048722044728434506	0.41496598639455784	0.08720514653323802	2.3648939338782804
3	BLSTM-CRF	0.46	66	51	147	1208	60	1137	87	11	503.6166666666667	0.05012531328320802	0.40816326530612246	0.08928571428571429	2.257669523778006
3	BLSTM-CRF	0.51	66	51	147	1154	60	1083	87	11	503.6166666666667	0.05249343832020997	0.40816326530612246	0.09302325581395349	2.150445113677731
3	BLSTM-CRF	0.56	66	51	147	1115	59	1046	88	10	503.6166666666667	0.05339366515837104	0.4013605442176871	0.09424920127795527	2.0769765363868022
3	BLSTM-CRF	0.6100000000000001	66	51	147	1059	57	992	90	10	503.6166666666667	0.05433746425166826	0.3877551020408163	0.09531772575250837	1.9697521262865274
3	BLSTM-CRF	0.66	66	51	147	1005	57	938	90	10	503.6166666666667	0.05728643216080402	0.3877551020408163	0.09982486865148861	1.8625277161862528
3	BLSTM-CRF	0.7100000000000001	66	51	147	947	56	881	91	10	503.6166666666667	0.05976520811099253	0.38095238095238093	0.1033210332103321	1.7493463944137406
3	BLSTM-CRF	0.76	66	51	147	896	55	831	92	10	503.6166666666667	0.062076749435665914	0.3741496598639456	0.10648596321393998	1.6500645332097825
3	BLSTM-CRF	0.81	66	51	147	837	55	772	92	10	503.6166666666667	0.06650544135429262	0.3741496598639456	0.11293634496919917	1.532911936989112
3	BLSTM-CRF	0.8600000000000001	66	51	147	766	51	705	96	10	503.6166666666667	0.06746031746031746	0.3469387755102041	0.11295681063122924	1.3998742429758082
3	BLSTM-CRF	0.91	66	51	147	675	50	616	97	9	503.6166666666667	0.07507507507507508	0.3401360544217687	0.12300123001230012	1.223152530032763
3	BLSTM-CRF	0.9525741268224334	66	51	147	571	47	515	100	9	503.6166666666667	0.08362989323843416	0.3197278911564626	0.1325811001410437	1.0226031704007679
3	BLSTM-CRF	0.9626731126558706	66	51	147	541	45	488	102	8	503.6166666666667	0.08442776735459662	0.30612244897959184	0.1323529411764706	0.9689909653506305
3	BLSTM-CRF	0.9706877692486436	66	51	147	499	44	448	103	7	503.6166666666667	0.08943089430894309	0.29931972789115646	0.13771517996870108	0.889565476387464
3	BLSTM-CRF	0.9770226300899744	66	51	147	458	41	410	106	7	503.6166666666667	0.09090909090909091	0.2789115646258503	0.13712374581939799	0.8141112618724559
3	BLSTM-CRF	0.9820137900379085	66	51	147	421	41	373	106	7	503.6166666666667	0.09903381642512077	0.2789115646258503	0.14616755793226383	0.7406426845815269
3	BLSTM-CRF	0.9859363729567544	66	51	147	389	40	342	107	7	503.6166666666667	0.10471204188481675	0.272108843537415	0.15122873345935728	0.679087930635073
3	BLSTM-CRF	0.9890130573694068	66	51	147	362	39	316	108	7	503.6166666666667	0.10985915492957747	0.2653061224489796	0.1553784860557769	0.6274613628090148
3	BLSTM-CRF	0.991422514586288	66	51	147	339	38	294	109	7	503.6166666666667	0.1144578313253012	0.2585034013605442	0.15866388308977036	0.5837773438792733
3	BLSTM-CRF	0.9933071490757153	66	51	147	308	36	265	111	7	503.6166666666667	0.11960132890365449	0.24489795918367346	0.16071428571428573	0.5261938643809776
3	BLSTM-CRF	0.9947798743064417	66	51	147	277	35	235	112	7	503.6166666666667	0.12962962962962962	0.23809523809523808	0.16786570743405277	0.4666247476586028
3	BLSTM-CRF	0.995929862284104	66	51	147	249	34	208	113	7	503.6166666666667	0.14049586776859505	0.23129251700680273	0.17480719794344474	0.4130125426084654
3	BLSTM-CRF	0.9968273171575148	66	51	147	223	30	186	117	7	503.6166666666667	0.1388888888888889	0.20408163265306123	0.1652892561983471	0.3693285236787239
3	BLSTM-CRF	0.9975273768433653	66	51	147	208	29	172	118	7	503.6166666666667	0.14427860696517414	0.19727891156462585	0.16666666666666666	0.34152960254161563
3	BLSTM-CRF	0.9980732653366725	66	51	147	188	26	157	121	5	503.6166666666667	0.14207650273224043	0.17687074829931973	0.15757575757575756	0.31174504418042825
3	BLSTM-CRF	0.998498817743263	66	51	147	164	23	136	124	5	503.6166666666667	0.14465408805031446	0.1564625850340136	0.1503267973856209	0.27004666247476583
3	BLSTM-CRF	0.9988304897349445	66	51	147	150	19	127	128	4	503.6166666666667	0.13013698630136986	0.1292517006802721	0.1296928327645051	0.2521759274580534
3	BLSTM-CRF	0.9990889488055994	66	51	147	135	16	115	131	4	503.6166666666667	0.12213740458015267	0.10884353741496598	0.11510791366906475	0.2283482807691035
3	BLSTM-CRF	0.9992903296008995	66	51	147	116	13	100	134	3	503.6166666666667	0.11504424778761062	0.08843537414965986	0.1	0.19856372240791606
3	BLSTM-CRF	0.9994472213630764	66	51	147	105	13	89	134	3	503.6166666666667	0.12745098039215685	0.08843537414965986	0.10441767068273092	0.1767217129430453
3	BLSTM-CRF	0.9995694429186754	66	51	147	94	11	80	136	3	503.6166666666667	0.12087912087912088	0.07482993197278912	0.09243697478991597	0.15885097792633285
3	BLSTM-CRF	0.9996646498695336	66	51	147	85	11	71	136	3	503.6166666666667	0.13414634146341464	0.07482993197278912	0.09606986899563319	0.1409802429096204
3	BLSTM-CRF	0.9997388096809043	66	51	147	76	11	63	136	2	503.6166666666667	0.14864864864864866	0.07482993197278912	0.09954751131221719	0.12509514511698713
3	BLSTM-CRF	0.9997965730219448	66	51	147	65	10	54	137	1	503.6166666666667	0.15625	0.06802721088435375	0.0947867298578199	0.10722441010027468
3	BLSTM-CRF	0.9998415637808975	66	51	147	58	8	49	139	1	503.6166666666667	0.14035087719298245	0.05442176870748299	0.0784313725490196	0.09729622397987887
3	BLSTM-CRF	0.9998766054240137	66	51	147	46	7	38	140	1	503.6166666666667	0.15555555555555556	0.047619047619047616	0.07291666666666667	0.07545421451500811
3	BLSTM-CRF	0.9999038975845005	66	51	147	40	7	32	140	1	503.6166666666667	0.1794871794871795	0.047619047619047616	0.07526881720430108	0.06354039117053314
3	BLSTM-CRF	0.9999251537724895	66	51	147	37	7	29	140	1	503.6166666666667	0.19444444444444445	0.047619047619047616	0.07650273224043716	0.05758347949829566
3	BLSTM-CRF	0.9999417087343389	66	51	147	30	7	22	140	1	503.6166666666667	0.2413793103448276	0.047619047619047616	0.07954545454545454	0.04368401892974154
3	BLSTM-CRF	0.9999546021312976	66	51	147	27	7	20	140	0	503.6166666666667	0.25925925925925924	0.047619047619047616	0.08045977011494253	0.03971274448158321
3	BLSTM-CRF	0.9999646437492582	66	51	147	23	7	16	140	0	503.6166666666667	0.30434782608695654	0.047619047619047616	0.08235294117647059	0.03177019558526657
3	BLSTM-CRF	0.9999724643088853	66	51	147	19	5	14	142	0	503.6166666666667	0.2631578947368421	0.034013605442176874	0.060240963855421686	0.02779892113710825
3	BLSTM-CRF	0.9999785550515792	66	51	147	14	4	10	143	0	503.6166666666667	0.2857142857142857	0.027210884353741496	0.049689440993788817	0.019856372240791606
3	BLSTM-CRF	0.999983298578152	66	51	147	11	4	7	143	0	503.6166666666667	0.36363636363636365	0.027210884353741496	0.05063291139240506	0.013899460568554125
3	BLSTM-CRF	0.9999869928715335	66	51	147	7	4	3	143	0	503.6166666666667	0.5714285714285714	0.027210884353741496	0.05194805194805195	0.005956911672237482
3	BLSTM-CRF	0.9999898700090192	66	51	147	3	1	2	146	0	503.6166666666667	0.3333333333333333	0.006802721088435374	0.013333333333333334	0.0039712744481583215
3	BLSTM-CRF	0.9999921107374138	66	51	147	2	1	1	146	0	503.6166666666667	0.5	0.006802721088435374	0.013422818791946308	0.0019856372240791608
3	BLSTM-CRF	0.9999938558253978	66	51	147	2	1	1	146	0	503.6166666666667	0.5	0.006802721088435374	0.013422818791946308	0.0019856372240791608
3	BLSTM-CRF	0.9999952149055051	66	51	147	2	1	1	146	0	503.6166666666667	0.5	0.006802721088435374	0.013422818791946308	0.0019856372240791608
3	BLSTM-CRF	0.9999962733607158	66	51	147	2	1	1	146	0	503.6166666666667	0.5	0.006802721088435374	0.013422818791946308	0.0019856372240791608
3	BLSTM-CRF	0.9999970976880148	66	51	147	1	1	0	146	0	503.6166666666667	1.0	0.006802721088435374	0.013513513513513514	0.0
3	BLSTM-CRF	0.999997739675702	66	51	147	0	0	0	147	0	503.6166666666667		0.0	0.0	0.0
3	BLSTM-CRF	0.9999982396567868	66	51	147	0	0	0	147	0	503.6166666666667		0.0	0.0	0.0
3	BLSTM-CRF	0.999998629042793	66	51	147	0	0	0	147	0	503.6166666666667		0.0	0.0	0.0
3	BLSTM-CRF	0.9999989322971299	66	51	147	0	0	0	147	0	503.6166666666667		0.0	0.0	0.0
3	BLSTM-CRF	0.9999991684719722	66	51	147	0	0	0	147	0	503.6166666666667		0.0	0.0	0.0
3	BGRU-CRF	0.01	66	51	147	2800	92	2696	55	12	503.6166666666667	0.03299856527977044	0.6258503401360545	0.06269165247018739	5.3532779561174175
3	BGRU-CRF	0.060000000000000005	66	51	147	1930	86	1832	61	12	503.6166666666667	0.04483837330552659	0.5850340136054422	0.08329297820823245	3.6376873945130224
3	BGRU-CRF	0.11	66	51	147	1648	84	1553	63	11	503.6166666666667	0.05131337813072694	0.5714285714285714	0.09417040358744394	3.0836946089949366
3	BGRU-CRF	0.16000000000000003	66	51	147	1488	83	1394	64	11	503.6166666666667	0.056194989844278946	0.564625850340136	0.1022167487684729	2.76797829036635
3	BGRU-CRF	0.21000000000000002	66	51	147	1369	81	1277	66	11	503.6166666666667	0.05964653902798233	0.5510204081632653	0.10764119601328903	2.535658735149088
3	BGRU-CRF	0.26	66	51	147	1287	78	1198	69	11	503.6166666666667	0.061128526645768025	0.5306122448979592	0.10962754743499649	2.3787933944468347
3	BGRU-CRF	0.31000000000000005	66	51	147	1202	76	1116	71	10	503.6166666666667	0.06375838926174497	0.5170068027210885	0.1135175504107543	2.2159711420723434
3	BGRU-CRF	0.36000000000000004	66	51	147	1150	74	1066	73	10	503.6166666666667	0.06491228070175438	0.5034013605442177	0.11499611499611499	2.1166892808683855
3	BGRU-CRF	0.41000000000000003	66	51	147	1095	72	1013	75	10	503.6166666666667	0.0663594470046083	0.4897959183673469	0.11688311688311688	2.0114505079921896
3	BGRU-CRF	0.46	66	51	147	1036	71	956	76	9	503.6166666666667	0.0691333982473223	0.48299319727891155	0.12095400340715502	1.8982691862196777
3	BGRU-CRF	0.51	66	51	147	994	70	916	77	8	503.6166666666667	0.07099391480730223	0.47619047619047616	0.1235657546337158	1.8188436972565112
3	BGRU-CRF	0.56	66	51	147	950	68	874	79	8	503.6166666666667	0.07218683651804671	0.46258503401360546	0.1248852157943067	1.7354469338451866
3	BGRU-CRF	0.6100000000000001	66	51	147	906	66	832	81	8	503.6166666666667	0.07349665924276169	0.4489795918367347	0.12631578947368421	1.6520501704338617
3	BGRU-CRF	0.66	66	51	147	868	63	797	84	8	503.6166666666667	0.07325581395348837	0.42857142857142855	0.12512413108242304	1.5825528675910912
3	BGRU-CRF	0.7100000000000001	66	51	147	807	61	738	86	8	503.6166666666667	0.07634543178973717	0.41496598639455784	0.12896405919661733	1.4654002713704206
3	BGRU-CRF	0.76	66	51	147	756	58	690	89	8	503.6166666666667	0.07754010695187166	0.3945578231292517	0.12960893854748604	1.3700896846146209
3	BGRU-CRF	0.81	66	51	147	713	57	648	90	8	503.6166666666667	0.08085106382978724	0.3877551020408163	0.13380281690140844	1.286692921203296
3	BGRU-CRF	0.8600000000000001	66	51	147	644	56	580	91	8	503.6166666666667	0.0880503144654088	0.38095238095238093	0.14303959131545338	1.1516695899659133
3	BGRU-CRF	0.91	66	51	147	560	54	498	93	8	503.6166666666667	0.09782608695652174	0.3673469387755102	0.15450643776824036	0.9888473375914221
3	BGRU-CRF	0.9525741268224334	66	51	147	468	51	410	96	7	503.6166666666667	0.11062906724511931	0.3469387755102041	0.16776315789473684	0.8141112618724559
3	BGRU-CRF	0.9626731126558706	66	51	147	434	49	378	98	7	503.6166666666667	0.11475409836065574	0.3333333333333333	0.17073170731707318	0.7505708707019227
3	BGRU-CRF	0.9706877692486436	66	51	147	406	48	352	99	6	503.6166666666667	0.12	0.32653061224489793	0.17550274223034734	0.6989443028758646
3	BGRU-CRF	0.9770226300899744	66	51	147	367	46	315	101	6	503.6166666666667	0.12742382271468145	0.3129251700680272	0.18110236220472442	0.6254757255849356
3	BGRU-CRF	0.9820137900379085	66	51	147	328	44	279	103	5	503.6166666666667	0.13622291021671826	0.29931972789115646	0.18723404255319148	0.5539927855180858
3	BGRU-CRF	0.9859363729567544	66	51	147	302	43	254	104	5	503.6166666666667	0.1447811447811448	0.2925170068027211	0.19369369369369369	0.5043518549161068
3	BGRU-CRF	0.9890130573694068	66	51	147	276	42	229	105	5	503.6166666666667	0.15498154981549817	0.2857142857142857	0.20095693779904306	0.4547109243141278
3	BGRU-CRF	0.991422514586288	66	51	147	244	39	200	108	5	503.6166666666667	0.16317991631799164	0.2653061224489796	0.20207253886010362	0.3971274448158321
3	BGRU-CRF	0.9933071490757153	66	51	147	220	34	181	113	5	503.6166666666667	0.15813953488372093	0.23129251700680273	0.1878453038674033	0.35940033755832806
3	BGRU-CRF	0.9947798743064417	66	51	147	199	31	163	116	5	503.6166666666667	0.15979381443298968	0.2108843537414966	0.18181818181818182	0.3236588675249032
3	BGRU-CRF	0.995929862284104	66	51	147	189	31	154	116	4	503.6166666666667	0.16756756756756758	0.2108843537414966	0.18674698795180722	0.30578813250819076
3	BGRU-CRF	0.9968273171575148	66	51	147	171	29	138	118	4	503.6166666666667	0.17365269461077845	0.19727891156462585	0.18471337579617833	0.2740179369229242
3	BGRU-CRF	0.9975273768433653	66	51	147	157	28	126	119	3	503.6166666666667	0.18181818181818182	0.19047619047619047	0.18604651162790697	0.25019029023397427
3	BGRU-CRF	0.9980732653366725	66	51	147	145	27	115	120	3	503.6166666666667	0.19014084507042253	0.1836734693877551	0.18685121107266436	0.2283482807691035
3	BGRU-CRF	0.998498817743263	66	51	147	127	26	98	121	3	503.6166666666667	0.20967741935483872	0.17687074829931973	0.1918819188191882	0.19459244795975775
3	BGRU-CRF	0.9988304897349445	66	51	147	116	25	88	122	3	503.6166666666667	0.22123893805309736	0.17006802721088435	0.19230769230769232	0.17473607571896616
3	BGRU-CRF	0.9990889488055994	66	51	147	97	21	74	126	2	503.6166666666667	0.22105263157894736	0.14285714285714285	0.17355371900826447	0.14693715458185788
3	BGRU-CRF	0.9992903296008995	66	51	147	91	20	69	127	2	503.6166666666667	0.2247191011235955	0.1360544217687075	0.1694915254237288	0.1370089684614621
3	BGRU-CRF	0.9994472213630764	66	51	147	76	18	56	129	2	503.6166666666667	0.24324324324324326	0.12244897959183673	0.16289592760180996	0.111195684548433
3	BGRU-CRF	0.9995694429186754	66	51	147	68	16	50	131	2	503.6166666666667	0.24242424242424243	0.10884353741496598	0.15023474178403756	0.09928186120395803
3	BGRU-CRF	0.9996646498695336	66	51	147	63	14	47	133	2	503.6166666666667	0.22950819672131148	0.09523809523809523	0.1346153846153846	0.09332494953172055
3	BGRU-CRF	0.9997388096809043	66	51	147	52	13	37	134	2	503.6166666666667	0.26	0.08843537414965986	0.1319796954314721	0.07346857729092894
3	BGRU-CRF	0.9997965730219448	66	51	147	44	13	29	134	2	503.6166666666667	0.30952380952380953	0.08843537414965986	0.13756613756613756	0.05758347949829566
3	BGRU-CRF	0.9998415637808975	66	51	147	39	10	27	137	2	503.6166666666667	0.2702702702702703	0.06802721088435375	0.10869565217391304	0.05361220505013734
3	BGRU-CRF	0.9998766054240137	66	51	147	30	8	21	139	1	503.6166666666667	0.27586206896551724	0.05442176870748299	0.09090909090909091	0.041698381705662375
3	BGRU-CRF	0.9999038975845005	66	51	147	27	7	19	140	1	503.6166666666667	0.2692307692307692	0.047619047619047616	0.08092485549132948	0.037727107257504056
3	BGRU-CRF	0.9999251537724895	66	51	147	23	6	17	141	0	503.6166666666667	0.2608695652173913	0.04081632653061224	0.07058823529411765	0.03375583280934573
3	BGRU-CRF	0.9999417087343389	66	51	147	20	6	14	141	0	503.6166666666667	0.3	0.04081632653061224	0.0718562874251497	0.02779892113710825
3	BGRU-CRF	0.9999546021312976	66	51	147	18	6	12	141	0	503.6166666666667	0.3333333333333333	0.04081632653061224	0.07272727272727272	0.02382764668894993
3	BGRU-CRF	0.9999646437492582	66	51	147	15	5	10	142	0	503.6166666666667	0.3333333333333333	0.034013605442176874	0.06172839506172839	0.019856372240791606
3	BGRU-CRF	0.9999724643088853	66	51	147	13	5	8	142	0	503.6166666666667	0.38461538461538464	0.034013605442176874	0.0625	0.015885097792633286
3	BGRU-CRF	0.9999785550515792	66	51	147	13	5	8	142	0	503.6166666666667	0.38461538461538464	0.034013605442176874	0.0625	0.015885097792633286
3	BGRU-CRF	0.999983298578152	66	51	147	9	4	5	143	0	503.6166666666667	0.4444444444444444	0.027210884353741496	0.05128205128205128	0.009928186120395803
3	BGRU-CRF	0.9999869928715335	66	51	147	6	2	4	145	0	503.6166666666667	0.3333333333333333	0.013605442176870748	0.026143790849673203	0.007942548896316643
3	BGRU-CRF	0.9999898700090192	66	51	147	6	2	4	145	0	503.6166666666667	0.3333333333333333	0.013605442176870748	0.026143790849673203	0.007942548896316643
3	BGRU-CRF	0.9999921107374138	66	51	147	6	2	4	145	0	503.6166666666667	0.3333333333333333	0.013605442176870748	0.026143790849673203	0.007942548896316643
3	BGRU-CRF	0.9999938558253978	66	51	147	5	2	3	145	0	503.6166666666667	0.4	0.013605442176870748	0.02631578947368421	0.005956911672237482
3	BGRU-CRF	0.9999952149055051	66	51	147	5	2	3	145	0	503.6166666666667	0.4	0.013605442176870748	0.02631578947368421	0.005956911672237482
3	BGRU-CRF	0.9999962733607158	66	51	147	4	2	2	145	0	503.6166666666667	0.5	0.013605442176870748	0.026490066225165563	0.0039712744481583215
3	BGRU-CRF	0.9999970976880148	66	51	147	2	1	1	146	0	503.6166666666667	0.5	0.006802721088435374	0.013422818791946308	0.0019856372240791608
3	BGRU-CRF	0.999997739675702	66	51	147	2	1	1	146	0	503.6166666666667	0.5	0.006802721088435374	0.013422818791946308	0.0019856372240791608
3	BGRU-CRF	0.9999982396567868	66	51	147	2	1	1	146	0	503.6166666666667	0.5	0.006802721088435374	0.013422818791946308	0.0019856372240791608
3	BGRU-CRF	0.999998629042793	66	51	147	2	1	1	146	0	503.6166666666667	0.5	0.006802721088435374	0.013422818791946308	0.0019856372240791608
3	BGRU-CRF	0.9999989322971299	66	51	147	2	1	1	146	0	503.6166666666667	0.5	0.006802721088435374	0.013422818791946308	0.0019856372240791608
3	BGRU-CRF	0.9999991684719722	66	51	147	2	1	1	146	0	503.6166666666667	0.5	0.006802721088435374	0.013422818791946308	0.0019856372240791608
3	TCN-CRF	0.01	66	51	147	2303	91	2199	56	13	503.6166666666667	0.03973799126637555	0.6190476190476191	0.07468198604842019	4.3664162557500745
3	TCN-CRF	0.060000000000000005	66	51	147	1735	83	1639	64	13	503.6166666666667	0.04819976771196283	0.564625850340136	0.0888175494917068	3.2544594102657443
3	TCN-CRF	0.11	66	51	147	1542	80	1449	67	13	503.6166666666667	0.052321778940483975	0.54421768707483	0.0954653937947494	2.8771883376907037
3	TCN-CRF	0.16000000000000003	66	51	147	1418	78	1327	69	13	503.6166666666667	0.05551601423487545	0.5306122448979592	0.10051546391752578	2.6349405963530463
3	TCN-CRF	0.21000000000000002	66	51	147	1335	76	1246	71	13	503.6166666666667	0.057488653555219364	0.5170068027210885	0.10347174948944861	2.474103981202634
3	TCN-CRF	0.26	66	51	147	1268	75	1180	72	13	503.6166666666667	0.05976095617529881	0.5102040816326531	0.10699001426533523	2.34305192441341
3	TCN-CRF	0.31000000000000005	66	51	147	1211	74	1124	73	13	503.6166666666667	0.06176961602671119	0.5034013605442177	0.1100371747211896	2.231856239864977
3	TCN-CRF	0.36000000000000004	66	51	147	1160	74	1073	73	13	503.6166666666667	0.06451612903225806	0.5034013605442177	0.1143740340030912	2.1305887414369393
3	TCN-CRF	0.41000000000000003	66	51	147	1115	73	1029	74	13	503.6166666666667	0.0662431941923775	0.4965986394557823	0.11689351481184948	2.0432207035774566
3	TCN-CRF	0.46	66	51	147	1055	73	969	74	13	503.6166666666667	0.07005758157389635	0.4965986394557823	0.12279226240538267	1.9240824701327068
3	TCN-CRF	0.51	66	51	147	1009	70	927	77	12	503.6166666666667	0.07021063189568706	0.47619047619047616	0.12237762237762238	1.840685706721382
3	TCN-CRF	0.56	66	51	147	964	70	883	77	11	503.6166666666667	0.07345225603357818	0.47619047619047616	0.12727272727272726	1.753317668861899
3	TCN-CRF	0.6100000000000001	66	51	147	922	70	842	77	10	503.6166666666667	0.07675438596491228	0.47619047619047616	0.13220018885741266	1.6719065426746533
3	TCN-CRF	0.66	66	51	147	882	70	802	77	10	503.6166666666667	0.08027522935779817	0.47619047619047616	0.13738959764474976	1.5924810537114868
3	TCN-CRF	0.7100000000000001	66	51	147	848	69	769	78	10	503.6166666666667	0.08233890214797136	0.46938775510204084	0.1401015228426396	1.5269550253168747
3	TCN-CRF	0.76	66	51	147	818	69	739	78	10	503.6166666666667	0.0853960396039604	0.46938775510204084	0.14450261780104712	1.4673859085944998
3	TCN-CRF	0.81	66	51	147	768	68	690	79	10	503.6166666666667	0.08970976253298153	0.46258503401360546	0.15027624309392265	1.3700896846146209
3	TCN-CRF	0.8600000000000001	66	51	147	707	60	638	87	9	503.6166666666667	0.08595988538681948	0.40816326530612246	0.14201183431952663	1.2668365489625046
3	TCN-CRF	0.91	66	51	147	633	56	568	91	9	503.6166666666667	0.08974358974358974	0.38095238095238093	0.14526588845654995	1.1278419432769633
3	TCN-CRF	0.9525741268224334	66	51	147	543	53	481	94	9	503.6166666666667	0.09925093632958802	0.36054421768707484	0.15565345080763582	0.9550915047820763
3	TCN-CRF	0.9626731126558706	66	51	147	513	53	451	94	9	503.6166666666667	0.10515873015873016	0.36054421768707484	0.16282642089093702	0.8955223880597015
3	TCN-CRF	0.9706877692486436	66	51	147	488	53	426	94	9	503.6166666666667	0.11064718162839249	0.36054421768707484	0.16932907348242812	0.8458814574577225
3	TCN-CRF	0.9770226300899744	66	51	147	459	51	399	96	9	503.6166666666667	0.11333333333333333	0.3469387755102041	0.1708542713567839	0.7922692524075852
3	TCN-CRF	0.9820137900379085	66	51	147	434	51	374	96	9	503.6166666666667	0.12	0.3469387755102041	0.17832167832167833	0.7426283218056061
3	TCN-CRF	0.9859363729567544	66	51	147	406	49	348	98	9	503.6166666666667	0.12342569269521411	0.3333333333333333	0.1801470588235294	0.6910017539795479
3	TCN-CRF	0.9890130573694068	66	51	147	376	46	321	101	9	503.6166666666667	0.12534059945504086	0.3129251700680272	0.17898832684824903	0.6373895489294106
3	TCN-CRF	0.991422514586288	66	51	147	358	42	307	105	9	503.6166666666667	0.12034383954154727	0.2857142857142857	0.1693548387096774	0.6095906277923023
3	TCN-CRF	0.9933071490757153	66	51	147	340	40	291	107	9	503.6166666666667	0.12084592145015106	0.272108843537415	0.16736401673640167	0.5778204322070357
3	TCN-CRF	0.9947798743064417	66	51	147	319	40	270	107	9	503.6166666666667	0.12903225806451613	0.272108843537415	0.175054704595186	0.5361220505013734
3	TCN-CRF	0.995929862284104	66	51	147	291	38	244	109	9	503.6166666666667	0.1347517730496454	0.2585034013605442	0.17715617715617715	0.4844954826753152
3	TCN-CRF	0.9968273171575148	66	51	147	270	34	227	113	9	503.6166666666667	0.13026819923371646	0.23129251700680273	0.16666666666666666	0.4507396498659695
3	TCN-CRF	0.9975273768433653	66	51	147	253	32	212	115	9	503.6166666666667	0.13114754098360656	0.21768707482993196	0.1636828644501279	0.42095509150478205
3	TCN-CRF	0.9980732653366725	66	51	147	241	31	201	116	9	503.6166666666667	0.1336206896551724	0.2108843537414966	0.16358839050131926	0.3991130820399113
3	TCN-CRF	0.998498817743263	66	51	147	224	29	186	118	9	503.6166666666667	0.13488372093023257	0.19727891156462585	0.16022099447513813	0.3693285236787239
3	TCN-CRF	0.9988304897349445	66	51	147	208	28	171	119	9	503.6166666666667	0.1407035175879397	0.19047619047619047	0.16184971098265896	0.3395439653175365
3	TCN-CRF	0.9990889488055994	66	51	147	198	28	161	119	9	503.6166666666667	0.14814814814814814	0.19047619047619047	0.16666666666666666	0.3196875930767449
3	TCN-CRF	0.9992903296008995	66	51	147	191	27	155	120	9	503.6166666666667	0.14835164835164835	0.1836734693877551	0.1641337386018237	0.3077737697322699
3	TCN-CRF	0.9994472213630764	66	51	147	179	24	148	123	7	503.6166666666667	0.13953488372093023	0.16326530612244897	0.15047021943573669	0.29387430916371576
3	TCN-CRF	0.9995694429186754	66	51	147	166	22	137	125	7	503.6166666666667	0.13836477987421383	0.14965986394557823	0.1437908496732026	0.272032299698845
3	TCN-CRF	0.9996646498695336	66	51	147	148	18	124	129	6	503.6166666666667	0.1267605633802817	0.12244897959183673	0.1245674740484429	0.24621901578581593
3	TCN-CRF	0.9997388096809043	66	51	147	140	15	119	132	6	503.6166666666667	0.11194029850746269	0.10204081632653061	0.10676156583629894	0.23629082966542012
3	TCN-CRF	0.9997965730219448	66	51	147	131	15	110	132	6	503.6166666666667	0.12	0.10204081632653061	0.11029411764705882	0.21842009464870768
3	TCN-CRF	0.9998415637808975	66	51	147	122	13	103	134	6	503.6166666666667	0.11206896551724138	0.08843537414965986	0.09885931558935361	0.20452063408015356
3	TCN-CRF	0.9998766054240137	66	51	147	112	11	95	136	6	503.6166666666667	0.10377358490566038	0.07482993197278912	0.08695652173913043	0.18863553628752028
3	TCN-CRF	0.9999038975845005	66	51	147	107	11	90	136	6	503.6166666666667	0.10891089108910891	0.07482993197278912	0.08870967741935484	0.17870735016712447
3	TCN-CRF	0.9999251537724895	66	51	147	100	10	85	137	5	503.6166666666667	0.10526315789473684	0.06802721088435375	0.08264462809917356	0.16877916404672866
3	TCN-CRF	0.9999417087343389	66	51	147	95	7	83	140	5	503.6166666666667	0.07777777777777778	0.047619047619047616	0.05907172995780591	0.16480788959857035
3	TCN-CRF	0.9999546021312976	66	51	147	87	6	76	141	5	503.6166666666667	0.07317073170731707	0.04081632653061224	0.05240174672489083	0.15090842903001622
3	TCN-CRF	0.9999646437492582	66	51	147	83	5	73	142	5	503.6166666666667	0.0641025641025641	0.034013605442176874	0.044444444444444446	0.14495151735777873
3	TCN-CRF	0.9999724643088853	66	51	147	75	4	66	143	5	503.6166666666667	0.05714285714285714	0.027210884353741496	0.03686635944700461	0.1310520567892246
3	TCN-CRF	0.9999785550515792	66	51	147	69	4	62	143	3	503.6166666666667	0.06060606060606061	0.027210884353741496	0.03755868544600939	0.12310950789290796
3	TCN-CRF	0.999983298578152	66	51	147	64	4	57	143	3	503.6166666666667	0.06557377049180328	0.027210884353741496	0.038461538461538464	0.11318132177251217
3	TCN-CRF	0.9999869928715335	66	51	147	61	4	54	143	3	503.6166666666667	0.06896551724137931	0.027210884353741496	0.03902439024390244	0.10722441010027468
3	TCN-CRF	0.9999898700090192	66	51	147	59	4	52	143	3	503.6166666666667	0.07142857142857142	0.027210884353741496	0.03940886699507389	0.10325313565211636
3	TCN-CRF	0.9999921107374138	66	51	147	56	4	49	143	3	503.6166666666667	0.07547169811320754	0.027210884353741496	0.04	0.09729622397987887
3	TCN-CRF	0.9999938558253978	66	51	147	52	3	47	144	2	503.6166666666667	0.06	0.02040816326530612	0.030456852791878174	0.09332494953172055
3	TCN-CRF	0.9999952149055051	66	51	147	50	3	45	144	2	503.6166666666667	0.0625	0.02040816326530612	0.03076923076923077	0.08935367508356223
3	TCN-CRF	0.9999962733607158	66	51	147	47	3	42	144	2	503.6166666666667	0.06666666666666667	0.02040816326530612	0.03125	0.08339676341132475
3	TCN-CRF	0.9999970976880148	66	51	147	46	3	41	144	2	503.6166666666667	0.06818181818181818	0.02040816326530612	0.031413612565445025	0.0814111261872456
3	TCN-CRF	0.999997739675702	66	51	147	45	2	41	145	2	503.6166666666667	0.046511627906976744	0.013605442176870748	0.021052631578947368	0.0814111261872456
3	TCN-CRF	0.9999982396567868	66	51	147	44	2	40	145	2	503.6166666666667	0.047619047619047616	0.013605442176870748	0.021164021164021163	0.07942548896316642
3	TCN-CRF	0.999998629042793	66	51	147	43	2	39	145	2	503.6166666666667	0.04878048780487805	0.013605442176870748	0.02127659574468085	0.07743985173908727
3	TCN-CRF	0.9999989322971299	66	51	147	39	1	37	146	1	503.6166666666667	0.02631578947368421	0.006802721088435374	0.010810810810810811	0.07346857729092894
3	TCN-CRF	0.9999991684719722	66	51	147	39	1	37	146	1	503.6166666666667	0.02631578947368421	0.006802721088435374	0.010810810810810811	0.07346857729092894
3	BLSTM-2H	0.01	66	51	147	1844	70	1762	77	12	503.6166666666667	0.03820960698689956	0.47619047619047616	0.07074279939363315	3.4986927888274812
3	BLSTM-2H	0.060000000000000005	66	51	147	1401	66	1323	81	12	503.6166666666667	0.047516198704103674	0.4489795918367347	0.0859375	2.6269980474567296
3	BLSTM-2H	0.11	66	51	147	1291	68	1212	79	11	503.6166666666667	0.053125	0.46258503401360546	0.09530483531885074	2.406592315583943
3	BLSTM-2H	0.16000000000000003	66	51	147	1175	68	1096	79	11	503.6166666666667	0.058419243986254296	0.46258503401360546	0.10373760488176964	2.17625839759076
3	BLSTM-2H	0.21000000000000002	66	51	147	1095	66	1018	81	11	503.6166666666667	0.06088560885608856	0.4489795918367347	0.10722989439480098	2.0213786941125855
3	BLSTM-2H	0.26	66	51	147	1046	66	970	81	10	503.6166666666667	0.0637065637065637	0.4489795918367347	0.11158072696534235	1.9260681073567858
3	BLSTM-2H	0.31000000000000005	66	51	147	993	64	919	83	10	503.6166666666667	0.06510681586978637	0.43537414965986393	0.11327433628318584	1.8248006089287487
3	BLSTM-2H	0.36000000000000004	66	51	147	936	62	865	85	9	503.6166666666667	0.0668824163969795	0.4217687074829932	0.1154562383612663	1.7175761988284741
3	BLSTM-2H	0.41000000000000003	66	51	147	908	61	838	86	9	503.6166666666667	0.067853170189099	0.41496598639455784	0.11663479923518165	1.6639639937783366
3	BLSTM-2H	0.46	66	51	147	848	58	781	89	9	503.6166666666667	0.06912991656734208	0.3945578231292517	0.11764705882352941	1.5507826720058244
3	BLSTM-2H	0.51	66	51	147	793	54	731	93	8	503.6166666666667	0.06878980891719745	0.3673469387755102	0.11587982832618025	1.4515008108018665
3	BLSTM-2H	0.56	66	51	147	743	53	683	94	7	503.6166666666667	0.07201086956521739	0.36054421768707484	0.12004530011325028	1.3561902240460668
3	BLSTM-2H	0.6100000000000001	66	51	147	713	53	653	94	7	503.6166666666667	0.07507082152974505	0.36054421768707484	0.1242672919109027	1.296621107323692
3	BLSTM-2H	0.66	66	51	147	665	52	606	95	7	503.6166666666667	0.0790273556231003	0.35374149659863946	0.12919254658385093	1.2032961577919714
3	BLSTM-2H	0.7100000000000001	66	51	147	620	51	562	96	7	503.6166666666667	0.08319738988580751	0.3469387755102041	0.13421052631578947	1.1159281199324884
3	BLSTM-2H	0.76	66	51	147	568	50	512	97	6	503.6166666666667	0.08896797153024912	0.3401360544217687	0.14104372355430184	1.0166462587285303
3	BLSTM-2H	0.81	66	51	147	515	49	459	98	7	503.6166666666667	0.09645669291338582	0.3333333333333333	0.14961832061068703	0.9114074858523348
3	BLSTM-2H	0.8600000000000001	66	51	147	456	47	402	100	7	503.6166666666667	0.10467706013363029	0.3197278911564626	0.15771812080536912	0.7982261640798226
3	BLSTM-2H	0.91	66	51	147	380	45	328	102	7	503.6166666666667	0.12064343163538874	0.30612244897959184	0.17307692307692307	0.6512890094979648
3	BLSTM-2H	0.9525741268224334	66	51	147	288	38	244	109	6	503.6166666666667	0.1347517730496454	0.2585034013605442	0.17715617715617715	0.4844954826753152
3	BLSTM-2H	0.9626731126558706	66	51	147	260	37	217	110	6	503.6166666666667	0.14566929133858267	0.25170068027210885	0.18453865336658354	0.43088327762517786
3	BLSTM-2H	0.9706877692486436	66	51	147	231	32	193	115	6	503.6166666666667	0.14222222222222222	0.21768707482993196	0.17204301075268819	0.383227984247278
3	BLSTM-2H	0.9770226300899744	66	51	147	201	29	166	118	6	503.6166666666667	0.14871794871794872	0.19727891156462585	0.1695906432748538	0.3296157791971407
3	BLSTM-2H	0.9820137900379085	66	51	147	175	25	145	122	5	503.6166666666667	0.14705882352941177	0.17006802721088435	0.15772870662460567	0.2879173974914783
3	BLSTM-2H	0.9859363729567544	66	51	147	142	24	113	123	5	503.6166666666667	0.17518248175182483	0.16326530612244897	0.16901408450704225	0.22437700632094515
3	BLSTM-2H	0.9890130573694068	66	51	147	115	20	90	127	5	503.6166666666667	0.18181818181818182	0.1360544217687075	0.1556420233463035	0.17870735016712447
3	BLSTM-2H	0.991422514586288	66	51	147	99	16	79	131	4	503.6166666666667	0.16842105263157894	0.10884353741496598	0.1322314049586777	0.1568653407022537
3	BLSTM-2H	0.9933071490757153	66	51	147	85	14	68	133	3	503.6166666666667	0.17073170731707318	0.09523809523809523	0.1222707423580786	0.13502333123738292
3	BLSTM-2H	0.9947798743064417	66	51	147	65	11	51	136	3	503.6166666666667	0.1774193548387097	0.07482993197278912	0.10526315789473684	0.1012674984280372
3	BLSTM-2H	0.995929862284104	66	51	147	52	8	41	139	3	503.6166666666667	0.16326530612244897	0.05442176870748299	0.08163265306122448	0.0814111261872456
3	BLSTM-2H	0.9968273171575148	66	51	147	34	2	30	145	2	503.6166666666667	0.0625	0.013605442176870748	0.0223463687150838	0.05956911672237482
3	BLSTM-2H	0.9975273768433653	66	51	147	19	1	17	146	1	503.6166666666667	0.05555555555555555	0.006802721088435374	0.012121212121212121	0.03375583280934573
3	BLSTM-2H	0.9980732653366725	66	51	147	13	1	11	146	1	503.6166666666667	0.08333333333333333	0.006802721088435374	0.012578616352201259	0.02184200946487077
3	BLSTM-2H	0.998498817743263	66	51	147	11	1	9	146	1	503.6166666666667	0.1	0.006802721088435374	0.012738853503184714	0.017870735016712446
3	BLSTM-2H	0.9988304897349445	66	51	147	8	1	6	146	1	503.6166666666667	0.14285714285714285	0.006802721088435374	0.012987012987012988	0.011913823344474965
3	BLSTM-2H	0.9990889488055994	66	51	147	7	1	6	146	0	503.6166666666667	0.14285714285714285	0.006802721088435374	0.012987012987012988	0.011913823344474965
3	BLSTM-2H	0.9992903296008995	66	51	147	7	1	6	146	0	503.6166666666667	0.14285714285714285	0.006802721088435374	0.012987012987012988	0.011913823344474965
3	BLSTM-2H	0.9994472213630764	66	51	147	5	1	4	146	0	503.6166666666667	0.2	0.006802721088435374	0.013157894736842105	0.007942548896316643
3	BLSTM-2H	0.9995694429186754	66	51	147	3	1	2	146	0	503.6166666666667	0.3333333333333333	0.006802721088435374	0.013333333333333334	0.0039712744481583215
3	BLSTM-2H	0.9996646498695336	66	51	147	1	0	1	147	0	503.6166666666667	0.0	0.0	0.0	0.0019856372240791608
3	BLSTM-2H	0.9997388096809043	66	51	147	0	0	0	147	0	503.6166666666667		0.0	0.0	0.0
3	BLSTM-2H	0.9997965730219448	66	51	147	0	0	0	147	0	503.6166666666667		0.0	0.0	0.0
3	BLSTM-2H	0.9998415637808975	66	51	147	0	0	0	147	0	503.6166666666667		0.0	0.0	0.0
3	BLSTM-2H	0.9998766054240137	66	51	147	0	0	0	147	0	503.6166666666667		0.0	0.0	0.0
3	BLSTM-2H	0.9999038975845005	66	51	147	0	0	0	147	0	503.6166666666667		0.0	0.0	0.0
3	BLSTM-2H	0.9999251537724895	66	51	147	0	0	0	147	0	503.6166666666667		0.0	0.0	0.0
3	BLSTM-2H	0.9999417087343389	66	51	147	0	0	0	147	0	503.6166666666667		0.0	0.0	0.0
3	BLSTM-2H	0.9999546021312976	66	51	147	0	0	0	147	0	503.6166666666667		0.0	0.0	0.0
3	BLSTM-2H	0.9999646437492582	66	51	147	0	0	0	147	0	503.6166666666667		0.0	0.0	0.0
3	BLSTM-2H	0.9999724643088853	66	51	147	0	0	0	147	0	503.6166666666667		0.0	0.0	0.0
3	BLSTM-2H	0.9999785550515792	66	51	147	0	0	0	147	0	503.6166666666667		0.0	0.0	0.0
3	BLSTM-2H	0.999983298578152	66	51	147	0	0	0	147	0	503.6166666666667		0.0	0.0	0.0
3	BLSTM-2H	0.9999869928715335	66	51	147	0	0	0	147	0	503.6166666666667		0.0	0.0	0.0
3	BLSTM-2H	0.9999898700090192	66	51	147	0	0	0	147	0	503.6166666666667		0.0	0.0	0.0
3	BLSTM-2H	0.9999921107374138	66	51	147	0	0	0	147	0	503.6166666666667		0.0	0.0	0.0
3	BLSTM-2H	0.9999938558253978	66	51	147	0	0	0	147	0	503.6166666666667		0.0	0.0	0.0
3	BLSTM-2H	0.9999952149055051	66	51	147	0	0	0	147	0	503.6166666666667		0.0	0.0	0.0
3	BLSTM-2H	0.9999962733607158	66	51	147	0	0	0	147	0	503.6166666666667		0.0	0.0	0.0
3	BLSTM-2H	0.9999970976880148	66	51	147	0	0	0	147	0	503.6166666666667		0.0	0.0	0.0
3	BLSTM-2H	0.999997739675702	66	51	147	0	0	0	147	0	503.6166666666667		0.0	0.0	0.0
3	BLSTM-2H	0.9999982396567868	66	51	147	0	0	0	147	0	503.6166666666667		0.0	0.0	0.0
3	BLSTM-2H	0.999998629042793	66	51	147	0	0	0	147	0	503.6166666666667		0.0	0.0	0.0
3	BLSTM-2H	0.9999989322971299	66	51	147	0	0	0	147	0	503.6166666666667		0.0	0.0	0.0
3	BLSTM-2H	0.9999991684719722	66	51	147	0	0	0	147	0	503.6166666666667		0.0	0.0	0.0
4	BLSTM-CRF	0.01	65	51	136	2445	78	2354	58	13	497.80833333333334	0.032072368421052634	0.5735294117647058	0.06074766355140187	4.728727589266284
4	BLSTM-CRF	0.060000000000000005	65	51	136	1839	73	1754	63	12	497.80833333333334	0.039956212370005476	0.5367647058823529	0.07437595517065716	3.5234444314244104
4	BLSTM-CRF	0.11	65	51	136	1636	70	1555	66	11	497.80833333333334	0.043076923076923075	0.5147058823529411	0.07950028392958547	3.1236921840735223
4	BLSTM-CRF	0.16000000000000003	65	51	136	1520	69	1440	67	11	497.80833333333334	0.04572564612326044	0.5073529411764706	0.08389057750759879	2.8926795788204966
4	BLSTM-CRF	0.21000000000000002	65	51	136	1421	69	1341	67	11	497.80833333333334	0.04893617021276596	0.5073529411764706	0.08926261319534282	2.693807857776587
4	BLSTM-CRF	0.26	65	51	136	1357	69	1277	67	11	497.80833333333334	0.0512630014858841	0.5073529411764706	0.0931174089068826	2.565244320940121
4	BLSTM-CRF	0.31000000000000005	65	51	136	1292	67	1214	69	11	497.80833333333334	0.05230288836846214	0.49264705882352944	0.09456598447424136	2.438689589366724
4	BLSTM-CRF	0.36000000000000004	65	51	136	1232	66	1155	70	11	497.80833333333334	0.05405405405405406	0.4852941176470588	0.09727339719970524	2.3201700788456066
4	BLSTM-CRF	0.41000000000000003	65	51	136	1199	65	1123	71	11	497.80833333333334	0.054713804713804715	0.47794117647058826	0.09818731117824774	2.2558883104273733
4	BLSTM-CRF	0.46	65	51	136	1145	62	1072	74	11	497.80833333333334	0.054673721340388004	0.45588235294117646	0.09763779527559055	2.153439242010814
4	BLSTM-CRF	0.51	65	51	136	1098	59	1028	77	11	497.80833333333334	0.05427782888684453	0.4338235294117647	0.0964840556009812	2.0650518104357434
4	BLSTM-CRF	0.56	65	51	136	1053	59	984	77	10	497.80833333333334	0.05656759348034516	0.4338235294117647	0.10008481764206956	1.9766643788606726
4	BLSTM-CRF	0.6100000000000001	65	51	136	1014	58	946	78	10	497.80833333333334	0.05776892430278884	0.4264705882352941	0.10175438596491228	1.9003297788640205
4	BLSTM-CRF	0.66	65	51	136	967	57	900	79	10	497.80833333333334	0.05956112852664577	0.41911764705882354	0.10430009149130832	1.8079247367628104
4	BLSTM-CRF	0.7100000000000001	65	51	136	922	56	856	80	10	497.80833333333334	0.06140350877192982	0.4117647058823529	0.10687022900763359	1.7195373051877396
4	BLSTM-CRF	0.76	65	51	136	884	54	820	82	10	497.80833333333334	0.06178489702517163	0.39705882352941174	0.10693069306930693	1.6472203157172272
4	BLSTM-CRF	0.81	65	51	136	824	53	761	83	10	497.80833333333334	0.06511056511056511	0.3897058823529412	0.11157894736842106	1.5287008051961095
4	BLSTM-CRF	0.8600000000000001	65	51	136	745	52	683	84	10	497.80833333333334	0.0707482993197279	0.38235294117647056	0.11940298507462686	1.372013994676666
4	BLSTM-CRF	0.91	65	51	136	646	51	585	85	10	497.80833333333334	0.08018867924528301	0.375	0.13212435233160622	1.1751510788958266
4	BLSTM-CRF	0.9525741268224334	65	51	136	522	50	462	86	10	497.80833333333334	0.09765625	0.36764705882352944	0.15432098765432098	0.9280680315382426
4	BLSTM-CRF	0.9626731126558706	65	51	136	492	48	434	88	10	497.80833333333334	0.0995850622406639	0.35294117647058826	0.1553398058252427	0.8718214841722886
4	BLSTM-CRF	0.9706877692486436	65	51	136	460	46	406	90	8	497.80833333333334	0.10176991150442478	0.3382352941176471	0.1564625850340136	0.8155749368063344
4	BLSTM-CRF	0.9770226300899744	65	51	136	415	42	365	94	8	497.80833333333334	0.10319410319410319	0.3088235294117647	0.15469613259668508	0.7332139210204731
4	BLSTM-CRF	0.9820137900379085	65	51	136	378	39	331	97	8	497.80833333333334	0.10540540540540541	0.2867647058823529	0.1541501976284585	0.6649145420761002
4	BLSTM-CRF	0.9859363729567544	65	51	136	344	37	300	99	7	497.80833333333334	0.10979228486646884	0.27205882352941174	0.15644820295983086	0.6026415789209367
4	BLSTM-CRF	0.9890130573694068	65	51	136	310	34	269	102	7	497.80833333333334	0.11221122112211221	0.25	0.1548974943052392	0.5403686157657733
4	BLSTM-CRF	0.991422514586288	65	51	136	283	33	243	103	7	497.80833333333334	0.11956521739130435	0.2426470588235294	0.16019417475728157	0.4881396789259588
4	BLSTM-CRF	0.9933071490757153	65	51	136	251	31	214	105	6	497.80833333333334	0.12653061224489795	0.22794117647058823	0.16272965879265092	0.4298843262969349
4	BLSTM-CRF	0.9947798743064417	65	51	136	231	30	195	106	6	497.80833333333334	0.13333333333333333	0.22058823529411764	0.16620498614958448	0.3917170262986089
4	BLSTM-CRF	0.995929862284104	65	51	136	204	29	169	107	6	497.80833333333334	0.14646464646464646	0.21323529411764705	0.17365269461077845	0.3394880894587944
4	BLSTM-CRF	0.9968273171575148	65	51	136	183	28	149	108	6	497.80833333333334	0.15819209039548024	0.20588235294117646	0.17891373801916932	0.2993119841973986
4	BLSTM-CRF	0.9975273768433653	65	51	136	172	27	139	109	6	497.80833333333334	0.16265060240963855	0.19852941176470587	0.17880794701986755	0.2792239315667007
4	BLSTM-CRF	0.9980732653366725	65	51	136	155	27	122	109	6	497.80833333333334	0.18120805369127516	0.19852941176470587	0.18947368421052632	0.24507424209451428
4	BLSTM-CRF	0.998498817743263	65	51	136	142	23	113	113	6	497.80833333333334	0.16911764705882354	0.16911764705882354	0.16911764705882354	0.2269949947268862
4	BLSTM-CRF	0.9988304897349445	65	51	136	126	18	103	118	5	497.80833333333334	0.1487603305785124	0.1323529411764706	0.14007782101167315	0.2069069420961883
4	BLSTM-CRF	0.9990889488055994	65	51	136	105	17	86	119	2	497.80833333333334	0.1650485436893204	0.125	0.14225941422594143	0.17275725262400188
4	BLSTM-CRF	0.9992903296008995	65	51	136	92	16	74	120	2	497.80833333333334	0.17777777777777778	0.11764705882352941	0.1415929203539823	0.1486515894671644
4	BLSTM-CRF	0.9994472213630764	65	51	136	82	16	64	120	2	497.80833333333334	0.2	0.11764705882352941	0.14814814814814814	0.1285635368364665
4	BLSTM-CRF	0.9995694429186754	65	51	136	73	15	56	121	2	497.80833333333334	0.2112676056338028	0.11029411764705882	0.14492753623188406	0.1124930947319082
4	BLSTM-CRF	0.9996646498695336	65	51	136	57	13	42	123	2	497.80833333333334	0.23636363636363636	0.09558823529411764	0.13612565445026178	0.08436982104893115
4	BLSTM-CRF	0.9997388096809043	65	51	136	51	10	39	126	2	497.80833333333334	0.20408163265306123	0.07352941176470588	0.10810810810810811	0.07834340525972178
4	BLSTM-CRF	0.9997965730219448	65	51	136	42	8	33	128	1	497.80833333333334	0.1951219512195122	0.058823529411764705	0.0903954802259887	0.06629057368130305
4	BLSTM-CRF	0.9998415637808975	65	51	136	36	8	27	128	1	497.80833333333334	0.22857142857142856	0.058823529411764705	0.0935672514619883	0.05423774210288431
4	BLSTM-CRF	0.9998766054240137	65	51	136	27	4	22	132	1	497.80833333333334	0.15384615384615385	0.029411764705882353	0.04938271604938271	0.044193715787535365
4	BLSTM-CRF	0.9999038975845005	65	51	136	22	3	18	133	1	497.80833333333334	0.14285714285714285	0.022058823529411766	0.03821656050955414	0.03615849473525621
4	BLSTM-CRF	0.9999251537724895	65	51	136	13	2	10	134	1	497.80833333333334	0.16666666666666666	0.014705882352941176	0.02702702702702703	0.020088052630697892
4	BLSTM-CRF	0.9999417087343389	65	51	136	12	2	9	134	1	497.80833333333334	0.18181818181818182	0.014705882352941176	0.027210884353741496	0.018079247367628105
4	BLSTM-CRF	0.9999546021312976	65	51	136	9	2	7	134	0	497.80833333333334	0.2222222222222222	0.014705882352941176	0.027586206896551724	0.014061636841488525
4	BLSTM-CRF	0.9999646437492582	65	51	136	5	2	3	134	0	497.80833333333334	0.4	0.014705882352941176	0.028368794326241134	0.006026415789209367
4	BLSTM-CRF	0.9999724643088853	65	51	136	3	1	2	135	0	497.80833333333334	0.3333333333333333	0.007352941176470588	0.014388489208633094	0.0040176105261395785
4	BLSTM-CRF	0.9999785550515792	65	51	136	2	0	2	136	0	497.80833333333334	0.0	0.0	0.0	0.0040176105261395785
4	BLSTM-CRF	0.999983298578152	65	51	136	2	0	2	136	0	497.80833333333334	0.0	0.0	0.0	0.0040176105261395785
4	BLSTM-CRF	0.9999869928715335	65	51	136	2	0	2	136	0	497.80833333333334	0.0	0.0	0.0	0.0040176105261395785
4	BLSTM-CRF	0.9999898700090192	65	51	136	2	0	2	136	0	497.80833333333334	0.0	0.0	0.0	0.0040176105261395785
4	BLSTM-CRF	0.9999921107374138	65	51	136	2	0	2	136	0	497.80833333333334	0.0	0.0	0.0	0.0040176105261395785
4	BLSTM-CRF	0.9999938558253978	65	51	136	2	0	2	136	0	497.80833333333334	0.0	0.0	0.0	0.0040176105261395785
4	BLSTM-CRF	0.9999952149055051	65	51	136	2	0	2	136	0	497.80833333333334	0.0	0.0	0.0	0.0040176105261395785
4	BLSTM-CRF	0.9999962733607158	65	51	136	2	0	2	136	0	497.80833333333334	0.0	0.0	0.0	0.0040176105261395785
4	BLSTM-CRF	0.9999970976880148	65	51	136	2	0	2	136	0	497.80833333333334	0.0	0.0	0.0	0.0040176105261395785
4	BLSTM-CRF	0.999997739675702	65	51	136	1	0	1	136	0	497.80833333333334	0.0	0.0	0.0	0.0020088052630697893
4	BLSTM-CRF	0.9999982396567868	65	51	136	1	0	1	136	0	497.80833333333334	0.0	0.0	0.0	0.0020088052630697893
4	BLSTM-CRF	0.999998629042793	65	51	136	0	0	0	136	0	497.80833333333334		0.0	0.0	0.0
4	BLSTM-CRF	0.9999989322971299	65	51	136	0	0	0	136	0	497.80833333333334		0.0	0.0	0.0
4	BLSTM-CRF	0.9999991684719722	65	51	136	0	0	0	136	0	497.80833333333334		0.0	0.0	0.0
4	BGRU-CRF	0.01	65	51	136	2941	84	2840	52	17	497.80833333333334	0.028727770177838577	0.6176470588235294	0.054901960784313725	5.705006947118202
4	BGRU-CRF	0.060000000000000005	65	51	136	2104	81	2006	55	17	497.80833333333334	0.03881169142309535	0.5955882352941176	0.0728744939271255	4.029663357717997
4	BGRU-CRF	0.11	65	51	136	1841	78	1748	58	15	497.80833333333334	0.04271631982475356	0.5735294117647058	0.07951070336391437	3.5113915998459917
4	BGRU-CRF	0.16000000000000003	65	51	136	1683	75	1594	61	14	497.80833333333334	0.04493708807669263	0.5514705882352942	0.08310249307479224	3.202035589333244
4	BGRU-CRF	0.21000000000000002	65	51	136	1560	71	1477	65	12	497.80833333333334	0.0458656330749354	0.5220588235294118	0.08432304038004751	2.9670053735540787
4	BGRU-CRF	0.26	65	51	136	1459	70	1378	66	11	497.80833333333334	0.04834254143646409	0.5147058823529411	0.08838383838383838	2.7681336525101696
4	BGRU-CRF	0.31000000000000005	65	51	136	1390	69	1311	67	10	497.80833333333334	0.05	0.5073529411764706	0.09102902374670185	2.633543699884494
4	BGRU-CRF	0.36000000000000004	65	51	136	1326	68	1248	68	10	497.80833333333334	0.05167173252279635	0.5	0.09366391184573003	2.506988968311097
4	BGRU-CRF	0.41000000000000003	65	51	136	1270	66	1194	70	10	497.80833333333334	0.05238095238095238	0.4852941176470588	0.09455587392550144	2.398513484105328
4	BGRU-CRF	0.46	65	51	136	1201	66	1125	70	10	497.80833333333334	0.055415617128463476	0.4852941176470588	0.09947249434815374	2.259905920953513
4	BGRU-CRF	0.51	65	51	136	1141	65	1066	71	10	497.80833333333334	0.05747126436781609	0.47794117647058826	0.1026045777426993	2.1413864104323954
4	BGRU-CRF	0.56	65	51	136	1102	65	1027	71	10	497.80833333333334	0.05952380952380952	0.47794117647058826	0.10586319218241043	2.0630430051726734
4	BGRU-CRF	0.6100000000000001	65	51	136	1051	62	979	74	10	497.80833333333334	0.059558117195004805	0.45588235294117646	0.10535259133389975	1.9666203525453236
4	BGRU-CRF	0.66	65	51	136	986	62	914	74	10	497.80833333333334	0.06352459016393443	0.45588235294117646	0.11151079136690648	1.8360480104457872
4	BGRU-CRF	0.7100000000000001	65	51	136	921	62	849	74	10	497.80833333333334	0.06805708013172337	0.45588235294117646	0.11843361986628462	1.705475668346251
4	BGRU-CRF	0.76	65	51	136	870	62	798	74	10	497.80833333333334	0.07209302325581396	0.45588235294117646	0.12449799196787148	1.6030265999296918
4	BGRU-CRF	0.81	65	51	136	802	60	732	76	10	497.80833333333334	0.07575757575757576	0.4411764705882353	0.12931034482758622	1.4704454525670858
4	BGRU-CRF	0.8600000000000001	65	51	136	743	58	675	78	10	497.80833333333334	0.0791268758526603	0.4264705882352941	0.1334867663981588	1.3559435525721077
4	BGRU-CRF	0.91	65	51	136	662	57	595	79	10	497.80833333333334	0.08742331288343558	0.41911764705882354	0.1446700507614213	1.1952391315265245
4	BGRU-CRF	0.9525741268224334	65	51	136	527	56	462	80	9	497.80833333333334	0.10810810810810811	0.4117647058823529	0.1712538226299694	0.9280680315382426
4	BGRU-CRF	0.9626731126558706	65	51	136	494	54	431	82	9	497.80833333333334	0.11134020618556702	0.39705882352941174	0.17391304347826086	0.8657950683830792
4	BGRU-CRF	0.9706877692486436	65	51	136	448	49	390	87	9	497.80833333333334	0.11161731207289294	0.3602941176470588	0.17043478260869566	0.7834340525972178
4	BGRU-CRF	0.9770226300899744	65	51	136	389	47	335	89	7	497.80833333333334	0.12303664921465969	0.34558823529411764	0.18146718146718147	0.6729497631283794
4	BGRU-CRF	0.9820137900379085	65	51	136	353	45	301	91	7	497.80833333333334	0.13005780346820808	0.33088235294117646	0.18672199170124482	0.6046503841840065
4	BGRU-CRF	0.9859363729567544	65	51	136	323	43	273	93	7	497.80833333333334	0.1360759493670886	0.3161764705882353	0.1902654867256637	0.5484038368180525
4	BGRU-CRF	0.9890130573694068	65	51	136	285	39	239	97	7	497.80833333333334	0.14028776978417265	0.2867647058823529	0.18840579710144928	0.4801044578736796
4	BGRU-CRF	0.991422514586288	65	51	136	262	37	218	99	7	497.80833333333334	0.1450980392156863	0.27205882352941174	0.18925831202046037	0.43791954734921407
4	BGRU-CRF	0.9933071490757153	65	51	136	237	36	195	100	6	497.80833333333334	0.15584415584415584	0.2647058823529412	0.19618528610354224	0.3917170262986089
4	BGRU-CRF	0.9947798743064417	65	51	136	215	31	178	105	6	497.80833333333334	0.14832535885167464	0.22794117647058823	0.17971014492753623	0.3575673368264225
4	BGRU-CRF	0.995929862284104	65	51	136	191	30	155	106	6	497.80833333333334	0.16216216216216217	0.22058823529411764	0.18691588785046728	0.3113648157758173
4	BGRU-CRF	0.9968273171575148	65	51	136	179	29	144	107	6	497.80833333333334	0.1676300578034682	0.21323529411764705	0.18770226537216828	0.2892679578820497
4	BGRU-CRF	0.9975273768433653	65	51	136	158	26	126	110	6	497.80833333333334	0.17105263157894737	0.19117647058823528	0.18055555555555555	0.25310946314679345
4	BGRU-CRF	0.9980732653366725	65	51	136	143	25	113	111	5	497.80833333333334	0.18115942028985507	0.18382352941176472	0.18248175182481752	0.2269949947268862
4	BGRU-CRF	0.998498817743263	65	51	136	131	25	101	111	5	497.80833333333334	0.1984126984126984	0.18382352941176472	0.19083969465648856	0.2028893315700487
4	BGRU-CRF	0.9988304897349445	65	51	136	112	24	83	112	5	497.80833333333334	0.22429906542056074	0.17647058823529413	0.19753086419753085	0.1667308368347925
4	BGRU-CRF	0.9990889488055994	65	51	136	100	23	73	113	4	497.80833333333334	0.23958333333333334	0.16911764705882354	0.19827586206896552	0.1466427842040946
4	BGRU-CRF	0.9992903296008995	65	51	136	84	18	62	118	4	497.80833333333334	0.225	0.1323529411764706	0.16666666666666666	0.12454592631032693
4	BGRU-CRF	0.9994472213630764	65	51	136	74	15	56	121	3	497.80833333333334	0.2112676056338028	0.11029411764705882	0.14492753623188406	0.1124930947319082
4	BGRU-CRF	0.9995694429186754	65	51	136	61	12	47	124	2	497.80833333333334	0.2033898305084746	0.08823529411764706	0.12307692307692308	0.09441384736428009
4	BGRU-CRF	0.9996646498695336	65	51	136	55	11	42	125	2	497.80833333333334	0.20754716981132076	0.08088235294117647	0.1164021164021164	0.08436982104893115
4	BGRU-CRF	0.9997388096809043	65	51	136	46	9	35	127	2	497.80833333333334	0.20454545454545456	0.0661764705882353	0.1	0.07030818420744263
4	BGRU-CRF	0.9997965730219448	65	51	136	40	8	30	128	2	497.80833333333334	0.21052631578947367	0.058823529411764705	0.09195402298850575	0.060264157892093675
4	BGRU-CRF	0.9998415637808975	65	51	136	34	7	25	129	2	497.80833333333334	0.21875	0.051470588235294115	0.08333333333333333	0.05022013157674473
4	BGRU-CRF	0.9998766054240137	65	51	136	29	6	21	130	2	497.80833333333334	0.2222222222222222	0.04411764705882353	0.0736196319018405	0.042184910524465574
4	BGRU-CRF	0.9999038975845005	65	51	136	21	6	13	130	2	497.80833333333334	0.3157894736842105	0.04411764705882353	0.07741935483870968	0.02611446841990726
4	BGRU-CRF	0.9999251537724895	65	51	136	18	5	11	131	2	497.80833333333334	0.3125	0.03676470588235294	0.06578947368421052	0.022096857893767682
4	BGRU-CRF	0.9999417087343389	65	51	136	15	4	9	132	2	497.80833333333334	0.3076923076923077	0.029411764705882353	0.053691275167785234	0.018079247367628105
4	BGRU-CRF	0.9999546021312976	65	51	136	11	3	6	133	2	497.80833333333334	0.3333333333333333	0.022058823529411766	0.041379310344827586	0.012052831578418735
4	BGRU-CRF	0.9999646437492582	65	51	136	10	3	5	133	2	497.80833333333334	0.375	0.022058823529411766	0.041666666666666664	0.010044026315348946
4	BGRU-CRF	0.9999724643088853	65	51	136	10	3	5	133	2	497.80833333333334	0.375	0.022058823529411766	0.041666666666666664	0.010044026315348946
4	BGRU-CRF	0.9999785550515792	65	51	136	9	2	5	134	2	497.80833333333334	0.2857142857142857	0.014705882352941176	0.027972027972027972	0.010044026315348946
4	BGRU-CRF	0.999983298578152	65	51	136	8	2	4	134	2	497.80833333333334	0.3333333333333333	0.014705882352941176	0.028169014084507043	0.008035221052279157
4	BGRU-CRF	0.9999869928715335	65	51	136	6	2	2	134	2	497.80833333333334	0.5	0.014705882352941176	0.02857142857142857	0.0040176105261395785
4	BGRU-CRF	0.9999898700090192	65	51	136	3	1	1	135	1	497.80833333333334	0.5	0.007352941176470588	0.014492753623188406	0.0020088052630697893
4	BGRU-CRF	0.9999921107374138	65	51	136	3	1	1	135	1	497.80833333333334	0.5	0.007352941176470588	0.014492753623188406	0.0020088052630697893
4	BGRU-CRF	0.9999938558253978	65	51	136	3	1	1	135	1	497.80833333333334	0.5	0.007352941176470588	0.014492753623188406	0.0020088052630697893
4	BGRU-CRF	0.9999952149055051	65	51	136	0	0	0	136	0	497.80833333333334		0.0	0.0	0.0
4	BGRU-CRF	0.9999962733607158	65	51	136	0	0	0	136	0	497.80833333333334		0.0	0.0	0.0
4	BGRU-CRF	0.9999970976880148	65	51	136	0	0	0	136	0	497.80833333333334		0.0	0.0	0.0
4	BGRU-CRF	0.999997739675702	65	51	136	0	0	0	136	0	497.80833333333334		0.0	0.0	0.0
4	BGRU-CRF	0.9999982396567868	65	51	136	0	0	0	136	0	497.80833333333334		0.0	0.0	0.0
4	BGRU-CRF	0.999998629042793	65	51	136	0	0	0	136	0	497.80833333333334		0.0	0.0	0.0
4	BGRU-CRF	0.9999989322971299	65	51	136	0	0	0	136	0	497.80833333333334		0.0	0.0	0.0
4	BGRU-CRF	0.9999991684719722	65	51	136	0	0	0	136	0	497.80833333333334		0.0	0.0	0.0
4	TCN-CRF	0.01	65	51	136	2969	83	2873	53	13	497.80833333333334	0.02807848443843031	0.6102941176470589	0.0536869340232859	5.7712975207995045
4	TCN-CRF	0.060000000000000005	65	51	136	2243	80	2152	56	11	497.80833333333334	0.035842293906810034	0.5882352941176471	0.06756756756756757	4.322948926126187
4	TCN-CRF	0.11	65	51	136	1982	77	1894	59	11	497.80833333333334	0.03906646372399797	0.5661764705882353	0.07308970099667775	3.8046771682541807
4	TCN-CRF	0.16000000000000003	65	51	136	1828	76	1742	60	10	497.80833333333334	0.041804180418041806	0.5588235294117647	0.07778915046059365	3.499338768267573
4	TCN-CRF	0.21000000000000002	65	51	136	1717	76	1631	60	10	497.80833333333334	0.04452255418863503	0.5588235294117647	0.08247422680412371	3.2763613840668264
4	TCN-CRF	0.26	65	51	136	1617	76	1531	60	10	497.80833333333334	0.04729309271935283	0.5588235294117647	0.08720596672403902	3.0754808577598474
4	TCN-CRF	0.31000000000000005	65	51	136	1523	77	1436	59	10	497.80833333333334	0.050892267019167214	0.5661764705882353	0.09338993329290479	2.8846443577682175
4	TCN-CRF	0.36000000000000004	65	51	136	1461	75	1376	61	10	497.80833333333334	0.051688490696071676	0.5514705882352942	0.0945179584120983	2.76411604198403
4	TCN-CRF	0.41000000000000003	65	51	136	1383	76	1297	60	10	497.80833333333334	0.055353241077931534	0.5588235294117647	0.10072895957587806	2.605420426201517
4	TCN-CRF	0.46	65	51	136	1324	73	1241	63	10	497.80833333333334	0.05555555555555555	0.5367647058823529	0.1006896551724138	2.4929273314696085
4	TCN-CRF	0.51	65	51	136	1272	72	1190	64	10	497.80833333333334	0.05705229793977813	0.5294117647058824	0.10300429184549356	2.390478263053049
4	TCN-CRF	0.56	65	51	136	1215	72	1133	64	10	497.80833333333334	0.05975103734439834	0.5294117647058824	0.10738255033557047	2.275976363058071
4	TCN-CRF	0.6100000000000001	65	51	136	1161	72	1079	64	10	497.80833333333334	0.06255430060816682	0.5294117647058824	0.11188811188811189	2.1675008788523025
4	TCN-CRF	0.66	65	51	136	1095	71	1014	65	10	497.80833333333334	0.06543778801843318	0.5220588235294118	0.1162981162981163	2.0369285367527663
4	TCN-CRF	0.7100000000000001	65	51	136	1037	69	958	67	10	497.80833333333334	0.06718597857838364	0.5073529411764706	0.11865864144453998	1.924435442020858
4	TCN-CRF	0.76	65	51	136	972	66	896	70	10	497.80833333333334	0.06860706860706861	0.4852941176470588	0.12021857923497267	1.7998895157105312
4	TCN-CRF	0.81	65	51	136	906	65	832	71	9	497.80833333333334	0.07246376811594203	0.47794117647058826	0.12584704743465633	1.6713259788740646
4	TCN-CRF	0.8600000000000001	65	51	136	822	62	751	74	9	497.80833333333334	0.07626076260762607	0.45588235294117646	0.13066385669125394	1.5086127525654116
4	TCN-CRF	0.91	65	51	136	747	58	681	78	8	497.80833333333334	0.07848443843031123	0.4264705882352941	0.13257142857142856	1.3679963841505265
4	TCN-CRF	0.9525741268224334	65	51	136	602	53	541	83	8	497.80833333333334	0.08922558922558922	0.3897058823529412	0.14520547945205478	1.086763647320756
4	TCN-CRF	0.9626731126558706	65	51	136	549	51	490	85	8	497.80833333333334	0.09426987060998152	0.375	0.15066469719350073	0.9843145789041967
4	TCN-CRF	0.9706877692486436	65	51	136	506	47	451	89	8	497.80833333333334	0.09437751004016064	0.34558823529411764	0.14826498422712933	0.905971173644475
4	TCN-CRF	0.9770226300899744	65	51	136	468	44	416	92	8	497.80833333333334	0.09565217391304348	0.3235294117647059	0.1476510067114094	0.8356629894370323
4	TCN-CRF	0.9820137900379085	65	51	136	440	42	390	94	8	497.80833333333334	0.09722222222222222	0.3088235294117647	0.14788732394366197	0.7834340525972178
4	TCN-CRF	0.9859363729567544	65	51	136	402	39	355	97	8	497.80833333333334	0.09898477157360407	0.2867647058823529	0.1471698113207547	0.7131258683897752
4	TCN-CRF	0.9890130573694068	65	51	136	362	38	316	98	8	497.80833333333334	0.10734463276836158	0.27941176470588236	0.15510204081632653	0.6347824631300534
4	TCN-CRF	0.991422514586288	65	51	136	328	35	286	101	7	497.80833333333334	0.10903426791277258	0.25735294117647056	0.15317286652078774	0.5745183052379598
4	TCN-CRF	0.9933071490757153	65	51	136	293	32	254	104	7	497.80833333333334	0.11188811188811189	0.23529411764705882	0.15165876777251186	0.5102365368197265
4	TCN-CRF	0.9947798743064417	65	51	136	270	32	231	104	7	497.80833333333334	0.12167300380228137	0.23529411764705882	0.16040100250626566	0.4640340157691213
4	TCN-CRF	0.995929862284104	65	51	136	249	32	211	104	6	497.80833333333334	0.13168724279835392	0.23529411764705882	0.16886543535620052	0.42385791050772553
4	TCN-CRF	0.9968273171575148	65	51	136	228	30	192	106	6	497.80833333333334	0.13513513513513514	0.22058823529411764	0.16759776536312848	0.3856906105093995
4	TCN-CRF	0.9975273768433653	65	51	136	213	29	178	107	6	497.80833333333334	0.14009661835748793	0.21323529411764705	0.16909620991253643	0.3575673368264225
4	TCN-CRF	0.9980732653366725	65	51	136	197	27	165	109	5	497.80833333333334	0.140625	0.19852941176470587	0.16463414634146342	0.3314528684065152
4	TCN-CRF	0.998498817743263	65	51	136	187	27	155	109	5	497.80833333333334	0.14835164835164835	0.19852941176470587	0.16981132075471697	0.3113648157758173
4	TCN-CRF	0.9988304897349445	65	51	136	165	23	137	113	5	497.80833333333334	0.14375	0.16911764705882354	0.1554054054054054	0.27520632104056114
4	TCN-CRF	0.9990889488055994	65	51	136	148	21	122	115	5	497.80833333333334	0.14685314685314685	0.15441176470588236	0.15053763440860216	0.24507424209451428
4	TCN-CRF	0.9992903296008995	65	51	136	135	20	110	116	5	497.80833333333334	0.15384615384615385	0.14705882352941177	0.15037593984962405	0.22096857893767682
4	TCN-CRF	0.9994472213630764	65	51	136	124	15	104	121	5	497.80833333333334	0.12605042016806722	0.11029411764705882	0.11764705882352941	0.20891574735925808
4	TCN-CRF	0.9995694429186754	65	51	136	111	14	92	122	5	497.80833333333334	0.1320754716981132	0.10294117647058823	0.11570247933884298	0.18481008420242062
4	TCN-CRF	0.9996646498695336	65	51	136	105	14	86	122	5	497.80833333333334	0.14	0.10294117647058823	0.11864406779661017	0.17275725262400188
4	TCN-CRF	0.9997388096809043	65	51	136	93	10	78	126	5	497.80833333333334	0.11363636363636363	0.07352941176470588	0.08928571428571429	0.15668681051944355
4	TCN-CRF	0.9997965730219448	65	51	136	89	10	74	126	5	497.80833333333334	0.11904761904761904	0.07352941176470588	0.09090909090909091	0.1486515894671644
4	TCN-CRF	0.9998415637808975	65	51	136	87	8	74	128	5	497.80833333333334	0.0975609756097561	0.058823529411764705	0.07339449541284404	0.1486515894671644
4	TCN-CRF	0.9998766054240137	65	51	136	81	7	69	129	5	497.80833333333334	0.09210526315789473	0.051470588235294115	0.0660377358490566	0.13860756315181547
4	TCN-CRF	0.9999038975845005	65	51	136	76	7	64	129	5	497.80833333333334	0.09859154929577464	0.051470588235294115	0.06763285024154589	0.1285635368364665
4	TCN-CRF	0.9999251537724895	65	51	136	71	7	59	129	5	497.80833333333334	0.10606060606060606	0.051470588235294115	0.06930693069306931	0.11851951052111756
4	TCN-CRF	0.9999417087343389	65	51	136	66	7	55	129	4	497.80833333333334	0.11290322580645161	0.051470588235294115	0.0707070707070707	0.11048428946883841
4	TCN-CRF	0.9999546021312976	65	51	136	58	7	47	129	4	497.80833333333334	0.12962962962962962	0.051470588235294115	0.07368421052631578	0.09441384736428009
4	TCN-CRF	0.9999646437492582	65	51	136	54	6	44	130	4	497.80833333333334	0.12	0.04411764705882353	0.06451612903225806	0.08838743157507073
4	TCN-CRF	0.9999724643088853	65	51	136	50	5	41	131	4	497.80833333333334	0.10869565217391304	0.03676470588235294	0.054945054945054944	0.08236101578586136
4	TCN-CRF	0.9999785550515792	65	51	136	49	5	40	131	4	497.80833333333334	0.1111111111111111	0.03676470588235294	0.055248618784530384	0.08035221052279157
4	TCN-CRF	0.999983298578152	65	51	136	45	5	36	131	4	497.80833333333334	0.12195121951219512	0.03676470588235294	0.05649717514124294	0.07231698947051242
4	TCN-CRF	0.9999869928715335	65	51	136	43	4	35	132	4	497.80833333333334	0.10256410256410256	0.029411764705882353	0.045714285714285714	0.07030818420744263
4	TCN-CRF	0.9999898700090192	65	51	136	43	4	35	132	4	497.80833333333334	0.10256410256410256	0.029411764705882353	0.045714285714285714	0.07030818420744263
4	TCN-CRF	0.9999921107374138	65	51	136	42	3	35	133	4	497.80833333333334	0.07894736842105263	0.022058823529411766	0.034482758620689655	0.07030818420744263
4	TCN-CRF	0.9999938558253978	65	51	136	37	3	32	133	2	497.80833333333334	0.08571428571428572	0.022058823529411766	0.03508771929824561	0.06428176841823326
4	TCN-CRF	0.9999952149055051	65	51	136	34	1	31	135	2	497.80833333333334	0.03125	0.007352941176470588	0.011904761904761904	0.062272963155163466
4	TCN-CRF	0.9999962733607158	65	51	136	33	0	31	136	2	497.80833333333334	0.0	0.0	0.0	0.062272963155163466
4	TCN-CRF	0.9999970976880148	65	51	136	31	0	30	136	1	497.80833333333334	0.0	0.0	0.0	0.060264157892093675
4	TCN-CRF	0.999997739675702	65	51	136	30	0	29	136	1	497.80833333333334	0.0	0.0	0.0	0.058255352629023885
4	TCN-CRF	0.9999982396567868	65	51	136	28	0	27	136	1	497.80833333333334	0.0	0.0	0.0	0.05423774210288431
4	TCN-CRF	0.999998629042793	65	51	136	28	0	27	136	1	497.80833333333334	0.0	0.0	0.0	0.05423774210288431
4	TCN-CRF	0.9999989322971299	65	51	136	28	0	27	136	1	497.80833333333334	0.0	0.0	0.0	0.05423774210288431
4	TCN-CRF	0.9999991684719722	65	51	136	28	0	27	136	1	497.80833333333334	0.0	0.0	0.0	0.05423774210288431
4	BLSTM-2H	0.01	65	51	136	1785	68	1706	68	11	497.80833333333334	0.038331454340473504	0.5	0.0712041884816754	3.4270217787970605
4	BLSTM-2H	0.060000000000000005	65	51	136	1415	66	1340	70	9	497.80833333333334	0.04694167852062589	0.4852941176470588	0.08560311284046693	2.6917990525135176
4	BLSTM-2H	0.11	65	51	136	1307	65	1233	71	9	497.80833333333334	0.05007704160246533	0.47794117647058826	0.09065550906555091	2.47685688936505
4	BLSTM-2H	0.16000000000000003	65	51	136	1214	64	1142	72	8	497.80833333333334	0.05306799336650083	0.47058823529411764	0.09538002980625931	2.2940556104256995
4	BLSTM-2H	0.21000000000000002	65	51	136	1127	63	1056	73	8	497.80833333333334	0.05630026809651475	0.4632352941176471	0.100398406374502	2.1212983578016975
4	BLSTM-2H	0.26	65	51	136	1048	61	979	75	8	497.80833333333334	0.058653846153846154	0.4485294117647059	0.10374149659863946	1.9666203525453236
4	BLSTM-2H	0.31000000000000005	65	51	136	989	58	924	78	7	497.80833333333334	0.059063136456211814	0.4264705882352941	0.1037567084078712	1.8561360630764852
4	BLSTM-2H	0.36000000000000004	65	51	136	925	55	863	81	7	497.80833333333334	0.05991285403050109	0.40441176470588236	0.10436432637571158	1.7335989420292282
4	BLSTM-2H	0.41000000000000003	65	51	136	868	55	806	81	7	497.80833333333334	0.06387921022067364	0.40441176470588236	0.11033099297893681	1.61909704203425
4	BLSTM-2H	0.46	65	51	136	819	55	756	81	8	497.80833333333334	0.06781750924784218	0.40441176470588236	0.11615628299894404	1.5186567788807606
4	BLSTM-2H	0.51	65	51	136	778	53	717	83	8	497.80833333333334	0.06883116883116883	0.3897058823529412	0.11699779249448124	1.440313373621039
4	BLSTM-2H	0.56	65	51	136	709	52	649	84	8	497.80833333333334	0.07417974322396577	0.38235294117647056	0.12425328554360812	1.3037146157322932
4	BLSTM-2H	0.6100000000000001	65	51	136	653	48	598	88	7	497.80833333333334	0.07430340557275542	0.35294117647058826	0.12276214833759591	1.2012655473157339
4	BLSTM-2H	0.66	65	51	136	597	46	544	90	7	497.80833333333334	0.07796610169491526	0.3382352941176471	0.12672176308539945	1.0927900631099654
4	BLSTM-2H	0.7100000000000001	65	51	136	545	45	493	91	7	497.80833333333334	0.08364312267657993	0.33088235294117646	0.13353115727002968	0.9903409946934061
4	BLSTM-2H	0.76	65	51	136	494	44	443	92	7	497.80833333333334	0.09034907597535935	0.3235294117647059	0.14125200642054575	0.8899007315399167
4	BLSTM-2H	0.81	65	51	136	440	41	392	95	7	497.80833333333334	0.09468822170900693	0.3014705882352941	0.14411247803163443	0.7874516631233573
4	BLSTM-2H	0.8600000000000001	65	51	136	384	39	338	97	7	497.80833333333334	0.10344827586206896	0.2867647058823529	0.15204678362573099	0.6789761789175888
4	BLSTM-2H	0.91	65	51	136	325	35	283	101	7	497.80833333333334	0.11006289308176101	0.25735294117647056	0.15418502202643172	0.5684918894487504
4	BLSTM-2H	0.9525741268224334	65	51	136	246	31	208	105	7	497.80833333333334	0.1297071129707113	0.22794117647058823	0.16533333333333333	0.41783149471851616
4	BLSTM-2H	0.9626731126558706	65	51	136	206	28	172	108	6	497.80833333333334	0.14	0.20588235294117646	0.16666666666666666	0.34551450524800376
4	BLSTM-2H	0.9706877692486436	65	51	136	167	24	138	112	5	497.80833333333334	0.14814814814814814	0.17647058823529413	0.1610738255033557	0.27721512630363093
4	BLSTM-2H	0.9770226300899744	65	51	136	138	22	112	114	4	497.80833333333334	0.16417910447761194	0.16176470588235295	0.16296296296296298	0.2249861894638164
4	BLSTM-2H	0.9820137900379085	65	51	136	114	19	91	117	4	497.80833333333334	0.17272727272727273	0.13970588235294118	0.15447154471544716	0.18280127893935083
4	BLSTM-2H	0.9859363729567544	65	51	136	92	15	73	121	4	497.80833333333334	0.17045454545454544	0.11029411764705882	0.13392857142857142	0.1466427842040946
4	BLSTM-2H	0.9890130573694068	65	51	136	73	11	58	125	4	497.80833333333334	0.15942028985507245	0.08088235294117647	0.1073170731707317	0.11651070525804777
4	BLSTM-2H	0.991422514586288	65	51	136	54	11	40	125	3	497.80833333333334	0.21568627450980393	0.08088235294117647	0.11764705882352941	0.08035221052279157
4	BLSTM-2H	0.9933071490757153	65	51	136	40	7	30	129	3	497.80833333333334	0.1891891891891892	0.051470588235294115	0.08092485549132948	0.060264157892093675
4	BLSTM-2H	0.9947798743064417	65	51	136	27	5	20	131	2	497.80833333333334	0.2	0.03676470588235294	0.062111801242236024	0.040176105261395784
4	BLSTM-2H	0.995929862284104	65	51	136	21	5	14	131	2	497.80833333333334	0.2631578947368421	0.03676470588235294	0.06451612903225806	0.02812327368297705
4	BLSTM-2H	0.9968273171575148	65	51	136	14	5	7	131	2	497.80833333333334	0.4166666666666667	0.03676470588235294	0.06756756756756757	0.014061636841488525
4	BLSTM-2H	0.9975273768433653	65	51	136	9	3	4	133	2	497.80833333333334	0.42857142857142855	0.022058823529411766	0.04195804195804196	0.008035221052279157
4	BLSTM-2H	0.9980732653366725	65	51	136	8	3	3	133	2	497.80833333333334	0.5	0.022058823529411766	0.04225352112676056	0.006026415789209367
4	BLSTM-2H	0.998498817743263	65	51	136	6	3	1	133	2	497.80833333333334	0.75	0.022058823529411766	0.04285714285714286	0.0020088052630697893
4	BLSTM-2H	0.9988304897349445	65	51	136	4	1	1	135	2	497.80833333333334	0.5	0.007352941176470588	0.014492753623188406	0.0020088052630697893
4	BLSTM-2H	0.9990889488055994	65	51	136	4	1	1	135	2	497.80833333333334	0.5	0.007352941176470588	0.014492753623188406	0.0020088052630697893
4	BLSTM-2H	0.9992903296008995	65	51	136	2	0	0	136	2	497.80833333333334		0.0	0.0	0.0
4	BLSTM-2H	0.9994472213630764	65	51	136	1	0	0	136	1	497.80833333333334		0.0	0.0	0.0
4	BLSTM-2H	0.9995694429186754	65	51	136	0	0	0	136	0	497.80833333333334		0.0	0.0	0.0
4	BLSTM-2H	0.9996646498695336	65	51	136	0	0	0	136	0	497.80833333333334		0.0	0.0	0.0
4	BLSTM-2H	0.9997388096809043	65	51	136	0	0	0	136	0	497.80833333333334		0.0	0.0	0.0
4	BLSTM-2H	0.9997965730219448	65	51	136	0	0	0	136	0	497.80833333333334		0.0	0.0	0.0
4	BLSTM-2H	0.9998415637808975	65	51	136	0	0	0	136	0	497.80833333333334		0.0	0.0	0.0
4	BLSTM-2H	0.9998766054240137	65	51	136	0	0	0	136	0	497.80833333333334		0.0	0.0	0.0
4	BLSTM-2H	0.9999038975845005	65	51	136	0	0	0	136	0	497.80833333333334		0.0	0.0	0.0
4	BLSTM-2H	0.9999251537724895	65	51	136	0	0	0	136	0	497.80833333333334		0.0	0.0	0.0
4	BLSTM-2H	0.9999417087343389	65	51	136	0	0	0	136	0	497.80833333333334		0.0	0.0	0.0
4	BLSTM-2H	0.9999546021312976	65	51	136	0	0	0	136	0	497.80833333333334		0.0	0.0	0.0
4	BLSTM-2H	0.9999646437492582	65	51	136	0	0	0	136	0	497.80833333333334		0.0	0.0	0.0
4	BLSTM-2H	0.9999724643088853	65	51	136	0	0	0	136	0	497.80833333333334		0.0	0.0	0.0
4	BLSTM-2H	0.9999785550515792	65	51	136	0	0	0	136	0	497.80833333333334		0.0	0.0	0.0
4	BLSTM-2H	0.999983298578152	65	51	136	0	0	0	136	0	497.80833333333334		0.0	0.0	0.0
4	BLSTM-2H	0.9999869928715335	65	51	136	0	0	0	136	0	497.80833333333334		0.0	0.0	0.0
4	BLSTM-2H	0.9999898700090192	65	51	136	0	0	0	136	0	497.80833333333334		0.0	0.0	0.0
4	BLSTM-2H	0.9999921107374138	65	51	136	0	0	0	136	0	497.80833333333334		0.0	0.0	0.0
4	BLSTM-2H	0.9999938558253978	65	51	136	0	0	0	136	0	497.80833333333334		0.0	0.0	0.0
4	BLSTM-2H	0.9999952149055051	65	51	136	0	0	0	136	0	497.80833333333334		0.0	0.0	0.0
4	BLSTM-2H	0.9999962733607158	65	51	136	0	0	0	136	0	497.80833333333334		0.0	0.0	0.0
4	BLSTM-2H	0.9999970976880148	65	51	136	0	0	0	136	0	497.80833333333334		0.0	0.0	0.0
4	BLSTM-2H	0.999997739675702	65	51	136	0	0	0	136	0	497.80833333333334		0.0	0.0	0.0
4	BLSTM-2H	0.9999982396567868	65	51	136	0	0	0	136	0	497.80833333333334		0.0	0.0	0.0
4	BLSTM-2H	0.999998629042793	65	51	136	0	0	0	136	0	497.80833333333334		0.0	0.0	0.0
4	BLSTM-2H	0.9999989322971299	65	51	136	0	0	0	136	0	497.80833333333334		0.0	0.0	0.0
4	BLSTM-2H	0.9999991684719722	65	51	136	0	0	0	136	0	497.80833333333334		0.0	0.0	0.0
5	BLSTM-CRF	0.01	65	52	158	2889	97	2780	61	12	499.46666666666664	0.033715676051442475	0.6139240506329114	0.06392092257001647	5.565936999466097
5	BLSTM-CRF	0.060000000000000005	65	52	158	2139	96	2033	62	10	499.46666666666664	0.04509159229685298	0.6075949367088608	0.08395277656318322	4.070341697810998
5	BLSTM-CRF	0.11	65	52	158	1903	94	1799	64	10	499.46666666666664	0.04965662968832541	0.5949367088607594	0.0916626036079961	3.6018419647624134
5	BLSTM-CRF	0.16000000000000003	65	52	158	1756	93	1653	65	10	499.46666666666664	0.05326460481099656	0.5886075949367089	0.0976890756302521	3.3095301655098774
5	BLSTM-CRF	0.21000000000000002	65	52	158	1642	92	1540	66	10	499.46666666666664	0.056372549019607844	0.5822784810126582	0.10279329608938548	3.0832888414308597
5	BLSTM-CRF	0.26	65	52	158	1546	91	1445	67	10	499.46666666666664	0.059244791666666664	0.5759493670886076	0.10743801652892562	2.8930859583555795
5	BLSTM-CRF	0.31000000000000005	65	52	158	1486	91	1385	67	10	499.46666666666664	0.061653116531165314	0.5759493670886076	0.11138310893512852	2.772957821676455
5	BLSTM-CRF	0.36000000000000004	65	52	158	1421	89	1322	69	10	499.46666666666664	0.06307583274273565	0.5632911392405063	0.11344805608667942	2.6468232781633745
5	BLSTM-CRF	0.41000000000000003	65	52	158	1335	89	1236	69	10	499.46666666666664	0.06716981132075471	0.5632911392405063	0.12002697235333783	2.474639615589963
5	BLSTM-CRF	0.46	65	52	158	1266	88	1169	70	9	499.46666666666664	0.07000795544948289	0.5569620253164557	0.12438162544169612	2.3404965296316074
5	BLSTM-CRF	0.51	65	52	158	1205	86	1110	72	9	499.46666666666664	0.07190635451505016	0.5443037974683544	0.12703101920236337	2.2223705285638014
5	BLSTM-CRF	0.56	65	52	158	1147	86	1052	72	9	499.46666666666664	0.07557117750439367	0.5443037974683544	0.13271604938271606	2.1062466631073145
5	BLSTM-CRF	0.6100000000000001	65	52	158	1105	84	1012	74	9	499.46666666666664	0.07664233576642336	0.5316455696202531	0.1339712918660287	2.026161238654565
5	BLSTM-CRF	0.66	65	52	158	1047	83	955	75	9	499.46666666666664	0.07996146435452794	0.5253164556962026	0.13879598662207357	1.9120395088093969
5	BLSTM-CRF	0.7100000000000001	65	52	158	989	81	899	77	9	499.46666666666664	0.0826530612244898	0.5126582278481012	0.14235500878734622	1.7999199145755473
5	BLSTM-CRF	0.76	65	52	158	934	77	848	81	9	499.46666666666664	0.08324324324324324	0.4873417721518987	0.14219759926131118	1.6978109983982916
5	BLSTM-CRF	0.81	65	52	158	863	74	781	84	8	499.46666666666664	0.08654970760233918	0.46835443037974683	0.14610069101678183	1.563667912439936
5	BLSTM-CRF	0.8600000000000001	65	52	158	780	71	701	87	8	499.46666666666664	0.09196891191709844	0.44936708860759494	0.15268817204301074	1.4034970635344368
5	BLSTM-CRF	0.91	65	52	158	698	65	626	93	7	499.46666666666664	0.09406657018813314	0.41139240506329117	0.15312131919905772	1.2533368926855313
5	BLSTM-CRF	0.9525741268224334	65	52	158	595	61	528	97	6	499.46666666666664	0.1035653650254669	0.3860759493670886	0.16331994645247658	1.0571276027762948
5	BLSTM-CRF	0.9626731126558706	65	52	158	545	58	481	100	6	499.46666666666664	0.10760667903525047	0.3670886075949367	0.16642754662840745	0.963027229044314
5	BLSTM-CRF	0.9706877692486436	65	52	158	506	57	443	101	6	499.46666666666664	0.114	0.36075949367088606	0.17325227963525835	0.8869460758142018
5	BLSTM-CRF	0.9770226300899744	65	52	158	472	55	412	103	5	499.46666666666664	0.11777301927194861	0.34810126582278483	0.176	0.8248798718633209
5	BLSTM-CRF	0.9820137900379085	65	52	158	438	54	379	104	5	499.46666666666664	0.12471131639722864	0.34177215189873417	0.18274111675126903	0.7588093966898025
5	BLSTM-CRF	0.9859363729567544	65	52	158	412	52	355	106	5	499.46666666666664	0.12776412776412777	0.3291139240506329	0.184070796460177	0.7107581420181527
5	BLSTM-CRF	0.9890130573694068	65	52	158	378	49	324	109	5	499.46666666666664	0.13136729222520108	0.310126582278481	0.18455743879472694	0.6486919380672718
5	BLSTM-CRF	0.991422514586288	65	52	158	345	48	292	110	5	499.46666666666664	0.1411764705882353	0.3037974683544304	0.1927710843373494	0.5846235985050721
5	BLSTM-CRF	0.9933071490757153	65	52	158	314	43	266	115	5	499.46666666666664	0.13915857605177995	0.2721518987341772	0.1841541755888651	0.5325680726107849
5	BLSTM-CRF	0.9947798743064417	65	52	158	292	40	247	118	5	499.46666666666664	0.13937282229965156	0.25316455696202533	0.1797752808988764	0.4945274959957288
5	BLSTM-CRF	0.995929862284104	65	52	158	265	38	222	120	5	499.46666666666664	0.14615384615384616	0.24050632911392406	0.18181818181818182	0.4444741057127603
5	BLSTM-CRF	0.9968273171575148	65	52	158	239	37	197	121	5	499.46666666666664	0.1581196581196581	0.23417721518987342	0.18877551020408162	0.3944207154297918
5	BLSTM-CRF	0.9975273768433653	65	52	158	229	36	189	122	4	499.46666666666664	0.16	0.22784810126582278	0.18798955613577023	0.37840363053924186
5	BLSTM-CRF	0.9980732653366725	65	52	158	212	34	174	124	4	499.46666666666664	0.16346153846153846	0.21518987341772153	0.18579234972677597	0.3483715963694608
5	BLSTM-CRF	0.998498817743263	65	52	158	188	30	154	128	4	499.46666666666664	0.16304347826086957	0.189873417721519	0.17543859649122806	0.30832888414308596
5	BLSTM-CRF	0.9988304897349445	65	52	158	171	29	139	129	3	499.46666666666664	0.17261904761904762	0.18354430379746836	0.17791411042944785	0.2782968499733049
5	BLSTM-CRF	0.9990889488055994	65	52	158	144	26	116	132	2	499.46666666666664	0.18309859154929578	0.16455696202531644	0.17333333333333334	0.23224773091297385
5	BLSTM-CRF	0.9992903296008995	65	52	158	124	24	99	134	1	499.46666666666664	0.1951219512195122	0.1518987341772152	0.1708185053380783	0.19821142552055526
5	BLSTM-CRF	0.9994472213630764	65	52	158	104	22	81	136	1	499.46666666666664	0.21359223300970873	0.13924050632911392	0.1685823754789272	0.16217298451681794
5	BLSTM-CRF	0.9995694429186754	65	52	158	90	22	67	136	1	499.46666666666664	0.24719101123595505	0.13924050632911392	0.17813765182186234	0.13414308595835558
5	BLSTM-CRF	0.9996646498695336	65	52	158	79	20	58	138	1	499.46666666666664	0.2564102564102564	0.12658227848101267	0.1694915254237288	0.11612386545648692
5	BLSTM-CRF	0.9997388096809043	65	52	158	72	17	55	141	0	499.46666666666664	0.2361111111111111	0.10759493670886076	0.14782608695652175	0.11011745862253071
5	BLSTM-CRF	0.9997965730219448	65	52	158	57	14	43	144	0	499.46666666666664	0.24561403508771928	0.08860759493670886	0.13023255813953488	0.08609183128670582
5	BLSTM-CRF	0.9998415637808975	65	52	158	46	13	33	145	0	499.46666666666664	0.2826086956521739	0.08227848101265822	0.12745098039215685	0.06607047517351843
5	BLSTM-CRF	0.9998766054240137	65	52	158	39	11	28	147	0	499.46666666666664	0.28205128205128205	0.06962025316455696	0.1116751269035533	0.05605979711692472
5	BLSTM-CRF	0.9999038975845005	65	52	158	32	10	22	148	0	499.46666666666664	0.3125	0.06329113924050633	0.10526315789473684	0.044046983449012284
5	BLSTM-CRF	0.9999251537724895	65	52	158	24	7	17	151	0	499.46666666666664	0.2916666666666667	0.04430379746835443	0.07692307692307693	0.03403630539241858
5	BLSTM-CRF	0.9999417087343389	65	52	158	16	5	11	153	0	499.46666666666664	0.3125	0.03164556962025317	0.05747126436781609	0.022023491724506142
5	BLSTM-CRF	0.9999546021312976	65	52	158	14	4	10	154	0	499.46666666666664	0.2857142857142857	0.02531645569620253	0.046511627906976744	0.0200213561131874
5	BLSTM-CRF	0.9999646437492582	65	52	158	10	2	8	156	0	499.46666666666664	0.2	0.012658227848101266	0.023809523809523808	0.01601708489054992
5	BLSTM-CRF	0.9999724643088853	65	52	158	6	0	6	158	0	499.46666666666664	0.0	0.0	0.0	0.012012813667912441
5	BLSTM-CRF	0.9999785550515792	65	52	158	6	0	6	158	0	499.46666666666664	0.0	0.0	0.0	0.012012813667912441
5	BLSTM-CRF	0.999983298578152	65	52	158	5	0	5	158	0	499.46666666666664	0.0	0.0	0.0	0.0100106780565937
5	BLSTM-CRF	0.9999869928715335	65	52	158	4	0	4	158	0	499.46666666666664	0.0	0.0	0.0	0.00800854244527496
5	BLSTM-CRF	0.9999898700090192	65	52	158	3	0	3	158	0	499.46666666666664	0.0	0.0	0.0	0.006006406833956221
5	BLSTM-CRF	0.9999921107374138	65	52	158	2	0	2	158	0	499.46666666666664	0.0	0.0	0.0	0.00400427122263748
5	BLSTM-CRF	0.9999938558253978	65	52	158	1	0	1	158	0	499.46666666666664	0.0	0.0	0.0	0.00200213561131874
5	BLSTM-CRF	0.9999952149055051	65	52	158	1	0	1	158	0	499.46666666666664	0.0	0.0	0.0	0.00200213561131874
5	BLSTM-CRF	0.9999962733607158	65	52	158	0	0	0	158	0	499.46666666666664		0.0	0.0	0.0
5	BLSTM-CRF	0.9999970976880148	65	52	158	0	0	0	158	0	499.46666666666664		0.0	0.0	0.0
5	BLSTM-CRF	0.999997739675702	65	52	158	0	0	0	158	0	499.46666666666664		0.0	0.0	0.0
5	BLSTM-CRF	0.9999982396567868	65	52	158	0	0	0	158	0	499.46666666666664		0.0	0.0	0.0
5	BLSTM-CRF	0.999998629042793	65	52	158	0	0	0	158	0	499.46666666666664		0.0	0.0	0.0
5	BLSTM-CRF	0.9999989322971299	65	52	158	0	0	0	158	0	499.46666666666664		0.0	0.0	0.0
5	BLSTM-CRF	0.9999991684719722	65	52	158	0	0	0	158	0	499.46666666666664		0.0	0.0	0.0
5	BGRU-CRF	0.01	65	52	158	2996	104	2880	54	12	499.46666666666664	0.03485254691689008	0.6582278481012658	0.06619987269255251	5.766150560597971
5	BGRU-CRF	0.060000000000000005	65	52	158	2172	100	2062	58	10	499.46666666666664	0.04625346901017576	0.6329113924050633	0.08620689655172414	4.128403630539242
5	BGRU-CRF	0.11	65	52	158	1932	100	1822	58	10	499.46666666666664	0.05202913631633715	0.6329113924050633	0.09615384615384616	3.6478910838227443
5	BGRU-CRF	0.16000000000000003	65	52	158	1766	96	1660	62	10	499.46666666666664	0.05466970387243736	0.6075949367088608	0.10031347962382445	3.3235451147891086
5	BGRU-CRF	0.21000000000000002	65	52	158	1641	94	1538	64	9	499.46666666666664	0.05759803921568627	0.5949367088607594	0.10502793296089385	3.0792845702082223
5	BGRU-CRF	0.26	65	52	158	1533	92	1432	66	9	499.46666666666664	0.06036745406824147	0.5822784810126582	0.10939357907253269	2.8670581954084358
5	BGRU-CRF	0.31000000000000005	65	52	158	1454	91	1354	67	9	499.46666666666664	0.0629757785467128	0.5759493670886076	0.11353711790393013	2.710891617725574
5	BGRU-CRF	0.36000000000000004	65	52	158	1395	91	1295	67	9	499.46666666666664	0.06565656565656566	0.5759493670886076	0.11787564766839378	2.5927656166577684
5	BGRU-CRF	0.41000000000000003	65	52	158	1332	90	1233	68	9	499.46666666666664	0.06802721088435375	0.569620253164557	0.12153950033760973	2.4686332087560063
5	BGRU-CRF	0.46	65	52	158	1268	90	1170	68	8	499.46666666666664	0.07142857142857142	0.569620253164557	0.12693935119887165	2.342498665242926
5	BGRU-CRF	0.51	65	52	158	1213	89	1117	69	7	499.46666666666664	0.07379767827529021	0.5632911392405063	0.13049853372434017	2.2363854778430325
5	BGRU-CRF	0.56	65	52	158	1154	88	1059	70	7	499.46666666666664	0.07672188317349608	0.5569620253164557	0.13486590038314175	2.1202616123865456
5	BGRU-CRF	0.6100000000000001	65	52	158	1098	86	1005	72	7	499.46666666666664	0.07882676443629698	0.5443037974683544	0.1377101681345076	2.012146289375334
5	BGRU-CRF	0.66	65	52	158	1046	82	957	76	7	499.46666666666664	0.07892204042348412	0.5189873417721519	0.13700918964076858	1.9160437800320342
5	BGRU-CRF	0.7100000000000001	65	52	158	984	78	899	80	7	499.46666666666664	0.07983623336745138	0.4936708860759494	0.13744493392070484	1.7999199145755473
5	BGRU-CRF	0.76	65	52	158	920	74	839	84	7	499.46666666666664	0.08105147864184009	0.46835443037974683	0.13818860877684408	1.6797917778964229
5	BGRU-CRF	0.81	65	52	158	842	73	763	85	6	499.46666666666664	0.08732057416267942	0.4620253164556962	0.14688128772635814	1.5276294714361986
5	BGRU-CRF	0.8600000000000001	65	52	158	781	72	703	86	6	499.46666666666664	0.09290322580645162	0.45569620253164556	0.15434083601286175	1.4075013347570744
5	BGRU-CRF	0.91	65	52	158	681	68	608	90	5	499.46666666666664	0.10059171597633136	0.43037974683544306	0.1630695443645084	1.217298451681794
5	BGRU-CRF	0.9525741268224334	65	52	158	552	58	489	100	5	499.46666666666664	0.10603290676416818	0.3670886075949367	0.16453900709219857	0.9790443139348639
5	BGRU-CRF	0.9626731126558706	65	52	158	510	58	447	100	5	499.46666666666664	0.11485148514851486	0.3670886075949367	0.17496229260935142	0.8949546182594769
5	BGRU-CRF	0.9706877692486436	65	52	158	466	51	410	107	5	499.46666666666664	0.11062906724511931	0.3227848101265823	0.16478190630048464	0.8208756006406834
5	BGRU-CRF	0.9770226300899744	65	52	158	433	48	380	110	5	499.46666666666664	0.11214953271028037	0.3037974683544304	0.16382252559726962	0.7608115323011212
5	BGRU-CRF	0.9820137900379085	65	52	158	397	48	344	110	5	499.46666666666664	0.12244897959183673	0.3037974683544304	0.17454545454545456	0.6887346502936466
5	BGRU-CRF	0.9859363729567544	65	52	158	358	46	307	112	5	499.46666666666664	0.13031161473087818	0.2911392405063291	0.18003913894324852	0.6146556326748532
5	BGRU-CRF	0.9890130573694068	65	52	158	333	44	284	114	5	499.46666666666664	0.13414634146341464	0.27848101265822783	0.18106995884773663	0.5686065136145222
5	BGRU-CRF	0.991422514586288	65	52	158	293	41	247	117	5	499.46666666666664	0.1423611111111111	0.25949367088607594	0.18385650224215247	0.4945274959957288
5	BGRU-CRF	0.9933071490757153	65	52	158	272	41	227	117	4	499.46666666666664	0.15298507462686567	0.25949367088607594	0.19248826291079812	0.45448478376935403
5	BGRU-CRF	0.9947798743064417	65	52	158	254	39	211	119	4	499.46666666666664	0.156	0.2468354430379747	0.19117647058823528	0.4224506139882542
5	BGRU-CRF	0.995929862284104	65	52	158	228	37	187	121	4	499.46666666666664	0.16517857142857142	0.23417721518987342	0.193717277486911	0.3743993593166044
5	BGRU-CRF	0.9968273171575148	65	52	158	207	36	167	122	4	499.46666666666664	0.17733990147783252	0.22784810126582278	0.1994459833795014	0.3343566470902296
5	BGRU-CRF	0.9975273768433653	65	52	158	187	35	148	123	4	499.46666666666664	0.1912568306010929	0.22151898734177214	0.20527859237536658	0.29631607047517355
5	BGRU-CRF	0.9980732653366725	65	52	158	176	34	138	124	4	499.46666666666664	0.19767441860465115	0.21518987341772153	0.20606060606060606	0.27629471436198616
5	BGRU-CRF	0.998498817743263	65	52	158	154	31	120	127	3	499.46666666666664	0.2052980132450331	0.1962025316455696	0.20064724919093851	0.2402562733582488
5	BGRU-CRF	0.9988304897349445	65	52	158	134	29	102	129	3	499.46666666666664	0.22137404580152673	0.18354430379746836	0.20069204152249134	0.2042178323545115
5	BGRU-CRF	0.9990889488055994	65	52	158	124	28	93	130	3	499.46666666666664	0.23140495867768596	0.17721518987341772	0.2007168458781362	0.18619861185264283
5	BGRU-CRF	0.9992903296008995	65	52	158	110	26	81	132	3	499.46666666666664	0.24299065420560748	0.16455696202531644	0.19622641509433963	0.16217298451681794
5	BGRU-CRF	0.9994472213630764	65	52	158	96	25	68	133	3	499.46666666666664	0.26881720430107525	0.15822784810126583	0.199203187250996	0.13614522156967432
5	BGRU-CRF	0.9995694429186754	65	52	158	81	22	57	136	2	499.46666666666664	0.27848101265822783	0.13924050632911392	0.18565400843881857	0.11412172984516819
5	BGRU-CRF	0.9996646498695336	65	52	158	71	22	47	136	2	499.46666666666664	0.3188405797101449	0.13924050632911392	0.19383259911894274	0.09410037373198078
5	BGRU-CRF	0.9997388096809043	65	52	158	57	14	41	144	2	499.46666666666664	0.2545454545454545	0.08860759493670886	0.13145539906103287	0.08208756006406834
5	BGRU-CRF	0.9997965730219448	65	52	158	51	11	38	147	2	499.46666666666664	0.22448979591836735	0.06962025316455696	0.10628019323671498	0.07608115323011212
5	BGRU-CRF	0.9998415637808975	65	52	158	45	10	33	148	2	499.46666666666664	0.23255813953488372	0.06329113924050633	0.09950248756218906	0.06607047517351843
5	BGRU-CRF	0.9998766054240137	65	52	158	40	9	30	149	1	499.46666666666664	0.23076923076923078	0.056962025316455694	0.09137055837563451	0.0600640683395622
5	BGRU-CRF	0.9999038975845005	65	52	158	34	8	25	150	1	499.46666666666664	0.24242424242424243	0.05063291139240506	0.08376963350785341	0.0500533902829685
5	BGRU-CRF	0.9999251537724895	65	52	158	26	6	19	152	1	499.46666666666664	0.24	0.0379746835443038	0.06557377049180328	0.03804057661505606
5	BGRU-CRF	0.9999417087343389	65	52	158	22	4	17	154	1	499.46666666666664	0.19047619047619047	0.02531645569620253	0.0446927374301676	0.03403630539241858
5	BGRU-CRF	0.9999546021312976	65	52	158	20	3	16	155	1	499.46666666666664	0.15789473684210525	0.0189873417721519	0.03389830508474576	0.03203416978109984
5	BGRU-CRF	0.9999646437492582	65	52	158	17	3	13	155	1	499.46666666666664	0.1875	0.0189873417721519	0.034482758620689655	0.02602776294714362
5	BGRU-CRF	0.9999724643088853	65	52	158	14	3	10	155	1	499.46666666666664	0.23076923076923078	0.0189873417721519	0.03508771929824561	0.0200213561131874
5	BGRU-CRF	0.9999785550515792	65	52	158	14	3	10	155	1	499.46666666666664	0.23076923076923078	0.0189873417721519	0.03508771929824561	0.0200213561131874
5	BGRU-CRF	0.999983298578152	65	52	158	11	1	9	157	1	499.46666666666664	0.1	0.006329113924050633	0.011904761904761904	0.01801922050186866
5	BGRU-CRF	0.9999869928715335	65	52	158	8	1	7	157	0	499.46666666666664	0.125	0.006329113924050633	0.012048192771084338	0.01401494927923118
5	BGRU-CRF	0.9999898700090192	65	52	158	8	1	7	157	0	499.46666666666664	0.125	0.006329113924050633	0.012048192771084338	0.01401494927923118
5	BGRU-CRF	0.9999921107374138	65	52	158	8	1	7	157	0	499.46666666666664	0.125	0.006329113924050633	0.012048192771084338	0.01401494927923118
5	BGRU-CRF	0.9999938558253978	65	52	158	8	1	7	157	0	499.46666666666664	0.125	0.006329113924050633	0.012048192771084338	0.01401494927923118
5	BGRU-CRF	0.9999952149055051	65	52	158	7	1	6	157	0	499.46666666666664	0.14285714285714285	0.006329113924050633	0.012121212121212121	0.012012813667912441
5	BGRU-CRF	0.9999962733607158	65	52	158	6	1	5	157	0	499.46666666666664	0.16666666666666666	0.006329113924050633	0.012195121951219513	0.0100106780565937
5	BGRU-CRF	0.9999970976880148	65	52	158	5	0	5	158	0	499.46666666666664	0.0	0.0	0.0	0.0100106780565937
5	BGRU-CRF	0.999997739675702	65	52	158	4	0	4	158	0	499.46666666666664	0.0	0.0	0.0	0.00800854244527496
5	BGRU-CRF	0.9999982396567868	65	52	158	3	0	3	158	0	499.46666666666664	0.0	0.0	0.0	0.006006406833956221
5	BGRU-CRF	0.999998629042793	65	52	158	2	0	2	158	0	499.46666666666664	0.0	0.0	0.0	0.00400427122263748
5	BGRU-CRF	0.9999989322971299	65	52	158	1	0	1	158	0	499.46666666666664	0.0	0.0	0.0	0.00200213561131874
5	BGRU-CRF	0.9999991684719722	65	52	158	0	0	0	158	0	499.46666666666664		0.0	0.0	0.0
5	TCN-CRF	0.01	65	52	158	3396	109	3272	49	15	499.46666666666664	0.03223898254954156	0.689873417721519	0.061599321842328345	6.550987720234917
5	TCN-CRF	0.060000000000000005	65	52	158	2461	106	2342	52	13	499.46666666666664	0.04330065359477124	0.6708860759493671	0.08135072908672294	4.6890016017084895
5	TCN-CRF	0.11	65	52	158	2171	105	2054	53	12	499.46666666666664	0.04863362667901806	0.6645569620253164	0.09063444108761329	4.112386545648692
5	TCN-CRF	0.16000000000000003	65	52	158	2023	104	1907	54	12	499.46666666666664	0.05171556439582297	0.6582278481012658	0.0958967266021208	3.8180726107848373
5	TCN-CRF	0.21000000000000002	65	52	158	1883	104	1767	54	12	499.46666666666664	0.05558524853019776	0.6582278481012658	0.10251355347461803	3.537773625200214
5	TCN-CRF	0.26	65	52	158	1760	103	1646	55	11	499.46666666666664	0.05889079473985134	0.6518987341772152	0.108023072889355	3.2955152162306462
5	TCN-CRF	0.31000000000000005	65	52	158	1672	103	1558	55	11	499.46666666666664	0.062010836845273934	0.6518987341772152	0.11324903793293019	3.1193272824345972
5	TCN-CRF	0.36000000000000004	65	52	158	1586	99	1476	59	11	499.46666666666664	0.06285714285714286	0.6265822784810127	0.1142527409117138	2.9551521623064603
5	TCN-CRF	0.41000000000000003	65	52	158	1509	98	1400	60	11	499.46666666666664	0.06542056074766354	0.620253164556962	0.11835748792270531	2.8029898558462363
5	TCN-CRF	0.46	65	52	158	1436	99	1326	59	11	499.46666666666664	0.06947368421052631	0.6265822784810127	0.12507896399241947	2.654831820608649
5	TCN-CRF	0.51	65	52	158	1371	98	1262	60	11	499.46666666666664	0.07205882352941176	0.620253164556962	0.12911725955204217	2.52669514148425
5	TCN-CRF	0.56	65	52	158	1318	97	1211	61	10	499.46666666666664	0.07415902140672782	0.6139240506329114	0.13233287858117326	2.424586225306994
5	TCN-CRF	0.6100000000000001	65	52	158	1250	96	1144	62	10	499.46666666666664	0.07741935483870968	0.6075949367088608	0.13733905579399142	2.2904431393486386
5	TCN-CRF	0.66	65	52	158	1189	94	1085	64	10	499.46666666666664	0.07972858354537744	0.5949367088607594	0.1406133133881825	2.172317138280833
5	TCN-CRF	0.7100000000000001	65	52	158	1130	92	1028	66	10	499.46666666666664	0.08214285714285714	0.5822784810126582	0.14397496087636932	2.058195408435665
5	TCN-CRF	0.76	65	52	158	1054	90	954	68	10	499.46666666666664	0.08620689655172414	0.569620253164557	0.1497504159733777	1.910037373198078
5	TCN-CRF	0.81	65	52	158	973	88	875	70	10	499.46666666666664	0.09138110072689512	0.5569620253164557	0.15700267618198038	1.7518686599038975
5	TCN-CRF	0.8600000000000001	65	52	158	872	85	778	73	9	499.46666666666664	0.0984936268829664	0.5379746835443038	0.1665034280117532	1.5576615056059797
5	TCN-CRF	0.91	65	52	158	732	80	643	78	9	499.46666666666664	0.11065006915629322	0.5063291139240507	0.18161180476730987	1.28737319807795
5	TCN-CRF	0.9525741268224334	65	52	158	626	74	543	84	9	499.46666666666664	0.11993517017828201	0.46835443037974683	0.19096774193548388	1.0871596369460759
5	TCN-CRF	0.9626731126558706	65	52	158	571	72	490	86	9	499.46666666666664	0.12811387900355872	0.45569620253164556	0.2	0.9810464495461827
5	TCN-CRF	0.9706877692486436	65	52	158	531	70	452	88	9	499.46666666666664	0.13409961685823754	0.4430379746835443	0.20588235294117646	0.9049652963160705
5	TCN-CRF	0.9770226300899744	65	52	158	489	67	413	91	9	499.46666666666664	0.13958333333333334	0.4240506329113924	0.21003134796238246	0.8268820074746397
5	TCN-CRF	0.9820137900379085	65	52	158	454	63	382	95	9	499.46666666666664	0.14157303370786517	0.3987341772151899	0.208955223880597	0.7648158035237587
5	TCN-CRF	0.9859363729567544	65	52	158	421	62	350	96	9	499.46666666666664	0.15048543689320387	0.3924050632911392	0.21754385964912282	0.7007474639615591
5	TCN-CRF	0.9890130573694068	65	52	158	385	62	314	96	9	499.46666666666664	0.16489361702127658	0.3924050632911392	0.23220973782771537	0.6286705819540844
5	TCN-CRF	0.991422514586288	65	52	158	358	60	289	98	9	499.46666666666664	0.17191977077363896	0.379746835443038	0.23668639053254437	0.5786171916711159
5	TCN-CRF	0.9933071490757153	65	52	158	325	55	261	103	9	499.46666666666664	0.17405063291139242	0.34810126582278483	0.2320675105485232	0.5225573945541911
5	TCN-CRF	0.9947798743064417	65	52	158	299	47	243	111	9	499.46666666666664	0.16206896551724137	0.2974683544303797	0.20982142857142858	0.4865189535504538
5	TCN-CRF	0.995929862284104	65	52	158	281	42	230	116	9	499.46666666666664	0.15441176470588236	0.26582278481012656	0.19534883720930232	0.46049119060331023
5	TCN-CRF	0.9968273171575148	65	52	158	255	40	208	118	7	499.46666666666664	0.16129032258064516	0.25316455696202533	0.19704433497536947	0.4164442071542979
5	TCN-CRF	0.9975273768433653	65	52	158	231	36	189	122	6	499.46666666666664	0.16	0.22784810126582278	0.18798955613577023	0.37840363053924186
5	TCN-CRF	0.9980732653366725	65	52	158	212	36	170	122	6	499.46666666666664	0.17475728155339806	0.22784810126582278	0.1978021978021978	0.3403630539241858
5	TCN-CRF	0.998498817743263	65	52	158	188	29	153	129	6	499.46666666666664	0.15934065934065933	0.18354430379746836	0.17058823529411765	0.3063267485317672
5	TCN-CRF	0.9988304897349445	65	52	158	175	29	140	129	6	499.46666666666664	0.17159763313609466	0.18354430379746836	0.17737003058103976	0.28029898558462363
5	TCN-CRF	0.9990889488055994	65	52	158	160	27	127	131	6	499.46666666666664	0.17532467532467533	0.17088607594936708	0.17307692307692307	0.25427122263748
5	TCN-CRF	0.9992903296008995	65	52	158	144	26	112	132	6	499.46666666666664	0.18840579710144928	0.16455696202531644	0.17567567567567569	0.22423918846769889
5	TCN-CRF	0.9994472213630764	65	52	158	131	23	102	135	6	499.46666666666664	0.184	0.14556962025316456	0.1625441696113074	0.2042178323545115
5	TCN-CRF	0.9995694429186754	65	52	158	114	19	90	139	5	499.46666666666664	0.1743119266055046	0.12025316455696203	0.14232209737827714	0.1801922050186866
5	TCN-CRF	0.9996646498695336	65	52	158	106	19	82	139	5	499.46666666666664	0.18811881188118812	0.12025316455696203	0.14671814671814673	0.16417512012813668
5	TCN-CRF	0.9997388096809043	65	52	158	96	16	75	142	5	499.46666666666664	0.17582417582417584	0.10126582278481013	0.1285140562248996	0.1501601708489055
5	TCN-CRF	0.9997965730219448	65	52	158	83	12	66	146	5	499.46666666666664	0.15384615384615385	0.0759493670886076	0.1016949152542373	0.13214095034703685
5	TCN-CRF	0.9998415637808975	65	52	158	77	10	62	148	5	499.46666666666664	0.1388888888888889	0.06329113924050633	0.08695652173913043	0.12413240790176189
5	TCN-CRF	0.9998766054240137	65	52	158	73	10	58	148	5	499.46666666666664	0.14705882352941177	0.06329113924050633	0.08849557522123894	0.11612386545648692
5	TCN-CRF	0.9999038975845005	65	52	158	69	9	55	149	5	499.46666666666664	0.140625	0.056962025316455694	0.08108108108108109	0.11011745862253071
5	TCN-CRF	0.9999251537724895	65	52	158	62	8	49	150	5	499.46666666666664	0.14035087719298245	0.05063291139240506	0.07441860465116279	0.09810464495461826
5	TCN-CRF	0.9999417087343389	65	52	158	54	5	45	153	4	499.46666666666664	0.1	0.03164556962025317	0.04807692307692308	0.0900961025093433
5	TCN-CRF	0.9999546021312976	65	52	158	47	3	40	155	4	499.46666666666664	0.06976744186046512	0.0189873417721519	0.029850746268656716	0.0800854244527496
5	TCN-CRF	0.9999646437492582	65	52	158	41	3	35	155	3	499.46666666666664	0.07894736842105263	0.0189873417721519	0.030612244897959183	0.07007474639615591
5	TCN-CRF	0.9999724643088853	65	52	158	38	3	32	155	3	499.46666666666664	0.08571428571428572	0.0189873417721519	0.031088082901554404	0.06406833956219968
5	TCN-CRF	0.9999785550515792	65	52	158	32	2	27	156	3	499.46666666666664	0.06896551724137931	0.012658227848101266	0.0213903743315508	0.05405766150560598
5	TCN-CRF	0.999983298578152	65	52	158	31	1	27	157	3	499.46666666666664	0.03571428571428571	0.006329113924050633	0.010752688172043012	0.05405766150560598
5	TCN-CRF	0.9999869928715335	65	52	158	31	1	27	157	3	499.46666666666664	0.03571428571428571	0.006329113924050633	0.010752688172043012	0.05405766150560598
5	TCN-CRF	0.9999898700090192	65	52	158	29	1	25	157	3	499.46666666666664	0.038461538461538464	0.006329113924050633	0.010869565217391304	0.0500533902829685
5	TCN-CRF	0.9999921107374138	65	52	158	29	1	25	157	3	499.46666666666664	0.038461538461538464	0.006329113924050633	0.010869565217391304	0.0500533902829685
5	TCN-CRF	0.9999938558253978	65	52	158	29	1	25	157	3	499.46666666666664	0.038461538461538464	0.006329113924050633	0.010869565217391304	0.0500533902829685
5	TCN-CRF	0.9999952149055051	65	52	158	29	1	25	157	3	499.46666666666664	0.038461538461538464	0.006329113924050633	0.010869565217391304	0.0500533902829685
5	TCN-CRF	0.9999962733607158	65	52	158	28	1	24	157	3	499.46666666666664	0.04	0.006329113924050633	0.01092896174863388	0.048051254671649765
5	TCN-CRF	0.9999970976880148	65	52	158	27	0	24	158	3	499.46666666666664	0.0	0.0	0.0	0.048051254671649765
5	TCN-CRF	0.999997739675702	65	52	158	24	0	21	158	3	499.46666666666664	0.0	0.0	0.0	0.04204484783769354
5	TCN-CRF	0.9999982396567868	65	52	158	23	0	21	158	2	499.46666666666664	0.0	0.0	0.0	0.04204484783769354
5	TCN-CRF	0.999998629042793	65	52	158	23	0	21	158	2	499.46666666666664	0.0	0.0	0.0	0.04204484783769354
5	TCN-CRF	0.9999989322971299	65	52	158	22	0	20	158	2	499.46666666666664	0.0	0.0	0.0	0.0400427122263748
5	TCN-CRF	0.9999991684719722	65	52	158	20	0	19	158	1	499.46666666666664	0.0	0.0	0.0	0.03804057661505606
5	BLSTM-2H	0.01	65	52	158	2106	93	2001	65	12	499.46666666666664	0.044412607449856735	0.5886075949367089	0.08259325044404973	4.006273358248799
5	BLSTM-2H	0.060000000000000005	65	52	158	1586	88	1488	70	10	499.46666666666664	0.05583756345177665	0.5569620253164557	0.10149942329873125	2.9791777896422853
5	BLSTM-2H	0.11	65	52	158	1402	87	1306	71	9	499.46666666666664	0.0624551328068916	0.5506329113924051	0.11218568665377177	2.6147891083822747
5	BLSTM-2H	0.16000000000000003	65	52	158	1290	86	1195	72	9	499.46666666666664	0.06713505074160812	0.5443037974683544	0.11952744961779013	2.3925520555258943
5	BLSTM-2H	0.21000000000000002	65	52	158	1178	84	1085	74	9	499.46666666666664	0.0718562874251497	0.5316455696202531	0.12660135644310475	2.172317138280833
5	BLSTM-2H	0.26	65	52	158	1116	83	1024	75	9	499.46666666666664	0.07497741644083107	0.5253164556962026	0.13122529644268774	2.0501868659903897
5	BLSTM-2H	0.31000000000000005	65	52	158	1046	79	958	79	9	499.46666666666664	0.07618129218900675	0.5	0.1322175732217573	1.918045915643353
5	BLSTM-2H	0.36000000000000004	65	52	158	991	74	908	84	9	499.46666666666664	0.07535641547861507	0.46835443037974683	0.12982456140350876	1.8179391350774161
5	BLSTM-2H	0.41000000000000003	65	52	158	941	72	860	86	9	499.46666666666664	0.07725321888412018	0.45569620253164556	0.13211009174311927	1.7218366257341164
5	BLSTM-2H	0.46	65	52	158	908	72	828	86	8	499.46666666666664	0.08	0.45569620253164556	0.13610586011342155	1.6577682861719167
5	BLSTM-2H	0.51	65	52	158	842	72	762	86	8	499.46666666666664	0.08633093525179857	0.45569620253164556	0.14516129032258066	1.52562733582488
5	BLSTM-2H	0.56	65	52	158	791	70	713	88	8	499.46666666666664	0.08939974457215837	0.4430379746835443	0.1487778958554729	1.4275226908702616
5	BLSTM-2H	0.6100000000000001	65	52	158	744	69	666	89	9	499.46666666666664	0.09387755102040816	0.43670886075949367	0.15453527435610304	1.3334223171382809
5	BLSTM-2H	0.66	65	52	158	710	68	634	90	8	499.46666666666664	0.09686609686609686	0.43037974683544306	0.15813953488372093	1.2693539775760811
5	BLSTM-2H	0.7100000000000001	65	52	158	657	66	584	92	7	499.46666666666664	0.10153846153846154	0.4177215189873418	0.16336633663366337	1.1692471970101441
5	BLSTM-2H	0.76	65	52	158	597	61	529	97	7	499.46666666666664	0.10338983050847457	0.3860759493670886	0.16310160427807488	1.0591297383876135
5	BLSTM-2H	0.81	65	52	158	526	61	458	97	7	499.46666666666664	0.11753371868978806	0.3860759493670886	0.18020679468242246	0.916978109983983
5	BLSTM-2H	0.8600000000000001	65	52	158	462	58	397	100	7	499.46666666666664	0.12747252747252746	0.3670886075949367	0.18923327895595432	0.7948478376935398
5	BLSTM-2H	0.91	65	52	158	386	54	325	104	7	499.46666666666664	0.1424802110817942	0.34177215189873417	0.2011173184357542	0.6506940736785906
5	BLSTM-2H	0.9525741268224334	65	52	158	262	43	213	115	6	499.46666666666664	0.16796875	0.2721518987341772	0.20772946859903382	0.42645488521089164
5	BLSTM-2H	0.9626731126558706	65	52	158	222	39	177	119	6	499.46666666666664	0.18055555555555555	0.2468354430379747	0.20855614973262032	0.354378003203417
5	BLSTM-2H	0.9706877692486436	65	52	158	200	36	159	122	5	499.46666666666664	0.18461538461538463	0.22784810126582278	0.20396600566572237	0.3183395621996797
5	BLSTM-2H	0.9770226300899744	65	52	158	171	35	131	123	5	499.46666666666664	0.21084337349397592	0.22151898734177214	0.21604938271604937	0.26227976508275497
5	BLSTM-2H	0.9820137900379085	65	52	158	140	30	105	128	5	499.46666666666664	0.2222222222222222	0.189873417721519	0.20477815699658702	0.21022423918846772
5	BLSTM-2H	0.9859363729567544	65	52	158	104	22	77	136	5	499.46666666666664	0.2222222222222222	0.13924050632911392	0.17120622568093385	0.15416444207154298
5	BLSTM-2H	0.9890130573694068	65	52	158	79	17	58	141	4	499.46666666666664	0.22666666666666666	0.10759493670886076	0.1459227467811159	0.11612386545648692
5	BLSTM-2H	0.991422514586288	65	52	158	64	16	44	142	4	499.46666666666664	0.26666666666666666	0.10126582278481013	0.14678899082568808	0.08809396689802457
5	BLSTM-2H	0.9933071490757153	65	52	158	51	12	36	146	3	499.46666666666664	0.25	0.0759493670886076	0.11650485436893204	0.07207688200747464
5	BLSTM-2H	0.9947798743064417	65	52	158	33	6	25	152	2	499.46666666666664	0.1935483870967742	0.0379746835443038	0.06349206349206349	0.0500533902829685
5	BLSTM-2H	0.995929862284104	65	52	158	25	6	19	152	0	499.46666666666664	0.24	0.0379746835443038	0.06557377049180328	0.03804057661505606
5	BLSTM-2H	0.9968273171575148	65	52	158	19	4	15	154	0	499.46666666666664	0.21052631578947367	0.02531645569620253	0.04519774011299435	0.0300320341697811
5	BLSTM-2H	0.9975273768433653	65	52	158	14	3	11	155	0	499.46666666666664	0.21428571428571427	0.0189873417721519	0.03488372093023256	0.022023491724506142
5	BLSTM-2H	0.9980732653366725	65	52	158	11	2	9	156	0	499.46666666666664	0.18181818181818182	0.012658227848101266	0.023668639053254437	0.01801922050186866
5	BLSTM-2H	0.998498817743263	65	52	158	4	1	3	157	0	499.46666666666664	0.25	0.006329113924050633	0.012345679012345678	0.006006406833956221
5	BLSTM-2H	0.9988304897349445	65	52	158	1	0	1	158	0	499.46666666666664	0.0	0.0	0.0	0.00200213561131874
5	BLSTM-2H	0.9990889488055994	65	52	158	0	0	0	158	0	499.46666666666664		0.0	0.0	0.0
5	BLSTM-2H	0.9992903296008995	65	52	158	0	0	0	158	0	499.46666666666664		0.0	0.0	0.0
5	BLSTM-2H	0.9994472213630764	65	52	158	0	0	0	158	0	499.46666666666664		0.0	0.0	0.0
5	BLSTM-2H	0.9995694429186754	65	52	158	0	0	0	158	0	499.46666666666664		0.0	0.0	0.0
5	BLSTM-2H	0.9996646498695336	65	52	158	0	0	0	158	0	499.46666666666664		0.0	0.0	0.0
5	BLSTM-2H	0.9997388096809043	65	52	158	0	0	0	158	0	499.46666666666664		0.0	0.0	0.0
5	BLSTM-2H	0.9997965730219448	65	52	158	0	0	0	158	0	499.46666666666664		0.0	0.0	0.0
5	BLSTM-2H	0.9998415637808975	65	52	158	0	0	0	158	0	499.46666666666664		0.0	0.0	0.0
5	BLSTM-2H	0.9998766054240137	65	52	158	0	0	0	158	0	499.46666666666664		0.0	0.0	0.0
5	BLSTM-2H	0.9999038975845005	65	52	158	0	0	0	158	0	499.46666666666664		0.0	0.0	0.0
5	BLSTM-2H	0.9999251537724895	65	52	158	0	0	0	158	0	499.46666666666664		0.0	0.0	0.0
5	BLSTM-2H	0.9999417087343389	65	52	158	0	0	0	158	0	499.46666666666664		0.0	0.0	0.0
5	BLSTM-2H	0.9999546021312976	65	52	158	0	0	0	158	0	499.46666666666664		0.0	0.0	0.0
5	BLSTM-2H	0.9999646437492582	65	52	158	0	0	0	158	0	499.46666666666664		0.0	0.0	0.0
5	BLSTM-2H	0.9999724643088853	65	52	158	0	0	0	158	0	499.46666666666664		0.0	0.0	0.0
5	BLSTM-2H	0.9999785550515792	65	52	158	0	0	0	158	0	499.46666666666664		0.0	0.0	0.0
5	BLSTM-2H	0.999983298578152	65	52	158	0	0	0	158	0	499.46666666666664		0.0	0.0	0.0
5	BLSTM-2H	0.9999869928715335	65	52	158	0	0	0	158	0	499.46666666666664		0.0	0.0	0.0
5	BLSTM-2H	0.9999898700090192	65	52	158	0	0	0	158	0	499.46666666666664		0.0	0.0	0.0
5	BLSTM-2H	0.9999921107374138	65	52	158	0	0	0	158	0	499.46666666666664		0.0	0.0	0.0
5	BLSTM-2H	0.9999938558253978	65	52	158	0	0	0	158	0	499.46666666666664		0.0	0.0	0.0
5	BLSTM-2H	0.9999952149055051	65	52	158	0	0	0	158	0	499.46666666666664		0.0	0.0	0.0
5	BLSTM-2H	0.9999962733607158	65	52	158	0	0	0	158	0	499.46666666666664		0.0	0.0	0.0
5	BLSTM-2H	0.9999970976880148	65	52	158	0	0	0	158	0	499.46666666666664		0.0	0.0	0.0
5	BLSTM-2H	0.999997739675702	65	52	158	0	0	0	158	0	499.46666666666664		0.0	0.0	0.0
5	BLSTM-2H	0.9999982396567868	65	52	158	0	0	0	158	0	499.46666666666664		0.0	0.0	0.0
5	BLSTM-2H	0.999998629042793	65	52	158	0	0	0	158	0	499.46666666666664		0.0	0.0	0.0
5	BLSTM-2H	0.9999989322971299	65	52	158	0	0	0	158	0	499.46666666666664		0.0	0.0	0.0
5	BLSTM-2H	0.9999991684719722	65	52	158	0	0	0	158	0	499.46666666666664		0.0	0.0	0.0
