sample_id	subject	pid	label	source_tier	augmentation_conditions	complete_five_condition_multiplicity
background_100	sub-100	67	0	strict_same_stage_window	5	True
background_101	sub-100	67	0	strict_same_stage_window	5	True
background_102	sub-100	67	0	strict_same_stage_window	5	True
background_103	sub-100	67	0	strict_same_stage_window	5	True
background_104	sub-101	68	0	nontarget_window_no_remwake_nearby	5	True
background_105	sub-101	68	0	nontarget_window_no_remwake_nearby	5	True
background_106	sub-101	68	0	nontarget_window_no_remwake_nearby	5	True
background_1062	sub-128	108	0	nontarget_window_no_remwake_nearby	5	True
background_1063	sub-128	108	0	nontarget_window_no_remwake_nearby	5	True
background_1064	sub-128	108	0	nontarget_window_no_remwake_nearby	5	True
background_1065	sub-128	108	0	nontarget_window_no_remwake_nearby	5	True
background_1066	sub-128	108	0	nontarget_window_no_remwake_nearby	5	True
background_1067	sub-128	108	0	nontarget_window_no_remwake_nearby	5	True
background_1068	sub-128	108	0	nontarget_window_no_remwake_nearby	5	True
background_1069	sub-128	108	0	nontarget_window_no_remwake_nearby	5	True
background_107	sub-101	68	0	nontarget_window_no_remwake_nearby	5	True
background_1070	sub-128	108	0	nontarget_window_no_remwake_nearby	5	True
background_1071	sub-128	108	0	nontarget_window_no_remwake_nearby	5	True
background_1072	sub-128	108	0	nontarget_window_no_remwake_nearby	5	True
background_1073	sub-128	108	0	nontarget_window_no_remwake_nearby	5	True
background_1074	sub-128	108	0	nontarget_window_no_remwake_nearby	5	True
background_1075	sub-128	108	0	nontarget_window_no_remwake_nearby	5	True
background_1076	sub-128	108	0	nontarget_window_no_remwake_nearby	5	True
background_1077	sub-128	108	0	nontarget_window_no_remwake_nearby	5	True
background_1078	sub-128	108	0	nontarget_window_no_remwake_nearby	5	True
background_1079	sub-128	108	0	nontarget_window_no_remwake_nearby	5	True
background_108	sub-101	68	0	nontarget_window_no_remwake_nearby	5	True
background_1080	sub-128	108	0	nontarget_window_no_remwake_nearby	5	True
background_1081	sub-128	108	0	nontarget_window_no_remwake_nearby	5	True
background_1082	sub-128	108	0	nontarget_window_no_remwake_nearby	5	True
background_1083	sub-128	108	0	nontarget_window_no_remwake_nearby	5	True
background_1084	sub-128	108	0	nontarget_window_no_remwake_nearby	5	True
background_1085	sub-128	108	0	nontarget_window_no_remwake_nearby	5	True
background_1086	sub-128	108	0	nontarget_window_no_remwake_nearby	5	True
background_1087	sub-128	108	0	nontarget_window_no_remwake_nearby	5	True
background_1088	sub-128	108	0	nontarget_window_no_remwake_nearby	5	True
background_1089	sub-128	108	0	nontarget_window_no_remwake_nearby	5	True
background_109	sub-101	68	0	nontarget_window_no_remwake_nearby	5	True
background_1090	sub-128	108	0	nontarget_window_no_remwake_nearby	5	True
background_1091	sub-128	108	0	nontarget_window_no_remwake_nearby	5	True
background_1092	sub-128	108	0	nontarget_window_no_remwake_nearby	5	True
background_1093	sub-128	108	0	nontarget_window_no_remwake_nearby	5	True
background_1094	sub-128	108	0	nontarget_window_no_remwake_nearby	5	True
background_1095	sub-128	108	0	strict_same_stage_window	5	True
background_1096	sub-128	108	0	strict_same_stage_window	5	True
background_1097	sub-128	108	0	strict_same_stage_window	5	True
background_1098	sub-128	108	0	strict_same_stage_window	5	True
background_1099	sub-128	108	0	strict_same_stage_window	5	True
background_110	sub-101	68	0	nontarget_window_no_remwake_nearby	5	True
background_1100	sub-128	108	0	strict_same_stage_window	5	True
background_1101	sub-13	91	0	nontarget_window_no_remwake_nearby	5	True
background_1102	sub-13	91	0	nontarget_window_no_remwake_nearby	5	True
background_1103	sub-13	91	0	nontarget_window_no_remwake_nearby	5	True
background_1104	sub-13	91	0	nontarget_window_no_remwake_nearby	5	True
background_1107	sub-13	91	0	nontarget_window_no_remwake_nearby	5	True
background_1108	sub-13	91	0	nontarget_window_no_remwake_nearby	5	True
background_1109	sub-13	91	0	nontarget_window_no_remwake_nearby	5	True
background_111	sub-101	68	0	nontarget_window_no_remwake_nearby	5	True
background_1110	sub-13	91	0	nontarget_window_no_remwake_nearby	5	True
background_1111	sub-13	91	0	nontarget_window_no_remwake_nearby	5	True
background_1112	sub-13	91	0	nontarget_window_no_remwake_nearby	5	True
background_1113	sub-13	91	0	nontarget_window_no_remwake_nearby	5	True
background_1115	sub-13	91	0	nontarget_window_no_remwake_nearby	5	True
background_1116	sub-13	91	0	nontarget_window_no_remwake_nearby	5	True
background_1117	sub-13	91	0	nontarget_window_no_remwake_nearby	5	True
background_1118	sub-13	91	0	nontarget_window_no_remwake_nearby	5	True
background_1119	sub-13	91	0	nontarget_window_no_remwake_nearby	5	True
background_112	sub-101	68	0	nontarget_window_no_remwake_nearby	5	True
background_1120	sub-13	91	0	nontarget_window_no_remwake_nearby	5	True
background_1121	sub-13	91	0	nontarget_window_no_remwake_nearby	5	True
background_1122	sub-13	91	0	nontarget_window_no_remwake_nearby	5	True
background_1124	sub-13	91	0	nontarget_window_no_remwake_nearby	5	True
background_1125	sub-13	91	0	nontarget_window_no_remwake_nearby	5	True
background_1126	sub-13	91	0	nontarget_window_no_remwake_nearby	5	True
background_1127	sub-13	91	0	nontarget_window_no_remwake_nearby	5	True
background_1128	sub-13	91	0	nontarget_window_no_remwake_nearby	5	True
background_1129	sub-13	91	0	nontarget_window_no_remwake_nearby	5	True
background_113	sub-101	68	0	nontarget_window_no_remwake_nearby	5	True
background_1130	sub-13	91	0	nontarget_window_no_remwake_nearby	5	True
background_1131	sub-13	91	0	strict_same_stage_window	5	True
background_1132	sub-13	91	0	strict_same_stage_window	5	True
background_1133	sub-13	91	0	strict_same_stage_window	5	True
background_1134	sub-13	91	0	strict_same_stage_window	5	True
background_1135	sub-13	91	0	strict_same_stage_window	5	True
background_1136	sub-13	91	0	strict_same_stage_window	5	True
background_1137	sub-13	91	0	strict_same_stage_window	5	True
background_1139	sub-14	9	0	nontarget_window_no_remwake_nearby	5	True
background_114	sub-101	68	0	nontarget_window_no_remwake_nearby	5	True
background_1140	sub-14	9	0	nontarget_window_no_remwake_nearby	5	True
background_1141	sub-14	9	0	nontarget_window_no_remwake_nearby	5	True
background_1142	sub-14	9	0	nontarget_window_no_remwake_nearby	5	True
background_1143	sub-14	9	0	nontarget_window_no_remwake_nearby	5	True
background_1145	sub-14	9	0	nontarget_window_no_remwake_nearby	5	True
background_1146	sub-14	9	0	nontarget_window_no_remwake_nearby	5	True
background_1147	sub-14	9	0	nontarget_window_no_remwake_nearby	5	True
background_1148	sub-14	9	0	nontarget_window_no_remwake_nearby	5	True
background_1149	sub-14	9	0	nontarget_window_no_remwake_nearby	5	True
background_115	sub-101	68	0	nontarget_window_no_remwake_nearby	5	True
background_1150	sub-14	9	0	nontarget_window_no_remwake_nearby	5	True
background_1151	sub-14	9	0	nontarget_window_no_remwake_nearby	5	True
background_1152	sub-14	9	0	nontarget_window_no_remwake_nearby	5	True
background_1153	sub-14	9	0	nontarget_window_no_remwake_nearby	5	True
background_1154	sub-14	9	0	nontarget_window_no_remwake_nearby	5	True
background_1155	sub-14	9	0	nontarget_window_no_remwake_nearby	5	True
background_1156	sub-14	9	0	nontarget_window_no_remwake_nearby	5	True
background_1157	sub-14	9	0	nontarget_window_no_remwake_nearby	5	True
background_1158	sub-14	9	0	nontarget_window_no_remwake_nearby	5	True
background_1159	sub-14	9	0	nontarget_window_no_remwake_nearby	5	True
background_116	sub-101	68	0	nontarget_window_no_remwake_nearby	5	True
background_1160	sub-14	9	0	nontarget_window_no_remwake_nearby	5	True
background_1161	sub-14	9	0	nontarget_window_no_remwake_nearby	5	True
background_1162	sub-14	9	0	nontarget_window_no_remwake_nearby	5	True
background_1163	sub-14	9	0	nontarget_window_no_remwake_nearby	5	True
background_1164	sub-14	9	0	nontarget_window_no_remwake_nearby	5	True
background_1166	sub-14	9	0	nontarget_window_no_remwake_nearby	5	True
background_1167	sub-14	9	0	strict_same_stage_window	5	True
background_1168	sub-14	9	0	strict_same_stage_window	5	True
background_1169	sub-14	9	0	strict_same_stage_window	5	True
background_117	sub-101	68	0	nontarget_window_no_remwake_nearby	5	True
background_1171	sub-14	9	0	strict_same_stage_window	5	True
background_1172	sub-14	9	0	strict_same_stage_window	5	True
background_1173	sub-14	9	0	strict_same_stage_window	5	True
background_1174	sub-14	9	0	strict_same_stage_window	5	True
background_1175	sub-15	10	0	nontarget_window_no_remwake_nearby	5	True
background_1176	sub-15	10	0	nontarget_window_no_remwake_nearby	5	True
background_1177	sub-15	10	0	nontarget_window_no_remwake_nearby	5	True
background_1178	sub-15	10	0	nontarget_window_no_remwake_nearby	5	True
background_1179	sub-15	10	0	nontarget_window_no_remwake_nearby	5	True
background_118	sub-101	68	0	nontarget_window_no_remwake_nearby	5	True
background_1180	sub-15	10	0	nontarget_window_no_remwake_nearby	5	True
background_1181	sub-15	10	0	nontarget_window_no_remwake_nearby	5	True
background_1182	sub-15	10	0	nontarget_window_no_remwake_nearby	5	True
background_1183	sub-15	10	0	nontarget_window_no_remwake_nearby	5	True
background_1184	sub-15	10	0	nontarget_window_no_remwake_nearby	5	True
background_1185	sub-15	10	0	nontarget_window_no_remwake_nearby	5	True
background_1186	sub-15	10	0	nontarget_window_no_remwake_nearby	5	True
background_1187	sub-15	10	0	nontarget_window_no_remwake_nearby	5	True
background_1188	sub-15	10	0	nontarget_window_no_remwake_nearby	5	True
background_1189	sub-15	10	0	nontarget_window_no_remwake_nearby	5	True
background_119	sub-101	68	0	nontarget_window_no_remwake_nearby	5	True
background_1190	sub-15	10	0	nontarget_window_no_remwake_nearby	5	True
background_1191	sub-15	10	0	nontarget_window_no_remwake_nearby	5	True
background_1192	sub-15	10	0	nontarget_window_no_remwake_nearby	5	True
background_1193	sub-15	10	0	nontarget_window_no_remwake_nearby	5	True
background_1194	sub-15	10	0	nontarget_window_no_remwake_nearby	5	True
background_1195	sub-15	10	0	nontarget_window_no_remwake_nearby	5	True
background_1196	sub-15	10	0	nontarget_window_no_remwake_nearby	5	True
background_1197	sub-15	10	0	nontarget_window_no_remwake_nearby	5	True
background_1198	sub-15	10	0	nontarget_window_no_remwake_nearby	5	True
background_1199	sub-15	10	0	nontarget_window_no_remwake_nearby	5	True
background_120	sub-101	68	0	nontarget_window_no_remwake_nearby	5	True
background_1203	sub-15	10	0	nontarget_window_no_remwake_nearby	5	True
background_1204	sub-15	10	0	strict_same_stage_window	5	True
background_1205	sub-15	10	0	strict_same_stage_window	5	True
background_1206	sub-15	10	0	strict_same_stage_window	5	True
background_1207	sub-15	10	0	strict_same_stage_window	5	True
background_121	sub-101	68	0	nontarget_window_no_remwake_nearby	5	True
background_1210	sub-16	11	0	nontarget_window_no_remwake_nearby	5	True
background_1211	sub-16	11	0	nontarget_window_no_remwake_nearby	5	True
background_1212	sub-16	11	0	nontarget_window_no_remwake_nearby	5	True
background_1213	sub-16	11	0	nontarget_window_no_remwake_nearby	5	True
background_1214	sub-16	11	0	nontarget_window_no_remwake_nearby	5	True
background_1216	sub-16	11	0	nontarget_window_no_remwake_nearby	5	True
background_1217	sub-16	11	0	nontarget_window_no_remwake_nearby	5	True
background_1218	sub-16	11	0	nontarget_window_no_remwake_nearby	5	True
background_1219	sub-16	11	0	nontarget_window_no_remwake_nearby	5	True
background_122	sub-101	68	0	nontarget_window_no_remwake_nearby	5	True
background_1220	sub-16	11	0	nontarget_window_no_remwake_nearby	5	True
background_1221	sub-16	11	0	nontarget_window_no_remwake_nearby	5	True
background_1222	sub-16	11	0	nontarget_window_no_remwake_nearby	5	True
background_1223	sub-16	11	0	nontarget_window_no_remwake_nearby	5	True
background_1226	sub-16	11	0	nontarget_window_no_remwake_nearby	5	True
background_1227	sub-16	11	0	nontarget_window_no_remwake_nearby	5	True
background_1228	sub-16	11	0	nontarget_window_no_remwake_nearby	5	True
background_1229	sub-16	11	0	nontarget_window_no_remwake_nearby	5	True
background_123	sub-101	68	0	nontarget_window_no_remwake_nearby	5	True
background_1230	sub-16	11	0	nontarget_window_no_remwake_nearby	5	True
background_1231	sub-16	11	0	nontarget_window_no_remwake_nearby	5	True
background_1232	sub-16	11	0	nontarget_window_no_remwake_nearby	5	True
background_1233	sub-16	11	0	nontarget_window_no_remwake_nearby	5	True
background_1235	sub-16	11	0	nontarget_window_no_remwake_nearby	5	True
background_1236	sub-16	11	0	nontarget_window_no_remwake_nearby	5	True
background_1237	sub-16	11	0	strict_same_stage_window	5	True
background_1238	sub-16	11	0	strict_same_stage_window	5	True
background_1239	sub-16	11	0	strict_same_stage_window	5	True
background_124	sub-101	68	0	nontarget_window_no_remwake_nearby	5	True
background_1240	sub-16	11	0	strict_same_stage_window	5	True
background_1241	sub-16	11	0	strict_same_stage_window	5	True
background_1242	sub-16	11	0	strict_same_stage_window	5	True
background_1243	sub-17	92	0	nontarget_window_no_remwake_nearby	5	True
background_1244	sub-17	92	0	nontarget_window_no_remwake_nearby	5	True
background_1245	sub-17	92	0	nontarget_window_no_remwake_nearby	5	True
background_1246	sub-17	92	0	nontarget_window_no_remwake_nearby	5	True
background_1247	sub-17	92	0	nontarget_window_no_remwake_nearby	5	True
background_1248	sub-17	92	0	nontarget_window_no_remwake_nearby	5	True
background_1249	sub-17	92	0	nontarget_window_no_remwake_nearby	5	True
background_125	sub-101	68	0	nontarget_window_no_remwake_nearby	5	True
background_1250	sub-17	92	0	nontarget_window_no_remwake_nearby	5	True
background_1251	sub-17	92	0	nontarget_window_no_remwake_nearby	5	True
background_1252	sub-17	92	0	nontarget_window_no_remwake_nearby	5	True
background_1253	sub-17	92	0	nontarget_window_no_remwake_nearby	5	True
background_1254	sub-17	92	0	nontarget_window_no_remwake_nearby	5	True
background_1255	sub-17	92	0	nontarget_window_no_remwake_nearby	5	True
background_1256	sub-17	92	0	nontarget_window_no_remwake_nearby	5	True
background_1257	sub-17	92	0	nontarget_window_no_remwake_nearby	5	True
background_1258	sub-17	92	0	nontarget_window_no_remwake_nearby	5	True
background_1259	sub-17	92	0	nontarget_window_no_remwake_nearby	5	True
background_126	sub-101	68	0	nontarget_window_no_remwake_nearby	5	True
background_1260	sub-17	92	0	nontarget_window_no_remwake_nearby	5	True
background_1261	sub-17	92	0	nontarget_window_no_remwake_nearby	5	True
background_1262	sub-17	92	0	nontarget_window_no_remwake_nearby	5	True
background_1263	sub-17	92	0	nontarget_window_no_remwake_nearby	5	True
background_1264	sub-17	92	0	nontarget_window_no_remwake_nearby	5	True
background_1265	sub-17	92	0	nontarget_window_no_remwake_nearby	5	True
background_1266	sub-17	92	0	nontarget_window_no_remwake_nearby	5	True
background_1267	sub-17	92	0	nontarget_window_no_remwake_nearby	5	True
background_1268	sub-17	92	0	nontarget_window_no_remwake_nearby	5	True
background_1269	sub-17	92	0	nontarget_window_no_remwake_nearby	5	True
background_127	sub-101	68	0	nontarget_window_no_remwake_nearby	5	True
background_1270	sub-17	92	0	strict_same_stage_window	5	True
background_1271	sub-17	92	0	strict_same_stage_window	5	True
background_1272	sub-17	92	0	strict_same_stage_window	5	True
background_1273	sub-17	92	0	strict_same_stage_window	5	True
background_1274	sub-17	92	0	strict_same_stage_window	5	True
background_1275	sub-17	92	0	strict_same_stage_window	5	True
background_128	sub-101	68	0	nontarget_window_no_remwake_nearby	5	True
background_129	sub-101	68	0	nontarget_window_no_remwake_nearby	5	True
background_130	sub-101	68	0	nontarget_window_no_remwake_nearby	5	True
background_131	sub-101	68	0	strict_same_stage_window	5	True
background_1310	sub-19	93	0	nontarget_window_no_remwake_nearby	5	True
background_1311	sub-19	93	0	nontarget_window_no_remwake_nearby	5	True
background_1312	sub-19	93	0	nontarget_window_no_remwake_nearby	5	True
background_1313	sub-19	93	0	nontarget_window_no_remwake_nearby	5	True
background_1314	sub-19	93	0	nontarget_window_no_remwake_nearby	5	True
background_1315	sub-19	93	0	nontarget_window_no_remwake_nearby	5	True
background_1316	sub-19	93	0	nontarget_window_no_remwake_nearby	5	True
background_1318	sub-19	93	0	nontarget_window_no_remwake_nearby	5	True
background_1319	sub-19	93	0	nontarget_window_no_remwake_nearby	5	True
background_132	sub-101	68	0	strict_same_stage_window	5	True
background_1320	sub-19	93	0	nontarget_window_no_remwake_nearby	5	True
background_1321	sub-19	93	0	nontarget_window_no_remwake_nearby	5	True
background_1322	sub-19	93	0	nontarget_window_no_remwake_nearby	5	True
background_1323	sub-19	93	0	nontarget_window_no_remwake_nearby	5	True
background_1324	sub-19	93	0	nontarget_window_no_remwake_nearby	5	True
background_1325	sub-19	93	0	nontarget_window_no_remwake_nearby	5	True
background_1326	sub-19	93	0	nontarget_window_no_remwake_nearby	5	True
background_1327	sub-19	93	0	nontarget_window_no_remwake_nearby	5	True
background_1328	sub-19	93	0	nontarget_window_no_remwake_nearby	5	True
background_1329	sub-19	93	0	nontarget_window_no_remwake_nearby	5	True
background_133	sub-101	68	0	strict_same_stage_window	5	True
background_1331	sub-19	93	0	nontarget_window_no_remwake_nearby	5	True
background_1332	sub-19	93	0	nontarget_window_no_remwake_nearby	5	True
background_1333	sub-19	93	0	nontarget_window_no_remwake_nearby	5	True
background_1334	sub-19	93	0	nontarget_window_no_remwake_nearby	5	True
background_1335	sub-19	93	0	nontarget_window_no_remwake_nearby	5	True
background_1336	sub-19	93	0	nontarget_window_no_remwake_nearby	5	True
background_1337	sub-19	93	0	nontarget_window_no_remwake_nearby	5	True
background_1338	sub-19	93	0	nontarget_window_no_remwake_nearby	5	True
background_1339	sub-19	93	0	strict_same_stage_window	5	True
background_134	sub-101	68	0	strict_same_stage_window	5	True
background_1340	sub-19	93	0	strict_same_stage_window	5	True
background_1341	sub-19	93	0	strict_same_stage_window	5	True
background_1342	sub-19	93	0	strict_same_stage_window	5	True
background_1343	sub-19	93	0	strict_same_stage_window	5	True
background_1344	sub-19	93	0	strict_same_stage_window	5	True
background_1345	sub-19	93	0	strict_same_stage_window	5	True
background_1346	sub-19	93	0	strict_same_stage_window	5	True
background_135	sub-101	68	0	strict_same_stage_window	5	True
background_136	sub-101	68	0	strict_same_stage_window	5	True
background_1387	sub-20	13	0	nontarget_window_no_remwake_nearby	5	True
background_1388	sub-20	13	0	nontarget_window_no_remwake_nearby	5	True
background_1389	sub-20	13	0	nontarget_window_no_remwake_nearby	5	True
background_1390	sub-20	13	0	nontarget_window_no_remwake_nearby	5	True
background_1392	sub-20	13	0	nontarget_window_no_remwake_nearby	5	True
background_1393	sub-20	13	0	nontarget_window_no_remwake_nearby	5	True
background_1394	sub-20	13	0	nontarget_window_no_remwake_nearby	5	True
background_1395	sub-20	13	0	nontarget_window_no_remwake_nearby	5	True
background_1396	sub-20	13	0	nontarget_window_no_remwake_nearby	5	True
background_1397	sub-20	13	0	nontarget_window_no_remwake_nearby	5	True
background_1398	sub-20	13	0	nontarget_window_no_remwake_nearby	5	True
background_1399	sub-20	13	0	nontarget_window_no_remwake_nearby	5	True
background_1400	sub-20	13	0	nontarget_window_no_remwake_nearby	5	True
background_1401	sub-20	13	0	nontarget_window_no_remwake_nearby	5	True
background_1402	sub-20	13	0	nontarget_window_no_remwake_nearby	5	True
background_1403	sub-20	13	0	nontarget_window_no_remwake_nearby	5	True
background_1404	sub-20	13	0	nontarget_window_no_remwake_nearby	5	True
background_1405	sub-20	13	0	nontarget_window_no_remwake_nearby	5	True
background_1407	sub-20	13	0	nontarget_window_no_remwake_nearby	5	True
background_1408	sub-20	13	0	nontarget_window_no_remwake_nearby	5	True
background_1409	sub-20	13	0	nontarget_window_no_remwake_nearby	5	True
background_1410	sub-20	13	0	nontarget_window_no_remwake_nearby	5	True
background_1411	sub-20	13	0	nontarget_window_no_remwake_nearby	5	True
background_1415	sub-20	13	0	strict_same_stage_window	5	True
background_1416	sub-20	13	0	strict_same_stage_window	5	True
background_1417	sub-20	13	0	strict_same_stage_window	5	True
background_1420	sub-20	13	0	strict_same_stage_window	5	True
background_1421	sub-20	13	0	strict_same_stage_window	5	True
background_1422	sub-20	13	0	strict_same_stage_window	5	True
background_1423	sub-20	13	0	strict_same_stage_window	5	True
background_1424	sub-21	93	0	nontarget_window_no_remwake_nearby	5	True
background_1425	sub-21	93	0	nontarget_window_no_remwake_nearby	5	True
background_1426	sub-21	93	0	nontarget_window_no_remwake_nearby	5	True
background_1427	sub-21	93	0	nontarget_window_no_remwake_nearby	5	True
background_1430	sub-21	93	0	nontarget_window_no_remwake_nearby	5	True
background_1431	sub-21	93	0	nontarget_window_no_remwake_nearby	5	True
background_1432	sub-21	93	0	nontarget_window_no_remwake_nearby	5	True
background_1433	sub-21	93	0	nontarget_window_no_remwake_nearby	5	True
background_1434	sub-21	93	0	nontarget_window_no_remwake_nearby	5	True
background_1435	sub-21	93	0	nontarget_window_no_remwake_nearby	5	True
background_1436	sub-21	93	0	nontarget_window_no_remwake_nearby	5	True
background_1439	sub-21	93	0	nontarget_window_no_remwake_nearby	5	True
background_1440	sub-21	93	0	nontarget_window_no_remwake_nearby	5	True
background_1441	sub-21	93	0	nontarget_window_no_remwake_nearby	5	True
background_1442	sub-21	93	0	nontarget_window_no_remwake_nearby	5	True
background_1445	sub-21	93	0	nontarget_window_no_remwake_nearby	5	True
background_1446	sub-21	93	0	nontarget_window_no_remwake_nearby	5	True
background_1447	sub-21	93	0	nontarget_window_no_remwake_nearby	5	True
background_1448	sub-21	93	0	nontarget_window_no_remwake_nearby	5	True
background_1449	sub-21	93	0	nontarget_window_no_remwake_nearby	5	True
background_1450	sub-21	93	0	nontarget_window_no_remwake_nearby	5	True
background_1451	sub-21	93	0	nontarget_window_no_remwake_nearby	5	True
background_1452	sub-21	93	0	strict_same_stage_window	5	True
background_1453	sub-21	93	0	strict_same_stage_window	5	True
background_1454	sub-21	93	0	strict_same_stage_window	5	True
background_1455	sub-21	93	0	strict_same_stage_window	5	True
background_1456	sub-21	93	0	strict_same_stage_window	5	True
background_1457	sub-21	93	0	strict_same_stage_window	5	True
background_1458	sub-21	93	0	strict_same_stage_window	5	True
background_1459	sub-21	93	0	strict_same_stage_window	5	True
background_1460	sub-22	14	0	nontarget_window_no_remwake_nearby	5	True
background_1461	sub-22	14	0	nontarget_window_no_remwake_nearby	5	True
background_1462	sub-22	14	0	nontarget_window_no_remwake_nearby	5	True
background_1463	sub-22	14	0	nontarget_window_no_remwake_nearby	5	True
background_1464	sub-22	14	0	nontarget_window_no_remwake_nearby	5	True
background_1465	sub-22	14	0	nontarget_window_no_remwake_nearby	5	True
background_1466	sub-22	14	0	nontarget_window_no_remwake_nearby	5	True
background_1467	sub-22	14	0	nontarget_window_no_remwake_nearby	5	True
background_1468	sub-22	14	0	nontarget_window_no_remwake_nearby	5	True
background_1469	sub-22	14	0	nontarget_window_no_remwake_nearby	5	True
background_1470	sub-22	14	0	nontarget_window_no_remwake_nearby	5	True
background_1471	sub-22	14	0	nontarget_window_no_remwake_nearby	5	True
background_1472	sub-22	14	0	nontarget_window_no_remwake_nearby	5	True
background_1473	sub-22	14	0	nontarget_window_no_remwake_nearby	5	True
background_1474	sub-22	14	0	nontarget_window_no_remwake_nearby	5	True
background_1475	sub-22	14	0	nontarget_window_no_remwake_nearby	5	True
background_1476	sub-22	14	0	nontarget_window_no_remwake_nearby	5	True
background_1477	sub-22	14	0	nontarget_window_no_remwake_nearby	5	True
background_1478	sub-22	14	0	nontarget_window_no_remwake_nearby	5	True
background_1479	sub-22	14	0	nontarget_window_no_remwake_nearby	5	True
background_1480	sub-22	14	0	nontarget_window_no_remwake_nearby	5	True
background_1481	sub-22	14	0	nontarget_window_no_remwake_nearby	5	True
background_1482	sub-22	14	0	nontarget_window_no_remwake_nearby	5	True
background_1483	sub-22	14	0	nontarget_window_no_remwake_nearby	5	True
background_1484	sub-22	14	0	nontarget_window_no_remwake_nearby	5	True
background_1485	sub-22	14	0	nontarget_window_no_remwake_nearby	5	True
background_1486	sub-22	14	0	nontarget_window_no_remwake_nearby	5	True
background_1487	sub-22	14	0	nontarget_window_no_remwake_nearby	5	True
background_1488	sub-22	14	0	nontarget_window_no_remwake_nearby	5	True
background_1489	sub-22	14	0	strict_same_stage_window	5	True
background_1490	sub-22	14	0	strict_same_stage_window	5	True
background_1491	sub-22	14	0	strict_same_stage_window	5	True
background_1492	sub-22	14	0	strict_same_stage_window	5	True
background_1493	sub-22	14	0	strict_same_stage_window	5	True
background_1494	sub-22	14	0	strict_same_stage_window	5	True
background_1495	sub-22	14	0	strict_same_stage_window	5	True
background_1496	sub-22	14	0	strict_same_stage_window	5	True
background_1497	sub-22	14	0	strict_same_stage_window	5	True
background_1534	sub-24	16	0	nontarget_window_no_remwake_nearby	5	True
background_1535	sub-24	16	0	nontarget_window_no_remwake_nearby	5	True
background_1536	sub-24	16	0	nontarget_window_no_remwake_nearby	5	True
background_1537	sub-24	16	0	nontarget_window_no_remwake_nearby	5	True
background_1538	sub-24	16	0	nontarget_window_no_remwake_nearby	5	True
background_1539	sub-24	16	0	nontarget_window_no_remwake_nearby	5	True
background_1540	sub-24	16	0	nontarget_window_no_remwake_nearby	5	True
background_1541	sub-24	16	0	nontarget_window_no_remwake_nearby	5	True
background_1542	sub-24	16	0	nontarget_window_no_remwake_nearby	5	True
background_1543	sub-24	16	0	nontarget_window_no_remwake_nearby	5	True
background_1544	sub-24	16	0	nontarget_window_no_remwake_nearby	5	True
background_1545	sub-24	16	0	nontarget_window_no_remwake_nearby	5	True
background_1546	sub-24	16	0	nontarget_window_no_remwake_nearby	5	True
background_1547	sub-24	16	0	nontarget_window_no_remwake_nearby	5	True
background_1548	sub-24	16	0	nontarget_window_no_remwake_nearby	5	True
background_1549	sub-24	16	0	nontarget_window_no_remwake_nearby	5	True
background_1550	sub-24	16	0	nontarget_window_no_remwake_nearby	5	True
background_1551	sub-24	16	0	nontarget_window_no_remwake_nearby	5	True
background_1552	sub-24	16	0	nontarget_window_no_remwake_nearby	5	True
background_1553	sub-24	16	0	nontarget_window_no_remwake_nearby	5	True
background_1554	sub-24	16	0	nontarget_window_no_remwake_nearby	5	True
background_1555	sub-24	16	0	nontarget_window_no_remwake_nearby	5	True
background_1556	sub-24	16	0	nontarget_window_no_remwake_nearby	5	True
background_1557	sub-24	16	0	nontarget_window_no_remwake_nearby	5	True
background_1558	sub-24	16	0	nontarget_window_no_remwake_nearby	5	True
background_1559	sub-24	16	0	nontarget_window_no_remwake_nearby	5	True
background_1560	sub-24	16	0	nontarget_window_no_remwake_nearby	5	True
background_1561	sub-24	16	0	strict_same_stage_window	5	True
background_1562	sub-24	16	0	strict_same_stage_window	5	True
background_1563	sub-24	16	0	strict_same_stage_window	5	True
background_1564	sub-24	16	0	strict_same_stage_window	5	True
background_1565	sub-24	16	0	strict_same_stage_window	5	True
background_1566	sub-24	16	0	strict_same_stage_window	5	True
background_1567	sub-24	16	0	strict_same_stage_window	5	True
background_1568	sub-24	16	0	strict_same_stage_window	5	True
background_163	sub-103	71	0	nontarget_window_no_remwake_nearby	5	True
background_164	sub-103	71	0	nontarget_window_no_remwake_nearby	5	True
background_1643	sub-27	19	0	nontarget_window_no_remwake_nearby	5	True
background_1644	sub-27	19	0	nontarget_window_no_remwake_nearby	5	True
background_1645	sub-27	19	0	nontarget_window_no_remwake_nearby	5	True
background_1646	sub-27	19	0	nontarget_window_no_remwake_nearby	5	True
background_1647	sub-27	19	0	nontarget_window_no_remwake_nearby	5	True
background_1648	sub-27	19	0	nontarget_window_no_remwake_nearby	5	True
background_1649	sub-27	19	0	nontarget_window_no_remwake_nearby	5	True
background_165	sub-103	71	0	nontarget_window_no_remwake_nearby	5	True
background_1650	sub-27	19	0	nontarget_window_no_remwake_nearby	5	True
background_1651	sub-27	19	0	nontarget_window_no_remwake_nearby	5	True
background_1652	sub-27	19	0	nontarget_window_no_remwake_nearby	5	True
background_1653	sub-27	19	0	nontarget_window_no_remwake_nearby	5	True
background_1654	sub-27	19	0	nontarget_window_no_remwake_nearby	5	True
background_1655	sub-27	19	0	nontarget_window_no_remwake_nearby	5	True
background_1656	sub-27	19	0	nontarget_window_no_remwake_nearby	5	True
background_1657	sub-27	19	0	nontarget_window_no_remwake_nearby	5	True
background_1658	sub-27	19	0	nontarget_window_no_remwake_nearby	5	True
background_1659	sub-27	19	0	nontarget_window_no_remwake_nearby	5	True
background_166	sub-103	71	0	nontarget_window_no_remwake_nearby	5	True
background_1660	sub-27	19	0	nontarget_window_no_remwake_nearby	5	True
background_1661	sub-27	19	0	nontarget_window_no_remwake_nearby	5	True
background_1662	sub-27	19	0	nontarget_window_no_remwake_nearby	5	True
background_1663	sub-27	19	0	strict_same_stage_window	5	True
background_1664	sub-27	19	0	strict_same_stage_window	5	True
background_1665	sub-27	19	0	strict_same_stage_window	5	True
background_1666	sub-27	19	0	strict_same_stage_window	5	True
background_1667	sub-27	19	0	strict_same_stage_window	5	True
background_1668	sub-27	19	0	strict_same_stage_window	5	True
background_1669	sub-27	19	0	strict_same_stage_window	5	True
background_167	sub-103	71	0	nontarget_window_no_remwake_nearby	5	True
background_1670	sub-28	20	0	nontarget_window_no_remwake_nearby	5	True
background_1671	sub-28	20	0	nontarget_window_no_remwake_nearby	5	True
background_1672	sub-28	20	0	nontarget_window_no_remwake_nearby	5	True
background_1673	sub-28	20	0	nontarget_window_no_remwake_nearby	5	True
background_1674	sub-28	20	0	nontarget_window_no_remwake_nearby	5	True
background_1675	sub-28	20	0	nontarget_window_no_remwake_nearby	5	True
background_1676	sub-28	20	0	nontarget_window_no_remwake_nearby	5	True
background_1677	sub-28	20	0	nontarget_window_no_remwake_nearby	5	True
background_1678	sub-28	20	0	nontarget_window_no_remwake_nearby	5	True
background_1679	sub-28	20	0	nontarget_window_no_remwake_nearby	5	True
background_168	sub-103	71	0	nontarget_window_no_remwake_nearby	5	True
background_1680	sub-28	20	0	nontarget_window_no_remwake_nearby	5	True
background_1681	sub-28	20	0	nontarget_window_no_remwake_nearby	5	True
background_1682	sub-28	20	0	nontarget_window_no_remwake_nearby	5	True
background_1683	sub-28	20	0	nontarget_window_no_remwake_nearby	5	True
background_1684	sub-28	20	0	nontarget_window_no_remwake_nearby	5	True
background_1685	sub-28	20	0	nontarget_window_no_remwake_nearby	5	True
background_1686	sub-28	20	0	nontarget_window_no_remwake_nearby	5	True
background_1687	sub-28	20	0	nontarget_window_no_remwake_nearby	5	True
background_1688	sub-28	20	0	nontarget_window_no_remwake_nearby	5	True
background_1689	sub-28	20	0	nontarget_window_no_remwake_nearby	5	True
background_169	sub-103	71	0	nontarget_window_no_remwake_nearby	5	True
background_1690	sub-28	20	0	nontarget_window_no_remwake_nearby	5	True
background_1691	sub-28	20	0	nontarget_window_no_remwake_nearby	5	True
background_1692	sub-28	20	0	nontarget_window_no_remwake_nearby	5	True
background_1693	sub-28	20	0	nontarget_window_no_remwake_nearby	5	True
background_1694	sub-28	20	0	nontarget_window_no_remwake_nearby	5	True
background_1695	sub-28	20	0	nontarget_window_no_remwake_nearby	5	True
background_1696	sub-28	20	0	nontarget_window_no_remwake_nearby	5	True
background_1697	sub-28	20	0	nontarget_window_no_remwake_nearby	5	True
background_1698	sub-28	20	0	nontarget_window_no_remwake_nearby	5	True
background_1699	sub-28	20	0	strict_same_stage_window	5	True
background_170	sub-103	71	0	nontarget_window_no_remwake_nearby	5	True
background_1700	sub-28	20	0	strict_same_stage_window	5	True
background_1701	sub-28	20	0	strict_same_stage_window	5	True
background_1702	sub-28	20	0	strict_same_stage_window	5	True
background_1703	sub-28	20	0	strict_same_stage_window	5	True
background_1704	sub-28	20	0	strict_same_stage_window	5	True
background_1705	sub-28	20	0	strict_same_stage_window	5	True
background_1706	sub-28	20	0	strict_same_stage_window	5	True
background_1709	sub-29	21	0	nontarget_window_no_remwake_nearby	5	True
background_171	sub-103	71	0	nontarget_window_no_remwake_nearby	5	True
background_1713	sub-29	21	0	nontarget_window_no_remwake_nearby	5	True
background_1714	sub-29	21	0	nontarget_window_no_remwake_nearby	5	True
background_1716	sub-29	21	0	nontarget_window_no_remwake_nearby	5	True
background_1717	sub-29	21	0	nontarget_window_no_remwake_nearby	5	True
background_1718	sub-29	21	0	nontarget_window_no_remwake_nearby	5	True
background_1719	sub-29	21	0	nontarget_window_no_remwake_nearby	5	True
background_172	sub-103	71	0	nontarget_window_no_remwake_nearby	5	True
background_1720	sub-29	21	0	nontarget_window_no_remwake_nearby	5	True
background_1721	sub-29	21	0	nontarget_window_no_remwake_nearby	5	True
background_1723	sub-29	21	0	nontarget_window_no_remwake_nearby	5	True
background_1725	sub-29	21	0	nontarget_window_no_remwake_nearby	5	True
background_1726	sub-29	21	0	nontarget_window_no_remwake_nearby	5	True
background_1727	sub-29	21	0	nontarget_window_no_remwake_nearby	5	True
background_173	sub-103	71	0	nontarget_window_no_remwake_nearby	5	True
background_1730	sub-29	21	0	nontarget_window_no_remwake_nearby	5	True
background_1732	sub-29	21	0	nontarget_window_no_remwake_nearby	5	True
background_1733	sub-29	21	0	nontarget_window_no_remwake_nearby	5	True
background_1734	sub-29	21	0	nontarget_window_no_remwake_nearby	5	True
background_1737	sub-29	21	0	nontarget_window_no_remwake_nearby	5	True
background_1738	sub-29	21	0	nontarget_window_no_remwake_nearby	5	True
background_1739	sub-29	21	0	strict_same_stage_window	5	True
background_174	sub-103	71	0	nontarget_window_no_remwake_nearby	5	True
background_1740	sub-29	21	0	strict_same_stage_window	5	True
background_1741	sub-29	21	0	strict_same_stage_window	5	True
background_1742	sub-29	21	0	strict_same_stage_window	5	True
background_1743	sub-29	21	0	strict_same_stage_window	5	True
background_1744	sub-29	21	0	strict_same_stage_window	5	True
background_1745	sub-29	21	0	strict_same_stage_window	5	True
background_1746	sub-29	21	0	strict_same_stage_window	5	True
background_1747	sub-3	1	0	nontarget_window_no_remwake_nearby	5	True
background_1748	sub-3	1	0	nontarget_window_no_remwake_nearby	5	True
background_1749	sub-3	1	0	nontarget_window_no_remwake_nearby	5	True
background_175	sub-103	71	0	nontarget_window_no_remwake_nearby	5	True
background_1750	sub-3	1	0	nontarget_window_no_remwake_nearby	5	True
background_1751	sub-3	1	0	nontarget_window_no_remwake_nearby	5	True
background_1752	sub-3	1	0	nontarget_window_no_remwake_nearby	5	True
background_1753	sub-3	1	0	nontarget_window_no_remwake_nearby	5	True
background_1754	sub-3	1	0	nontarget_window_no_remwake_nearby	5	True
background_1755	sub-3	1	0	nontarget_window_no_remwake_nearby	5	True
background_1756	sub-3	1	0	nontarget_window_no_remwake_nearby	5	True
background_1757	sub-3	1	0	nontarget_window_no_remwake_nearby	5	True
background_1758	sub-3	1	0	nontarget_window_no_remwake_nearby	5	True
background_1759	sub-3	1	0	nontarget_window_no_remwake_nearby	5	True
background_176	sub-103	71	0	nontarget_window_no_remwake_nearby	5	True
background_1760	sub-3	1	0	nontarget_window_no_remwake_nearby	5	True
background_1761	sub-3	1	0	nontarget_window_no_remwake_nearby	5	True
background_1762	sub-3	1	0	nontarget_window_no_remwake_nearby	5	True
background_1763	sub-3	1	0	nontarget_window_no_remwake_nearby	5	True
background_1764	sub-3	1	0	nontarget_window_no_remwake_nearby	5	True
background_1765	sub-3	1	0	nontarget_window_no_remwake_nearby	5	True
background_1766	sub-3	1	0	nontarget_window_no_remwake_nearby	5	True
background_1767	sub-3	1	0	nontarget_window_no_remwake_nearby	5	True
background_1768	sub-3	1	0	nontarget_window_no_remwake_nearby	5	True
background_1769	sub-3	1	0	nontarget_window_no_remwake_nearby	5	True
background_177	sub-103	71	0	nontarget_window_no_remwake_nearby	5	True
background_1770	sub-3	1	0	nontarget_window_no_remwake_nearby	5	True
background_1771	sub-3	1	0	nontarget_window_no_remwake_nearby	5	True
background_1772	sub-3	1	0	nontarget_window_no_remwake_nearby	5	True
background_1773	sub-3	1	0	nontarget_window_no_remwake_nearby	5	True
background_1774	sub-3	1	0	nontarget_window_no_remwake_nearby	5	True
background_1775	sub-3	1	0	nontarget_window_no_remwake_nearby	5	True
background_1776	sub-3	1	0	nontarget_window_no_remwake_nearby	5	True
background_1777	sub-3	1	0	nontarget_window_no_remwake_nearby	5	True
background_1778	sub-3	1	0	nontarget_window_no_remwake_nearby	5	True
background_1779	sub-3	1	0	nontarget_window_no_remwake_nearby	5	True
background_178	sub-103	71	0	nontarget_window_no_remwake_nearby	5	True
background_1780	sub-3	1	0	strict_same_stage_window	5	True
background_1781	sub-3	1	0	strict_same_stage_window	5	True
background_1782	sub-3	1	0	strict_same_stage_window	5	True
background_1783	sub-3	1	0	strict_same_stage_window	5	True
background_1784	sub-3	1	0	strict_same_stage_window	5	True
background_1785	sub-3	1	0	strict_same_stage_window	5	True
background_1786	sub-3	1	0	strict_same_stage_window	5	True
background_1787	sub-3	1	0	strict_same_stage_window	5	True
background_1788	sub-30	94	0	nontarget_window_no_remwake_nearby	5	True
background_1789	sub-30	94	0	nontarget_window_no_remwake_nearby	5	True
background_179	sub-103	71	0	nontarget_window_no_remwake_nearby	5	True
background_1790	sub-30	94	0	nontarget_window_no_remwake_nearby	5	True
background_1791	sub-30	94	0	nontarget_window_no_remwake_nearby	5	True
background_1792	sub-30	94	0	nontarget_window_no_remwake_nearby	5	True
background_1793	sub-30	94	0	nontarget_window_no_remwake_nearby	5	True
background_1794	sub-30	94	0	nontarget_window_no_remwake_nearby	5	True
background_1795	sub-30	94	0	nontarget_window_no_remwake_nearby	5	True
background_1796	sub-30	94	0	nontarget_window_no_remwake_nearby	5	True
background_1797	sub-30	94	0	nontarget_window_no_remwake_nearby	5	True
background_1798	sub-30	94	0	nontarget_window_no_remwake_nearby	5	True
background_1799	sub-30	94	0	nontarget_window_no_remwake_nearby	5	True
background_180	sub-103	71	0	nontarget_window_no_remwake_nearby	5	True
background_1800	sub-30	94	0	nontarget_window_no_remwake_nearby	5	True
background_1801	sub-30	94	0	nontarget_window_no_remwake_nearby	5	True
background_1802	sub-30	94	0	nontarget_window_no_remwake_nearby	5	True
background_1803	sub-30	94	0	nontarget_window_no_remwake_nearby	5	True
background_1804	sub-30	94	0	nontarget_window_no_remwake_nearby	5	True
background_1805	sub-30	94	0	nontarget_window_no_remwake_nearby	5	True
background_1806	sub-30	94	0	nontarget_window_no_remwake_nearby	5	True
background_1807	sub-30	94	0	nontarget_window_no_remwake_nearby	5	True
background_1808	sub-30	94	0	nontarget_window_no_remwake_nearby	5	True
background_1809	sub-30	94	0	nontarget_window_no_remwake_nearby	5	True
background_181	sub-103	71	0	nontarget_window_no_remwake_nearby	5	True
background_1810	sub-30	94	0	nontarget_window_no_remwake_nearby	5	True
background_1811	sub-30	94	0	nontarget_window_no_remwake_nearby	5	True
background_1812	sub-30	94	0	nontarget_window_no_remwake_nearby	5	True
background_1813	sub-30	94	0	strict_same_stage_window	5	True
background_1814	sub-30	94	0	strict_same_stage_window	5	True
background_1815	sub-30	94	0	strict_same_stage_window	5	True
background_1816	sub-30	94	0	strict_same_stage_window	5	True
background_1817	sub-30	94	0	strict_same_stage_window	5	True
background_1818	sub-30	94	0	strict_same_stage_window	5	True
background_1819	sub-31	95	0	nontarget_window_no_remwake_nearby	5	True
background_1820	sub-31	95	0	nontarget_window_no_remwake_nearby	5	True
background_1821	sub-31	95	0	nontarget_window_no_remwake_nearby	5	True
background_1822	sub-31	95	0	nontarget_window_no_remwake_nearby	5	True
background_1823	sub-31	95	0	nontarget_window_no_remwake_nearby	5	True
background_1824	sub-31	95	0	nontarget_window_no_remwake_nearby	5	True
background_1825	sub-31	95	0	nontarget_window_no_remwake_nearby	5	True
background_1826	sub-31	95	0	nontarget_window_no_remwake_nearby	5	True
background_1827	sub-31	95	0	nontarget_window_no_remwake_nearby	5	True
background_1828	sub-31	95	0	nontarget_window_no_remwake_nearby	5	True
background_1829	sub-31	95	0	nontarget_window_no_remwake_nearby	5	True
background_183	sub-103	71	0	nontarget_window_no_remwake_nearby	5	True
background_1830	sub-31	95	0	nontarget_window_no_remwake_nearby	5	True
background_1831	sub-31	95	0	nontarget_window_no_remwake_nearby	5	True
background_1832	sub-31	95	0	nontarget_window_no_remwake_nearby	5	True
background_1833	sub-31	95	0	nontarget_window_no_remwake_nearby	5	True
background_1834	sub-31	95	0	nontarget_window_no_remwake_nearby	5	True
background_1835	sub-31	95	0	nontarget_window_no_remwake_nearby	5	True
background_1836	sub-31	95	0	nontarget_window_no_remwake_nearby	5	True
background_1837	sub-31	95	0	nontarget_window_no_remwake_nearby	5	True
background_1838	sub-31	95	0	nontarget_window_no_remwake_nearby	5	True
background_1839	sub-31	95	0	nontarget_window_no_remwake_nearby	5	True
background_184	sub-103	71	0	nontarget_window_no_remwake_nearby	5	True
background_1840	sub-31	95	0	nontarget_window_no_remwake_nearby	5	True
background_1841	sub-31	95	0	nontarget_window_no_remwake_nearby	5	True
background_1842	sub-31	95	0	strict_same_stage_window	5	True
background_1843	sub-31	95	0	strict_same_stage_window	5	True
background_1844	sub-31	95	0	strict_same_stage_window	5	True
background_1845	sub-31	95	0	strict_same_stage_window	5	True
background_1846	sub-31	95	0	strict_same_stage_window	5	True
background_1847	sub-31	95	0	strict_same_stage_window	5	True
background_185	sub-103	71	0	nontarget_window_no_remwake_nearby	5	True
background_186	sub-103	71	0	nontarget_window_no_remwake_nearby	5	True
background_187	sub-103	71	0	nontarget_window_no_remwake_nearby	5	True
background_188	sub-103	71	0	nontarget_window_no_remwake_nearby	5	True
background_1881	sub-33	84	0	nontarget_window_no_remwake_nearby	5	True
background_1882	sub-33	84	0	nontarget_window_no_remwake_nearby	5	True
background_1883	sub-33	84	0	nontarget_window_no_remwake_nearby	5	True
background_1884	sub-33	84	0	nontarget_window_no_remwake_nearby	5	True
background_1885	sub-33	84	0	nontarget_window_no_remwake_nearby	5	True
background_1886	sub-33	84	0	nontarget_window_no_remwake_nearby	5	True
background_1887	sub-33	84	0	nontarget_window_no_remwake_nearby	5	True
background_1888	sub-33	84	0	nontarget_window_no_remwake_nearby	5	True
background_1889	sub-33	84	0	nontarget_window_no_remwake_nearby	5	True
background_189	sub-103	71	0	nontarget_window_no_remwake_nearby	5	True
background_1890	sub-33	84	0	nontarget_window_no_remwake_nearby	5	True
background_1891	sub-33	84	0	nontarget_window_no_remwake_nearby	5	True
background_1892	sub-33	84	0	nontarget_window_no_remwake_nearby	5	True
background_1893	sub-33	84	0	nontarget_window_no_remwake_nearby	5	True
background_1894	sub-33	84	0	nontarget_window_no_remwake_nearby	5	True
background_1895	sub-33	84	0	nontarget_window_no_remwake_nearby	5	True
background_1896	sub-33	84	0	nontarget_window_no_remwake_nearby	5	True
background_1897	sub-33	84	0	nontarget_window_no_remwake_nearby	5	True
background_1898	sub-33	84	0	nontarget_window_no_remwake_nearby	5	True
background_1899	sub-33	84	0	nontarget_window_no_remwake_nearby	5	True
background_1900	sub-33	84	0	nontarget_window_no_remwake_nearby	5	True
background_1901	sub-33	84	0	strict_same_stage_window	5	True
background_1902	sub-33	84	0	strict_same_stage_window	5	True
background_1903	sub-33	84	0	strict_same_stage_window	5	True
background_1904	sub-33	84	0	strict_same_stage_window	5	True
background_1905	sub-33	84	0	strict_same_stage_window	5	True
background_1906	sub-33	84	0	strict_same_stage_window	5	True
background_191	sub-103	71	0	nontarget_window_no_remwake_nearby	5	True
background_192	sub-103	71	0	nontarget_window_no_remwake_nearby	5	True
background_193	sub-103	71	0	strict_same_stage_window	5	True
background_194	sub-103	71	0	strict_same_stage_window	5	True
background_195	sub-103	71	0	strict_same_stage_window	5	True
background_196	sub-103	71	0	strict_same_stage_window	5	True
background_1961	sub-36	84	0	nontarget_window_no_remwake_nearby	5	True
background_1962	sub-36	84	0	nontarget_window_no_remwake_nearby	5	True
background_1963	sub-36	84	0	nontarget_window_no_remwake_nearby	5	True
background_1964	sub-36	84	0	nontarget_window_no_remwake_nearby	5	True
background_1965	sub-36	84	0	nontarget_window_no_remwake_nearby	5	True
background_1966	sub-36	84	0	nontarget_window_no_remwake_nearby	5	True
background_1967	sub-36	84	0	nontarget_window_no_remwake_nearby	5	True
background_1968	sub-36	84	0	nontarget_window_no_remwake_nearby	5	True
background_1969	sub-36	84	0	nontarget_window_no_remwake_nearby	5	True
background_197	sub-103	71	0	strict_same_stage_window	5	True
background_1970	sub-36	84	0	nontarget_window_no_remwake_nearby	5	True
background_1971	sub-36	84	0	nontarget_window_no_remwake_nearby	5	True
background_1972	sub-36	84	0	nontarget_window_no_remwake_nearby	5	True
background_1973	sub-36	84	0	nontarget_window_no_remwake_nearby	5	True
background_1974	sub-36	84	0	nontarget_window_no_remwake_nearby	5	True
background_1975	sub-36	84	0	nontarget_window_no_remwake_nearby	5	True
background_1976	sub-36	84	0	nontarget_window_no_remwake_nearby	5	True
background_1977	sub-36	84	0	nontarget_window_no_remwake_nearby	5	True
background_1978	sub-36	84	0	nontarget_window_no_remwake_nearby	5	True
background_1979	sub-36	84	0	nontarget_window_no_remwake_nearby	5	True
background_198	sub-103	71	0	strict_same_stage_window	5	True
background_1980	sub-36	84	0	nontarget_window_no_remwake_nearby	5	True
background_1981	sub-36	84	0	nontarget_window_no_remwake_nearby	5	True
background_1982	sub-36	84	0	strict_same_stage_window	5	True
background_1983	sub-36	84	0	strict_same_stage_window	5	True
background_1984	sub-36	84	0	strict_same_stage_window	5	True
background_1985	sub-36	84	0	strict_same_stage_window	5	True
background_1986	sub-36	84	0	strict_same_stage_window	5	True
background_1987	sub-36	84	0	strict_same_stage_window	5	True
background_199	sub-103	71	0	strict_same_stage_window	5	True
background_200	sub-103	71	0	strict_same_stage_window	5	True
background_201	sub-104	72	0	nontarget_window_no_remwake_nearby	5	True
background_2017	sub-38	87	0	nontarget_window_no_remwake_nearby	5	True
background_2018	sub-38	87	0	nontarget_window_no_remwake_nearby	5	True
background_202	sub-104	72	0	nontarget_window_no_remwake_nearby	5	True
background_2020	sub-38	87	0	nontarget_window_no_remwake_nearby	5	True
background_2021	sub-38	87	0	nontarget_window_no_remwake_nearby	5	True
background_2022	sub-38	87	0	nontarget_window_no_remwake_nearby	5	True
background_2023	sub-38	87	0	nontarget_window_no_remwake_nearby	5	True
background_2024	sub-38	87	0	nontarget_window_no_remwake_nearby	5	True
background_2027	sub-38	87	0	nontarget_window_no_remwake_nearby	5	True
background_2028	sub-38	87	0	nontarget_window_no_remwake_nearby	5	True
background_203	sub-104	72	0	nontarget_window_no_remwake_nearby	5	True
background_2030	sub-38	87	0	nontarget_window_no_remwake_nearby	5	True
background_2031	sub-38	87	0	nontarget_window_no_remwake_nearby	5	True
background_2032	sub-38	87	0	nontarget_window_no_remwake_nearby	5	True
background_2033	sub-38	87	0	nontarget_window_no_remwake_nearby	5	True
background_2035	sub-38	87	0	nontarget_window_no_remwake_nearby	5	True
background_2036	sub-38	87	0	nontarget_window_no_remwake_nearby	5	True
background_2037	sub-38	87	0	nontarget_window_no_remwake_nearby	5	True
background_2038	sub-38	87	0	nontarget_window_no_remwake_nearby	5	True
background_2039	sub-38	87	0	strict_same_stage_window	5	True
background_204	sub-104	72	0	nontarget_window_no_remwake_nearby	5	True
background_2040	sub-38	87	0	strict_same_stage_window	5	True
background_2041	sub-38	87	0	strict_same_stage_window	5	True
background_2042	sub-38	87	0	strict_same_stage_window	5	True
background_2043	sub-38	87	0	strict_same_stage_window	5	True
background_2044	sub-38	87	0	strict_same_stage_window	5	True
background_2045	sub-39	85	0	nontarget_window_no_remwake_nearby	5	True
background_2046	sub-39	85	0	nontarget_window_no_remwake_nearby	5	True
background_2047	sub-39	85	0	nontarget_window_no_remwake_nearby	5	True
background_2048	sub-39	85	0	nontarget_window_no_remwake_nearby	5	True
background_2049	sub-39	85	0	nontarget_window_no_remwake_nearby	5	True
background_205	sub-104	72	0	nontarget_window_no_remwake_nearby	5	True
background_2050	sub-39	85	0	nontarget_window_no_remwake_nearby	5	True
background_2051	sub-39	85	0	nontarget_window_no_remwake_nearby	5	True
background_2052	sub-39	85	0	nontarget_window_no_remwake_nearby	5	True
background_2053	sub-39	85	0	nontarget_window_no_remwake_nearby	5	True
background_2054	sub-39	85	0	nontarget_window_no_remwake_nearby	5	True
background_2055	sub-39	85	0	nontarget_window_no_remwake_nearby	5	True
background_2056	sub-39	85	0	nontarget_window_no_remwake_nearby	5	True
background_2057	sub-39	85	0	nontarget_window_no_remwake_nearby	5	True
background_2058	sub-39	85	0	nontarget_window_no_remwake_nearby	5	True
background_2059	sub-39	85	0	nontarget_window_no_remwake_nearby	5	True
background_206	sub-104	72	0	nontarget_window_no_remwake_nearby	5	True
background_2060	sub-39	85	0	nontarget_window_no_remwake_nearby	5	True
background_2061	sub-39	85	0	nontarget_window_no_remwake_nearby	5	True
background_2062	sub-39	85	0	nontarget_window_no_remwake_nearby	5	True
background_2063	sub-39	85	0	nontarget_window_no_remwake_nearby	5	True
background_2064	sub-39	85	0	nontarget_window_no_remwake_nearby	5	True
background_2065	sub-39	85	0	nontarget_window_no_remwake_nearby	5	True
background_2066	sub-39	85	0	nontarget_window_no_remwake_nearby	5	True
background_2067	sub-39	85	0	nontarget_window_no_remwake_nearby	5	True
background_2068	sub-39	85	0	nontarget_window_no_remwake_nearby	5	True
background_2069	sub-39	85	0	nontarget_window_no_remwake_nearby	5	True
background_207	sub-104	72	0	nontarget_window_no_remwake_nearby	5	True
background_2070	sub-39	85	0	nontarget_window_no_remwake_nearby	5	True
background_2071	sub-39	85	0	nontarget_window_no_remwake_nearby	5	True
background_2072	sub-39	85	0	nontarget_window_no_remwake_nearby	5	True
background_2073	sub-39	85	0	strict_same_stage_window	5	True
background_2074	sub-39	85	0	strict_same_stage_window	5	True
background_2075	sub-39	85	0	strict_same_stage_window	5	True
background_2076	sub-39	85	0	strict_same_stage_window	5	True
background_2077	sub-39	85	0	strict_same_stage_window	5	True
background_2078	sub-39	85	0	strict_same_stage_window	5	True
background_2079	sub-39	85	0	strict_same_stage_window	5	True
background_208	sub-104	72	0	nontarget_window_no_remwake_nearby	5	True
background_2080	sub-39	85	0	strict_same_stage_window	5	True
background_209	sub-104	72	0	nontarget_window_no_remwake_nearby	5	True
background_210	sub-104	72	0	nontarget_window_no_remwake_nearby	5	True
background_211	sub-104	72	0	nontarget_window_no_remwake_nearby	5	True
background_212	sub-104	72	0	nontarget_window_no_remwake_nearby	5	True
background_213	sub-104	72	0	nontarget_window_no_remwake_nearby	5	True
background_214	sub-104	72	0	nontarget_window_no_remwake_nearby	5	True
background_215	sub-104	72	0	nontarget_window_no_remwake_nearby	5	True
background_216	sub-104	72	0	nontarget_window_no_remwake_nearby	5	True
background_217	sub-104	72	0	nontarget_window_no_remwake_nearby	5	True
background_2179	sub-42	84	0	nontarget_window_no_remwake_nearby	5	True
background_218	sub-104	72	0	nontarget_window_no_remwake_nearby	5	True
background_2180	sub-42	84	0	nontarget_window_no_remwake_nearby	5	True
background_2181	sub-42	84	0	nontarget_window_no_remwake_nearby	5	True
background_2182	sub-42	84	0	nontarget_window_no_remwake_nearby	5	True
background_2183	sub-42	84	0	nontarget_window_no_remwake_nearby	5	True
background_2184	sub-42	84	0	nontarget_window_no_remwake_nearby	5	True
background_2185	sub-42	84	0	nontarget_window_no_remwake_nearby	5	True
background_2186	sub-42	84	0	nontarget_window_no_remwake_nearby	5	True
background_2187	sub-42	84	0	nontarget_window_no_remwake_nearby	5	True
background_2188	sub-42	84	0	nontarget_window_no_remwake_nearby	5	True
background_2189	sub-42	84	0	nontarget_window_no_remwake_nearby	5	True
background_219	sub-104	72	0	nontarget_window_no_remwake_nearby	5	True
background_2190	sub-42	84	0	nontarget_window_no_remwake_nearby	5	True
background_2191	sub-42	84	0	nontarget_window_no_remwake_nearby	5	True
background_2192	sub-42	84	0	nontarget_window_no_remwake_nearby	5	True
background_2193	sub-42	84	0	nontarget_window_no_remwake_nearby	5	True
background_2194	sub-42	84	0	nontarget_window_no_remwake_nearby	5	True
background_2195	sub-42	84	0	nontarget_window_no_remwake_nearby	5	True
background_2196	sub-42	84	0	nontarget_window_no_remwake_nearby	5	True
background_2197	sub-42	84	0	nontarget_window_no_remwake_nearby	5	True
background_2198	sub-42	84	0	nontarget_window_no_remwake_nearby	5	True
background_2199	sub-42	84	0	nontarget_window_no_remwake_nearby	5	True
background_220	sub-104	72	0	nontarget_window_no_remwake_nearby	5	True
background_2200	sub-42	84	0	nontarget_window_no_remwake_nearby	5	True
background_2201	sub-42	84	0	nontarget_window_no_remwake_nearby	5	True
background_2202	sub-42	84	0	strict_same_stage_window	5	True
background_2203	sub-42	84	0	strict_same_stage_window	5	True
background_2204	sub-42	84	0	strict_same_stage_window	5	True
background_2205	sub-42	84	0	strict_same_stage_window	5	True
background_2208	sub-43	87	0	nontarget_window_no_remwake_nearby	5	True
background_2209	sub-43	87	0	nontarget_window_no_remwake_nearby	5	True
background_221	sub-104	72	0	nontarget_window_no_remwake_nearby	5	True
background_2210	sub-43	87	0	nontarget_window_no_remwake_nearby	5	True
background_2211	sub-43	87	0	nontarget_window_no_remwake_nearby	5	True
background_2212	sub-43	87	0	nontarget_window_no_remwake_nearby	5	True
background_2213	sub-43	87	0	nontarget_window_no_remwake_nearby	5	True
background_2215	sub-43	87	0	nontarget_window_no_remwake_nearby	5	True
background_2216	sub-43	87	0	nontarget_window_no_remwake_nearby	5	True
background_2217	sub-43	87	0	nontarget_window_no_remwake_nearby	5	True
background_2218	sub-43	87	0	nontarget_window_no_remwake_nearby	5	True
background_2219	sub-43	87	0	nontarget_window_no_remwake_nearby	5	True
background_222	sub-104	72	0	nontarget_window_no_remwake_nearby	5	True
background_2220	sub-43	87	0	nontarget_window_no_remwake_nearby	5	True
background_2221	sub-43	87	0	nontarget_window_no_remwake_nearby	5	True
background_2222	sub-43	87	0	nontarget_window_no_remwake_nearby	5	True
background_2223	sub-43	87	0	nontarget_window_no_remwake_nearby	5	True
background_2224	sub-43	87	0	nontarget_window_no_remwake_nearby	5	True
background_2225	sub-43	87	0	nontarget_window_no_remwake_nearby	5	True
background_2226	sub-43	87	0	nontarget_window_no_remwake_nearby	5	True
background_2227	sub-43	87	0	nontarget_window_no_remwake_nearby	5	True
background_2228	sub-43	87	0	nontarget_window_no_remwake_nearby	5	True
background_2229	sub-43	87	0	nontarget_window_no_remwake_nearby	5	True
background_223	sub-104	72	0	nontarget_window_no_remwake_nearby	5	True
background_2230	sub-43	87	0	strict_same_stage_window	5	True
background_2231	sub-43	87	0	strict_same_stage_window	5	True
background_2232	sub-43	87	0	strict_same_stage_window	5	True
background_2233	sub-43	87	0	strict_same_stage_window	5	True
background_2234	sub-43	87	0	strict_same_stage_window	5	True
background_2235	sub-43	87	0	strict_same_stage_window	5	True
background_224	sub-104	72	0	nontarget_window_no_remwake_nearby	5	True
background_225	sub-104	72	0	nontarget_window_no_remwake_nearby	5	True
background_226	sub-104	72	0	nontarget_window_no_remwake_nearby	5	True
background_227	sub-104	72	0	nontarget_window_no_remwake_nearby	5	True
background_2271	sub-45	24	0	nontarget_window_no_remwake_nearby	5	True
background_2272	sub-45	24	0	nontarget_window_no_remwake_nearby	5	True
background_2273	sub-45	24	0	nontarget_window_no_remwake_nearby	5	True
background_2274	sub-45	24	0	nontarget_window_no_remwake_nearby	5	True
background_2275	sub-45	24	0	nontarget_window_no_remwake_nearby	5	True
background_2276	sub-45	24	0	nontarget_window_no_remwake_nearby	5	True
background_2277	sub-45	24	0	nontarget_window_no_remwake_nearby	5	True
background_2278	sub-45	24	0	nontarget_window_no_remwake_nearby	5	True
background_2279	sub-45	24	0	nontarget_window_no_remwake_nearby	5	True
background_228	sub-104	72	0	nontarget_window_no_remwake_nearby	5	True
background_2280	sub-45	24	0	nontarget_window_no_remwake_nearby	5	True
background_2281	sub-45	24	0	nontarget_window_no_remwake_nearby	5	True
background_2284	sub-45	24	0	nontarget_window_no_remwake_nearby	5	True
background_2286	sub-45	24	0	nontarget_window_no_remwake_nearby	5	True
background_2287	sub-45	24	0	nontarget_window_no_remwake_nearby	5	True
background_2288	sub-45	24	0	nontarget_window_no_remwake_nearby	5	True
background_2289	sub-45	24	0	nontarget_window_no_remwake_nearby	5	True
background_229	sub-104	72	0	nontarget_window_no_remwake_nearby	5	True
background_2290	sub-45	24	0	nontarget_window_no_remwake_nearby	5	True
background_2291	sub-45	24	0	nontarget_window_no_remwake_nearby	5	True
background_2292	sub-45	24	0	nontarget_window_no_remwake_nearby	5	True
background_2293	sub-45	24	0	strict_same_stage_window	5	True
background_2294	sub-45	24	0	strict_same_stage_window	5	True
background_2295	sub-45	24	0	strict_same_stage_window	5	True
background_2296	sub-45	24	0	strict_same_stage_window	5	True
background_230	sub-104	72	0	strict_same_stage_window	5	True
background_231	sub-104	72	0	strict_same_stage_window	5	True
background_232	sub-104	72	0	strict_same_stage_window	5	True
background_233	sub-104	72	0	strict_same_stage_window	5	True
background_2333	sub-47	87	0	nontarget_window_no_remwake_nearby	5	True
background_2334	sub-47	87	0	nontarget_window_no_remwake_nearby	5	True
background_2335	sub-47	87	0	nontarget_window_no_remwake_nearby	5	True
background_2336	sub-47	87	0	nontarget_window_no_remwake_nearby	5	True
background_2337	sub-47	87	0	nontarget_window_no_remwake_nearby	5	True
background_2338	sub-47	87	0	nontarget_window_no_remwake_nearby	5	True
background_2339	sub-47	87	0	nontarget_window_no_remwake_nearby	5	True
background_234	sub-104	72	0	strict_same_stage_window	5	True
background_2340	sub-47	87	0	nontarget_window_no_remwake_nearby	5	True
background_2341	sub-47	87	0	nontarget_window_no_remwake_nearby	5	True
background_2342	sub-47	87	0	nontarget_window_no_remwake_nearby	5	True
background_2343	sub-47	87	0	nontarget_window_no_remwake_nearby	5	True
background_2344	sub-47	87	0	nontarget_window_no_remwake_nearby	5	True
background_2345	sub-47	87	0	nontarget_window_no_remwake_nearby	5	True
background_2346	sub-47	87	0	nontarget_window_no_remwake_nearby	5	True
background_2347	sub-47	87	0	nontarget_window_no_remwake_nearby	5	True
background_2348	sub-47	87	0	nontarget_window_no_remwake_nearby	5	True
background_2349	sub-47	87	0	nontarget_window_no_remwake_nearby	5	True
background_235	sub-104	72	0	strict_same_stage_window	5	True
background_2350	sub-47	87	0	nontarget_window_no_remwake_nearby	5	True
background_2351	sub-47	87	0	nontarget_window_no_remwake_nearby	5	True
background_2352	sub-47	87	0	nontarget_window_no_remwake_nearby	5	True
background_2353	sub-47	87	0	nontarget_window_no_remwake_nearby	5	True
background_2354	sub-47	87	0	strict_same_stage_window	5	True
background_2355	sub-47	87	0	strict_same_stage_window	5	True
background_2356	sub-47	87	0	strict_same_stage_window	5	True
background_2357	sub-47	87	0	strict_same_stage_window	5	True
background_2358	sub-47	87	0	strict_same_stage_window	5	True
background_2359	sub-47	87	0	strict_same_stage_window	5	True
background_236	sub-104	72	0	strict_same_stage_window	5	True
background_237	sub-104	72	0	strict_same_stage_window	5	True
background_2396	sub-49	29	0	nontarget_window_no_remwake_nearby	5	True
background_2397	sub-49	29	0	nontarget_window_no_remwake_nearby	5	True
background_2398	sub-49	29	0	nontarget_window_no_remwake_nearby	5	True
background_2399	sub-49	29	0	nontarget_window_no_remwake_nearby	5	True
background_2400	sub-49	29	0	nontarget_window_no_remwake_nearby	5	True
background_2401	sub-49	29	0	nontarget_window_no_remwake_nearby	5	True
background_2403	sub-49	29	0	nontarget_window_no_remwake_nearby	5	True
background_2404	sub-49	29	0	nontarget_window_no_remwake_nearby	5	True
background_2405	sub-49	29	0	nontarget_window_no_remwake_nearby	5	True
background_2406	sub-49	29	0	nontarget_window_no_remwake_nearby	5	True
background_2407	sub-49	29	0	nontarget_window_no_remwake_nearby	5	True
background_2408	sub-49	29	0	nontarget_window_no_remwake_nearby	5	True
background_2409	sub-49	29	0	nontarget_window_no_remwake_nearby	5	True
background_2410	sub-49	29	0	nontarget_window_no_remwake_nearby	5	True
background_2411	sub-49	29	0	nontarget_window_no_remwake_nearby	5	True
background_2412	sub-49	29	0	nontarget_window_no_remwake_nearby	5	True
background_2413	sub-49	29	0	nontarget_window_no_remwake_nearby	5	True
background_2414	sub-49	29	0	nontarget_window_no_remwake_nearby	5	True
background_2415	sub-49	29	0	nontarget_window_no_remwake_nearby	5	True
background_2416	sub-49	29	0	nontarget_window_no_remwake_nearby	5	True
background_2417	sub-49	29	0	nontarget_window_no_remwake_nearby	5	True
background_2418	sub-49	29	0	nontarget_window_no_remwake_nearby	5	True
background_2419	sub-49	29	0	nontarget_window_no_remwake_nearby	5	True
background_2420	sub-49	29	0	nontarget_window_no_remwake_nearby	5	True
background_2421	sub-49	29	0	nontarget_window_no_remwake_nearby	5	True
background_2422	sub-49	29	0	nontarget_window_no_remwake_nearby	5	True
background_2423	sub-49	29	0	nontarget_window_no_remwake_nearby	5	True
background_2424	sub-49	29	0	nontarget_window_no_remwake_nearby	5	True
background_2425	sub-49	29	0	nontarget_window_no_remwake_nearby	5	True
background_2426	sub-49	29	0	strict_same_stage_window	5	True
background_2427	sub-49	29	0	strict_same_stage_window	5	True
background_2428	sub-49	29	0	strict_same_stage_window	5	True
background_2429	sub-49	29	0	strict_same_stage_window	5	True
background_2430	sub-49	29	0	strict_same_stage_window	5	True
background_2431	sub-49	29	0	strict_same_stage_window	5	True
background_2432	sub-49	29	0	strict_same_stage_window	5	True
background_2433	sub-49	29	0	strict_same_stage_window	5	True
background_2534	sub-52	31	0	nontarget_window_no_remwake_nearby	5	True
background_2535	sub-52	31	0	nontarget_window_no_remwake_nearby	5	True
background_2536	sub-52	31	0	nontarget_window_no_remwake_nearby	5	True
background_2537	sub-52	31	0	nontarget_window_no_remwake_nearby	5	True
background_2538	sub-52	31	0	nontarget_window_no_remwake_nearby	5	True
background_2539	sub-52	31	0	nontarget_window_no_remwake_nearby	5	True
background_2540	sub-52	31	0	nontarget_window_no_remwake_nearby	5	True
background_2541	sub-52	31	0	nontarget_window_no_remwake_nearby	5	True
background_2542	sub-52	31	0	nontarget_window_no_remwake_nearby	5	True
background_2543	sub-52	31	0	nontarget_window_no_remwake_nearby	5	True
background_2544	sub-52	31	0	nontarget_window_no_remwake_nearby	5	True
background_2545	sub-52	31	0	nontarget_window_no_remwake_nearby	5	True
background_2546	sub-52	31	0	nontarget_window_no_remwake_nearby	5	True
background_2547	sub-52	31	0	nontarget_window_no_remwake_nearby	5	True
background_2548	sub-52	31	0	nontarget_window_no_remwake_nearby	5	True
background_2549	sub-52	31	0	nontarget_window_no_remwake_nearby	5	True
background_2550	sub-52	31	0	nontarget_window_no_remwake_nearby	5	True
background_2551	sub-52	31	0	nontarget_window_no_remwake_nearby	5	True
background_2552	sub-52	31	0	nontarget_window_no_remwake_nearby	5	True
background_2553	sub-52	31	0	nontarget_window_no_remwake_nearby	5	True
background_2554	sub-52	31	0	nontarget_window_no_remwake_nearby	5	True
background_2555	sub-52	31	0	nontarget_window_no_remwake_nearby	5	True
background_2556	sub-52	31	0	nontarget_window_no_remwake_nearby	5	True
background_2557	sub-52	31	0	strict_same_stage_window	5	True
background_2558	sub-52	31	0	strict_same_stage_window	5	True
background_2559	sub-52	31	0	strict_same_stage_window	5	True
background_2560	sub-52	31	0	strict_same_stage_window	5	True
background_2561	sub-52	31	0	strict_same_stage_window	5	True
background_2562	sub-52	31	0	strict_same_stage_window	5	True
background_2658	sub-56	78	0	nontarget_window_no_remwake_nearby	5	True
background_2659	sub-56	78	0	nontarget_window_no_remwake_nearby	5	True
background_2660	sub-56	78	0	nontarget_window_no_remwake_nearby	5	True
background_2661	sub-56	78	0	nontarget_window_no_remwake_nearby	5	True
background_2662	sub-56	78	0	nontarget_window_no_remwake_nearby	5	True
background_2663	sub-56	78	0	nontarget_window_no_remwake_nearby	5	True
background_2664	sub-56	78	0	nontarget_window_no_remwake_nearby	5	True
background_2665	sub-56	78	0	nontarget_window_no_remwake_nearby	5	True
background_2666	sub-56	78	0	nontarget_window_no_remwake_nearby	5	True
background_2667	sub-56	78	0	nontarget_window_no_remwake_nearby	5	True
background_2668	sub-56	78	0	nontarget_window_no_remwake_nearby	5	True
background_2669	sub-56	78	0	nontarget_window_no_remwake_nearby	5	True
background_2670	sub-56	78	0	nontarget_window_no_remwake_nearby	5	True
background_2671	sub-56	78	0	nontarget_window_no_remwake_nearby	5	True
background_2672	sub-56	78	0	nontarget_window_no_remwake_nearby	5	True
background_2673	sub-56	78	0	nontarget_window_no_remwake_nearby	5	True
background_2674	sub-56	78	0	nontarget_window_no_remwake_nearby	5	True
background_2675	sub-56	78	0	nontarget_window_no_remwake_nearby	5	True
background_2676	sub-56	78	0	nontarget_window_no_remwake_nearby	5	True
background_2677	sub-56	78	0	nontarget_window_no_remwake_nearby	5	True
background_2678	sub-56	78	0	nontarget_window_no_remwake_nearby	5	True
background_2679	sub-56	78	0	nontarget_window_no_remwake_nearby	5	True
background_2680	sub-56	78	0	nontarget_window_no_remwake_nearby	5	True
background_2683	sub-56	78	0	nontarget_window_no_remwake_nearby	5	True
background_2684	sub-56	78	0	nontarget_window_no_remwake_nearby	5	True
background_2685	sub-56	78	0	strict_same_stage_window	5	True
background_2686	sub-56	78	0	strict_same_stage_window	5	True
background_2687	sub-56	78	0	strict_same_stage_window	5	True
background_2688	sub-56	78	0	strict_same_stage_window	5	True
background_2689	sub-56	78	0	strict_same_stage_window	5	True
background_2690	sub-56	78	0	strict_same_stage_window	5	True
background_2732	sub-58	78	0	nontarget_window_no_remwake_nearby	5	True
background_2733	sub-58	78	0	nontarget_window_no_remwake_nearby	5	True
background_2734	sub-58	78	0	nontarget_window_no_remwake_nearby	5	True
background_2735	sub-58	78	0	nontarget_window_no_remwake_nearby	5	True
background_2737	sub-58	78	0	nontarget_window_no_remwake_nearby	5	True
background_2738	sub-58	78	0	nontarget_window_no_remwake_nearby	5	True
background_2739	sub-58	78	0	nontarget_window_no_remwake_nearby	5	True
background_2740	sub-58	78	0	nontarget_window_no_remwake_nearby	5	True
background_2741	sub-58	78	0	nontarget_window_no_remwake_nearby	5	True
background_2742	sub-58	78	0	nontarget_window_no_remwake_nearby	5	True
background_2743	sub-58	78	0	nontarget_window_no_remwake_nearby	5	True
background_2744	sub-58	78	0	nontarget_window_no_remwake_nearby	5	True
background_2745	sub-58	78	0	nontarget_window_no_remwake_nearby	5	True
background_2746	sub-58	78	0	nontarget_window_no_remwake_nearby	5	True
background_2747	sub-58	78	0	nontarget_window_no_remwake_nearby	5	True
background_2748	sub-58	78	0	nontarget_window_no_remwake_nearby	5	True
background_2749	sub-58	78	0	nontarget_window_no_remwake_nearby	5	True
background_2750	sub-58	78	0	nontarget_window_no_remwake_nearby	5	True
background_2751	sub-58	78	0	nontarget_window_no_remwake_nearby	5	True
background_2752	sub-58	78	0	nontarget_window_no_remwake_nearby	5	True
background_2753	sub-58	78	0	nontarget_window_no_remwake_nearby	5	True
background_2754	sub-58	78	0	nontarget_window_no_remwake_nearby	5	True
background_2755	sub-58	78	0	nontarget_window_no_remwake_nearby	5	True
background_2756	sub-58	78	0	nontarget_window_no_remwake_nearby	5	True
background_2758	sub-58	78	0	nontarget_window_no_remwake_nearby	5	True
background_2759	sub-58	78	0	nontarget_window_no_remwake_nearby	5	True
background_2762	sub-58	78	0	strict_same_stage_window	5	True
background_2763	sub-58	78	0	strict_same_stage_window	5	True
background_2764	sub-58	78	0	strict_same_stage_window	5	True
background_2765	sub-58	78	0	strict_same_stage_window	5	True
background_2768	sub-59	79	0	nontarget_window_no_remwake_nearby	5	True
background_2769	sub-59	79	0	nontarget_window_no_remwake_nearby	5	True
background_2770	sub-59	79	0	nontarget_window_no_remwake_nearby	5	True
background_2771	sub-59	79	0	nontarget_window_no_remwake_nearby	5	True
background_2772	sub-59	79	0	nontarget_window_no_remwake_nearby	5	True
background_2773	sub-59	79	0	nontarget_window_no_remwake_nearby	5	True
background_2774	sub-59	79	0	nontarget_window_no_remwake_nearby	5	True
background_2776	sub-59	79	0	nontarget_window_no_remwake_nearby	5	True
background_2777	sub-59	79	0	nontarget_window_no_remwake_nearby	5	True
background_2778	sub-59	79	0	nontarget_window_no_remwake_nearby	5	True
background_2779	sub-59	79	0	nontarget_window_no_remwake_nearby	5	True
background_2780	sub-59	79	0	nontarget_window_no_remwake_nearby	5	True
background_2781	sub-59	79	0	nontarget_window_no_remwake_nearby	5	True
background_2783	sub-59	79	0	nontarget_window_no_remwake_nearby	5	True
background_2784	sub-59	79	0	nontarget_window_no_remwake_nearby	5	True
background_2786	sub-59	79	0	nontarget_window_no_remwake_nearby	5	True
background_2787	sub-59	79	0	nontarget_window_no_remwake_nearby	5	True
background_2788	sub-59	79	0	nontarget_window_no_remwake_nearby	5	True
background_2790	sub-59	79	0	nontarget_window_no_remwake_nearby	5	True
background_2791	sub-59	79	0	nontarget_window_no_remwake_nearby	5	True
background_2792	sub-59	79	0	nontarget_window_no_remwake_nearby	5	True
background_2793	sub-59	79	0	nontarget_window_no_remwake_nearby	5	True
background_2794	sub-59	79	0	nontarget_window_no_remwake_nearby	5	True
background_2795	sub-59	79	0	nontarget_window_no_remwake_nearby	5	True
background_2796	sub-59	79	0	nontarget_window_no_remwake_nearby	5	True
background_2797	sub-59	79	0	strict_same_stage_window	5	True
background_2798	sub-59	79	0	strict_same_stage_window	5	True
background_2799	sub-59	79	0	strict_same_stage_window	5	True
background_2800	sub-59	79	0	strict_same_stage_window	5	True
background_2801	sub-59	79	0	strict_same_stage_window	5	True
background_2802	sub-59	79	0	strict_same_stage_window	5	True
background_2803	sub-59	79	0	strict_same_stage_window	5	True
background_2804	sub-59	79	0	strict_same_stage_window	5	True
background_2842	sub-60	80	0	nontarget_window_no_remwake_nearby	5	True
background_2843	sub-60	80	0	nontarget_window_no_remwake_nearby	5	True
background_2844	sub-60	80	0	nontarget_window_no_remwake_nearby	5	True
background_2845	sub-60	80	0	nontarget_window_no_remwake_nearby	5	True
background_2846	sub-60	80	0	nontarget_window_no_remwake_nearby	5	True
background_2847	sub-60	80	0	nontarget_window_no_remwake_nearby	5	True
background_2848	sub-60	80	0	nontarget_window_no_remwake_nearby	5	True
background_2849	sub-60	80	0	nontarget_window_no_remwake_nearby	5	True
background_2850	sub-60	80	0	nontarget_window_no_remwake_nearby	5	True
background_2851	sub-60	80	0	nontarget_window_no_remwake_nearby	5	True
background_2852	sub-60	80	0	nontarget_window_no_remwake_nearby	5	True
background_2853	sub-60	80	0	nontarget_window_no_remwake_nearby	5	True
background_2854	sub-60	80	0	nontarget_window_no_remwake_nearby	5	True
background_2855	sub-60	80	0	nontarget_window_no_remwake_nearby	5	True
background_2856	sub-60	80	0	nontarget_window_no_remwake_nearby	5	True
background_2857	sub-60	80	0	nontarget_window_no_remwake_nearby	5	True
background_2858	sub-60	80	0	nontarget_window_no_remwake_nearby	5	True
background_2859	sub-60	80	0	nontarget_window_no_remwake_nearby	5	True
background_2860	sub-60	80	0	nontarget_window_no_remwake_nearby	5	True
background_2861	sub-60	80	0	nontarget_window_no_remwake_nearby	5	True
background_2862	sub-60	80	0	nontarget_window_no_remwake_nearby	5	True
background_2863	sub-60	80	0	nontarget_window_no_remwake_nearby	5	True
background_2864	sub-60	80	0	nontarget_window_no_remwake_nearby	5	True
background_2865	sub-60	80	0	nontarget_window_no_remwake_nearby	5	True
background_2866	sub-60	80	0	nontarget_window_no_remwake_nearby	5	True
background_2867	sub-60	80	0	nontarget_window_no_remwake_nearby	5	True
background_2868	sub-60	80	0	nontarget_window_no_remwake_nearby	5	True
background_2869	sub-60	80	0	nontarget_window_no_remwake_nearby	5	True
background_2870	sub-60	80	0	strict_same_stage_window	5	True
background_2871	sub-60	80	0	strict_same_stage_window	5	True
background_2872	sub-60	80	0	strict_same_stage_window	5	True
background_2873	sub-60	80	0	strict_same_stage_window	5	True
background_2874	sub-60	80	0	strict_same_stage_window	5	True
background_2875	sub-60	80	0	strict_same_stage_window	5	True
background_2876	sub-60	80	0	strict_same_stage_window	5	True
background_2877	sub-60	80	0	strict_same_stage_window	5	True
background_2909	sub-61	79	0	strict_same_stage_window	5	True
background_2915	sub-62	80	0	nontarget_window_no_remwake_nearby	5	True
background_2916	sub-62	80	0	nontarget_window_no_remwake_nearby	5	True
background_2917	sub-62	80	0	nontarget_window_no_remwake_nearby	5	True
background_2918	sub-62	80	0	nontarget_window_no_remwake_nearby	5	True
background_2919	sub-62	80	0	nontarget_window_no_remwake_nearby	5	True
background_2920	sub-62	80	0	nontarget_window_no_remwake_nearby	5	True
background_2921	sub-62	80	0	nontarget_window_no_remwake_nearby	5	True
background_2922	sub-62	80	0	nontarget_window_no_remwake_nearby	5	True
background_2923	sub-62	80	0	nontarget_window_no_remwake_nearby	5	True
background_2924	sub-62	80	0	nontarget_window_no_remwake_nearby	5	True
background_2925	sub-62	80	0	nontarget_window_no_remwake_nearby	5	True
background_2926	sub-62	80	0	nontarget_window_no_remwake_nearby	5	True
background_2927	sub-62	80	0	nontarget_window_no_remwake_nearby	5	True
background_2928	sub-62	80	0	nontarget_window_no_remwake_nearby	5	True
background_2929	sub-62	80	0	nontarget_window_no_remwake_nearby	5	True
background_2930	sub-62	80	0	nontarget_window_no_remwake_nearby	5	True
background_2931	sub-62	80	0	nontarget_window_no_remwake_nearby	5	True
background_2932	sub-62	80	0	nontarget_window_no_remwake_nearby	5	True
background_2933	sub-62	80	0	nontarget_window_no_remwake_nearby	5	True
background_2934	sub-62	80	0	nontarget_window_no_remwake_nearby	5	True
background_2935	sub-62	80	0	nontarget_window_no_remwake_nearby	5	True
background_2936	sub-62	80	0	nontarget_window_no_remwake_nearby	5	True
background_2937	sub-62	80	0	nontarget_window_no_remwake_nearby	5	True
background_2938	sub-62	80	0	nontarget_window_no_remwake_nearby	5	True
background_2939	sub-62	80	0	nontarget_window_no_remwake_nearby	5	True
background_2940	sub-62	80	0	nontarget_window_no_remwake_nearby	5	True
background_2941	sub-62	80	0	nontarget_window_no_remwake_nearby	5	True
background_2942	sub-62	80	0	nontarget_window_no_remwake_nearby	5	True
background_2943	sub-62	80	0	strict_same_stage_window	5	True
background_2944	sub-62	80	0	strict_same_stage_window	5	True
background_2945	sub-62	80	0	strict_same_stage_window	5	True
background_2946	sub-62	80	0	strict_same_stage_window	5	True
background_2947	sub-62	80	0	strict_same_stage_window	5	True
background_2948	sub-62	80	0	strict_same_stage_window	5	True
background_2949	sub-62	80	0	strict_same_stage_window	5	True
background_2950	sub-62	80	0	strict_same_stage_window	5	True
background_2951	sub-62	80	0	strict_same_stage_window	5	True
background_2952	sub-62	80	0	strict_same_stage_window	5	True
background_2953	sub-63	81	0	nontarget_window_no_remwake_nearby	5	True
background_2954	sub-63	81	0	nontarget_window_no_remwake_nearby	5	True
background_2955	sub-63	81	0	nontarget_window_no_remwake_nearby	5	True
background_2956	sub-63	81	0	nontarget_window_no_remwake_nearby	5	True
background_2957	sub-63	81	0	nontarget_window_no_remwake_nearby	5	True
background_2958	sub-63	81	0	nontarget_window_no_remwake_nearby	5	True
background_2959	sub-63	81	0	nontarget_window_no_remwake_nearby	5	True
background_2960	sub-63	81	0	nontarget_window_no_remwake_nearby	5	True
background_2961	sub-63	81	0	nontarget_window_no_remwake_nearby	5	True
background_2962	sub-63	81	0	nontarget_window_no_remwake_nearby	5	True
background_2963	sub-63	81	0	nontarget_window_no_remwake_nearby	5	True
background_2964	sub-63	81	0	nontarget_window_no_remwake_nearby	5	True
background_2965	sub-63	81	0	nontarget_window_no_remwake_nearby	5	True
background_2966	sub-63	81	0	nontarget_window_no_remwake_nearby	5	True
background_2967	sub-63	81	0	nontarget_window_no_remwake_nearby	5	True
background_2968	sub-63	81	0	nontarget_window_no_remwake_nearby	5	True
background_2969	sub-63	81	0	nontarget_window_no_remwake_nearby	5	True
background_2970	sub-63	81	0	nontarget_window_no_remwake_nearby	5	True
background_2971	sub-63	81	0	nontarget_window_no_remwake_nearby	5	True
background_2972	sub-63	81	0	nontarget_window_no_remwake_nearby	5	True
background_2973	sub-63	81	0	nontarget_window_no_remwake_nearby	5	True
background_2974	sub-63	81	0	nontarget_window_no_remwake_nearby	5	True
background_2975	sub-63	81	0	nontarget_window_no_remwake_nearby	5	True
background_2976	sub-63	81	0	nontarget_window_no_remwake_nearby	5	True
background_2977	sub-63	81	0	nontarget_window_no_remwake_nearby	5	True
background_2978	sub-63	81	0	nontarget_window_no_remwake_nearby	5	True
background_2979	sub-63	81	0	nontarget_window_no_remwake_nearby	5	True
background_2980	sub-63	81	0	nontarget_window_no_remwake_nearby	5	True
background_2981	sub-63	81	0	nontarget_window_no_remwake_nearby	5	True
background_2982	sub-63	81	0	strict_same_stage_window	5	True
background_2983	sub-63	81	0	strict_same_stage_window	5	True
background_2984	sub-63	81	0	strict_same_stage_window	5	True
background_2985	sub-63	81	0	strict_same_stage_window	5	True
background_2986	sub-63	81	0	strict_same_stage_window	5	True
background_2987	sub-63	81	0	strict_same_stage_window	5	True
background_2988	sub-63	81	0	strict_same_stage_window	5	True
background_2989	sub-63	81	0	strict_same_stage_window	5	True
background_2990	sub-64	82	0	nontarget_window_no_remwake_nearby	5	True
background_2991	sub-64	82	0	nontarget_window_no_remwake_nearby	5	True
background_2992	sub-64	82	0	nontarget_window_no_remwake_nearby	5	True
background_2993	sub-64	82	0	nontarget_window_no_remwake_nearby	5	True
background_2994	sub-64	82	0	nontarget_window_no_remwake_nearby	5	True
background_2995	sub-64	82	0	nontarget_window_no_remwake_nearby	5	True
background_2996	sub-64	82	0	nontarget_window_no_remwake_nearby	5	True
background_2997	sub-64	82	0	nontarget_window_no_remwake_nearby	5	True
background_2998	sub-64	82	0	nontarget_window_no_remwake_nearby	5	True
background_2999	sub-64	82	0	nontarget_window_no_remwake_nearby	5	True
background_3000	sub-64	82	0	nontarget_window_no_remwake_nearby	5	True
background_3001	sub-64	82	0	nontarget_window_no_remwake_nearby	5	True
background_3002	sub-64	82	0	nontarget_window_no_remwake_nearby	5	True
background_3003	sub-64	82	0	nontarget_window_no_remwake_nearby	5	True
background_3004	sub-64	82	0	nontarget_window_no_remwake_nearby	5	True
background_3005	sub-64	82	0	nontarget_window_no_remwake_nearby	5	True
background_3006	sub-64	82	0	nontarget_window_no_remwake_nearby	5	True
background_3007	sub-64	82	0	nontarget_window_no_remwake_nearby	5	True
background_3008	sub-64	82	0	nontarget_window_no_remwake_nearby	5	True
background_3009	sub-64	82	0	nontarget_window_no_remwake_nearby	5	True
background_3010	sub-64	82	0	nontarget_window_no_remwake_nearby	5	True
background_3011	sub-64	82	0	nontarget_window_no_remwake_nearby	5	True
background_3012	sub-64	82	0	nontarget_window_no_remwake_nearby	5	True
background_3013	sub-64	82	0	nontarget_window_no_remwake_nearby	5	True
background_3014	sub-64	82	0	nontarget_window_no_remwake_nearby	5	True
background_3015	sub-64	82	0	nontarget_window_no_remwake_nearby	5	True
background_3016	sub-64	82	0	nontarget_window_no_remwake_nearby	5	True
background_3017	sub-64	82	0	nontarget_window_no_remwake_nearby	5	True
background_3018	sub-64	82	0	nontarget_window_no_remwake_nearby	5	True
background_3019	sub-64	82	0	nontarget_window_no_remwake_nearby	5	True
background_3020	sub-64	82	0	strict_same_stage_window	5	True
background_3021	sub-64	82	0	strict_same_stage_window	5	True
background_3022	sub-64	82	0	strict_same_stage_window	5	True
background_3023	sub-64	82	0	strict_same_stage_window	5	True
background_3024	sub-64	82	0	strict_same_stage_window	5	True
background_3025	sub-64	82	0	strict_same_stage_window	5	True
background_3026	sub-64	82	0	strict_same_stage_window	5	True
background_3027	sub-64	82	0	strict_same_stage_window	5	True
background_3029	sub-65	81	0	nontarget_window_no_remwake_nearby	5	True
background_3033	sub-65	81	0	nontarget_window_no_remwake_nearby	5	True
background_3034	sub-65	81	0	nontarget_window_no_remwake_nearby	5	True
background_3035	sub-65	81	0	nontarget_window_no_remwake_nearby	5	True
background_3037	sub-65	81	0	nontarget_window_no_remwake_nearby	5	True
background_3038	sub-65	81	0	nontarget_window_no_remwake_nearby	5	True
background_3039	sub-65	81	0	nontarget_window_no_remwake_nearby	5	True
background_3041	sub-65	81	0	nontarget_window_no_remwake_nearby	5	True
background_3042	sub-65	81	0	nontarget_window_no_remwake_nearby	5	True
background_3043	sub-65	81	0	nontarget_window_no_remwake_nearby	5	True
background_3048	sub-65	81	0	nontarget_window_no_remwake_nearby	5	True
background_3049	sub-65	81	0	nontarget_window_no_remwake_nearby	5	True
background_3050	sub-65	81	0	nontarget_window_no_remwake_nearby	5	True
background_3051	sub-65	81	0	nontarget_window_no_remwake_nearby	5	True
background_3055	sub-65	81	0	nontarget_window_no_remwake_nearby	5	True
background_3056	sub-65	81	0	nontarget_window_no_remwake_nearby	5	True
background_3057	sub-65	81	0	strict_same_stage_window	5	True
background_3058	sub-65	81	0	strict_same_stage_window	5	True
background_3061	sub-65	81	0	strict_same_stage_window	5	True
background_3062	sub-65	81	0	strict_same_stage_window	5	True
background_3063	sub-65	81	0	strict_same_stage_window	5	True
background_3064	sub-65	81	0	strict_same_stage_window	5	True
background_3065	sub-66	82	0	nontarget_window_no_remwake_nearby	5	True
background_3066	sub-66	82	0	nontarget_window_no_remwake_nearby	5	True
background_3067	sub-66	82	0	nontarget_window_no_remwake_nearby	5	True
background_3068	sub-66	82	0	nontarget_window_no_remwake_nearby	5	True
background_3069	sub-66	82	0	nontarget_window_no_remwake_nearby	5	True
background_3070	sub-66	82	0	nontarget_window_no_remwake_nearby	5	True
background_3071	sub-66	82	0	nontarget_window_no_remwake_nearby	5	True
background_3072	sub-66	82	0	nontarget_window_no_remwake_nearby	5	True
background_3073	sub-66	82	0	nontarget_window_no_remwake_nearby	5	True
background_3074	sub-66	82	0	nontarget_window_no_remwake_nearby	5	True
background_3075	sub-66	82	0	nontarget_window_no_remwake_nearby	5	True
background_3076	sub-66	82	0	nontarget_window_no_remwake_nearby	5	True
background_3077	sub-66	82	0	nontarget_window_no_remwake_nearby	5	True
background_3078	sub-66	82	0	nontarget_window_no_remwake_nearby	5	True
background_3079	sub-66	82	0	nontarget_window_no_remwake_nearby	5	True
background_3080	sub-66	82	0	nontarget_window_no_remwake_nearby	5	True
background_3081	sub-66	82	0	nontarget_window_no_remwake_nearby	5	True
background_3082	sub-66	82	0	nontarget_window_no_remwake_nearby	5	True
background_3083	sub-66	82	0	nontarget_window_no_remwake_nearby	5	True
background_3084	sub-66	82	0	nontarget_window_no_remwake_nearby	5	True
background_3085	sub-66	82	0	nontarget_window_no_remwake_nearby	5	True
background_3086	sub-66	82	0	nontarget_window_no_remwake_nearby	5	True
background_3087	sub-66	82	0	nontarget_window_no_remwake_nearby	5	True
background_3088	sub-66	82	0	nontarget_window_no_remwake_nearby	5	True
background_3089	sub-66	82	0	nontarget_window_no_remwake_nearby	5	True
background_3090	sub-66	82	0	nontarget_window_no_remwake_nearby	5	True
background_3091	sub-66	82	0	nontarget_window_no_remwake_nearby	5	True
background_3092	sub-66	82	0	nontarget_window_no_remwake_nearby	5	True
background_3093	sub-66	82	0	nontarget_window_no_remwake_nearby	5	True
background_3094	sub-66	82	0	strict_same_stage_window	5	True
background_3095	sub-66	82	0	strict_same_stage_window	5	True
background_3096	sub-66	82	0	strict_same_stage_window	5	True
background_3097	sub-66	82	0	strict_same_stage_window	5	True
background_3098	sub-66	82	0	strict_same_stage_window	5	True
background_3099	sub-66	82	0	strict_same_stage_window	5	True
background_3100	sub-67	32	0	nontarget_window_no_remwake_nearby	5	True
background_3101	sub-67	32	0	nontarget_window_no_remwake_nearby	5	True
background_3102	sub-67	32	0	nontarget_window_no_remwake_nearby	5	True
background_3103	sub-67	32	0	nontarget_window_no_remwake_nearby	5	True
background_3104	sub-67	32	0	nontarget_window_no_remwake_nearby	5	True
background_3105	sub-67	32	0	nontarget_window_no_remwake_nearby	5	True
background_3106	sub-67	32	0	nontarget_window_no_remwake_nearby	5	True
background_3107	sub-67	32	0	nontarget_window_no_remwake_nearby	5	True
background_3108	sub-67	32	0	nontarget_window_no_remwake_nearby	5	True
background_3109	sub-67	32	0	nontarget_window_no_remwake_nearby	5	True
background_3110	sub-67	32	0	nontarget_window_no_remwake_nearby	5	True
background_3111	sub-67	32	0	nontarget_window_no_remwake_nearby	5	True
background_3112	sub-67	32	0	nontarget_window_no_remwake_nearby	5	True
background_3113	sub-67	32	0	nontarget_window_no_remwake_nearby	5	True
background_3114	sub-67	32	0	nontarget_window_no_remwake_nearby	5	True
background_3115	sub-67	32	0	nontarget_window_no_remwake_nearby	5	True
background_3116	sub-67	32	0	nontarget_window_no_remwake_nearby	5	True
background_3117	sub-67	32	0	nontarget_window_no_remwake_nearby	5	True
background_3118	sub-67	32	0	nontarget_window_no_remwake_nearby	5	True
background_3119	sub-67	32	0	nontarget_window_no_remwake_nearby	5	True
background_3120	sub-67	32	0	nontarget_window_no_remwake_nearby	5	True
background_3121	sub-67	32	0	nontarget_window_no_remwake_nearby	5	True
background_3122	sub-67	32	0	strict_same_stage_window	5	True
background_3123	sub-67	32	0	strict_same_stage_window	5	True
background_3124	sub-67	32	0	strict_same_stage_window	5	True
background_3125	sub-67	32	0	strict_same_stage_window	5	True
background_3126	sub-67	32	0	strict_same_stage_window	5	True
background_3127	sub-67	32	0	strict_same_stage_window	5	True
background_3128	sub-68	33	0	nontarget_window_no_remwake_nearby	5	True
background_3129	sub-68	33	0	nontarget_window_no_remwake_nearby	5	True
background_313	sub-107	75	0	nontarget_window_no_remwake_nearby	5	True
background_3130	sub-68	33	0	nontarget_window_no_remwake_nearby	5	True
background_3131	sub-68	33	0	nontarget_window_no_remwake_nearby	5	True
background_3132	sub-68	33	0	nontarget_window_no_remwake_nearby	5	True
background_3133	sub-68	33	0	nontarget_window_no_remwake_nearby	5	True
background_3134	sub-68	33	0	nontarget_window_no_remwake_nearby	5	True
background_3135	sub-68	33	0	nontarget_window_no_remwake_nearby	5	True
background_3136	sub-68	33	0	nontarget_window_no_remwake_nearby	5	True
background_3137	sub-68	33	0	nontarget_window_no_remwake_nearby	5	True
background_3138	sub-68	33	0	nontarget_window_no_remwake_nearby	5	True
background_3139	sub-68	33	0	nontarget_window_no_remwake_nearby	5	True
background_314	sub-107	75	0	nontarget_window_no_remwake_nearby	5	True
background_3140	sub-68	33	0	nontarget_window_no_remwake_nearby	5	True
background_3141	sub-68	33	0	nontarget_window_no_remwake_nearby	5	True
background_3142	sub-68	33	0	nontarget_window_no_remwake_nearby	5	True
background_3143	sub-68	33	0	nontarget_window_no_remwake_nearby	5	True
background_3144	sub-68	33	0	nontarget_window_no_remwake_nearby	5	True
background_3145	sub-68	33	0	nontarget_window_no_remwake_nearby	5	True
background_3146	sub-68	33	0	nontarget_window_no_remwake_nearby	5	True
background_3147	sub-68	33	0	nontarget_window_no_remwake_nearby	5	True
background_3148	sub-68	33	0	nontarget_window_no_remwake_nearby	5	True
background_3149	sub-68	33	0	nontarget_window_no_remwake_nearby	5	True
background_315	sub-107	75	0	nontarget_window_no_remwake_nearby	5	True
background_3150	sub-68	33	0	nontarget_window_no_remwake_nearby	5	True
background_3151	sub-68	33	0	nontarget_window_no_remwake_nearby	5	True
background_3152	sub-68	33	0	nontarget_window_no_remwake_nearby	5	True
background_3153	sub-68	33	0	nontarget_window_no_remwake_nearby	5	True
background_3154	sub-68	33	0	nontarget_window_no_remwake_nearby	5	True
background_3155	sub-68	33	0	nontarget_window_no_remwake_nearby	5	True
background_3156	sub-68	33	0	nontarget_window_no_remwake_nearby	5	True
background_3157	sub-68	33	0	strict_same_stage_window	5	True
background_3158	sub-68	33	0	strict_same_stage_window	5	True
background_3159	sub-68	33	0	strict_same_stage_window	5	True
background_316	sub-107	75	0	nontarget_window_no_remwake_nearby	5	True
background_3160	sub-68	33	0	strict_same_stage_window	5	True
background_3161	sub-68	33	0	strict_same_stage_window	5	True
background_3162	sub-68	33	0	strict_same_stage_window	5	True
background_3163	sub-68	33	0	strict_same_stage_window	5	True
background_3164	sub-68	33	0	strict_same_stage_window	5	True
background_3165	sub-68	33	0	strict_same_stage_window	5	True
background_3166	sub-68	33	0	strict_same_stage_window	5	True
background_3167	sub-69	34	0	nontarget_window_no_remwake_nearby	5	True
background_3168	sub-69	34	0	nontarget_window_no_remwake_nearby	5	True
background_3169	sub-69	34	0	nontarget_window_no_remwake_nearby	5	True
background_317	sub-107	75	0	nontarget_window_no_remwake_nearby	5	True
background_3170	sub-69	34	0	nontarget_window_no_remwake_nearby	5	True
background_3171	sub-69	34	0	nontarget_window_no_remwake_nearby	5	True
background_3172	sub-69	34	0	nontarget_window_no_remwake_nearby	5	True
background_3173	sub-69	34	0	nontarget_window_no_remwake_nearby	5	True
background_3174	sub-69	34	0	nontarget_window_no_remwake_nearby	5	True
background_3175	sub-69	34	0	nontarget_window_no_remwake_nearby	5	True
background_3176	sub-69	34	0	nontarget_window_no_remwake_nearby	5	True
background_3177	sub-69	34	0	nontarget_window_no_remwake_nearby	5	True
background_3178	sub-69	34	0	nontarget_window_no_remwake_nearby	5	True
background_3179	sub-69	34	0	nontarget_window_no_remwake_nearby	5	True
background_318	sub-107	75	0	nontarget_window_no_remwake_nearby	5	True
background_3181	sub-69	34	0	nontarget_window_no_remwake_nearby	5	True
background_3182	sub-69	34	0	nontarget_window_no_remwake_nearby	5	True
background_3183	sub-69	34	0	nontarget_window_no_remwake_nearby	5	True
background_3184	sub-69	34	0	nontarget_window_no_remwake_nearby	5	True
background_3185	sub-69	34	0	nontarget_window_no_remwake_nearby	5	True
background_3186	sub-69	34	0	nontarget_window_no_remwake_nearby	5	True
background_3187	sub-69	34	0	nontarget_window_no_remwake_nearby	5	True
background_3188	sub-69	34	0	nontarget_window_no_remwake_nearby	5	True
background_3189	sub-69	34	0	nontarget_window_no_remwake_nearby	5	True
background_319	sub-107	75	0	nontarget_window_no_remwake_nearby	5	True
background_3190	sub-69	34	0	nontarget_window_no_remwake_nearby	5	True
background_3191	sub-69	34	0	nontarget_window_no_remwake_nearby	5	True
background_3192	sub-69	34	0	nontarget_window_no_remwake_nearby	5	True
background_3193	sub-69	34	0	nontarget_window_no_remwake_nearby	5	True
background_3194	sub-69	34	0	strict_same_stage_window	5	True
background_3195	sub-69	34	0	strict_same_stage_window	5	True
background_3196	sub-69	34	0	strict_same_stage_window	5	True
background_3197	sub-69	34	0	strict_same_stage_window	5	True
background_3198	sub-69	34	0	strict_same_stage_window	5	True
background_3199	sub-69	34	0	strict_same_stage_window	5	True
background_320	sub-107	75	0	nontarget_window_no_remwake_nearby	5	True
background_3200	sub-69	34	0	strict_same_stage_window	5	True
background_3201	sub-69	34	0	strict_same_stage_window	5	True
background_321	sub-107	75	0	nontarget_window_no_remwake_nearby	5	True
background_322	sub-107	75	0	nontarget_window_no_remwake_nearby	5	True
background_323	sub-107	75	0	nontarget_window_no_remwake_nearby	5	True
background_324	sub-107	75	0	nontarget_window_no_remwake_nearby	5	True
background_3242	sub-70	35	0	nontarget_window_no_remwake_nearby	5	True
background_3243	sub-70	35	0	nontarget_window_no_remwake_nearby	5	True
background_3244	sub-70	35	0	nontarget_window_no_remwake_nearby	5	True
background_3245	sub-70	35	0	nontarget_window_no_remwake_nearby	5	True
background_3246	sub-70	35	0	nontarget_window_no_remwake_nearby	5	True
background_3247	sub-70	35	0	nontarget_window_no_remwake_nearby	5	True
background_3248	sub-70	35	0	nontarget_window_no_remwake_nearby	5	True
background_3249	sub-70	35	0	nontarget_window_no_remwake_nearby	5	True
background_325	sub-107	75	0	nontarget_window_no_remwake_nearby	5	True
background_3250	sub-70	35	0	nontarget_window_no_remwake_nearby	5	True
background_3251	sub-70	35	0	nontarget_window_no_remwake_nearby	5	True
background_3252	sub-70	35	0	nontarget_window_no_remwake_nearby	5	True
background_3253	sub-70	35	0	nontarget_window_no_remwake_nearby	5	True
background_3254	sub-70	35	0	nontarget_window_no_remwake_nearby	5	True
background_3255	sub-70	35	0	nontarget_window_no_remwake_nearby	5	True
background_3256	sub-70	35	0	nontarget_window_no_remwake_nearby	5	True
background_3257	sub-70	35	0	nontarget_window_no_remwake_nearby	5	True
background_3258	sub-70	35	0	nontarget_window_no_remwake_nearby	5	True
background_3259	sub-70	35	0	nontarget_window_no_remwake_nearby	5	True
background_326	sub-107	75	0	nontarget_window_no_remwake_nearby	5	True
background_3260	sub-70	35	0	nontarget_window_no_remwake_nearby	5	True
background_3261	sub-70	35	0	nontarget_window_no_remwake_nearby	5	True
background_3262	sub-70	35	0	nontarget_window_no_remwake_nearby	5	True
background_3263	sub-70	35	0	nontarget_window_no_remwake_nearby	5	True
background_3264	sub-70	35	0	nontarget_window_no_remwake_nearby	5	True
background_3265	sub-70	35	0	strict_same_stage_window	5	True
background_3266	sub-70	35	0	strict_same_stage_window	5	True
background_3267	sub-70	35	0	strict_same_stage_window	5	True
background_3268	sub-70	35	0	strict_same_stage_window	5	True
background_3269	sub-70	35	0	strict_same_stage_window	5	True
background_327	sub-107	75	0	nontarget_window_no_remwake_nearby	5	True
background_3270	sub-70	35	0	strict_same_stage_window	5	True
background_3271	sub-71	36	0	nontarget_window_no_remwake_nearby	5	True
background_3272	sub-71	36	0	nontarget_window_no_remwake_nearby	5	True
background_3273	sub-71	36	0	nontarget_window_no_remwake_nearby	5	True
background_3274	sub-71	36	0	nontarget_window_no_remwake_nearby	5	True
background_3275	sub-71	36	0	nontarget_window_no_remwake_nearby	5	True
background_3276	sub-71	36	0	nontarget_window_no_remwake_nearby	5	True
background_3277	sub-71	36	0	nontarget_window_no_remwake_nearby	5	True
background_3278	sub-71	36	0	nontarget_window_no_remwake_nearby	5	True
background_3279	sub-71	36	0	nontarget_window_no_remwake_nearby	5	True
background_328	sub-107	75	0	nontarget_window_no_remwake_nearby	5	True
background_3280	sub-71	36	0	nontarget_window_no_remwake_nearby	5	True
background_3281	sub-71	36	0	nontarget_window_no_remwake_nearby	5	True
background_3282	sub-71	36	0	nontarget_window_no_remwake_nearby	5	True
background_3283	sub-71	36	0	nontarget_window_no_remwake_nearby	5	True
background_3284	sub-71	36	0	nontarget_window_no_remwake_nearby	5	True
background_3285	sub-71	36	0	nontarget_window_no_remwake_nearby	5	True
background_3286	sub-71	36	0	nontarget_window_no_remwake_nearby	5	True
background_3287	sub-71	36	0	nontarget_window_no_remwake_nearby	5	True
background_3288	sub-71	36	0	nontarget_window_no_remwake_nearby	5	True
background_3289	sub-71	36	0	nontarget_window_no_remwake_nearby	5	True
background_329	sub-107	75	0	nontarget_window_no_remwake_nearby	5	True
background_3290	sub-71	36	0	nontarget_window_no_remwake_nearby	5	True
background_3291	sub-71	36	0	nontarget_window_no_remwake_nearby	5	True
background_3292	sub-71	36	0	nontarget_window_no_remwake_nearby	5	True
background_3293	sub-71	36	0	nontarget_window_no_remwake_nearby	5	True
background_3294	sub-71	36	0	nontarget_window_no_remwake_nearby	5	True
background_3295	sub-71	36	0	strict_same_stage_window	5	True
background_3296	sub-71	36	0	strict_same_stage_window	5	True
background_3297	sub-71	36	0	strict_same_stage_window	5	True
background_3298	sub-71	36	0	strict_same_stage_window	5	True
background_3299	sub-71	36	0	strict_same_stage_window	5	True
background_330	sub-107	75	0	nontarget_window_no_remwake_nearby	5	True
background_3300	sub-71	36	0	strict_same_stage_window	5	True
background_331	sub-107	75	0	nontarget_window_no_remwake_nearby	5	True
background_332	sub-107	75	0	nontarget_window_no_remwake_nearby	5	True
background_333	sub-107	75	0	nontarget_window_no_remwake_nearby	5	True
background_3331	sub-73	38	0	nontarget_window_no_remwake_nearby	5	True
background_3333	sub-73	38	0	nontarget_window_no_remwake_nearby	5	True
background_3334	sub-73	38	0	nontarget_window_no_remwake_nearby	5	True
background_3336	sub-73	38	0	nontarget_window_no_remwake_nearby	5	True
background_3337	sub-73	38	0	nontarget_window_no_remwake_nearby	5	True
background_3338	sub-73	38	0	nontarget_window_no_remwake_nearby	5	True
background_3339	sub-73	38	0	nontarget_window_no_remwake_nearby	5	True
background_334	sub-107	75	0	nontarget_window_no_remwake_nearby	5	True
background_3340	sub-73	38	0	nontarget_window_no_remwake_nearby	5	True
background_3341	sub-73	38	0	nontarget_window_no_remwake_nearby	5	True
background_3342	sub-73	38	0	nontarget_window_no_remwake_nearby	5	True
background_3343	sub-73	38	0	nontarget_window_no_remwake_nearby	5	True
background_3344	sub-73	38	0	nontarget_window_no_remwake_nearby	5	True
background_3345	sub-73	38	0	nontarget_window_no_remwake_nearby	5	True
background_3346	sub-73	38	0	nontarget_window_no_remwake_nearby	5	True
background_3347	sub-73	38	0	nontarget_window_no_remwake_nearby	5	True
background_3348	sub-73	38	0	nontarget_window_no_remwake_nearby	5	True
background_3349	sub-73	38	0	nontarget_window_no_remwake_nearby	5	True
background_335	sub-107	75	0	nontarget_window_no_remwake_nearby	5	True
background_3350	sub-73	38	0	nontarget_window_no_remwake_nearby	5	True
background_3351	sub-73	38	0	nontarget_window_no_remwake_nearby	5	True
background_3352	sub-73	38	0	nontarget_window_no_remwake_nearby	5	True
background_3353	sub-73	38	0	nontarget_window_no_remwake_nearby	5	True
background_3354	sub-73	38	0	nontarget_window_no_remwake_nearby	5	True
background_3355	sub-73	38	0	nontarget_window_no_remwake_nearby	5	True
background_3356	sub-73	38	0	nontarget_window_no_remwake_nearby	5	True
background_3357	sub-73	38	0	nontarget_window_no_remwake_nearby	5	True
background_3358	sub-73	38	0	nontarget_window_no_remwake_nearby	5	True
background_3359	sub-73	38	0	nontarget_window_no_remwake_nearby	5	True
background_336	sub-107	75	0	nontarget_window_no_remwake_nearby	5	True
background_3360	sub-73	38	0	strict_same_stage_window	5	True
background_3361	sub-73	38	0	strict_same_stage_window	5	True
background_3362	sub-73	38	0	strict_same_stage_window	5	True
background_3363	sub-73	38	0	strict_same_stage_window	5	True
background_3364	sub-73	38	0	strict_same_stage_window	5	True
background_3365	sub-73	38	0	strict_same_stage_window	5	True
background_3366	sub-73	38	0	strict_same_stage_window	5	True
background_3367	sub-73	38	0	strict_same_stage_window	5	True
background_3368	sub-74	39	0	nontarget_window_no_remwake_nearby	5	True
background_3369	sub-74	39	0	nontarget_window_no_remwake_nearby	5	True
background_337	sub-107	75	0	nontarget_window_no_remwake_nearby	5	True
background_3370	sub-74	39	0	nontarget_window_no_remwake_nearby	5	True
background_3371	sub-74	39	0	nontarget_window_no_remwake_nearby	5	True
background_3372	sub-74	39	0	nontarget_window_no_remwake_nearby	5	True
background_3373	sub-74	39	0	nontarget_window_no_remwake_nearby	5	True
background_3374	sub-74	39	0	nontarget_window_no_remwake_nearby	5	True
background_3375	sub-74	39	0	nontarget_window_no_remwake_nearby	5	True
background_3376	sub-74	39	0	nontarget_window_no_remwake_nearby	5	True
background_3377	sub-74	39	0	nontarget_window_no_remwake_nearby	5	True
background_3378	sub-74	39	0	nontarget_window_no_remwake_nearby	5	True
background_3379	sub-74	39	0	nontarget_window_no_remwake_nearby	5	True
background_338	sub-107	75	0	nontarget_window_no_remwake_nearby	5	True
background_3380	sub-74	39	0	nontarget_window_no_remwake_nearby	5	True
background_3381	sub-74	39	0	nontarget_window_no_remwake_nearby	5	True
background_3382	sub-74	39	0	nontarget_window_no_remwake_nearby	5	True
background_3383	sub-74	39	0	nontarget_window_no_remwake_nearby	5	True
background_3384	sub-74	39	0	nontarget_window_no_remwake_nearby	5	True
background_3385	sub-74	39	0	nontarget_window_no_remwake_nearby	5	True
background_3386	sub-74	39	0	nontarget_window_no_remwake_nearby	5	True
background_3387	sub-74	39	0	nontarget_window_no_remwake_nearby	5	True
background_3388	sub-74	39	0	nontarget_window_no_remwake_nearby	5	True
background_3389	sub-74	39	0	nontarget_window_no_remwake_nearby	5	True
background_339	sub-107	75	0	nontarget_window_no_remwake_nearby	5	True
background_3390	sub-74	39	0	nontarget_window_no_remwake_nearby	5	True
background_3391	sub-74	39	0	nontarget_window_no_remwake_nearby	5	True
background_3392	sub-74	39	0	nontarget_window_no_remwake_nearby	5	True
background_3393	sub-74	39	0	nontarget_window_no_remwake_nearby	5	True
background_3394	sub-74	39	0	nontarget_window_no_remwake_nearby	5	True
background_3395	sub-74	39	0	nontarget_window_no_remwake_nearby	5	True
background_3396	sub-74	39	0	nontarget_window_no_remwake_nearby	5	True
background_3397	sub-74	39	0	strict_same_stage_window	5	True
background_3398	sub-74	39	0	strict_same_stage_window	5	True
background_3399	sub-74	39	0	strict_same_stage_window	5	True
background_340	sub-107	75	0	nontarget_window_no_remwake_nearby	5	True
background_3400	sub-74	39	0	strict_same_stage_window	5	True
background_3401	sub-74	39	0	strict_same_stage_window	5	True
background_3402	sub-74	39	0	strict_same_stage_window	5	True
background_3403	sub-74	39	0	strict_same_stage_window	5	True
background_3404	sub-74	39	0	strict_same_stage_window	5	True
background_341	sub-107	75	0	nontarget_window_no_remwake_nearby	5	True
background_342	sub-107	75	0	nontarget_window_no_remwake_nearby	5	True
background_343	sub-107	75	0	nontarget_window_no_remwake_nearby	5	True
background_344	sub-107	75	0	strict_same_stage_window	5	True
background_345	sub-107	75	0	strict_same_stage_window	5	True
background_346	sub-107	75	0	strict_same_stage_window	5	True
background_347	sub-107	75	0	strict_same_stage_window	5	True
background_3471	sub-77	42	0	nontarget_window_no_remwake_nearby	5	True
background_3472	sub-77	42	0	nontarget_window_no_remwake_nearby	5	True
background_3473	sub-77	42	0	nontarget_window_no_remwake_nearby	5	True
background_3474	sub-77	42	0	nontarget_window_no_remwake_nearby	5	True
background_3478	sub-77	42	0	nontarget_window_no_remwake_nearby	5	True
background_3479	sub-77	42	0	nontarget_window_no_remwake_nearby	5	True
background_348	sub-107	75	0	strict_same_stage_window	5	True
background_3480	sub-77	42	0	nontarget_window_no_remwake_nearby	5	True
background_3481	sub-77	42	0	nontarget_window_no_remwake_nearby	5	True
background_3482	sub-77	42	0	nontarget_window_no_remwake_nearby	5	True
background_3483	sub-77	42	0	nontarget_window_no_remwake_nearby	5	True
background_3484	sub-77	42	0	nontarget_window_no_remwake_nearby	5	True
background_3485	sub-77	42	0	nontarget_window_no_remwake_nearby	5	True
background_3486	sub-77	42	0	nontarget_window_no_remwake_nearby	5	True
background_3487	sub-77	42	0	nontarget_window_no_remwake_nearby	5	True
background_349	sub-107	75	0	strict_same_stage_window	5	True
background_3490	sub-77	42	0	nontarget_window_no_remwake_nearby	5	True
background_3491	sub-77	42	0	nontarget_window_no_remwake_nearby	5	True
background_3492	sub-77	42	0	nontarget_window_no_remwake_nearby	5	True
background_3493	sub-77	42	0	nontarget_window_no_remwake_nearby	5	True
background_3494	sub-77	42	0	nontarget_window_no_remwake_nearby	5	True
background_3496	sub-77	42	0	nontarget_window_no_remwake_nearby	5	True
background_3497	sub-77	42	0	nontarget_window_no_remwake_nearby	5	True
background_3498	sub-77	42	0	nontarget_window_no_remwake_nearby	5	True
background_3499	sub-77	42	0	strict_same_stage_window	5	True
background_350	sub-107	75	0	strict_same_stage_window	5	True
background_3500	sub-77	42	0	strict_same_stage_window	5	True
background_3503	sub-77	42	0	strict_same_stage_window	5	True
background_3504	sub-77	42	0	strict_same_stage_window	5	True
background_3507	sub-78	43	0	nontarget_window_no_remwake_nearby	5	True
background_3508	sub-78	43	0	nontarget_window_no_remwake_nearby	5	True
background_3509	sub-78	43	0	nontarget_window_no_remwake_nearby	5	True
background_351	sub-107	75	0	strict_same_stage_window	5	True
background_3511	sub-78	43	0	nontarget_window_no_remwake_nearby	5	True
background_3513	sub-78	43	0	nontarget_window_no_remwake_nearby	5	True
background_3514	sub-78	43	0	nontarget_window_no_remwake_nearby	5	True
background_3515	sub-78	43	0	nontarget_window_no_remwake_nearby	5	True
background_3516	sub-78	43	0	nontarget_window_no_remwake_nearby	5	True
background_3517	sub-78	43	0	nontarget_window_no_remwake_nearby	5	True
background_3518	sub-78	43	0	nontarget_window_no_remwake_nearby	5	True
background_3519	sub-78	43	0	nontarget_window_no_remwake_nearby	5	True
background_352	sub-108	76	0	nontarget_window_no_remwake_nearby	5	True
background_3520	sub-78	43	0	nontarget_window_no_remwake_nearby	5	True
background_3521	sub-78	43	0	nontarget_window_no_remwake_nearby	5	True
background_3522	sub-78	43	0	nontarget_window_no_remwake_nearby	5	True
background_3524	sub-78	43	0	nontarget_window_no_remwake_nearby	5	True
background_3525	sub-78	43	0	nontarget_window_no_remwake_nearby	5	True
background_3527	sub-78	43	0	nontarget_window_no_remwake_nearby	5	True
background_3528	sub-78	43	0	nontarget_window_no_remwake_nearby	5	True
background_3529	sub-78	43	0	nontarget_window_no_remwake_nearby	5	True
background_353	sub-108	76	0	nontarget_window_no_remwake_nearby	5	True
background_3530	sub-78	43	0	nontarget_window_no_remwake_nearby	5	True
background_3531	sub-78	43	0	nontarget_window_no_remwake_nearby	5	True
background_3532	sub-78	43	0	nontarget_window_no_remwake_nearby	5	True
background_3533	sub-78	43	0	nontarget_window_no_remwake_nearby	5	True
background_3534	sub-78	43	0	nontarget_window_no_remwake_nearby	5	True
background_3535	sub-78	43	0	nontarget_window_no_remwake_nearby	5	True
background_3536	sub-78	43	0	nontarget_window_no_remwake_nearby	5	True
background_3537	sub-78	43	0	nontarget_window_no_remwake_nearby	5	True
background_3538	sub-78	43	0	nontarget_window_no_remwake_nearby	5	True
background_3539	sub-78	43	0	strict_same_stage_window	5	True
background_354	sub-108	76	0	nontarget_window_no_remwake_nearby	5	True
background_3540	sub-78	43	0	strict_same_stage_window	5	True
background_3541	sub-78	43	0	strict_same_stage_window	5	True
background_3542	sub-78	43	0	strict_same_stage_window	5	True
background_3543	sub-78	43	0	strict_same_stage_window	5	True
background_3544	sub-78	43	0	strict_same_stage_window	5	True
background_355	sub-108	76	0	nontarget_window_no_remwake_nearby	5	True
background_356	sub-108	76	0	nontarget_window_no_remwake_nearby	5	True
background_357	sub-108	76	0	nontarget_window_no_remwake_nearby	5	True
background_3579	sub-8	6	0	nontarget_window_no_remwake_nearby	5	True
background_358	sub-108	76	0	nontarget_window_no_remwake_nearby	5	True
background_3580	sub-8	6	0	nontarget_window_no_remwake_nearby	5	True
background_3581	sub-8	6	0	nontarget_window_no_remwake_nearby	5	True
background_3582	sub-8	6	0	nontarget_window_no_remwake_nearby	5	True
background_3583	sub-8	6	0	nontarget_window_no_remwake_nearby	5	True
background_3584	sub-8	6	0	nontarget_window_no_remwake_nearby	5	True
background_3585	sub-8	6	0	nontarget_window_no_remwake_nearby	5	True
background_3586	sub-8	6	0	nontarget_window_no_remwake_nearby	5	True
background_3587	sub-8	6	0	nontarget_window_no_remwake_nearby	5	True
background_3588	sub-8	6	0	nontarget_window_no_remwake_nearby	5	True
background_3589	sub-8	6	0	nontarget_window_no_remwake_nearby	5	True
background_359	sub-108	76	0	nontarget_window_no_remwake_nearby	5	True
background_3590	sub-8	6	0	nontarget_window_no_remwake_nearby	5	True
background_3591	sub-8	6	0	nontarget_window_no_remwake_nearby	5	True
background_3592	sub-8	6	0	nontarget_window_no_remwake_nearby	5	True
background_3593	sub-8	6	0	nontarget_window_no_remwake_nearby	5	True
background_3594	sub-8	6	0	nontarget_window_no_remwake_nearby	5	True
background_3595	sub-8	6	0	nontarget_window_no_remwake_nearby	5	True
background_3596	sub-8	6	0	nontarget_window_no_remwake_nearby	5	True
background_3597	sub-8	6	0	nontarget_window_no_remwake_nearby	5	True
background_3598	sub-8	6	0	nontarget_window_no_remwake_nearby	5	True
background_3599	sub-8	6	0	nontarget_window_no_remwake_nearby	5	True
background_360	sub-108	76	0	nontarget_window_no_remwake_nearby	5	True
background_3600	sub-8	6	0	nontarget_window_no_remwake_nearby	5	True
background_3601	sub-8	6	0	nontarget_window_no_remwake_nearby	5	True
background_3602	sub-8	6	0	nontarget_window_no_remwake_nearby	5	True
background_3603	sub-8	6	0	strict_same_stage_window	5	True
background_3604	sub-8	6	0	strict_same_stage_window	5	True
background_3605	sub-8	6	0	strict_same_stage_window	5	True
background_3606	sub-8	6	0	strict_same_stage_window	5	True
background_3607	sub-8	6	0	strict_same_stage_window	5	True
background_3608	sub-8	6	0	strict_same_stage_window	5	True
background_3609	sub-8	6	0	strict_same_stage_window	5	True
background_361	sub-108	76	0	nontarget_window_no_remwake_nearby	5	True
background_3610	sub-8	6	0	strict_same_stage_window	5	True
background_3611	sub-80	45	0	nontarget_window_no_remwake_nearby	5	True
background_3612	sub-80	45	0	nontarget_window_no_remwake_nearby	5	True
background_3613	sub-80	45	0	nontarget_window_no_remwake_nearby	5	True
background_3614	sub-80	45	0	nontarget_window_no_remwake_nearby	5	True
background_3615	sub-80	45	0	nontarget_window_no_remwake_nearby	5	True
background_3616	sub-80	45	0	nontarget_window_no_remwake_nearby	5	True
background_3617	sub-80	45	0	nontarget_window_no_remwake_nearby	5	True
background_3618	sub-80	45	0	nontarget_window_no_remwake_nearby	5	True
background_3619	sub-80	45	0	nontarget_window_no_remwake_nearby	5	True
background_362	sub-108	76	0	nontarget_window_no_remwake_nearby	5	True
background_3620	sub-80	45	0	nontarget_window_no_remwake_nearby	5	True
background_3621	sub-80	45	0	nontarget_window_no_remwake_nearby	5	True
background_3622	sub-80	45	0	nontarget_window_no_remwake_nearby	5	True
background_3623	sub-80	45	0	nontarget_window_no_remwake_nearby	5	True
background_3624	sub-80	45	0	nontarget_window_no_remwake_nearby	5	True
background_3625	sub-80	45	0	nontarget_window_no_remwake_nearby	5	True
background_3626	sub-80	45	0	nontarget_window_no_remwake_nearby	5	True
background_3627	sub-80	45	0	nontarget_window_no_remwake_nearby	5	True
background_3628	sub-80	45	0	nontarget_window_no_remwake_nearby	5	True
background_3629	sub-80	45	0	nontarget_window_no_remwake_nearby	5	True
background_363	sub-108	76	0	nontarget_window_no_remwake_nearby	5	True
background_3630	sub-80	45	0	nontarget_window_no_remwake_nearby	5	True
background_3631	sub-80	45	0	nontarget_window_no_remwake_nearby	5	True
background_3632	sub-80	45	0	nontarget_window_no_remwake_nearby	5	True
background_3633	sub-80	45	0	nontarget_window_no_remwake_nearby	5	True
background_3634	sub-80	45	0	nontarget_window_no_remwake_nearby	5	True
background_3635	sub-80	45	0	nontarget_window_no_remwake_nearby	5	True
background_3636	sub-80	45	0	nontarget_window_no_remwake_nearby	5	True
background_3637	sub-80	45	0	nontarget_window_no_remwake_nearby	5	True
background_3638	sub-80	45	0	nontarget_window_no_remwake_nearby	5	True
background_3639	sub-80	45	0	strict_same_stage_window	5	True
background_364	sub-108	76	0	nontarget_window_no_remwake_nearby	5	True
background_3640	sub-80	45	0	strict_same_stage_window	5	True
background_3641	sub-80	45	0	strict_same_stage_window	5	True
background_3642	sub-80	45	0	strict_same_stage_window	5	True
background_3643	sub-80	45	0	strict_same_stage_window	5	True
background_3644	sub-80	45	0	strict_same_stage_window	5	True
background_3645	sub-80	45	0	strict_same_stage_window	5	True
background_3646	sub-80	45	0	strict_same_stage_window	5	True
background_3647	sub-80	45	0	strict_same_stage_window	5	True
background_3648	sub-81	46	0	nontarget_window_no_remwake_nearby	5	True
background_3649	sub-81	46	0	nontarget_window_no_remwake_nearby	5	True
background_365	sub-108	76	0	nontarget_window_no_remwake_nearby	5	True
background_3650	sub-81	46	0	nontarget_window_no_remwake_nearby	5	True
background_3651	sub-81	46	0	nontarget_window_no_remwake_nearby	5	True
background_3652	sub-81	46	0	nontarget_window_no_remwake_nearby	5	True
background_3653	sub-81	46	0	nontarget_window_no_remwake_nearby	5	True
background_3654	sub-81	46	0	nontarget_window_no_remwake_nearby	5	True
background_3655	sub-81	46	0	nontarget_window_no_remwake_nearby	5	True
background_3656	sub-81	46	0	nontarget_window_no_remwake_nearby	5	True
background_3657	sub-81	46	0	nontarget_window_no_remwake_nearby	5	True
background_3658	sub-81	46	0	nontarget_window_no_remwake_nearby	5	True
background_3659	sub-81	46	0	nontarget_window_no_remwake_nearby	5	True
background_366	sub-108	76	0	nontarget_window_no_remwake_nearby	5	True
background_3660	sub-81	46	0	nontarget_window_no_remwake_nearby	5	True
background_3661	sub-81	46	0	nontarget_window_no_remwake_nearby	5	True
background_3662	sub-81	46	0	nontarget_window_no_remwake_nearby	5	True
background_3663	sub-81	46	0	nontarget_window_no_remwake_nearby	5	True
background_3664	sub-81	46	0	nontarget_window_no_remwake_nearby	5	True
background_3665	sub-81	46	0	nontarget_window_no_remwake_nearby	5	True
background_3666	sub-81	46	0	nontarget_window_no_remwake_nearby	5	True
background_3667	sub-81	46	0	nontarget_window_no_remwake_nearby	5	True
background_3668	sub-81	46	0	nontarget_window_no_remwake_nearby	5	True
background_3669	sub-81	46	0	nontarget_window_no_remwake_nearby	5	True
background_367	sub-108	76	0	nontarget_window_no_remwake_nearby	5	True
background_3670	sub-81	46	0	nontarget_window_no_remwake_nearby	5	True
background_3671	sub-81	46	0	nontarget_window_no_remwake_nearby	5	True
background_3672	sub-81	46	0	strict_same_stage_window	5	True
background_3673	sub-81	46	0	strict_same_stage_window	5	True
background_3674	sub-81	46	0	strict_same_stage_window	5	True
background_3675	sub-81	46	0	strict_same_stage_window	5	True
background_3676	sub-81	46	0	strict_same_stage_window	5	True
background_3677	sub-81	46	0	strict_same_stage_window	5	True
background_368	sub-108	76	0	nontarget_window_no_remwake_nearby	5	True
background_369	sub-108	76	0	nontarget_window_no_remwake_nearby	5	True
background_370	sub-108	76	0	nontarget_window_no_remwake_nearby	5	True
background_371	sub-108	76	0	nontarget_window_no_remwake_nearby	5	True
background_3711	sub-83	50	0	nontarget_window_no_remwake_nearby	5	True
background_3712	sub-83	50	0	nontarget_window_no_remwake_nearby	5	True
background_3713	sub-83	50	0	nontarget_window_no_remwake_nearby	5	True
background_3714	sub-83	50	0	nontarget_window_no_remwake_nearby	5	True
background_3715	sub-83	50	0	nontarget_window_no_remwake_nearby	5	True
background_3716	sub-83	50	0	nontarget_window_no_remwake_nearby	5	True
background_3717	sub-83	50	0	nontarget_window_no_remwake_nearby	5	True
background_3718	sub-83	50	0	nontarget_window_no_remwake_nearby	5	True
background_3719	sub-83	50	0	nontarget_window_no_remwake_nearby	5	True
background_372	sub-108	76	0	nontarget_window_no_remwake_nearby	5	True
background_3720	sub-83	50	0	nontarget_window_no_remwake_nearby	5	True
background_3721	sub-83	50	0	nontarget_window_no_remwake_nearby	5	True
background_3722	sub-83	50	0	nontarget_window_no_remwake_nearby	5	True
background_3723	sub-83	50	0	nontarget_window_no_remwake_nearby	5	True
background_3724	sub-83	50	0	nontarget_window_no_remwake_nearby	5	True
background_3725	sub-83	50	0	nontarget_window_no_remwake_nearby	5	True
background_3726	sub-83	50	0	nontarget_window_no_remwake_nearby	5	True
background_3727	sub-83	50	0	nontarget_window_no_remwake_nearby	5	True
background_3728	sub-83	50	0	nontarget_window_no_remwake_nearby	5	True
background_3729	sub-83	50	0	nontarget_window_no_remwake_nearby	5	True
background_373	sub-108	76	0	nontarget_window_no_remwake_nearby	5	True
background_3730	sub-83	50	0	nontarget_window_no_remwake_nearby	5	True
background_3731	sub-83	50	0	nontarget_window_no_remwake_nearby	5	True
background_3732	sub-83	50	0	nontarget_window_no_remwake_nearby	5	True
background_3733	sub-83	50	0	nontarget_window_no_remwake_nearby	5	True
background_3734	sub-83	50	0	nontarget_window_no_remwake_nearby	5	True
background_3735	sub-83	50	0	nontarget_window_no_remwake_nearby	5	True
background_3736	sub-83	50	0	nontarget_window_no_remwake_nearby	5	True
background_3737	sub-83	50	0	strict_same_stage_window	5	True
background_3738	sub-83	50	0	strict_same_stage_window	5	True
background_3739	sub-83	50	0	strict_same_stage_window	5	True
background_374	sub-108	76	0	nontarget_window_no_remwake_nearby	5	True
background_3740	sub-83	50	0	strict_same_stage_window	5	True
background_3741	sub-83	50	0	strict_same_stage_window	5	True
background_3742	sub-83	50	0	strict_same_stage_window	5	True
background_3743	sub-84	51	0	nontarget_window_no_remwake_nearby	5	True
background_3744	sub-84	51	0	nontarget_window_no_remwake_nearby	5	True
background_3745	sub-84	51	0	nontarget_window_no_remwake_nearby	5	True
background_3746	sub-84	51	0	nontarget_window_no_remwake_nearby	5	True
background_3747	sub-84	51	0	nontarget_window_no_remwake_nearby	5	True
background_3748	sub-84	51	0	nontarget_window_no_remwake_nearby	5	True
background_3749	sub-84	51	0	nontarget_window_no_remwake_nearby	5	True
background_375	sub-108	76	0	nontarget_window_no_remwake_nearby	5	True
background_3750	sub-84	51	0	nontarget_window_no_remwake_nearby	5	True
background_3751	sub-84	51	0	nontarget_window_no_remwake_nearby	5	True
background_3752	sub-84	51	0	nontarget_window_no_remwake_nearby	5	True
background_3753	sub-84	51	0	nontarget_window_no_remwake_nearby	5	True
background_3754	sub-84	51	0	nontarget_window_no_remwake_nearby	5	True
background_3755	sub-84	51	0	nontarget_window_no_remwake_nearby	5	True
background_3756	sub-84	51	0	nontarget_window_no_remwake_nearby	5	True
background_3757	sub-84	51	0	nontarget_window_no_remwake_nearby	5	True
background_3758	sub-84	51	0	nontarget_window_no_remwake_nearby	5	True
background_3759	sub-84	51	0	nontarget_window_no_remwake_nearby	5	True
background_376	sub-108	76	0	nontarget_window_no_remwake_nearby	5	True
background_3760	sub-84	51	0	nontarget_window_no_remwake_nearby	5	True
background_3761	sub-84	51	0	nontarget_window_no_remwake_nearby	5	True
background_3762	sub-84	51	0	nontarget_window_no_remwake_nearby	5	True
background_3763	sub-84	51	0	nontarget_window_no_remwake_nearby	5	True
background_3764	sub-84	51	0	nontarget_window_no_remwake_nearby	5	True
background_3765	sub-84	51	0	nontarget_window_no_remwake_nearby	5	True
background_3766	sub-84	51	0	strict_same_stage_window	5	True
background_3767	sub-84	51	0	strict_same_stage_window	5	True
background_3768	sub-84	51	0	strict_same_stage_window	5	True
background_3769	sub-84	51	0	strict_same_stage_window	5	True
background_377	sub-108	76	0	nontarget_window_no_remwake_nearby	5	True
background_3770	sub-84	51	0	strict_same_stage_window	5	True
background_3771	sub-84	51	0	strict_same_stage_window	5	True
background_378	sub-108	76	0	nontarget_window_no_remwake_nearby	5	True
background_379	sub-108	76	0	nontarget_window_no_remwake_nearby	5	True
background_380	sub-108	76	0	nontarget_window_no_remwake_nearby	5	True
background_3809	sub-86	53	0	nontarget_window_no_remwake_nearby	5	True
background_381	sub-108	76	0	nontarget_window_no_remwake_nearby	5	True
background_3810	sub-86	53	0	nontarget_window_no_remwake_nearby	5	True
background_3811	sub-86	53	0	nontarget_window_no_remwake_nearby	5	True
background_3812	sub-86	53	0	nontarget_window_no_remwake_nearby	5	True
background_3813	sub-86	53	0	nontarget_window_no_remwake_nearby	5	True
background_3814	sub-86	53	0	nontarget_window_no_remwake_nearby	5	True
background_3815	sub-86	53	0	nontarget_window_no_remwake_nearby	5	True
background_3816	sub-86	53	0	nontarget_window_no_remwake_nearby	5	True
background_3817	sub-86	53	0	nontarget_window_no_remwake_nearby	5	True
background_3818	sub-86	53	0	nontarget_window_no_remwake_nearby	5	True
background_3819	sub-86	53	0	nontarget_window_no_remwake_nearby	5	True
background_382	sub-108	76	0	nontarget_window_no_remwake_nearby	5	True
background_3820	sub-86	53	0	nontarget_window_no_remwake_nearby	5	True
background_3821	sub-86	53	0	nontarget_window_no_remwake_nearby	5	True
background_3822	sub-86	53	0	nontarget_window_no_remwake_nearby	5	True
background_3823	sub-86	53	0	nontarget_window_no_remwake_nearby	5	True
background_3824	sub-86	53	0	nontarget_window_no_remwake_nearby	5	True
background_3825	sub-86	53	0	nontarget_window_no_remwake_nearby	5	True
background_3826	sub-86	53	0	nontarget_window_no_remwake_nearby	5	True
background_3827	sub-86	53	0	nontarget_window_no_remwake_nearby	5	True
background_3828	sub-86	53	0	nontarget_window_no_remwake_nearby	5	True
background_3829	sub-86	53	0	nontarget_window_no_remwake_nearby	5	True
background_383	sub-108	76	0	nontarget_window_no_remwake_nearby	5	True
background_3830	sub-86	53	0	nontarget_window_no_remwake_nearby	5	True
background_3831	sub-86	53	0	nontarget_window_no_remwake_nearby	5	True
background_3832	sub-86	53	0	nontarget_window_no_remwake_nearby	5	True
background_3833	sub-86	53	0	nontarget_window_no_remwake_nearby	5	True
background_3834	sub-86	53	0	nontarget_window_no_remwake_nearby	5	True
background_3835	sub-86	53	0	nontarget_window_no_remwake_nearby	5	True
background_3836	sub-86	53	0	nontarget_window_no_remwake_nearby	5	True
background_3837	sub-86	53	0	strict_same_stage_window	5	True
background_3838	sub-86	53	0	strict_same_stage_window	5	True
background_3839	sub-86	53	0	strict_same_stage_window	5	True
background_384	sub-108	76	0	nontarget_window_no_remwake_nearby	5	True
background_3840	sub-86	53	0	strict_same_stage_window	5	True
background_3841	sub-86	53	0	strict_same_stage_window	5	True
background_3842	sub-86	53	0	strict_same_stage_window	5	True
background_3843	sub-86	53	0	strict_same_stage_window	5	True
background_3844	sub-86	53	0	strict_same_stage_window	5	True
background_3845	sub-87	54	0	nontarget_window_no_remwake_nearby	5	True
background_3846	sub-87	54	0	nontarget_window_no_remwake_nearby	5	True
background_3847	sub-87	54	0	nontarget_window_no_remwake_nearby	5	True
background_3848	sub-87	54	0	nontarget_window_no_remwake_nearby	5	True
background_3849	sub-87	54	0	nontarget_window_no_remwake_nearby	5	True
background_385	sub-108	76	0	strict_same_stage_window	5	True
background_3850	sub-87	54	0	nontarget_window_no_remwake_nearby	5	True
background_3851	sub-87	54	0	nontarget_window_no_remwake_nearby	5	True
background_3852	sub-87	54	0	nontarget_window_no_remwake_nearby	5	True
background_3853	sub-87	54	0	nontarget_window_no_remwake_nearby	5	True
background_3854	sub-87	54	0	nontarget_window_no_remwake_nearby	5	True
background_3855	sub-87	54	0	nontarget_window_no_remwake_nearby	5	True
background_3856	sub-87	54	0	nontarget_window_no_remwake_nearby	5	True
background_3857	sub-87	54	0	nontarget_window_no_remwake_nearby	5	True
background_3858	sub-87	54	0	nontarget_window_no_remwake_nearby	5	True
background_3859	sub-87	54	0	nontarget_window_no_remwake_nearby	5	True
background_386	sub-108	76	0	strict_same_stage_window	5	True
background_3860	sub-87	54	0	nontarget_window_no_remwake_nearby	5	True
background_3861	sub-87	54	0	nontarget_window_no_remwake_nearby	5	True
background_3862	sub-87	54	0	nontarget_window_no_remwake_nearby	5	True
background_3863	sub-87	54	0	nontarget_window_no_remwake_nearby	5	True
background_3864	sub-87	54	0	nontarget_window_no_remwake_nearby	5	True
background_3865	sub-87	54	0	nontarget_window_no_remwake_nearby	5	True
background_3866	sub-87	54	0	nontarget_window_no_remwake_nearby	5	True
background_3867	sub-87	54	0	nontarget_window_no_remwake_nearby	5	True
background_3868	sub-87	54	0	nontarget_window_no_remwake_nearby	5	True
background_3869	sub-87	54	0	nontarget_window_no_remwake_nearby	5	True
background_387	sub-108	76	0	strict_same_stage_window	5	True
background_3870	sub-87	54	0	strict_same_stage_window	5	True
background_3871	sub-87	54	0	strict_same_stage_window	5	True
background_3872	sub-87	54	0	strict_same_stage_window	5	True
background_3873	sub-87	54	0	strict_same_stage_window	5	True
background_388	sub-108	76	0	strict_same_stage_window	5	True
background_389	sub-108	76	0	strict_same_stage_window	5	True
background_39	sub-10	91	0	nontarget_window_no_remwake_nearby	5	True
background_390	sub-108	76	0	strict_same_stage_window	5	True
background_391	sub-108	76	0	strict_same_stage_window	5	True
background_392	sub-108	76	0	strict_same_stage_window	5	True
background_393	sub-109	96	0	nontarget_window_no_remwake_nearby	5	True
background_394	sub-109	96	0	nontarget_window_no_remwake_nearby	5	True
background_395	sub-109	96	0	nontarget_window_no_remwake_nearby	5	True
background_396	sub-109	96	0	nontarget_window_no_remwake_nearby	5	True
background_397	sub-109	96	0	nontarget_window_no_remwake_nearby	5	True
background_398	sub-109	96	0	nontarget_window_no_remwake_nearby	5	True
background_399	sub-109	96	0	nontarget_window_no_remwake_nearby	5	True
background_40	sub-10	91	0	nontarget_window_no_remwake_nearby	5	True
background_400	sub-109	96	0	nontarget_window_no_remwake_nearby	5	True
background_4008	sub-91	58	0	nontarget_window_no_remwake_nearby	5	True
background_4009	sub-91	58	0	nontarget_window_no_remwake_nearby	5	True
background_401	sub-109	96	0	nontarget_window_no_remwake_nearby	5	True
background_4010	sub-91	58	0	nontarget_window_no_remwake_nearby	5	True
background_4011	sub-91	58	0	nontarget_window_no_remwake_nearby	5	True
background_4012	sub-91	58	0	nontarget_window_no_remwake_nearby	5	True
background_4013	sub-91	58	0	nontarget_window_no_remwake_nearby	5	True
background_4014	sub-91	58	0	nontarget_window_no_remwake_nearby	5	True
background_4015	sub-91	58	0	nontarget_window_no_remwake_nearby	5	True
background_4016	sub-91	58	0	nontarget_window_no_remwake_nearby	5	True
background_4017	sub-91	58	0	nontarget_window_no_remwake_nearby	5	True
background_4018	sub-91	58	0	nontarget_window_no_remwake_nearby	5	True
background_4019	sub-91	58	0	nontarget_window_no_remwake_nearby	5	True
background_402	sub-109	96	0	nontarget_window_no_remwake_nearby	5	True
background_4020	sub-91	58	0	nontarget_window_no_remwake_nearby	5	True
background_4021	sub-91	58	0	nontarget_window_no_remwake_nearby	5	True
background_4022	sub-91	58	0	nontarget_window_no_remwake_nearby	5	True
background_4023	sub-91	58	0	nontarget_window_no_remwake_nearby	5	True
background_4024	sub-91	58	0	nontarget_window_no_remwake_nearby	5	True
background_4025	sub-91	58	0	nontarget_window_no_remwake_nearby	5	True
background_4026	sub-91	58	0	nontarget_window_no_remwake_nearby	5	True
background_4027	sub-91	58	0	nontarget_window_no_remwake_nearby	5	True
background_4028	sub-91	58	0	nontarget_window_no_remwake_nearby	5	True
background_4029	sub-91	58	0	nontarget_window_no_remwake_nearby	5	True
background_403	sub-109	96	0	nontarget_window_no_remwake_nearby	5	True
background_4030	sub-91	58	0	nontarget_window_no_remwake_nearby	5	True
background_4031	sub-91	58	0	nontarget_window_no_remwake_nearby	5	True
background_4032	sub-91	58	0	nontarget_window_no_remwake_nearby	5	True
background_4033	sub-91	58	0	nontarget_window_no_remwake_nearby	5	True
background_4034	sub-91	58	0	nontarget_window_no_remwake_nearby	5	True
background_4035	sub-91	58	0	nontarget_window_no_remwake_nearby	5	True
background_4036	sub-91	58	0	strict_same_stage_window	5	True
background_4037	sub-91	58	0	strict_same_stage_window	5	True
background_4038	sub-91	58	0	strict_same_stage_window	5	True
background_4039	sub-91	58	0	strict_same_stage_window	5	True
background_404	sub-109	96	0	nontarget_window_no_remwake_nearby	5	True
background_4040	sub-91	58	0	strict_same_stage_window	5	True
background_4041	sub-91	58	0	strict_same_stage_window	5	True
background_4042	sub-91	58	0	strict_same_stage_window	5	True
background_4043	sub-91	58	0	strict_same_stage_window	5	True
background_4044	sub-92	59	0	nontarget_window_no_remwake_nearby	5	True
background_4045	sub-92	59	0	nontarget_window_no_remwake_nearby	5	True
background_4046	sub-92	59	0	nontarget_window_no_remwake_nearby	5	True
background_4047	sub-92	59	0	nontarget_window_no_remwake_nearby	5	True
background_4048	sub-92	59	0	nontarget_window_no_remwake_nearby	5	True
background_4049	sub-92	59	0	nontarget_window_no_remwake_nearby	5	True
background_405	sub-109	96	0	nontarget_window_no_remwake_nearby	5	True
background_4050	sub-92	59	0	nontarget_window_no_remwake_nearby	5	True
background_4051	sub-92	59	0	nontarget_window_no_remwake_nearby	5	True
background_4052	sub-92	59	0	nontarget_window_no_remwake_nearby	5	True
background_4053	sub-92	59	0	nontarget_window_no_remwake_nearby	5	True
background_4054	sub-92	59	0	nontarget_window_no_remwake_nearby	5	True
background_4055	sub-92	59	0	nontarget_window_no_remwake_nearby	5	True
background_4056	sub-92	59	0	nontarget_window_no_remwake_nearby	5	True
background_4057	sub-92	59	0	nontarget_window_no_remwake_nearby	5	True
background_4058	sub-92	59	0	nontarget_window_no_remwake_nearby	5	True
background_4059	sub-92	59	0	nontarget_window_no_remwake_nearby	5	True
background_406	sub-109	96	0	nontarget_window_no_remwake_nearby	5	True
background_4060	sub-92	59	0	nontarget_window_no_remwake_nearby	5	True
background_4061	sub-92	59	0	nontarget_window_no_remwake_nearby	5	True
background_4062	sub-92	59	0	nontarget_window_no_remwake_nearby	5	True
background_4063	sub-92	59	0	nontarget_window_no_remwake_nearby	5	True
background_4064	sub-92	59	0	nontarget_window_no_remwake_nearby	5	True
background_4065	sub-92	59	0	nontarget_window_no_remwake_nearby	5	True
background_4066	sub-92	59	0	nontarget_window_no_remwake_nearby	5	True
background_4067	sub-92	59	0	nontarget_window_no_remwake_nearby	5	True
background_4068	sub-92	59	0	nontarget_window_no_remwake_nearby	5	True
background_4069	sub-92	59	0	strict_same_stage_window	5	True
background_407	sub-109	96	0	nontarget_window_no_remwake_nearby	5	True
background_4070	sub-92	59	0	strict_same_stage_window	5	True
background_4071	sub-92	59	0	strict_same_stage_window	5	True
background_4072	sub-92	59	0	strict_same_stage_window	5	True
background_4073	sub-92	59	0	strict_same_stage_window	5	True
background_4074	sub-92	59	0	strict_same_stage_window	5	True
background_4075	sub-92	59	0	strict_same_stage_window	5	True
background_4076	sub-92	59	0	strict_same_stage_window	5	True
background_4077	sub-93	60	0	nontarget_window_no_remwake_nearby	5	True
background_4078	sub-93	60	0	nontarget_window_no_remwake_nearby	5	True
background_4079	sub-93	60	0	nontarget_window_no_remwake_nearby	5	True
background_408	sub-109	96	0	nontarget_window_no_remwake_nearby	5	True
background_4080	sub-93	60	0	nontarget_window_no_remwake_nearby	5	True
background_4081	sub-93	60	0	nontarget_window_no_remwake_nearby	5	True
background_4082	sub-93	60	0	nontarget_window_no_remwake_nearby	5	True
background_4083	sub-93	60	0	nontarget_window_no_remwake_nearby	5	True
background_4084	sub-93	60	0	nontarget_window_no_remwake_nearby	5	True
background_4085	sub-93	60	0	nontarget_window_no_remwake_nearby	5	True
background_4086	sub-93	60	0	nontarget_window_no_remwake_nearby	5	True
background_4087	sub-93	60	0	nontarget_window_no_remwake_nearby	5	True
background_4088	sub-93	60	0	nontarget_window_no_remwake_nearby	5	True
background_4089	sub-93	60	0	nontarget_window_no_remwake_nearby	5	True
background_409	sub-109	96	0	nontarget_window_no_remwake_nearby	5	True
background_4090	sub-93	60	0	nontarget_window_no_remwake_nearby	5	True
background_4091	sub-93	60	0	nontarget_window_no_remwake_nearby	5	True
background_4092	sub-93	60	0	nontarget_window_no_remwake_nearby	5	True
background_4093	sub-93	60	0	nontarget_window_no_remwake_nearby	5	True
background_4094	sub-93	60	0	nontarget_window_no_remwake_nearby	5	True
background_4095	sub-93	60	0	nontarget_window_no_remwake_nearby	5	True
background_4096	sub-93	60	0	nontarget_window_no_remwake_nearby	5	True
background_4097	sub-93	60	0	nontarget_window_no_remwake_nearby	5	True
background_4098	sub-93	60	0	nontarget_window_no_remwake_nearby	5	True
background_4099	sub-93	60	0	nontarget_window_no_remwake_nearby	5	True
background_41	sub-10	91	0	nontarget_window_no_remwake_nearby	5	True
background_410	sub-109	96	0	nontarget_window_no_remwake_nearby	5	True
background_4100	sub-93	60	0	nontarget_window_no_remwake_nearby	5	True
background_4101	sub-93	60	0	nontarget_window_no_remwake_nearby	5	True
background_4102	sub-93	60	0	nontarget_window_no_remwake_nearby	5	True
background_4103	sub-93	60	0	nontarget_window_no_remwake_nearby	5	True
background_4104	sub-93	60	0	strict_same_stage_window	5	True
background_4105	sub-93	60	0	strict_same_stage_window	5	True
background_4106	sub-93	60	0	strict_same_stage_window	5	True
background_4107	sub-93	60	0	strict_same_stage_window	5	True
background_4108	sub-93	60	0	strict_same_stage_window	5	True
background_4109	sub-93	60	0	strict_same_stage_window	5	True
background_411	sub-109	96	0	nontarget_window_no_remwake_nearby	5	True
background_4110	sub-93	60	0	strict_same_stage_window	5	True
background_4111	sub-93	60	0	strict_same_stage_window	5	True
background_4112	sub-94	61	0	nontarget_window_no_remwake_nearby	5	True
background_4113	sub-94	61	0	nontarget_window_no_remwake_nearby	5	True
background_4114	sub-94	61	0	nontarget_window_no_remwake_nearby	5	True
background_4115	sub-94	61	0	nontarget_window_no_remwake_nearby	5	True
background_4116	sub-94	61	0	nontarget_window_no_remwake_nearby	5	True
background_4117	sub-94	61	0	nontarget_window_no_remwake_nearby	5	True
background_4118	sub-94	61	0	nontarget_window_no_remwake_nearby	5	True
background_4119	sub-94	61	0	nontarget_window_no_remwake_nearby	5	True
background_412	sub-109	96	0	nontarget_window_no_remwake_nearby	5	True
background_4120	sub-94	61	0	nontarget_window_no_remwake_nearby	5	True
background_4121	sub-94	61	0	nontarget_window_no_remwake_nearby	5	True
background_4123	sub-94	61	0	nontarget_window_no_remwake_nearby	5	True
background_4124	sub-94	61	0	nontarget_window_no_remwake_nearby	5	True
background_4126	sub-94	61	0	nontarget_window_no_remwake_nearby	5	True
background_4127	sub-94	61	0	nontarget_window_no_remwake_nearby	5	True
background_4128	sub-94	61	0	nontarget_window_no_remwake_nearby	5	True
background_4129	sub-94	61	0	nontarget_window_no_remwake_nearby	5	True
background_413	sub-109	96	0	nontarget_window_no_remwake_nearby	5	True
background_4131	sub-94	61	0	nontarget_window_no_remwake_nearby	5	True
background_4133	sub-94	61	0	nontarget_window_no_remwake_nearby	5	True
background_4134	sub-94	61	0	nontarget_window_no_remwake_nearby	5	True
background_4135	sub-94	61	0	strict_same_stage_window	5	True
background_4136	sub-94	61	0	strict_same_stage_window	5	True
background_4137	sub-94	61	0	strict_same_stage_window	5	True
background_4138	sub-94	61	0	strict_same_stage_window	5	True
background_4139	sub-94	61	0	strict_same_stage_window	5	True
background_414	sub-109	96	0	nontarget_window_no_remwake_nearby	5	True
background_4141	sub-94	61	0	strict_same_stage_window	5	True
background_4142	sub-94	61	0	strict_same_stage_window	5	True
background_4143	sub-95	62	0	nontarget_window_no_remwake_nearby	5	True
background_4144	sub-95	62	0	nontarget_window_no_remwake_nearby	5	True
background_4145	sub-95	62	0	nontarget_window_no_remwake_nearby	5	True
background_4146	sub-95	62	0	nontarget_window_no_remwake_nearby	5	True
background_4147	sub-95	62	0	nontarget_window_no_remwake_nearby	5	True
background_4148	sub-95	62	0	nontarget_window_no_remwake_nearby	5	True
background_4149	sub-95	62	0	nontarget_window_no_remwake_nearby	5	True
background_415	sub-109	96	0	nontarget_window_no_remwake_nearby	5	True
background_4150	sub-95	62	0	nontarget_window_no_remwake_nearby	5	True
background_4151	sub-95	62	0	nontarget_window_no_remwake_nearby	5	True
background_4152	sub-95	62	0	nontarget_window_no_remwake_nearby	5	True
background_4153	sub-95	62	0	nontarget_window_no_remwake_nearby	5	True
background_4154	sub-95	62	0	nontarget_window_no_remwake_nearby	5	True
background_4155	sub-95	62	0	nontarget_window_no_remwake_nearby	5	True
background_4156	sub-95	62	0	nontarget_window_no_remwake_nearby	5	True
background_4157	sub-95	62	0	nontarget_window_no_remwake_nearby	5	True
background_4158	sub-95	62	0	nontarget_window_no_remwake_nearby	5	True
background_4159	sub-95	62	0	nontarget_window_no_remwake_nearby	5	True
background_416	sub-109	96	0	nontarget_window_no_remwake_nearby	5	True
background_4160	sub-95	62	0	nontarget_window_no_remwake_nearby	5	True
background_4161	sub-95	62	0	nontarget_window_no_remwake_nearby	5	True
background_4162	sub-95	62	0	nontarget_window_no_remwake_nearby	5	True
background_4163	sub-95	62	0	nontarget_window_no_remwake_nearby	5	True
background_4164	sub-95	62	0	nontarget_window_no_remwake_nearby	5	True
background_4165	sub-95	62	0	nontarget_window_no_remwake_nearby	5	True
background_4166	sub-95	62	0	nontarget_window_no_remwake_nearby	5	True
background_4167	sub-95	62	0	nontarget_window_no_remwake_nearby	5	True
background_4169	sub-95	62	0	nontarget_window_no_remwake_nearby	5	True
background_417	sub-109	96	0	nontarget_window_no_remwake_nearby	5	True
background_4170	sub-95	62	0	nontarget_window_no_remwake_nearby	5	True
background_4171	sub-95	62	0	nontarget_window_no_remwake_nearby	5	True
background_4172	sub-95	62	0	strict_same_stage_window	5	True
background_4173	sub-95	62	0	strict_same_stage_window	5	True
background_4174	sub-95	62	0	strict_same_stage_window	5	True
background_4175	sub-95	62	0	strict_same_stage_window	5	True
background_4176	sub-95	62	0	strict_same_stage_window	5	True
background_4177	sub-95	62	0	strict_same_stage_window	5	True
background_418	sub-109	96	0	nontarget_window_no_remwake_nearby	5	True
background_4180	sub-96	63	0	nontarget_window_no_remwake_nearby	5	True
background_4181	sub-96	63	0	nontarget_window_no_remwake_nearby	5	True
background_4182	sub-96	63	0	nontarget_window_no_remwake_nearby	5	True
background_4183	sub-96	63	0	nontarget_window_no_remwake_nearby	5	True
background_4184	sub-96	63	0	nontarget_window_no_remwake_nearby	5	True
background_4185	sub-96	63	0	nontarget_window_no_remwake_nearby	5	True
background_4186	sub-96	63	0	nontarget_window_no_remwake_nearby	5	True
background_4187	sub-96	63	0	nontarget_window_no_remwake_nearby	5	True
background_4188	sub-96	63	0	nontarget_window_no_remwake_nearby	5	True
background_4189	sub-96	63	0	nontarget_window_no_remwake_nearby	5	True
background_419	sub-109	96	0	nontarget_window_no_remwake_nearby	5	True
background_4190	sub-96	63	0	nontarget_window_no_remwake_nearby	5	True
background_4191	sub-96	63	0	nontarget_window_no_remwake_nearby	5	True
background_4192	sub-96	63	0	nontarget_window_no_remwake_nearby	5	True
background_4193	sub-96	63	0	nontarget_window_no_remwake_nearby	5	True
background_4194	sub-96	63	0	nontarget_window_no_remwake_nearby	5	True
background_4195	sub-96	63	0	nontarget_window_no_remwake_nearby	5	True
background_4196	sub-96	63	0	nontarget_window_no_remwake_nearby	5	True
background_4197	sub-96	63	0	nontarget_window_no_remwake_nearby	5	True
background_4198	sub-96	63	0	nontarget_window_no_remwake_nearby	5	True
background_4199	sub-96	63	0	nontarget_window_no_remwake_nearby	5	True
background_42	sub-10	91	0	nontarget_window_no_remwake_nearby	5	True
background_420	sub-109	96	0	nontarget_window_no_remwake_nearby	5	True
background_4200	sub-96	63	0	nontarget_window_no_remwake_nearby	5	True
background_4201	sub-96	63	0	nontarget_window_no_remwake_nearby	5	True
background_4202	sub-96	63	0	nontarget_window_no_remwake_nearby	5	True
background_4203	sub-96	63	0	nontarget_window_no_remwake_nearby	5	True
background_4204	sub-96	63	0	strict_same_stage_window	5	True
background_4205	sub-96	63	0	strict_same_stage_window	5	True
background_4206	sub-96	63	0	strict_same_stage_window	5	True
background_4207	sub-96	63	0	strict_same_stage_window	5	True
background_4208	sub-96	63	0	strict_same_stage_window	5	True
background_4209	sub-96	63	0	strict_same_stage_window	5	True
background_421	sub-109	96	0	strict_same_stage_window	5	True
background_422	sub-109	96	0	strict_same_stage_window	5	True
background_423	sub-109	96	0	strict_same_stage_window	5	True
background_4238	sub-98	65	0	nontarget_window_no_remwake_nearby	5	True
background_4239	sub-98	65	0	nontarget_window_no_remwake_nearby	5	True
background_424	sub-109	96	0	strict_same_stage_window	5	True
background_4240	sub-98	65	0	nontarget_window_no_remwake_nearby	5	True
background_4241	sub-98	65	0	nontarget_window_no_remwake_nearby	5	True
background_4242	sub-98	65	0	nontarget_window_no_remwake_nearby	5	True
background_4243	sub-98	65	0	nontarget_window_no_remwake_nearby	5	True
background_4244	sub-98	65	0	nontarget_window_no_remwake_nearby	5	True
background_4245	sub-98	65	0	nontarget_window_no_remwake_nearby	5	True
background_4246	sub-98	65	0	nontarget_window_no_remwake_nearby	5	True
background_4247	sub-98	65	0	nontarget_window_no_remwake_nearby	5	True
background_4248	sub-98	65	0	nontarget_window_no_remwake_nearby	5	True
background_4249	sub-98	65	0	nontarget_window_no_remwake_nearby	5	True
background_425	sub-109	96	0	strict_same_stage_window	5	True
background_4250	sub-98	65	0	nontarget_window_no_remwake_nearby	5	True
background_4251	sub-98	65	0	nontarget_window_no_remwake_nearby	5	True
background_4252	sub-98	65	0	nontarget_window_no_remwake_nearby	5	True
background_4253	sub-98	65	0	nontarget_window_no_remwake_nearby	5	True
background_4254	sub-98	65	0	nontarget_window_no_remwake_nearby	5	True
background_4255	sub-98	65	0	nontarget_window_no_remwake_nearby	5	True
background_4256	sub-98	65	0	nontarget_window_no_remwake_nearby	5	True
background_4257	sub-98	65	0	nontarget_window_no_remwake_nearby	5	True
background_4258	sub-98	65	0	nontarget_window_no_remwake_nearby	5	True
background_4259	sub-98	65	0	nontarget_window_no_remwake_nearby	5	True
background_426	sub-109	96	0	strict_same_stage_window	5	True
background_4260	sub-98	65	0	nontarget_window_no_remwake_nearby	5	True
background_4261	sub-98	65	0	nontarget_window_no_remwake_nearby	5	True
background_4262	sub-98	65	0	nontarget_window_no_remwake_nearby	5	True
background_4263	sub-98	65	0	strict_same_stage_window	5	True
background_4264	sub-98	65	0	strict_same_stage_window	5	True
background_4265	sub-98	65	0	strict_same_stage_window	5	True
background_4266	sub-98	65	0	strict_same_stage_window	5	True
background_4267	sub-98	65	0	strict_same_stage_window	5	True
background_4268	sub-98	65	0	strict_same_stage_window	5	True
background_4269	sub-99	66	0	nontarget_window_no_remwake_nearby	5	True
background_427	sub-109	96	0	strict_same_stage_window	5	True
background_4270	sub-99	66	0	nontarget_window_no_remwake_nearby	5	True
background_4271	sub-99	66	0	nontarget_window_no_remwake_nearby	5	True
background_4272	sub-99	66	0	nontarget_window_no_remwake_nearby	5	True
background_4273	sub-99	66	0	nontarget_window_no_remwake_nearby	5	True
background_4274	sub-99	66	0	nontarget_window_no_remwake_nearby	5	True
background_4275	sub-99	66	0	nontarget_window_no_remwake_nearby	5	True
background_4276	sub-99	66	0	nontarget_window_no_remwake_nearby	5	True
background_4277	sub-99	66	0	nontarget_window_no_remwake_nearby	5	True
background_4278	sub-99	66	0	nontarget_window_no_remwake_nearby	5	True
background_4279	sub-99	66	0	nontarget_window_no_remwake_nearby	5	True
background_428	sub-109	96	0	strict_same_stage_window	5	True
background_4280	sub-99	66	0	nontarget_window_no_remwake_nearby	5	True
background_4281	sub-99	66	0	nontarget_window_no_remwake_nearby	5	True
background_4282	sub-99	66	0	nontarget_window_no_remwake_nearby	5	True
background_4283	sub-99	66	0	nontarget_window_no_remwake_nearby	5	True
background_4284	sub-99	66	0	nontarget_window_no_remwake_nearby	5	True
background_4285	sub-99	66	0	nontarget_window_no_remwake_nearby	5	True
background_4286	sub-99	66	0	nontarget_window_no_remwake_nearby	5	True
background_4287	sub-99	66	0	nontarget_window_no_remwake_nearby	5	True
background_4288	sub-99	66	0	nontarget_window_no_remwake_nearby	5	True
background_4289	sub-99	66	0	nontarget_window_no_remwake_nearby	5	True
background_429	sub-11	8	0	nontarget_window_no_remwake_nearby	5	True
background_4290	sub-99	66	0	nontarget_window_no_remwake_nearby	5	True
background_4291	sub-99	66	0	nontarget_window_no_remwake_nearby	5	True
background_4292	sub-99	66	0	nontarget_window_no_remwake_nearby	5	True
background_4294	sub-99	66	0	nontarget_window_no_remwake_nearby	5	True
background_4295	sub-99	66	0	nontarget_window_no_remwake_nearby	5	True
background_4296	sub-99	66	0	nontarget_window_no_remwake_nearby	5	True
background_4297	sub-99	66	0	strict_same_stage_window	5	True
background_4298	sub-99	66	0	strict_same_stage_window	5	True
background_4299	sub-99	66	0	strict_same_stage_window	5	True
background_43	sub-10	91	0	nontarget_window_no_remwake_nearby	5	True
background_430	sub-11	8	0	nontarget_window_no_remwake_nearby	5	True
background_4300	sub-99	66	0	strict_same_stage_window	5	True
background_4301	sub-99	66	0	strict_same_stage_window	5	True
background_4302	sub-99	66	0	strict_same_stage_window	5	True
background_431	sub-11	8	0	nontarget_window_no_remwake_nearby	5	True
background_432	sub-11	8	0	nontarget_window_no_remwake_nearby	5	True
background_433	sub-11	8	0	nontarget_window_no_remwake_nearby	5	True
background_434	sub-11	8	0	nontarget_window_no_remwake_nearby	5	True
background_436	sub-11	8	0	nontarget_window_no_remwake_nearby	5	True
background_437	sub-11	8	0	nontarget_window_no_remwake_nearby	5	True
background_438	sub-11	8	0	nontarget_window_no_remwake_nearby	5	True
background_439	sub-11	8	0	nontarget_window_no_remwake_nearby	5	True
background_44	sub-10	91	0	nontarget_window_no_remwake_nearby	5	True
background_440	sub-11	8	0	nontarget_window_no_remwake_nearby	5	True
background_441	sub-11	8	0	nontarget_window_no_remwake_nearby	5	True
background_444	sub-11	8	0	nontarget_window_no_remwake_nearby	5	True
background_445	sub-11	8	0	nontarget_window_no_remwake_nearby	5	True
background_449	sub-11	8	0	nontarget_window_no_remwake_nearby	5	True
background_45	sub-10	91	0	nontarget_window_no_remwake_nearby	5	True
background_450	sub-11	8	0	nontarget_window_no_remwake_nearby	5	True
background_451	sub-11	8	0	nontarget_window_no_remwake_nearby	5	True
background_452	sub-11	8	0	nontarget_window_no_remwake_nearby	5	True
background_453	sub-11	8	0	nontarget_window_no_remwake_nearby	5	True
background_455	sub-11	8	0	nontarget_window_no_remwake_nearby	5	True
background_456	sub-11	8	0	nontarget_window_no_remwake_nearby	5	True
background_457	sub-11	8	0	strict_same_stage_window	5	True
background_458	sub-11	8	0	strict_same_stage_window	5	True
background_459	sub-11	8	0	strict_same_stage_window	5	True
background_46	sub-10	91	0	nontarget_window_no_remwake_nearby	5	True
background_460	sub-11	8	0	strict_same_stage_window	5	True
background_461	sub-11	8	0	strict_same_stage_window	5	True
background_462	sub-11	8	0	strict_same_stage_window	5	True
background_463	sub-11	8	0	strict_same_stage_window	5	True
background_464	sub-11	8	0	strict_same_stage_window	5	True
background_467	sub-110	96	0	nontarget_window_no_remwake_nearby	5	True
background_47	sub-10	91	0	nontarget_window_no_remwake_nearby	5	True
background_472	sub-110	96	0	nontarget_window_no_remwake_nearby	5	True
background_473	sub-110	96	0	nontarget_window_no_remwake_nearby	5	True
background_474	sub-110	96	0	nontarget_window_no_remwake_nearby	5	True
background_475	sub-110	96	0	nontarget_window_no_remwake_nearby	5	True
background_476	sub-110	96	0	nontarget_window_no_remwake_nearby	5	True
background_478	sub-110	96	0	nontarget_window_no_remwake_nearby	5	True
background_48	sub-10	91	0	nontarget_window_no_remwake_nearby	5	True
background_480	sub-110	96	0	nontarget_window_no_remwake_nearby	5	True
background_481	sub-110	96	0	nontarget_window_no_remwake_nearby	5	True
background_483	sub-110	96	0	nontarget_window_no_remwake_nearby	5	True
background_484	sub-110	96	0	nontarget_window_no_remwake_nearby	5	True
background_489	sub-110	96	0	nontarget_window_no_remwake_nearby	5	True
background_49	sub-10	91	0	nontarget_window_no_remwake_nearby	5	True
background_493	sub-110	96	0	strict_same_stage_window	5	True
background_494	sub-110	96	0	strict_same_stage_window	5	True
background_495	sub-110	96	0	strict_same_stage_window	5	True
background_496	sub-110	96	0	strict_same_stage_window	5	True
background_499	sub-110	96	0	strict_same_stage_window	5	True
background_50	sub-10	91	0	nontarget_window_no_remwake_nearby	5	True
background_500	sub-110	96	0	strict_same_stage_window	5	True
background_502	sub-111	96	0	nontarget_window_no_remwake_nearby	5	True
background_505	sub-111	96	0	nontarget_window_no_remwake_nearby	5	True
background_506	sub-111	96	0	nontarget_window_no_remwake_nearby	5	True
background_508	sub-111	96	0	nontarget_window_no_remwake_nearby	5	True
background_509	sub-111	96	0	nontarget_window_no_remwake_nearby	5	True
background_51	sub-10	91	0	nontarget_window_no_remwake_nearby	5	True
background_510	sub-111	96	0	nontarget_window_no_remwake_nearby	5	True
background_511	sub-111	96	0	nontarget_window_no_remwake_nearby	5	True
background_512	sub-111	96	0	nontarget_window_no_remwake_nearby	5	True
background_514	sub-111	96	0	nontarget_window_no_remwake_nearby	5	True
background_515	sub-111	96	0	nontarget_window_no_remwake_nearby	5	True
background_516	sub-111	96	0	nontarget_window_no_remwake_nearby	5	True
background_518	sub-111	96	0	nontarget_window_no_remwake_nearby	5	True
background_52	sub-10	91	0	nontarget_window_no_remwake_nearby	5	True
background_520	sub-111	96	0	nontarget_window_no_remwake_nearby	5	True
background_521	sub-111	96	0	nontarget_window_no_remwake_nearby	5	True
background_524	sub-111	96	0	nontarget_window_no_remwake_nearby	5	True
background_525	sub-111	96	0	nontarget_window_no_remwake_nearby	5	True
background_526	sub-111	96	0	nontarget_window_no_remwake_nearby	5	True
background_527	sub-111	96	0	strict_same_stage_window	5	True
background_528	sub-111	96	0	strict_same_stage_window	5	True
background_529	sub-111	96	0	strict_same_stage_window	5	True
background_53	sub-10	91	0	nontarget_window_no_remwake_nearby	5	True
background_530	sub-111	96	0	strict_same_stage_window	5	True
background_531	sub-111	96	0	strict_same_stage_window	5	True
background_532	sub-111	96	0	strict_same_stage_window	5	True
background_54	sub-10	91	0	nontarget_window_no_remwake_nearby	5	True
background_55	sub-10	91	0	nontarget_window_no_remwake_nearby	5	True
background_56	sub-10	91	0	nontarget_window_no_remwake_nearby	5	True
background_57	sub-10	91	0	nontarget_window_no_remwake_nearby	5	True
background_58	sub-10	91	0	nontarget_window_no_remwake_nearby	5	True
background_59	sub-10	91	0	nontarget_window_no_remwake_nearby	5	True
background_60	sub-10	91	0	nontarget_window_no_remwake_nearby	5	True
background_61	sub-10	91	0	nontarget_window_no_remwake_nearby	5	True
background_617	sub-115	98	0	nontarget_window_no_remwake_nearby	5	True
background_618	sub-115	98	0	nontarget_window_no_remwake_nearby	5	True
background_619	sub-115	98	0	nontarget_window_no_remwake_nearby	5	True
background_62	sub-10	91	0	nontarget_window_no_remwake_nearby	5	True
background_620	sub-115	98	0	nontarget_window_no_remwake_nearby	5	True
background_621	sub-115	98	0	nontarget_window_no_remwake_nearby	5	True
background_622	sub-115	98	0	nontarget_window_no_remwake_nearby	5	True
background_623	sub-115	98	0	nontarget_window_no_remwake_nearby	5	True
background_624	sub-115	98	0	nontarget_window_no_remwake_nearby	5	True
background_625	sub-115	98	0	nontarget_window_no_remwake_nearby	5	True
background_626	sub-115	98	0	nontarget_window_no_remwake_nearby	5	True
background_627	sub-115	98	0	nontarget_window_no_remwake_nearby	5	True
background_628	sub-115	98	0	nontarget_window_no_remwake_nearby	5	True
background_629	sub-115	98	0	nontarget_window_no_remwake_nearby	5	True
background_63	sub-10	91	0	nontarget_window_no_remwake_nearby	5	True
background_630	sub-115	98	0	nontarget_window_no_remwake_nearby	5	True
background_631	sub-115	98	0	nontarget_window_no_remwake_nearby	5	True
background_632	sub-115	98	0	nontarget_window_no_remwake_nearby	5	True
background_633	sub-115	98	0	nontarget_window_no_remwake_nearby	5	True
background_634	sub-115	98	0	nontarget_window_no_remwake_nearby	5	True
background_635	sub-115	98	0	nontarget_window_no_remwake_nearby	5	True
background_636	sub-115	98	0	nontarget_window_no_remwake_nearby	5	True
background_637	sub-115	98	0	nontarget_window_no_remwake_nearby	5	True
background_638	sub-115	98	0	strict_same_stage_window	5	True
background_639	sub-115	98	0	strict_same_stage_window	5	True
background_64	sub-10	91	0	nontarget_window_no_remwake_nearby	5	True
background_640	sub-115	98	0	strict_same_stage_window	5	True
background_641	sub-115	98	0	strict_same_stage_window	5	True
background_642	sub-115	98	0	strict_same_stage_window	5	True
background_643	sub-115	98	0	strict_same_stage_window	5	True
background_644	sub-115	98	0	strict_same_stage_window	5	True
background_645	sub-115	98	0	strict_same_stage_window	5	True
background_646	sub-116	98	0	nontarget_window_no_remwake_nearby	5	True
background_647	sub-116	98	0	nontarget_window_no_remwake_nearby	5	True
background_648	sub-116	98	0	nontarget_window_no_remwake_nearby	5	True
background_649	sub-116	98	0	nontarget_window_no_remwake_nearby	5	True
background_65	sub-10	91	0	nontarget_window_no_remwake_nearby	5	True
background_650	sub-116	98	0	nontarget_window_no_remwake_nearby	5	True
background_652	sub-116	98	0	nontarget_window_no_remwake_nearby	5	True
background_653	sub-116	98	0	nontarget_window_no_remwake_nearby	5	True
background_654	sub-116	98	0	nontarget_window_no_remwake_nearby	5	True
background_655	sub-116	98	0	nontarget_window_no_remwake_nearby	5	True
background_656	sub-116	98	0	nontarget_window_no_remwake_nearby	5	True
background_657	sub-116	98	0	nontarget_window_no_remwake_nearby	5	True
background_658	sub-116	98	0	nontarget_window_no_remwake_nearby	5	True
background_66	sub-10	91	0	nontarget_window_no_remwake_nearby	5	True
background_660	sub-116	98	0	nontarget_window_no_remwake_nearby	5	True
background_661	sub-116	98	0	nontarget_window_no_remwake_nearby	5	True
background_662	sub-116	98	0	nontarget_window_no_remwake_nearby	5	True
background_663	sub-116	98	0	nontarget_window_no_remwake_nearby	5	True
background_664	sub-116	98	0	nontarget_window_no_remwake_nearby	5	True
background_665	sub-116	98	0	nontarget_window_no_remwake_nearby	5	True
background_666	sub-116	98	0	nontarget_window_no_remwake_nearby	5	True
background_667	sub-116	98	0	nontarget_window_no_remwake_nearby	5	True
background_668	sub-116	98	0	strict_same_stage_window	5	True
background_669	sub-116	98	0	strict_same_stage_window	5	True
background_67	sub-10	91	0	nontarget_window_no_remwake_nearby	5	True
background_670	sub-116	98	0	strict_same_stage_window	5	True
background_671	sub-116	98	0	strict_same_stage_window	5	True
background_672	sub-116	98	0	strict_same_stage_window	5	True
background_673	sub-116	98	0	strict_same_stage_window	5	True
background_674	sub-117	98	0	nontarget_window_no_remwake_nearby	5	True
background_675	sub-117	98	0	nontarget_window_no_remwake_nearby	5	True
background_676	sub-117	98	0	nontarget_window_no_remwake_nearby	5	True
background_677	sub-117	98	0	nontarget_window_no_remwake_nearby	5	True
background_678	sub-117	98	0	nontarget_window_no_remwake_nearby	5	True
background_679	sub-117	98	0	nontarget_window_no_remwake_nearby	5	True
background_68	sub-10	91	0	strict_same_stage_window	5	True
background_680	sub-117	98	0	nontarget_window_no_remwake_nearby	5	True
background_681	sub-117	98	0	nontarget_window_no_remwake_nearby	5	True
background_682	sub-117	98	0	nontarget_window_no_remwake_nearby	5	True
background_683	sub-117	98	0	nontarget_window_no_remwake_nearby	5	True
background_684	sub-117	98	0	nontarget_window_no_remwake_nearby	5	True
background_685	sub-117	98	0	nontarget_window_no_remwake_nearby	5	True
background_687	sub-117	98	0	nontarget_window_no_remwake_nearby	5	True
background_688	sub-117	98	0	nontarget_window_no_remwake_nearby	5	True
background_689	sub-117	98	0	nontarget_window_no_remwake_nearby	5	True
background_69	sub-10	91	0	strict_same_stage_window	5	True
background_690	sub-117	98	0	nontarget_window_no_remwake_nearby	5	True
background_691	sub-117	98	0	nontarget_window_no_remwake_nearby	5	True
background_692	sub-117	98	0	nontarget_window_no_remwake_nearby	5	True
background_693	sub-117	98	0	nontarget_window_no_remwake_nearby	5	True
background_698	sub-117	98	0	strict_same_stage_window	5	True
background_699	sub-117	98	0	strict_same_stage_window	5	True
background_70	sub-10	91	0	strict_same_stage_window	5	True
background_702	sub-118	99	0	nontarget_window_no_remwake_nearby	5	True
background_703	sub-118	99	0	nontarget_window_no_remwake_nearby	5	True
background_704	sub-118	99	0	nontarget_window_no_remwake_nearby	5	True
background_705	sub-118	99	0	nontarget_window_no_remwake_nearby	5	True
background_706	sub-118	99	0	nontarget_window_no_remwake_nearby	5	True
background_707	sub-118	99	0	nontarget_window_no_remwake_nearby	5	True
background_708	sub-118	99	0	nontarget_window_no_remwake_nearby	5	True
background_709	sub-118	99	0	nontarget_window_no_remwake_nearby	5	True
background_71	sub-10	91	0	strict_same_stage_window	5	True
background_710	sub-118	99	0	nontarget_window_no_remwake_nearby	5	True
background_711	sub-118	99	0	nontarget_window_no_remwake_nearby	5	True
background_712	sub-118	99	0	nontarget_window_no_remwake_nearby	5	True
background_713	sub-118	99	0	nontarget_window_no_remwake_nearby	5	True
background_714	sub-118	99	0	nontarget_window_no_remwake_nearby	5	True
background_715	sub-118	99	0	nontarget_window_no_remwake_nearby	5	True
background_716	sub-118	99	0	nontarget_window_no_remwake_nearby	5	True
background_717	sub-118	99	0	nontarget_window_no_remwake_nearby	5	True
background_718	sub-118	99	0	nontarget_window_no_remwake_nearby	5	True
background_719	sub-118	99	0	nontarget_window_no_remwake_nearby	5	True
background_72	sub-10	91	0	strict_same_stage_window	5	True
background_720	sub-118	99	0	nontarget_window_no_remwake_nearby	5	True
background_721	sub-118	99	0	nontarget_window_no_remwake_nearby	5	True
background_722	sub-118	99	0	nontarget_window_no_remwake_nearby	5	True
background_723	sub-118	99	0	nontarget_window_no_remwake_nearby	5	True
background_724	sub-118	99	0	nontarget_window_no_remwake_nearby	5	True
background_725	sub-118	99	0	nontarget_window_no_remwake_nearby	5	True
background_726	sub-118	99	0	nontarget_window_no_remwake_nearby	5	True
background_727	sub-118	99	0	strict_same_stage_window	5	True
background_728	sub-118	99	0	strict_same_stage_window	5	True
background_729	sub-118	99	0	strict_same_stage_window	5	True
background_73	sub-10	91	0	strict_same_stage_window	5	True
background_730	sub-118	99	0	strict_same_stage_window	5	True
background_733	sub-119	99	0	nontarget_window_no_remwake_nearby	5	True
background_734	sub-119	99	0	nontarget_window_no_remwake_nearby	5	True
background_735	sub-119	99	0	nontarget_window_no_remwake_nearby	5	True
background_736	sub-119	99	0	nontarget_window_no_remwake_nearby	5	True
background_737	sub-119	99	0	nontarget_window_no_remwake_nearby	5	True
background_738	sub-119	99	0	nontarget_window_no_remwake_nearby	5	True
background_739	sub-119	99	0	nontarget_window_no_remwake_nearby	5	True
background_74	sub-10	91	0	strict_same_stage_window	5	True
background_740	sub-119	99	0	nontarget_window_no_remwake_nearby	5	True
background_741	sub-119	99	0	nontarget_window_no_remwake_nearby	5	True
background_742	sub-119	99	0	nontarget_window_no_remwake_nearby	5	True
background_743	sub-119	99	0	nontarget_window_no_remwake_nearby	5	True
background_744	sub-119	99	0	nontarget_window_no_remwake_nearby	5	True
background_745	sub-119	99	0	nontarget_window_no_remwake_nearby	5	True
background_746	sub-119	99	0	nontarget_window_no_remwake_nearby	5	True
background_747	sub-119	99	0	nontarget_window_no_remwake_nearby	5	True
background_748	sub-119	99	0	nontarget_window_no_remwake_nearby	5	True
background_749	sub-119	99	0	nontarget_window_no_remwake_nearby	5	True
background_75	sub-10	91	0	strict_same_stage_window	5	True
background_750	sub-119	99	0	nontarget_window_no_remwake_nearby	5	True
background_751	sub-119	99	0	nontarget_window_no_remwake_nearby	5	True
background_752	sub-119	99	0	nontarget_window_no_remwake_nearby	5	True
background_753	sub-119	99	0	nontarget_window_no_remwake_nearby	5	True
background_754	sub-119	99	0	nontarget_window_no_remwake_nearby	5	True
background_755	sub-119	99	0	nontarget_window_no_remwake_nearby	5	True
background_756	sub-119	99	0	nontarget_window_no_remwake_nearby	5	True
background_757	sub-119	99	0	strict_same_stage_window	5	True
background_758	sub-119	99	0	strict_same_stage_window	5	True
background_759	sub-119	99	0	strict_same_stage_window	5	True
background_76	sub-10	91	0	strict_same_stage_window	5	True
background_760	sub-119	99	0	strict_same_stage_window	5	True
background_761	sub-12	92	0	nontarget_window_no_remwake_nearby	5	True
background_762	sub-12	92	0	nontarget_window_no_remwake_nearby	5	True
background_763	sub-12	92	0	nontarget_window_no_remwake_nearby	5	True
background_764	sub-12	92	0	nontarget_window_no_remwake_nearby	5	True
background_765	sub-12	92	0	nontarget_window_no_remwake_nearby	5	True
background_766	sub-12	92	0	nontarget_window_no_remwake_nearby	5	True
background_767	sub-12	92	0	nontarget_window_no_remwake_nearby	5	True
background_768	sub-12	92	0	nontarget_window_no_remwake_nearby	5	True
background_769	sub-12	92	0	nontarget_window_no_remwake_nearby	5	True
background_77	sub-100	67	0	nontarget_window_no_remwake_nearby	5	True
background_770	sub-12	92	0	nontarget_window_no_remwake_nearby	5	True
background_771	sub-12	92	0	nontarget_window_no_remwake_nearby	5	True
background_772	sub-12	92	0	nontarget_window_no_remwake_nearby	5	True
background_773	sub-12	92	0	nontarget_window_no_remwake_nearby	5	True
background_774	sub-12	92	0	nontarget_window_no_remwake_nearby	5	True
background_775	sub-12	92	0	nontarget_window_no_remwake_nearby	5	True
background_776	sub-12	92	0	nontarget_window_no_remwake_nearby	5	True
background_777	sub-12	92	0	nontarget_window_no_remwake_nearby	5	True
background_778	sub-12	92	0	nontarget_window_no_remwake_nearby	5	True
background_779	sub-12	92	0	nontarget_window_no_remwake_nearby	5	True
background_78	sub-100	67	0	nontarget_window_no_remwake_nearby	5	True
background_780	sub-12	92	0	nontarget_window_no_remwake_nearby	5	True
background_781	sub-12	92	0	nontarget_window_no_remwake_nearby	5	True
background_782	sub-12	92	0	nontarget_window_no_remwake_nearby	5	True
background_783	sub-12	92	0	nontarget_window_no_remwake_nearby	5	True
background_784	sub-12	92	0	nontarget_window_no_remwake_nearby	5	True
background_785	sub-12	92	0	nontarget_window_no_remwake_nearby	5	True
background_786	sub-12	92	0	strict_same_stage_window	5	True
background_787	sub-12	92	0	strict_same_stage_window	5	True
background_788	sub-12	92	0	strict_same_stage_window	5	True
background_789	sub-12	92	0	strict_same_stage_window	5	True
background_79	sub-100	67	0	nontarget_window_no_remwake_nearby	5	True
background_790	sub-12	92	0	strict_same_stage_window	5	True
background_791	sub-12	92	0	strict_same_stage_window	5	True
background_792	sub-120	99	0	nontarget_window_no_remwake_nearby	5	True
background_793	sub-120	99	0	nontarget_window_no_remwake_nearby	5	True
background_794	sub-120	99	0	nontarget_window_no_remwake_nearby	5	True
background_795	sub-120	99	0	nontarget_window_no_remwake_nearby	5	True
background_796	sub-120	99	0	nontarget_window_no_remwake_nearby	5	True
background_797	sub-120	99	0	nontarget_window_no_remwake_nearby	5	True
background_798	sub-120	99	0	nontarget_window_no_remwake_nearby	5	True
background_799	sub-120	99	0	nontarget_window_no_remwake_nearby	5	True
background_80	sub-100	67	0	nontarget_window_no_remwake_nearby	5	True
background_800	sub-120	99	0	nontarget_window_no_remwake_nearby	5	True
background_801	sub-120	99	0	nontarget_window_no_remwake_nearby	5	True
background_802	sub-120	99	0	nontarget_window_no_remwake_nearby	5	True
background_803	sub-120	99	0	nontarget_window_no_remwake_nearby	5	True
background_804	sub-120	99	0	nontarget_window_no_remwake_nearby	5	True
background_805	sub-120	99	0	nontarget_window_no_remwake_nearby	5	True
background_806	sub-120	99	0	nontarget_window_no_remwake_nearby	5	True
background_807	sub-120	99	0	nontarget_window_no_remwake_nearby	5	True
background_808	sub-120	99	0	nontarget_window_no_remwake_nearby	5	True
background_809	sub-120	99	0	nontarget_window_no_remwake_nearby	5	True
background_81	sub-100	67	0	nontarget_window_no_remwake_nearby	5	True
background_810	sub-120	99	0	nontarget_window_no_remwake_nearby	5	True
background_811	sub-120	99	0	nontarget_window_no_remwake_nearby	5	True
background_812	sub-120	99	0	nontarget_window_no_remwake_nearby	5	True
background_813	sub-120	99	0	nontarget_window_no_remwake_nearby	5	True
background_814	sub-120	99	0	nontarget_window_no_remwake_nearby	5	True
background_815	sub-120	99	0	nontarget_window_no_remwake_nearby	5	True
background_816	sub-120	99	0	nontarget_window_no_remwake_nearby	5	True
background_817	sub-120	99	0	nontarget_window_no_remwake_nearby	5	True
background_818	sub-120	99	0	nontarget_window_no_remwake_nearby	5	True
background_819	sub-120	99	0	nontarget_window_no_remwake_nearby	5	True
background_82	sub-100	67	0	nontarget_window_no_remwake_nearby	5	True
background_820	sub-120	99	0	nontarget_window_no_remwake_nearby	5	True
background_821	sub-120	99	0	nontarget_window_no_remwake_nearby	5	True
background_822	sub-120	99	0	strict_same_stage_window	5	True
background_823	sub-120	99	0	strict_same_stage_window	5	True
background_824	sub-120	99	0	strict_same_stage_window	5	True
background_825	sub-120	99	0	strict_same_stage_window	5	True
background_826	sub-121	100	0	nontarget_window_no_remwake_nearby	5	True
background_827	sub-121	100	0	nontarget_window_no_remwake_nearby	5	True
background_828	sub-121	100	0	nontarget_window_no_remwake_nearby	5	True
background_829	sub-121	100	0	nontarget_window_no_remwake_nearby	5	True
background_83	sub-100	67	0	nontarget_window_no_remwake_nearby	5	True
background_830	sub-121	100	0	nontarget_window_no_remwake_nearby	5	True
background_831	sub-121	100	0	nontarget_window_no_remwake_nearby	5	True
background_832	sub-121	100	0	nontarget_window_no_remwake_nearby	5	True
background_833	sub-121	100	0	nontarget_window_no_remwake_nearby	5	True
background_834	sub-121	100	0	nontarget_window_no_remwake_nearby	5	True
background_835	sub-121	100	0	nontarget_window_no_remwake_nearby	5	True
background_836	sub-121	100	0	nontarget_window_no_remwake_nearby	5	True
background_837	sub-121	100	0	nontarget_window_no_remwake_nearby	5	True
background_838	sub-121	100	0	nontarget_window_no_remwake_nearby	5	True
background_84	sub-100	67	0	nontarget_window_no_remwake_nearby	5	True
background_840	sub-121	100	0	nontarget_window_no_remwake_nearby	5	True
background_841	sub-121	100	0	nontarget_window_no_remwake_nearby	5	True
background_842	sub-121	100	0	nontarget_window_no_remwake_nearby	5	True
background_843	sub-121	100	0	nontarget_window_no_remwake_nearby	5	True
background_845	sub-121	100	0	nontarget_window_no_remwake_nearby	5	True
background_846	sub-121	100	0	nontarget_window_no_remwake_nearby	5	True
background_847	sub-121	100	0	nontarget_window_no_remwake_nearby	5	True
background_848	sub-121	100	0	nontarget_window_no_remwake_nearby	5	True
background_849	sub-121	100	0	nontarget_window_no_remwake_nearby	5	True
background_85	sub-100	67	0	nontarget_window_no_remwake_nearby	5	True
background_850	sub-121	100	0	nontarget_window_no_remwake_nearby	5	True
background_851	sub-121	100	0	nontarget_window_no_remwake_nearby	5	True
background_852	sub-121	100	0	nontarget_window_no_remwake_nearby	5	True
background_853	sub-121	100	0	strict_same_stage_window	5	True
background_854	sub-121	100	0	strict_same_stage_window	5	True
background_855	sub-121	100	0	strict_same_stage_window	5	True
background_856	sub-121	100	0	strict_same_stage_window	5	True
background_857	sub-121	100	0	strict_same_stage_window	5	True
background_858	sub-121	100	0	strict_same_stage_window	5	True
background_859	sub-121	100	0	strict_same_stage_window	5	True
background_86	sub-100	67	0	nontarget_window_no_remwake_nearby	5	True
background_860	sub-122	101	0	nontarget_window_no_remwake_nearby	5	True
background_861	sub-122	101	0	nontarget_window_no_remwake_nearby	5	True
background_862	sub-122	101	0	nontarget_window_no_remwake_nearby	5	True
background_863	sub-122	101	0	nontarget_window_no_remwake_nearby	5	True
background_864	sub-122	101	0	nontarget_window_no_remwake_nearby	5	True
background_865	sub-122	101	0	nontarget_window_no_remwake_nearby	5	True
background_866	sub-122	101	0	nontarget_window_no_remwake_nearby	5	True
background_867	sub-122	101	0	nontarget_window_no_remwake_nearby	5	True
background_868	sub-122	101	0	nontarget_window_no_remwake_nearby	5	True
background_869	sub-122	101	0	nontarget_window_no_remwake_nearby	5	True
background_87	sub-100	67	0	nontarget_window_no_remwake_nearby	5	True
background_870	sub-122	101	0	nontarget_window_no_remwake_nearby	5	True
background_871	sub-122	101	0	nontarget_window_no_remwake_nearby	5	True
background_872	sub-122	101	0	nontarget_window_no_remwake_nearby	5	True
background_873	sub-122	101	0	nontarget_window_no_remwake_nearby	5	True
background_874	sub-122	101	0	nontarget_window_no_remwake_nearby	5	True
background_875	sub-122	101	0	nontarget_window_no_remwake_nearby	5	True
background_876	sub-122	101	0	nontarget_window_no_remwake_nearby	5	True
background_877	sub-122	101	0	nontarget_window_no_remwake_nearby	5	True
background_878	sub-122	101	0	nontarget_window_no_remwake_nearby	5	True
background_879	sub-122	101	0	nontarget_window_no_remwake_nearby	5	True
background_88	sub-100	67	0	nontarget_window_no_remwake_nearby	5	True
background_880	sub-122	101	0	nontarget_window_no_remwake_nearby	5	True
background_881	sub-122	101	0	nontarget_window_no_remwake_nearby	5	True
background_882	sub-122	101	0	nontarget_window_no_remwake_nearby	5	True
background_883	sub-122	101	0	nontarget_window_no_remwake_nearby	5	True
background_884	sub-122	101	0	nontarget_window_no_remwake_nearby	5	True
background_885	sub-122	101	0	nontarget_window_no_remwake_nearby	5	True
background_886	sub-122	101	0	nontarget_window_no_remwake_nearby	5	True
background_887	sub-122	101	0	nontarget_window_no_remwake_nearby	5	True
background_888	sub-122	101	0	strict_same_stage_window	5	True
background_889	sub-122	101	0	strict_same_stage_window	5	True
background_89	sub-100	67	0	nontarget_window_no_remwake_nearby	5	True
background_890	sub-122	101	0	strict_same_stage_window	5	True
background_891	sub-122	101	0	strict_same_stage_window	5	True
background_892	sub-122	101	0	strict_same_stage_window	5	True
background_893	sub-122	101	0	strict_same_stage_window	5	True
background_90	sub-100	67	0	nontarget_window_no_remwake_nearby	5	True
background_91	sub-100	67	0	nontarget_window_no_remwake_nearby	5	True
background_92	sub-100	67	0	nontarget_window_no_remwake_nearby	5	True
background_93	sub-100	67	0	nontarget_window_no_remwake_nearby	5	True
background_94	sub-100	67	0	nontarget_window_no_remwake_nearby	5	True
background_95	sub-100	67	0	nontarget_window_no_remwake_nearby	5	True
background_959	sub-125	104	0	nontarget_window_no_remwake_nearby	5	True
background_96	sub-100	67	0	nontarget_window_no_remwake_nearby	5	True
background_960	sub-125	104	0	nontarget_window_no_remwake_nearby	5	True
background_961	sub-125	104	0	nontarget_window_no_remwake_nearby	5	True
background_962	sub-125	104	0	nontarget_window_no_remwake_nearby	5	True
background_963	sub-125	104	0	nontarget_window_no_remwake_nearby	5	True
background_964	sub-125	104	0	nontarget_window_no_remwake_nearby	5	True
background_965	sub-125	104	0	nontarget_window_no_remwake_nearby	5	True
background_966	sub-125	104	0	nontarget_window_no_remwake_nearby	5	True
background_967	sub-125	104	0	nontarget_window_no_remwake_nearby	5	True
background_968	sub-125	104	0	nontarget_window_no_remwake_nearby	5	True
background_969	sub-125	104	0	nontarget_window_no_remwake_nearby	5	True
background_97	sub-100	67	0	nontarget_window_no_remwake_nearby	5	True
background_970	sub-125	104	0	nontarget_window_no_remwake_nearby	5	True
background_971	sub-125	104	0	nontarget_window_no_remwake_nearby	5	True
background_972	sub-125	104	0	nontarget_window_no_remwake_nearby	5	True
background_973	sub-125	104	0	nontarget_window_no_remwake_nearby	5	True
background_974	sub-125	104	0	nontarget_window_no_remwake_nearby	5	True
background_975	sub-125	104	0	nontarget_window_no_remwake_nearby	5	True
background_976	sub-125	104	0	nontarget_window_no_remwake_nearby	5	True
background_977	sub-125	104	0	nontarget_window_no_remwake_nearby	5	True
background_978	sub-125	104	0	nontarget_window_no_remwake_nearby	5	True
background_979	sub-125	104	0	nontarget_window_no_remwake_nearby	5	True
background_98	sub-100	67	0	strict_same_stage_window	5	True
background_980	sub-125	104	0	strict_same_stage_window	5	True
background_981	sub-125	104	0	strict_same_stage_window	5	True
background_982	sub-125	104	0	strict_same_stage_window	5	True
background_983	sub-125	104	0	strict_same_stage_window	5	True
background_984	sub-125	104	0	strict_same_stage_window	5	True
background_985	sub-125	104	0	strict_same_stage_window	5	True
background_99	sub-100	67	0	strict_same_stage_window	5	True
transition_101	sub-20	13	1	REM_to_Wake	5	True
transition_102	sub-20	13	1	REM_to_Wake	5	True
transition_106	sub-22	14	1	REM_to_Wake	5	True
transition_109	sub-24	16	1	REM_to_Wake	5	True
transition_110	sub-24	16	1	REM_to_Wake	5	True
transition_117	sub-27	19	1	REM_to_Wake	5	True
transition_118	sub-27	19	1	REM_to_Wake	5	True
transition_119	sub-27	19	1	REM_to_Wake	5	True
transition_121	sub-28	20	1	REM_to_Wake	5	True
transition_125	sub-30	94	1	REM_to_Wake	5	True
transition_126	sub-30	94	1	REM_to_Wake	5	True
transition_133	sub-33	84	1	REM_to_Wake	5	True
transition_134	sub-33	84	1	REM_to_Wake	5	True
transition_135	sub-33	84	1	REM_to_Wake	5	True
transition_136	sub-33	84	1	REM_to_Wake	5	True
transition_137	sub-33	84	1	REM_to_Wake	5	True
transition_138	sub-33	84	1	REM_to_Wake	5	True
transition_139	sub-33	84	1	REM_to_Wake	5	True
transition_140	sub-33	84	1	REM_to_Wake	5	True
transition_141	sub-36	84	1	REM_to_Wake	5	True
transition_142	sub-36	84	1	REM_to_Wake	5	True
transition_143	sub-36	84	1	REM_to_Wake	5	True
transition_145	sub-36	84	1	REM_to_Wake	5	True
transition_146	sub-36	84	1	REM_to_Wake	5	True
transition_147	sub-36	84	1	REM_to_Wake	5	True
transition_15	sub-3	1	1	REM_to_Wake	5	True
transition_16	sub-3	1	1	REM_to_Wake	5	True
transition_163	sub-42	84	1	REM_to_Wake	5	True
transition_164	sub-42	84	1	REM_to_Wake	5	True
transition_165	sub-42	84	1	REM_to_Wake	5	True
transition_167	sub-42	84	1	REM_to_Wake	5	True
transition_168	sub-42	84	1	REM_to_Wake	5	True
transition_170	sub-42	84	1	REM_to_Wake	5	True
transition_174	sub-45	24	1	REM_to_Wake	5	True
transition_182	sub-49	29	1	REM_to_Wake	5	True
transition_183	sub-49	29	1	REM_to_Wake	5	True
transition_19	sub-3	1	1	REM_to_Wake	5	True
transition_193	sub-52	31	1	REM_to_Wake	5	True
transition_194	sub-52	31	1	REM_to_Wake	5	True
transition_195	sub-52	31	1	REM_to_Wake	5	True
transition_21	sub-3	1	1	REM_to_Wake	5	True
transition_211	sub-56	78	1	REM_to_Wake	5	True
transition_213	sub-56	78	1	REM_to_Wake	5	True
transition_218	sub-56	78	1	REM_to_Wake	5	True
transition_227	sub-58	78	1	REM_to_Wake	5	True
transition_229	sub-58	78	1	REM_to_Wake	5	True
transition_231	sub-58	78	1	REM_to_Wake	5	True
transition_232	sub-58	78	1	REM_to_Wake	5	True
transition_236	sub-59	79	1	REM_to_Wake	5	True
transition_237	sub-59	79	1	REM_to_Wake	5	True
transition_239	sub-59	79	1	REM_to_Wake	5	True
transition_241	sub-59	79	1	REM_to_Wake	5	True
transition_251	sub-62	80	1	REM_to_Wake	5	True
transition_252	sub-62	80	1	REM_to_Wake	5	True
transition_253	sub-63	81	1	REM_to_Wake	5	True
transition_254	sub-64	82	1	REM_to_Wake	5	True
transition_256	sub-64	82	1	REM_to_Wake	5	True
transition_258	sub-66	82	1	REM_to_Wake	5	True
transition_259	sub-66	82	1	REM_to_Wake	5	True
transition_260	sub-67	32	1	REM_to_Wake	5	True
transition_261	sub-67	32	1	REM_to_Wake	5	True
transition_262	sub-67	32	1	REM_to_Wake	5	True
transition_263	sub-67	32	1	REM_to_Wake	5	True
transition_266	sub-67	32	1	REM_to_Wake	5	True
transition_268	sub-68	33	1	REM_to_Wake	5	True
transition_269	sub-68	33	1	REM_to_Wake	5	True
transition_271	sub-70	35	1	REM_to_Wake	5	True
transition_272	sub-70	35	1	REM_to_Wake	5	True
transition_273	sub-71	36	1	REM_to_Wake	5	True
transition_274	sub-71	36	1	REM_to_Wake	5	True
transition_275	sub-71	36	1	REM_to_Wake	5	True
transition_279	sub-73	38	1	REM_to_Wake	5	True
transition_280	sub-74	39	1	REM_to_Wake	5	True
transition_281	sub-74	39	1	REM_to_Wake	5	True
transition_291	sub-78	43	1	REM_to_Wake	5	True
transition_293	sub-78	43	1	REM_to_Wake	5	True
transition_296	sub-81	46	1	REM_to_Wake	5	True
transition_298	sub-81	46	1	REM_to_Wake	5	True
transition_303	sub-81	46	1	REM_to_Wake	5	True
transition_304	sub-81	46	1	REM_to_Wake	5	True
transition_305	sub-81	46	1	REM_to_Wake	5	True
transition_309	sub-83	50	1	REM_to_Wake	5	True
transition_310	sub-84	51	1	REM_to_Wake	5	True
transition_317	sub-87	54	1	REM_to_Wake	5	True
transition_325	sub-91	58	1	REM_to_Wake	5	True
transition_327	sub-91	58	1	REM_to_Wake	5	True
transition_328	sub-91	58	1	REM_to_Wake	5	True
transition_330	sub-91	58	1	REM_to_Wake	5	True
transition_332	sub-91	58	1	REM_to_Wake	5	True
transition_333	sub-92	59	1	REM_to_Wake	5	True
transition_334	sub-92	59	1	REM_to_Wake	5	True
transition_336	sub-92	59	1	REM_to_Wake	5	True
transition_338	sub-93	60	1	REM_to_Wake	5	True
transition_339	sub-93	60	1	REM_to_Wake	5	True
transition_341	sub-93	60	1	REM_to_Wake	5	True
transition_344	sub-95	62	1	REM_to_Wake	5	True
transition_345	sub-95	62	1	REM_to_Wake	5	True
transition_347	sub-95	62	1	REM_to_Wake	5	True
transition_349	sub-95	62	1	REM_to_Wake	5	True
transition_352	sub-96	63	1	REM_to_Wake	5	True
transition_353	sub-96	63	1	REM_to_Wake	5	True
transition_354	sub-96	63	1	REM_to_Wake	5	True
transition_356	sub-96	63	1	REM_to_Wake	5	True
transition_365	sub-98	65	1	REM_to_Wake	5	True
transition_366	sub-98	65	1	REM_to_Wake	5	True
transition_368	sub-98	65	1	REM_to_Wake	5	True
transition_370	sub-98	65	1	REM_to_Wake	5	True
transition_371	sub-98	65	1	REM_to_Wake	5	True
transition_372	sub-98	65	1	REM_to_Wake	5	True
transition_374	sub-98	65	1	REM_to_Wake	5	True
transition_377	sub-100	67	1	REM_to_Wake	5	True
transition_380	sub-100	67	1	REM_to_Wake	5	True
transition_381	sub-100	67	1	REM_to_Wake	5	True
transition_383	sub-100	67	1	REM_to_Wake	5	True
transition_384	sub-101	68	1	REM_to_Wake	5	True
transition_386	sub-101	68	1	REM_to_Wake	5	True
transition_388	sub-101	68	1	REM_to_Wake	5	True
transition_389	sub-101	68	1	REM_to_Wake	5	True
transition_39	sub-12	92	1	REM_to_Wake	5	True
transition_391	sub-101	68	1	REM_to_Wake	5	True
transition_396	sub-104	72	1	REM_to_Wake	5	True
transition_40	sub-12	92	1	REM_to_Wake	5	True
transition_403	sub-107	75	1	REM_to_Wake	5	True
transition_405	sub-108	76	1	REM_to_Wake	5	True
transition_407	sub-109	96	1	REM_to_Wake	5	True
transition_408	sub-109	96	1	REM_to_Wake	5	True
transition_41	sub-12	92	1	REM_to_Wake	5	True
transition_410	sub-109	96	1	REM_to_Wake	5	True
transition_411	sub-109	96	1	REM_to_Wake	5	True
transition_412	sub-109	96	1	REM_to_Wake	5	True
transition_417	sub-111	96	1	REM_to_Wake	5	True
transition_419	sub-111	96	1	REM_to_Wake	5	True
transition_42	sub-12	92	1	REM_to_Wake	5	True
transition_420	sub-111	96	1	REM_to_Wake	5	True
transition_421	sub-111	96	1	REM_to_Wake	5	True
transition_422	sub-111	96	1	REM_to_Wake	5	True
transition_431	sub-115	98	1	REM_to_Wake	5	True
transition_432	sub-116	98	1	REM_to_Wake	5	True
transition_435	sub-117	98	1	REM_to_Wake	5	True
transition_437	sub-117	98	1	REM_to_Wake	5	True
transition_439	sub-117	98	1	REM_to_Wake	5	True
transition_44	sub-12	92	1	REM_to_Wake	5	True
transition_441	sub-117	98	1	REM_to_Wake	5	True
transition_443	sub-118	99	1	REM_to_Wake	5	True
transition_445	sub-118	99	1	REM_to_Wake	5	True
transition_446	sub-119	99	1	REM_to_Wake	5	True
transition_447	sub-119	99	1	REM_to_Wake	5	True
transition_448	sub-119	99	1	REM_to_Wake	5	True
transition_449	sub-120	99	1	REM_to_Wake	5	True
transition_45	sub-12	92	1	REM_to_Wake	5	True
transition_451	sub-120	99	1	REM_to_Wake	5	True
transition_46	sub-12	92	1	REM_to_Wake	5	True
transition_464	sub-125	104	1	REM_to_Wake	5	True
transition_465	sub-125	104	1	REM_to_Wake	5	True
transition_466	sub-125	104	1	REM_to_Wake	5	True
transition_47	sub-12	92	1	REM_to_Wake	5	True
transition_476	sub-128	108	1	REM_to_Wake	5	True
transition_49	sub-12	92	1	REM_to_Wake	5	True
transition_50	sub-14	9	1	REM_to_Wake	5	True
transition_51	sub-14	9	1	REM_to_Wake	5	True
transition_52	sub-14	9	1	REM_to_Wake	5	True
transition_54	sub-15	10	1	REM_to_Wake	5	True
transition_56	sub-15	10	1	REM_to_Wake	5	True
transition_58	sub-15	10	1	REM_to_Wake	5	True
transition_59	sub-16	11	1	REM_to_Wake	5	True
transition_61	sub-16	11	1	REM_to_Wake	5	True
transition_63	sub-16	11	1	REM_to_Wake	5	True
transition_65	sub-16	11	1	REM_to_Wake	5	True
transition_67	sub-16	11	1	REM_to_Wake	5	True
transition_69	sub-16	11	1	REM_to_Wake	5	True
transition_72	sub-17	92	1	REM_to_Wake	5	True
transition_73	sub-17	92	1	REM_to_Wake	5	True
transition_74	sub-17	92	1	REM_to_Wake	5	True
transition_75	sub-17	92	1	REM_to_Wake	5	True
transition_79	sub-17	92	1	REM_to_Wake	5	True
transition_81	sub-17	92	1	REM_to_Wake	5	True
transition_82	sub-17	92	1	REM_to_Wake	5	True
transition_84	sub-17	92	1	REM_to_Wake	5	True
transition_85	sub-17	92	1	REM_to_Wake	5	True
transition_87	sub-17	92	1	REM_to_Wake	5	True
