window_source	window_id	subject	participant_id	pid	label_class	primary_target	channels_checked	include_channels	review_channels	exclude_channels	critical_flags	review_flags	window_signal_decision	review_priority
background_review	B00001	sub-1	sub-1	89	background_review	False	2	2	0	0	pass	pass	include	no_review_flag
background_review	B00002	sub-1	sub-1	89	background_review	False	2	2	0	0	pass	pass	include	no_review_flag
background_review	B00003	sub-1	sub-1	89	background_review	False	2	2	0	0	pass	pass	include	no_review_flag
background_review	B00004	sub-1	sub-1	89	background_review	False	2	2	0	0	pass	pass	include	no_review_flag
background_review	B00005	sub-1	sub-1	89	background_review	False	2	0	2	0	pass	many_10mad_outliers	review	mad_only_review
background_review	B00006	sub-1	sub-1	89	background_review	False	2	0	2	0	pass	many_10mad_outliers	review	mad_only_review
background_review	B00007	sub-1	sub-1	89	background_review	False	2	2	0	0	pass	pass	include	no_review_flag
background_review	B00008	sub-1	sub-1	89	background_review	False	2	2	0	0	pass	pass	include	no_review_flag
background_review	B00009	sub-1	sub-1	89	background_review	False	2	2	0	0	pass	pass	include	no_review_flag
background_review	B00010	sub-1	sub-1	89	background_review	False	2	1	1	0	pass	many_10mad_outliers	review	mad_only_review
background_review	B00011	sub-1	sub-1	89	background_review	False	2	2	0	0	pass	pass	include	no_review_flag
background_review	B00012	sub-1	sub-1	89	background_review	False	2	2	0	0	pass	pass	include	no_review_flag
background_review	B00013	sub-1	sub-1	89	background_review	False	2	0	0	2	constant_signal;flatline_at_least_5_sec;near_flat_robust_range	repeated_endpoints	exclude	critical_exclusion
background_review	B00014	sub-1	sub-1	89	background_review	False	2	0	0	2	constant_signal;flatline_at_least_5_sec;near_flat_robust_range	repeated_endpoints	exclude	critical_exclusion
background_review	B00015	sub-1	sub-1	89	background_review	False	2	2	0	0	pass	pass	include	no_review_flag
background_review	B00016	sub-1	sub-1	89	background_review	False	2	2	0	0	pass	pass	include	no_review_flag
background_review	B00017	sub-1	sub-1	89	background_review	False	2	2	0	0	pass	pass	include	no_review_flag
background_review	B00018	sub-1	sub-1	89	background_review	False	2	2	0	0	pass	pass	include	no_review_flag
background_review	B00019	sub-1	sub-1	89	background_review	False	2	2	0	0	pass	pass	include	no_review_flag
background_review	B00020	sub-1	sub-1	89	background_review	False	2	2	0	0	pass	pass	include	no_review_flag
background_review	B00021	sub-1	sub-1	89	background_review	False	2	0	0	2	constant_signal;flatline_at_least_5_sec;near_flat_robust_range	repeated_endpoints	exclude	critical_exclusion
background_review	B00022	sub-1	sub-1	89	background_review	False	2	0	0	2	constant_signal;flatline_at_least_5_sec;near_flat_robust_range	repeated_endpoints	exclude	critical_exclusion
background_review	B00023	sub-1	sub-1	89	background_review	False	2	0	0	2	constant_signal;flatline_at_least_5_sec;near_flat_robust_range	repeated_endpoints	exclude	critical_exclusion
background_review	B00024	sub-1	sub-1	89	background_review	False	2	0	0	2	constant_signal;flatline_at_least_5_sec;near_flat_robust_range	repeated_endpoints	exclude	critical_exclusion
background_review	B00025	sub-1	sub-1	89	background_review	False	2	2	0	0	pass	pass	include	no_review_flag
background_review	B00026	sub-1	sub-1	89	background_review	False	2	0	2	0	pass	many_10mad_outliers	review	mad_only_review
background_review	B00027	sub-1	sub-1	89	background_review	False	2	0	0	2	constant_signal;flatline_at_least_5_sec;near_flat_robust_range	repeated_endpoints	exclude	critical_exclusion
background_review	B00028	sub-1	sub-1	89	background_review	False	2	0	0	2	constant_signal;flatline_at_least_5_sec;near_flat_robust_range	repeated_endpoints	exclude	critical_exclusion
background_review	B00029	sub-1	sub-1	89	background_review	False	2	0	2	0	pass	many_10mad_outliers	review	mad_only_review
background_review	B00030	sub-1	sub-1	89	background_review	False	2	0	2	0	pass	many_10mad_outliers	review	mad_only_review
background_review	B00031	sub-1	sub-1	89	background_review	False	2	2	0	0	pass	pass	include	no_review_flag
background_review	B00032	sub-1	sub-1	89	background_review	False	2	2	0	0	pass	pass	include	no_review_flag
background_review	B00033	sub-1	sub-1	89	background_review	False	2	2	0	0	pass	pass	include	no_review_flag
background_review	B00034	sub-1	sub-1	89	background_review	False	2	0	0	2	flatline_at_least_5_sec	high_robust_range;many_10mad_outliers;repeated_endpoints	exclude	critical_exclusion
background_review	B00035	sub-1	sub-1	89	background_review	False	2	0	0	2	constant_signal;flatline_at_least_5_sec;near_flat_robust_range	repeated_endpoints	exclude	critical_exclusion
background_review	B00036	sub-1	sub-1	89	background_review	False	2	0	0	2	constant_signal;flatline_at_least_5_sec;near_flat_robust_range	repeated_endpoints	exclude	critical_exclusion
background_review	B00037	sub-1	sub-1	89	background_review	False	2	0	2	0	pass	many_10mad_outliers	review	mad_only_review
background_review	B00038	sub-1	sub-1	89	background_review	False	2	0	2	0	pass	many_10mad_outliers	review	mad_only_review
background_review	B00039	sub-10	sub-10	91	background_review	False	2	2	0	0	pass	pass	include	no_review_flag
background_review	B00040	sub-10	sub-10	91	background_review	False	2	2	0	0	pass	pass	include	no_review_flag
background_review	B00041	sub-10	sub-10	91	background_review	False	2	2	0	0	pass	pass	include	no_review_flag
background_review	B00042	sub-10	sub-10	91	background_review	False	2	2	0	0	pass	pass	include	no_review_flag
background_review	B00043	sub-10	sub-10	91	background_review	False	2	1	1	0	pass	many_10mad_outliers	review	mad_only_review
background_review	B00044	sub-10	sub-10	91	background_review	False	2	1	1	0	pass	many_10mad_outliers	review	mad_only_review
background_review	B00045	sub-10	sub-10	91	background_review	False	2	2	0	0	pass	pass	include	no_review_flag
background_review	B00046	sub-10	sub-10	91	background_review	False	2	2	0	0	pass	pass	include	no_review_flag
background_review	B00047	sub-10	sub-10	91	background_review	False	2	2	0	0	pass	pass	include	no_review_flag
background_review	B00048	sub-10	sub-10	91	background_review	False	2	2	0	0	pass	pass	include	no_review_flag
background_review	B00049	sub-10	sub-10	91	background_review	False	2	2	0	0	pass	pass	include	no_review_flag
background_review	B00050	sub-10	sub-10	91	background_review	False	2	2	0	0	pass	pass	include	no_review_flag
background_review	B00051	sub-10	sub-10	91	background_review	False	2	2	0	0	pass	pass	include	no_review_flag
background_review	B00052	sub-10	sub-10	91	background_review	False	2	0	2	0	pass	many_10mad_outliers	review	mad_only_review
background_review	B00053	sub-10	sub-10	91	background_review	False	2	2	0	0	pass	pass	include	no_review_flag
background_review	B00054	sub-10	sub-10	91	background_review	False	2	2	0	0	pass	pass	include	no_review_flag
background_review	B00055	sub-10	sub-10	91	background_review	False	2	2	0	0	pass	pass	include	no_review_flag
background_review	B00056	sub-10	sub-10	91	background_review	False	2	2	0	0	pass	pass	include	no_review_flag
background_review	B00057	sub-10	sub-10	91	background_review	False	2	2	0	0	pass	pass	include	no_review_flag
background_review	B00058	sub-10	sub-10	91	background_review	False	2	2	0	0	pass	pass	include	no_review_flag
background_review	B00059	sub-10	sub-10	91	background_review	False	2	1	1	0	pass	many_10mad_outliers	review	mad_only_review
background_review	B00060	sub-10	sub-10	91	background_review	False	2	2	0	0	pass	pass	include	no_review_flag
background_review	B00061	sub-10	sub-10	91	background_review	False	2	2	0	0	pass	pass	include	no_review_flag
background_review	B00062	sub-10	sub-10	91	background_review	False	2	2	0	0	pass	pass	include	no_review_flag
background_review	B00063	sub-10	sub-10	91	background_review	False	2	1	1	0	pass	many_10mad_outliers	review	mad_only_review
background_review	B00064	sub-10	sub-10	91	background_review	False	2	2	0	0	pass	pass	include	no_review_flag
background_review	B00065	sub-10	sub-10	91	background_review	False	2	2	0	0	pass	pass	include	no_review_flag
background_review	B00066	sub-10	sub-10	91	background_review	False	2	2	0	0	pass	pass	include	no_review_flag
background_review	B00067	sub-10	sub-10	91	background_review	False	2	2	0	0	pass	pass	include	no_review_flag
background_review	B00068	sub-10	sub-10	91	background_review	False	2	2	0	0	pass	pass	include	no_review_flag
background_review	B00069	sub-10	sub-10	91	background_review	False	2	2	0	0	pass	pass	include	no_review_flag
background_review	B00070	sub-10	sub-10	91	background_review	False	2	2	0	0	pass	pass	include	no_review_flag
background_review	B00071	sub-10	sub-10	91	background_review	False	2	2	0	0	pass	pass	include	no_review_flag
background_review	B00072	sub-10	sub-10	91	background_review	False	2	2	0	0	pass	pass	include	no_review_flag
background_review	B00073	sub-10	sub-10	91	background_review	False	2	0	2	0	pass	many_10mad_outliers	review	mad_only_review
background_review	B00074	sub-10	sub-10	91	background_review	False	2	2	0	0	pass	pass	include	no_review_flag
background_review	B00075	sub-10	sub-10	91	background_review	False	2	0	2	0	pass	many_10mad_outliers	review	mad_only_review
background_review	B00076	sub-10	sub-10	91	background_review	False	2	0	2	0	pass	many_10mad_outliers	review	mad_only_review
background_review	B00077	sub-100	sub-100	67	background_review	False	2	1	1	0	pass	many_10mad_outliers	review	mad_only_review
background_review	B00078	sub-100	sub-100	67	background_review	False	2	1	1	0	pass	many_10mad_outliers	review	mad_only_review
background_review	B00079	sub-100	sub-100	67	background_review	False	2	2	0	0	pass	pass	include	no_review_flag
background_review	B00080	sub-100	sub-100	67	background_review	False	2	2	0	0	pass	pass	include	no_review_flag
background_review	B00081	sub-100	sub-100	67	background_review	False	2	2	0	0	pass	pass	include	no_review_flag
background_review	B00082	sub-100	sub-100	67	background_review	False	2	1	1	0	pass	many_10mad_outliers	review	mad_only_review
background_review	B00083	sub-100	sub-100	67	background_review	False	2	1	1	0	pass	many_10mad_outliers	review	mad_only_review
background_review	B00084	sub-100	sub-100	67	background_review	False	2	0	2	0	pass	many_10mad_outliers	review	mad_only_review
background_review	B00085	sub-100	sub-100	67	background_review	False	2	2	0	0	pass	pass	include	no_review_flag
background_review	B00086	sub-100	sub-100	67	background_review	False	2	2	0	0	pass	pass	include	no_review_flag
background_review	B00087	sub-100	sub-100	67	background_review	False	2	2	0	0	pass	pass	include	no_review_flag
background_review	B00088	sub-100	sub-100	67	background_review	False	2	2	0	0	pass	pass	include	no_review_flag
background_review	B00089	sub-100	sub-100	67	background_review	False	2	0	2	0	pass	many_10mad_outliers	review	mad_only_review
background_review	B00090	sub-100	sub-100	67	background_review	False	2	0	2	0	pass	many_10mad_outliers	review	mad_only_review
background_review	B00091	sub-100	sub-100	67	background_review	False	2	0	2	0	pass	many_10mad_outliers	review	mad_only_review
background_review	B00092	sub-100	sub-100	67	background_review	False	2	2	0	0	pass	pass	include	no_review_flag
background_review	B00093	sub-100	sub-100	67	background_review	False	2	2	0	0	pass	pass	include	no_review_flag
background_review	B00094	sub-100	sub-100	67	background_review	False	2	2	0	0	pass	pass	include	no_review_flag
background_review	B00095	sub-100	sub-100	67	background_review	False	2	1	1	0	pass	many_10mad_outliers	review	mad_only_review
background_review	B00096	sub-100	sub-100	67	background_review	False	2	2	0	0	pass	pass	include	no_review_flag
background_review	B00097	sub-100	sub-100	67	background_review	False	2	2	0	0	pass	pass	include	no_review_flag
background_review	B00098	sub-100	sub-100	67	background_review	False	2	2	0	0	pass	pass	include	no_review_flag
background_review	B00099	sub-100	sub-100	67	background_review	False	2	2	0	0	pass	pass	include	no_review_flag
background_review	B00100	sub-100	sub-100	67	background_review	False	2	2	0	0	pass	pass	include	no_review_flag
background_review	B00101	sub-100	sub-100	67	background_review	False	2	2	0	0	pass	pass	include	no_review_flag
background_review	B00102	sub-100	sub-100	67	background_review	False	2	0	2	0	pass	many_10mad_outliers	review	mad_only_review
background_review	B00103	sub-100	sub-100	67	background_review	False	2	0	2	0	pass	many_10mad_outliers	review	mad_only_review
background_review	B00104	sub-101	sub-101	68	background_review	False	2	0	2	0	pass	many_10mad_outliers	review	mad_only_review
background_review	B00105	sub-101	sub-101	68	background_review	False	2	0	2	0	pass	many_10mad_outliers	review	mad_only_review
background_review	B00106	sub-101	sub-101	68	background_review	False	2	2	0	0	pass	pass	include	no_review_flag
background_review	B00107	sub-101	sub-101	68	background_review	False	2	0	2	0	pass	many_10mad_outliers	review	mad_only_review
background_review	B00108	sub-101	sub-101	68	background_review	False	2	2	0	0	pass	pass	include	no_review_flag
background_review	B00109	sub-101	sub-101	68	background_review	False	2	2	0	0	pass	pass	include	no_review_flag
background_review	B00110	sub-101	sub-101	68	background_review	False	2	0	2	0	pass	many_10mad_outliers	review	mad_only_review
background_review	B00111	sub-101	sub-101	68	background_review	False	2	0	2	0	pass	many_10mad_outliers	review	mad_only_review
background_review	B00112	sub-101	sub-101	68	background_review	False	2	2	0	0	pass	pass	include	no_review_flag
background_review	B00113	sub-101	sub-101	68	background_review	False	2	2	0	0	pass	pass	include	no_review_flag
background_review	B00114	sub-101	sub-101	68	background_review	False	2	2	0	0	pass	pass	include	no_review_flag
background_review	B00115	sub-101	sub-101	68	background_review	False	2	2	0	0	pass	pass	include	no_review_flag
background_review	B00116	sub-101	sub-101	68	background_review	False	2	0	2	0	pass	many_10mad_outliers	review	mad_only_review
background_review	B00117	sub-101	sub-101	68	background_review	False	2	0	2	0	pass	many_10mad_outliers	review	mad_only_review
background_review	B00118	sub-101	sub-101	68	background_review	False	2	2	0	0	pass	pass	include	no_review_flag
background_review	B00119	sub-101	sub-101	68	background_review	False	2	2	0	0	pass	pass	include	no_review_flag
background_review	B00120	sub-101	sub-101	68	background_review	False	2	2	0	0	pass	pass	include	no_review_flag
background_review	B00121	sub-101	sub-101	68	background_review	False	2	2	0	0	pass	pass	include	no_review_flag
background_review	B00122	sub-101	sub-101	68	background_review	False	2	2	0	0	pass	pass	include	no_review_flag
background_review	B00123	sub-101	sub-101	68	background_review	False	2	2	0	0	pass	pass	include	no_review_flag
background_review	B00124	sub-101	sub-101	68	background_review	False	2	2	0	0	pass	pass	include	no_review_flag
background_review	B00125	sub-101	sub-101	68	background_review	False	2	2	0	0	pass	pass	include	no_review_flag
background_review	B00126	sub-101	sub-101	68	background_review	False	2	0	2	0	pass	many_10mad_outliers	review	mad_only_review
background_review	B00127	sub-101	sub-101	68	background_review	False	2	0	2	0	pass	many_10mad_outliers	review	mad_only_review
background_review	B00128	sub-101	sub-101	68	background_review	False	2	0	2	0	pass	many_10mad_outliers	review	mad_only_review
background_review	B00129	sub-101	sub-101	68	background_review	False	2	2	0	0	pass	pass	include	no_review_flag
background_review	B00130	sub-101	sub-101	68	background_review	False	2	2	0	0	pass	pass	include	no_review_flag
background_review	B00131	sub-101	sub-101	68	background_review	False	2	2	0	0	pass	pass	include	no_review_flag
background_review	B00132	sub-101	sub-101	68	background_review	False	2	2	0	0	pass	pass	include	no_review_flag
background_review	B00133	sub-101	sub-101	68	background_review	False	2	2	0	0	pass	pass	include	no_review_flag
background_review	B00134	sub-101	sub-101	68	background_review	False	2	2	0	0	pass	pass	include	no_review_flag
background_review	B00135	sub-101	sub-101	68	background_review	False	2	1	1	0	pass	many_10mad_outliers	review	mad_only_review
background_review	B00136	sub-101	sub-101	68	background_review	False	2	2	0	0	pass	pass	include	no_review_flag
background_review	B00137	sub-102	sub-102	69	background_review	False	2	2	0	0	pass	pass	include	no_review_flag
background_review	B00138	sub-102	sub-102	69	background_review	False	2	2	0	0	pass	pass	include	no_review_flag
background_review	B00139	sub-102	sub-102	69	background_review	False	2	2	0	0	pass	pass	include	no_review_flag
background_review	B00140	sub-102	sub-102	69	background_review	False	2	0	2	0	pass	many_10mad_outliers	review	mad_only_review
background_review	B00141	sub-102	sub-102	69	background_review	False	2	0	2	0	pass	many_10mad_outliers	review	mad_only_review
background_review	B00142	sub-102	sub-102	69	background_review	False	2	0	2	0	pass	many_10mad_outliers	review	mad_only_review
background_review	B00143	sub-102	sub-102	69	background_review	False	2	0	2	0	pass	many_10mad_outliers	review	mad_only_review
background_review	B00144	sub-102	sub-102	69	background_review	False	2	2	0	0	pass	pass	include	no_review_flag
background_review	B00145	sub-102	sub-102	69	background_review	False	2	2	0	0	pass	pass	include	no_review_flag
background_review	B00146	sub-102	sub-102	69	background_review	False	2	2	0	0	pass	pass	include	no_review_flag
background_review	B00147	sub-102	sub-102	69	background_review	False	2	2	0	0	pass	pass	include	no_review_flag
background_review	B00148	sub-102	sub-102	69	background_review	False	2	0	2	0	pass	many_10mad_outliers	review	mad_only_review
background_review	B00149	sub-102	sub-102	69	background_review	False	2	2	0	0	pass	pass	include	no_review_flag
background_review	B00150	sub-102	sub-102	69	background_review	False	2	2	0	0	pass	pass	include	no_review_flag
background_review	B00151	sub-102	sub-102	69	background_review	False	2	2	0	0	pass	pass	include	no_review_flag
background_review	B00152	sub-102	sub-102	69	background_review	False	2	2	0	0	pass	pass	include	no_review_flag
background_review	B00153	sub-102	sub-102	69	background_review	False	2	0	2	0	pass	many_10mad_outliers	review	mad_only_review
background_review	B00154	sub-102	sub-102	69	background_review	False	2	2	0	0	pass	pass	include	no_review_flag
background_review	B00155	sub-102	sub-102	69	background_review	False	2	2	0	0	pass	pass	include	no_review_flag
background_review	B00156	sub-102	sub-102	69	background_review	False	2	2	0	0	pass	pass	include	no_review_flag
background_review	B00157	sub-102	sub-102	69	background_review	False	2	2	0	0	pass	pass	include	no_review_flag
background_review	B00158	sub-102	sub-102	69	background_review	False	2	2	0	0	pass	pass	include	no_review_flag
background_review	B00159	sub-102	sub-102	69	background_review	False	2	2	0	0	pass	pass	include	no_review_flag
background_review	B00160	sub-102	sub-102	69	background_review	False	2	1	1	0	pass	many_10mad_outliers	review	mad_only_review
background_review	B00161	sub-102	sub-102	69	background_review	False	2	0	2	0	pass	many_10mad_outliers	review	mad_only_review
background_review	B00162	sub-102	sub-102	69	background_review	False	2	0	2	0	pass	many_10mad_outliers	review	mad_only_review
background_review	B00163	sub-103	sub-103	71	background_review	False	2	0	2	0	pass	many_10mad_outliers	review	mad_only_review
background_review	B00164	sub-103	sub-103	71	background_review	False	2	2	0	0	pass	pass	include	no_review_flag
background_review	B00165	sub-103	sub-103	71	background_review	False	2	0	2	0	pass	many_10mad_outliers	review	mad_only_review
background_review	B00166	sub-103	sub-103	71	background_review	False	2	0	2	0	pass	many_10mad_outliers	review	mad_only_review
background_review	B00167	sub-103	sub-103	71	background_review	False	2	0	2	0	pass	many_10mad_outliers	review	mad_only_review
background_review	B00168	sub-103	sub-103	71	background_review	False	2	0	2	0	pass	many_10mad_outliers	review	mad_only_review
background_review	B00169	sub-103	sub-103	71	background_review	False	2	2	0	0	pass	pass	include	no_review_flag
background_review	B00170	sub-103	sub-103	71	background_review	False	2	1	1	0	pass	many_10mad_outliers	review	mad_only_review
background_review	B00171	sub-103	sub-103	71	background_review	False	2	0	2	0	pass	many_10mad_outliers	review	mad_only_review
background_review	B00172	sub-103	sub-103	71	background_review	False	2	2	0	0	pass	pass	include	no_review_flag
background_review	B00173	sub-103	sub-103	71	background_review	False	2	2	0	0	pass	pass	include	no_review_flag
background_review	B00174	sub-103	sub-103	71	background_review	False	2	1	1	0	pass	many_10mad_outliers	review	mad_only_review
background_review	B00175	sub-103	sub-103	71	background_review	False	2	1	1	0	pass	many_10mad_outliers	review	mad_only_review
background_review	B00176	sub-103	sub-103	71	background_review	False	2	0	2	0	pass	many_10mad_outliers	review	mad_only_review
background_review	B00177	sub-103	sub-103	71	background_review	False	2	0	2	0	pass	many_10mad_outliers	review	mad_only_review
background_review	B00178	sub-103	sub-103	71	background_review	False	2	2	0	0	pass	pass	include	no_review_flag
background_review	B00179	sub-103	sub-103	71	background_review	False	2	2	0	0	pass	pass	include	no_review_flag
background_review	B00180	sub-103	sub-103	71	background_review	False	2	2	0	0	pass	pass	include	no_review_flag
background_review	B00181	sub-103	sub-103	71	background_review	False	2	2	0	0	pass	pass	include	no_review_flag
background_review	B00182	sub-103	sub-103	71	background_review	False	2	1	1	0	pass	high_robust_range;many_10mad_outliers	review	targeted_review
background_review	B00183	sub-103	sub-103	71	background_review	False	2	2	0	0	pass	pass	include	no_review_flag
background_review	B00184	sub-103	sub-103	71	background_review	False	2	2	0	0	pass	pass	include	no_review_flag
background_review	B00185	sub-103	sub-103	71	background_review	False	2	1	1	0	pass	many_10mad_outliers	review	mad_only_review
background_review	B00186	sub-103	sub-103	71	background_review	False	2	1	1	0	pass	many_10mad_outliers	review	mad_only_review
background_review	B00187	sub-103	sub-103	71	background_review	False	2	0	2	0	pass	many_10mad_outliers	review	mad_only_review
background_review	B00188	sub-103	sub-103	71	background_review	False	2	0	2	0	pass	many_10mad_outliers	review	mad_only_review
background_review	B00189	sub-103	sub-103	71	background_review	False	2	2	0	0	pass	pass	include	no_review_flag
background_review	B00190	sub-103	sub-103	71	background_review	False	2	1	1	0	pass	high_robust_range;many_10mad_outliers	review	targeted_review
background_review	B00191	sub-103	sub-103	71	background_review	False	2	2	0	0	pass	pass	include	no_review_flag
background_review	B00192	sub-103	sub-103	71	background_review	False	2	2	0	0	pass	pass	include	no_review_flag
background_review	B00193	sub-103	sub-103	71	background_review	False	2	2	0	0	pass	pass	include	no_review_flag
background_review	B00194	sub-103	sub-103	71	background_review	False	2	1	1	0	pass	many_10mad_outliers	review	mad_only_review
background_review	B00195	sub-103	sub-103	71	background_review	False	2	2	0	0	pass	pass	include	no_review_flag
background_review	B00196	sub-103	sub-103	71	background_review	False	2	2	0	0	pass	pass	include	no_review_flag
background_review	B00197	sub-103	sub-103	71	background_review	False	2	0	2	0	pass	many_10mad_outliers	review	mad_only_review
background_review	B00198	sub-103	sub-103	71	background_review	False	2	0	2	0	pass	many_10mad_outliers	review	mad_only_review
background_review	B00199	sub-103	sub-103	71	background_review	False	2	0	2	0	pass	many_10mad_outliers	review	mad_only_review
background_review	B00200	sub-103	sub-103	71	background_review	False	2	0	2	0	pass	many_10mad_outliers	review	mad_only_review
background_review	B00201	sub-104	sub-104	72	background_review	False	2	1	1	0	pass	many_10mad_outliers	review	mad_only_review
background_review	B00202	sub-104	sub-104	72	background_review	False	2	1	1	0	pass	many_10mad_outliers	review	mad_only_review
background_review	B00203	sub-104	sub-104	72	background_review	False	2	2	0	0	pass	pass	include	no_review_flag
background_review	B00204	sub-104	sub-104	72	background_review	False	2	2	0	0	pass	pass	include	no_review_flag
background_review	B00205	sub-104	sub-104	72	background_review	False	2	2	0	0	pass	pass	include	no_review_flag
background_review	B00206	sub-104	sub-104	72	background_review	False	2	2	0	0	pass	pass	include	no_review_flag
background_review	B00207	sub-104	sub-104	72	background_review	False	2	2	0	0	pass	pass	include	no_review_flag
background_review	B00208	sub-104	sub-104	72	background_review	False	2	2	0	0	pass	pass	include	no_review_flag
background_review	B00209	sub-104	sub-104	72	background_review	False	2	2	0	0	pass	pass	include	no_review_flag
background_review	B00210	sub-104	sub-104	72	background_review	False	2	2	0	0	pass	pass	include	no_review_flag
background_review	B00211	sub-104	sub-104	72	background_review	False	2	2	0	0	pass	pass	include	no_review_flag
background_review	B00212	sub-104	sub-104	72	background_review	False	2	2	0	0	pass	pass	include	no_review_flag
background_review	B00213	sub-104	sub-104	72	background_review	False	2	0	2	0	pass	many_10mad_outliers	review	mad_only_review
background_review	B00214	sub-104	sub-104	72	background_review	False	2	2	0	0	pass	pass	include	no_review_flag
background_review	B00215	sub-104	sub-104	72	background_review	False	2	0	2	0	pass	many_10mad_outliers	review	mad_only_review
background_review	B00216	sub-104	sub-104	72	background_review	False	2	2	0	0	pass	pass	include	no_review_flag
background_review	B00217	sub-104	sub-104	72	background_review	False	2	2	0	0	pass	pass	include	no_review_flag
background_review	B00218	sub-104	sub-104	72	background_review	False	2	2	0	0	pass	pass	include	no_review_flag
background_review	B00219	sub-104	sub-104	72	background_review	False	2	2	0	0	pass	pass	include	no_review_flag
background_review	B00220	sub-104	sub-104	72	background_review	False	2	2	0	0	pass	pass	include	no_review_flag
background_review	B00221	sub-104	sub-104	72	background_review	False	2	2	0	0	pass	pass	include	no_review_flag
background_review	B00222	sub-104	sub-104	72	background_review	False	2	2	0	0	pass	pass	include	no_review_flag
background_review	B00223	sub-104	sub-104	72	background_review	False	2	2	0	0	pass	pass	include	no_review_flag
background_review	B00224	sub-104	sub-104	72	background_review	False	2	2	0	0	pass	pass	include	no_review_flag
background_review	B00225	sub-104	sub-104	72	background_review	False	2	2	0	0	pass	pass	include	no_review_flag
background_review	B00226	sub-104	sub-104	72	background_review	False	2	2	0	0	pass	pass	include	no_review_flag
background_review	B00227	sub-104	sub-104	72	background_review	False	2	2	0	0	pass	pass	include	no_review_flag
background_review	B00228	sub-104	sub-104	72	background_review	False	2	2	0	0	pass	pass	include	no_review_flag
background_review	B00229	sub-104	sub-104	72	background_review	False	2	2	0	0	pass	pass	include	no_review_flag
background_review	B00230	sub-104	sub-104	72	background_review	False	2	2	0	0	pass	pass	include	no_review_flag
background_review	B00231	sub-104	sub-104	72	background_review	False	2	2	0	0	pass	pass	include	no_review_flag
background_review	B00232	sub-104	sub-104	72	background_review	False	2	2	0	0	pass	pass	include	no_review_flag
background_review	B00233	sub-104	sub-104	72	background_review	False	2	2	0	0	pass	pass	include	no_review_flag
background_review	B00234	sub-104	sub-104	72	background_review	False	2	2	0	0	pass	pass	include	no_review_flag
background_review	B00235	sub-104	sub-104	72	background_review	False	2	2	0	0	pass	pass	include	no_review_flag
background_review	B00236	sub-104	sub-104	72	background_review	False	2	2	0	0	pass	pass	include	no_review_flag
background_review	B00237	sub-104	sub-104	72	background_review	False	2	0	2	0	pass	many_10mad_outliers	review	mad_only_review
background_review	B00238	sub-105	sub-105	73	background_review	False	2	2	0	0	pass	pass	include	no_review_flag
background_review	B00239	sub-105	sub-105	73	background_review	False	2	2	0	0	pass	pass	include	no_review_flag
background_review	B00240	sub-105	sub-105	73	background_review	False	2	2	0	0	pass	pass	include	no_review_flag
background_review	B00241	sub-105	sub-105	73	background_review	False	2	1	1	0	pass	many_10mad_outliers	review	mad_only_review
background_review	B00242	sub-105	sub-105	73	background_review	False	2	2	0	0	pass	pass	include	no_review_flag
background_review	B00243	sub-105	sub-105	73	background_review	False	2	2	0	0	pass	pass	include	no_review_flag
background_review	B00244	sub-105	sub-105	73	background_review	False	2	2	0	0	pass	pass	include	no_review_flag
background_review	B00245	sub-105	sub-105	73	background_review	False	2	2	0	0	pass	pass	include	no_review_flag
background_review	B00246	sub-105	sub-105	73	background_review	False	2	2	0	0	pass	pass	include	no_review_flag
background_review	B00247	sub-105	sub-105	73	background_review	False	2	2	0	0	pass	pass	include	no_review_flag
background_review	B00248	sub-105	sub-105	73	background_review	False	2	2	0	0	pass	pass	include	no_review_flag
background_review	B00249	sub-105	sub-105	73	background_review	False	2	1	1	0	pass	many_10mad_outliers	review	mad_only_review
background_review	B00250	sub-105	sub-105	73	background_review	False	2	0	2	0	pass	many_10mad_outliers	review	mad_only_review
background_review	B00251	sub-105	sub-105	73	background_review	False	2	2	0	0	pass	pass	include	no_review_flag
background_review	B00252	sub-105	sub-105	73	background_review	False	2	1	1	0	pass	many_10mad_outliers	review	mad_only_review
background_review	B00253	sub-105	sub-105	73	background_review	False	2	2	0	0	pass	pass	include	no_review_flag
background_review	B00254	sub-105	sub-105	73	background_review	False	2	2	0	0	pass	pass	include	no_review_flag
background_review	B00255	sub-105	sub-105	73	background_review	False	2	2	0	0	pass	pass	include	no_review_flag
background_review	B00256	sub-105	sub-105	73	background_review	False	2	2	0	0	pass	pass	include	no_review_flag
background_review	B00257	sub-105	sub-105	73	background_review	False	2	2	0	0	pass	pass	include	no_review_flag
background_review	B00258	sub-105	sub-105	73	background_review	False	2	2	0	0	pass	pass	include	no_review_flag
background_review	B00259	sub-105	sub-105	73	background_review	False	2	1	1	0	pass	many_10mad_outliers	review	mad_only_review
background_review	B00260	sub-105	sub-105	73	background_review	False	2	1	1	0	pass	many_10mad_outliers	review	mad_only_review
background_review	B00261	sub-105	sub-105	73	background_review	False	2	2	0	0	pass	pass	include	no_review_flag
background_review	B00262	sub-105	sub-105	73	background_review	False	2	2	0	0	pass	pass	include	no_review_flag
background_review	B00263	sub-105	sub-105	73	background_review	False	2	2	0	0	pass	pass	include	no_review_flag
background_review	B00264	sub-105	sub-105	73	background_review	False	2	2	0	0	pass	pass	include	no_review_flag
background_review	B00265	sub-105	sub-105	73	background_review	False	2	2	0	0	pass	pass	include	no_review_flag
background_review	B00266	sub-105	sub-105	73	background_review	False	2	2	0	0	pass	pass	include	no_review_flag
background_review	B00267	sub-105	sub-105	73	background_review	False	2	2	0	0	pass	pass	include	no_review_flag
background_review	B00268	sub-105	sub-105	73	background_review	False	2	2	0	0	pass	pass	include	no_review_flag
background_review	B00269	sub-105	sub-105	73	background_review	False	2	2	0	0	pass	pass	include	no_review_flag
background_review	B00270	sub-105	sub-105	73	background_review	False	2	2	0	0	pass	pass	include	no_review_flag
background_review	B00271	sub-105	sub-105	73	background_review	False	2	1	1	0	pass	many_10mad_outliers	review	mad_only_review
background_review	B00272	sub-105	sub-105	73	background_review	False	2	1	1	0	pass	many_10mad_outliers	review	mad_only_review
background_review	B00273	sub-105	sub-105	73	background_review	False	2	2	0	0	pass	pass	include	no_review_flag
background_review	B00274	sub-105	sub-105	73	background_review	False	2	2	0	0	pass	pass	include	no_review_flag
background_review	B00275	sub-106	sub-106	74	background_review	False	2	2	0	0	pass	pass	include	no_review_flag
background_review	B00276	sub-106	sub-106	74	background_review	False	2	1	1	0	pass	many_10mad_outliers	review	mad_only_review
background_review	B00277	sub-106	sub-106	74	background_review	False	2	2	0	0	pass	pass	include	no_review_flag
background_review	B00278	sub-106	sub-106	74	background_review	False	2	2	0	0	pass	pass	include	no_review_flag
background_review	B00279	sub-106	sub-106	74	background_review	False	2	0	2	0	pass	many_10mad_outliers	review	mad_only_review
background_review	B00280	sub-106	sub-106	74	background_review	False	2	0	2	0	pass	many_10mad_outliers	review	mad_only_review
background_review	B00281	sub-106	sub-106	74	background_review	False	2	0	2	0	pass	many_10mad_outliers	review	mad_only_review
background_review	B00282	sub-106	sub-106	74	background_review	False	2	1	1	0	pass	many_10mad_outliers	review	mad_only_review
background_review	B00283	sub-106	sub-106	74	background_review	False	2	2	0	0	pass	pass	include	no_review_flag
background_review	B00284	sub-106	sub-106	74	background_review	False	2	2	0	0	pass	pass	include	no_review_flag
background_review	B00285	sub-106	sub-106	74	background_review	False	2	1	1	0	pass	many_10mad_outliers	review	mad_only_review
background_review	B00286	sub-106	sub-106	74	background_review	False	2	2	0	0	pass	pass	include	no_review_flag
background_review	B00287	sub-106	sub-106	74	background_review	False	2	2	0	0	pass	pass	include	no_review_flag
background_review	B00288	sub-106	sub-106	74	background_review	False	2	1	1	0	pass	many_10mad_outliers	review	mad_only_review
background_review	B00289	sub-106	sub-106	74	background_review	False	2	2	0	0	pass	pass	include	no_review_flag
background_review	B00290	sub-106	sub-106	74	background_review	False	2	2	0	0	pass	pass	include	no_review_flag
background_review	B00291	sub-106	sub-106	74	background_review	False	2	2	0	0	pass	pass	include	no_review_flag
background_review	B00292	sub-106	sub-106	74	background_review	False	2	2	0	0	pass	pass	include	no_review_flag
background_review	B00293	sub-106	sub-106	74	background_review	False	2	2	0	0	pass	pass	include	no_review_flag
background_review	B00294	sub-106	sub-106	74	background_review	False	2	2	0	0	pass	pass	include	no_review_flag
background_review	B00295	sub-106	sub-106	74	background_review	False	2	2	0	0	pass	pass	include	no_review_flag
background_review	B00296	sub-106	sub-106	74	background_review	False	2	0	2	0	pass	many_10mad_outliers	review	mad_only_review
background_review	B00297	sub-106	sub-106	74	background_review	False	2	1	1	0	pass	many_10mad_outliers	review	mad_only_review
background_review	B00298	sub-106	sub-106	74	background_review	False	2	1	1	0	pass	many_10mad_outliers	review	mad_only_review
background_review	B00299	sub-106	sub-106	74	background_review	False	2	1	1	0	pass	many_10mad_outliers	review	mad_only_review
background_review	B00300	sub-106	sub-106	74	background_review	False	2	2	0	0	pass	pass	include	no_review_flag
background_review	B00301	sub-106	sub-106	74	background_review	False	2	1	1	0	pass	many_10mad_outliers	review	mad_only_review
background_review	B00302	sub-106	sub-106	74	background_review	False	2	2	0	0	pass	pass	include	no_review_flag
background_review	B00303	sub-106	sub-106	74	background_review	False	2	2	0	0	pass	pass	include	no_review_flag
background_review	B00304	sub-106	sub-106	74	background_review	False	2	2	0	0	pass	pass	include	no_review_flag
background_review	B00305	sub-106	sub-106	74	background_review	False	2	1	1	0	pass	many_10mad_outliers	review	mad_only_review
background_review	B00306	sub-106	sub-106	74	background_review	False	2	1	1	0	pass	many_10mad_outliers	review	mad_only_review
background_review	B00307	sub-106	sub-106	74	background_review	False	2	2	0	0	pass	pass	include	no_review_flag
background_review	B00308	sub-106	sub-106	74	background_review	False	2	2	0	0	pass	pass	include	no_review_flag
background_review	B00309	sub-106	sub-106	74	background_review	False	2	0	2	0	pass	many_10mad_outliers	review	mad_only_review
background_review	B00310	sub-106	sub-106	74	background_review	False	2	0	2	0	pass	many_10mad_outliers	review	mad_only_review
background_review	B00311	sub-106	sub-106	74	background_review	False	2	2	0	0	pass	pass	include	no_review_flag
background_review	B00312	sub-106	sub-106	74	background_review	False	2	2	0	0	pass	pass	include	no_review_flag
background_review	B00313	sub-107	sub-107	75	background_review	False	2	2	0	0	pass	pass	include	no_review_flag
background_review	B00314	sub-107	sub-107	75	background_review	False	2	2	0	0	pass	pass	include	no_review_flag
background_review	B00315	sub-107	sub-107	75	background_review	False	2	2	0	0	pass	pass	include	no_review_flag
background_review	B00316	sub-107	sub-107	75	background_review	False	2	2	0	0	pass	pass	include	no_review_flag
background_review	B00317	sub-107	sub-107	75	background_review	False	2	1	1	0	pass	many_10mad_outliers	review	mad_only_review
background_review	B00318	sub-107	sub-107	75	background_review	False	2	0	2	0	pass	many_10mad_outliers	review	mad_only_review
background_review	B00319	sub-107	sub-107	75	background_review	False	2	1	1	0	pass	many_10mad_outliers	review	mad_only_review
background_review	B00320	sub-107	sub-107	75	background_review	False	2	2	0	0	pass	pass	include	no_review_flag
background_review	B00321	sub-107	sub-107	75	background_review	False	2	2	0	0	pass	pass	include	no_review_flag
background_review	B00322	sub-107	sub-107	75	background_review	False	2	2	0	0	pass	pass	include	no_review_flag
background_review	B00323	sub-107	sub-107	75	background_review	False	2	2	0	0	pass	pass	include	no_review_flag
background_review	B00324	sub-107	sub-107	75	background_review	False	2	2	0	0	pass	pass	include	no_review_flag
background_review	B00325	sub-107	sub-107	75	background_review	False	2	0	2	0	pass	many_10mad_outliers	review	mad_only_review
background_review	B00326	sub-107	sub-107	75	background_review	False	2	0	2	0	pass	many_10mad_outliers	review	mad_only_review
background_review	B00327	sub-107	sub-107	75	background_review	False	2	2	0	0	pass	pass	include	no_review_flag
background_review	B00328	sub-107	sub-107	75	background_review	False	2	2	0	0	pass	pass	include	no_review_flag
background_review	B00329	sub-107	sub-107	75	background_review	False	2	2	0	0	pass	pass	include	no_review_flag
background_review	B00330	sub-107	sub-107	75	background_review	False	2	2	0	0	pass	pass	include	no_review_flag
background_review	B00331	sub-107	sub-107	75	background_review	False	2	2	0	0	pass	pass	include	no_review_flag
background_review	B00332	sub-107	sub-107	75	background_review	False	2	1	1	0	pass	many_10mad_outliers	review	mad_only_review
background_review	B00333	sub-107	sub-107	75	background_review	False	2	0	2	0	pass	many_10mad_outliers	review	mad_only_review
background_review	B00334	sub-107	sub-107	75	background_review	False	2	2	0	0	pass	pass	include	no_review_flag
background_review	B00335	sub-107	sub-107	75	background_review	False	2	2	0	0	pass	pass	include	no_review_flag
background_review	B00336	sub-107	sub-107	75	background_review	False	2	0	2	0	pass	many_10mad_outliers	review	mad_only_review
background_review	B00337	sub-107	sub-107	75	background_review	False	2	0	2	0	pass	many_10mad_outliers	review	mad_only_review
background_review	B00338	sub-107	sub-107	75	background_review	False	2	2	0	0	pass	pass	include	no_review_flag
background_review	B00339	sub-107	sub-107	75	background_review	False	2	2	0	0	pass	pass	include	no_review_flag
background_review	B00340	sub-107	sub-107	75	background_review	False	2	0	2	0	pass	many_10mad_outliers	review	mad_only_review
background_review	B00341	sub-107	sub-107	75	background_review	False	2	0	2	0	pass	many_10mad_outliers	review	mad_only_review
background_review	B00342	sub-107	sub-107	75	background_review	False	2	2	0	0	pass	pass	include	no_review_flag
background_review	B00343	sub-107	sub-107	75	background_review	False	2	2	0	0	pass	pass	include	no_review_flag
background_review	B00344	sub-107	sub-107	75	background_review	False	2	2	0	0	pass	pass	include	no_review_flag
background_review	B00345	sub-107	sub-107	75	background_review	False	2	2	0	0	pass	pass	include	no_review_flag
background_review	B00346	sub-107	sub-107	75	background_review	False	2	2	0	0	pass	pass	include	no_review_flag
background_review	B00347	sub-107	sub-107	75	background_review	False	2	2	0	0	pass	pass	include	no_review_flag
background_review	B00348	sub-107	sub-107	75	background_review	False	2	0	2	0	pass	many_10mad_outliers	review	mad_only_review
background_review	B00349	sub-107	sub-107	75	background_review	False	2	0	2	0	pass	many_10mad_outliers	review	mad_only_review
background_review	B00350	sub-107	sub-107	75	background_review	False	2	1	1	0	pass	many_10mad_outliers	review	mad_only_review
background_review	B00351	sub-107	sub-107	75	background_review	False	2	1	1	0	pass	many_10mad_outliers	review	mad_only_review
background_review	B00352	sub-108	sub-108	76	background_review	False	2	2	0	0	pass	pass	include	no_review_flag
background_review	B00353	sub-108	sub-108	76	background_review	False	2	2	0	0	pass	pass	include	no_review_flag
background_review	B00354	sub-108	sub-108	76	background_review	False	2	2	0	0	pass	pass	include	no_review_flag
background_review	B00355	sub-108	sub-108	76	background_review	False	2	2	0	0	pass	pass	include	no_review_flag
background_review	B00356	sub-108	sub-108	76	background_review	False	2	2	0	0	pass	pass	include	no_review_flag
background_review	B00357	sub-108	sub-108	76	background_review	False	2	2	0	0	pass	pass	include	no_review_flag
background_review	B00358	sub-108	sub-108	76	background_review	False	2	2	0	0	pass	pass	include	no_review_flag
background_review	B00359	sub-108	sub-108	76	background_review	False	2	1	1	0	pass	many_10mad_outliers	review	mad_only_review
background_review	B00360	sub-108	sub-108	76	background_review	False	2	2	0	0	pass	pass	include	no_review_flag
background_review	B00361	sub-108	sub-108	76	background_review	False	2	1	1	0	pass	many_10mad_outliers	review	mad_only_review
background_review	B00362	sub-108	sub-108	76	background_review	False	2	2	0	0	pass	pass	include	no_review_flag
background_review	B00363	sub-108	sub-108	76	background_review	False	2	2	0	0	pass	pass	include	no_review_flag
background_review	B00364	sub-108	sub-108	76	background_review	False	2	2	0	0	pass	pass	include	no_review_flag
background_review	B00365	sub-108	sub-108	76	background_review	False	2	2	0	0	pass	pass	include	no_review_flag
background_review	B00366	sub-108	sub-108	76	background_review	False	2	2	0	0	pass	pass	include	no_review_flag
background_review	B00367	sub-108	sub-108	76	background_review	False	2	1	1	0	pass	many_10mad_outliers	review	mad_only_review
background_review	B00368	sub-108	sub-108	76	background_review	False	2	2	0	0	pass	pass	include	no_review_flag
background_review	B00369	sub-108	sub-108	76	background_review	False	2	2	0	0	pass	pass	include	no_review_flag
background_review	B00370	sub-108	sub-108	76	background_review	False	2	2	0	0	pass	pass	include	no_review_flag
background_review	B00371	sub-108	sub-108	76	background_review	False	2	2	0	0	pass	pass	include	no_review_flag
background_review	B00372	sub-108	sub-108	76	background_review	False	2	2	0	0	pass	pass	include	no_review_flag
background_review	B00373	sub-108	sub-108	76	background_review	False	2	2	0	0	pass	pass	include	no_review_flag
background_review	B00374	sub-108	sub-108	76	background_review	False	2	2	0	0	pass	pass	include	no_review_flag
background_review	B00375	sub-108	sub-108	76	background_review	False	2	2	0	0	pass	pass	include	no_review_flag
background_review	B00376	sub-108	sub-108	76	background_review	False	2	2	0	0	pass	pass	include	no_review_flag
background_review	B00377	sub-108	sub-108	76	background_review	False	2	2	0	0	pass	pass	include	no_review_flag
background_review	B00378	sub-108	sub-108	76	background_review	False	2	2	0	0	pass	pass	include	no_review_flag
background_review	B00379	sub-108	sub-108	76	background_review	False	2	2	0	0	pass	pass	include	no_review_flag
background_review	B00380	sub-108	sub-108	76	background_review	False	2	2	0	0	pass	pass	include	no_review_flag
background_review	B00381	sub-108	sub-108	76	background_review	False	2	2	0	0	pass	pass	include	no_review_flag
background_review	B00382	sub-108	sub-108	76	background_review	False	2	1	1	0	pass	many_10mad_outliers	review	mad_only_review
background_review	B00383	sub-108	sub-108	76	background_review	False	2	2	0	0	pass	pass	include	no_review_flag
background_review	B00384	sub-108	sub-108	76	background_review	False	2	2	0	0	pass	pass	include	no_review_flag
background_review	B00385	sub-108	sub-108	76	background_review	False	2	2	0	0	pass	pass	include	no_review_flag
background_review	B00386	sub-108	sub-108	76	background_review	False	2	2	0	0	pass	pass	include	no_review_flag
background_review	B00387	sub-108	sub-108	76	background_review	False	2	2	0	0	pass	pass	include	no_review_flag
background_review	B00388	sub-108	sub-108	76	background_review	False	2	2	0	0	pass	pass	include	no_review_flag
background_review	B00389	sub-108	sub-108	76	background_review	False	2	2	0	0	pass	pass	include	no_review_flag
background_review	B00390	sub-108	sub-108	76	background_review	False	2	2	0	0	pass	pass	include	no_review_flag
background_review	B00391	sub-108	sub-108	76	background_review	False	2	2	0	0	pass	pass	include	no_review_flag
background_review	B00392	sub-108	sub-108	76	background_review	False	2	2	0	0	pass	pass	include	no_review_flag
background_review	B00393	sub-109	sub-109	96	background_review	False	2	2	0	0	pass	pass	include	no_review_flag
background_review	B00394	sub-109	sub-109	96	background_review	False	2	2	0	0	pass	pass	include	no_review_flag
background_review	B00395	sub-109	sub-109	96	background_review	False	2	0	2	0	pass	many_10mad_outliers	review	mad_only_review
background_review	B00396	sub-109	sub-109	96	background_review	False	2	2	0	0	pass	pass	include	no_review_flag
background_review	B00397	sub-109	sub-109	96	background_review	False	2	2	0	0	pass	pass	include	no_review_flag
background_review	B00398	sub-109	sub-109	96	background_review	False	2	2	0	0	pass	pass	include	no_review_flag
background_review	B00399	sub-109	sub-109	96	background_review	False	2	2	0	0	pass	pass	include	no_review_flag
background_review	B00400	sub-109	sub-109	96	background_review	False	2	0	2	0	pass	many_10mad_outliers	review	mad_only_review
background_review	B00401	sub-109	sub-109	96	background_review	False	2	2	0	0	pass	pass	include	no_review_flag
background_review	B00402	sub-109	sub-109	96	background_review	False	2	2	0	0	pass	pass	include	no_review_flag
background_review	B00403	sub-109	sub-109	96	background_review	False	2	2	0	0	pass	pass	include	no_review_flag
background_review	B00404	sub-109	sub-109	96	background_review	False	2	2	0	0	pass	pass	include	no_review_flag
background_review	B00405	sub-109	sub-109	96	background_review	False	2	2	0	0	pass	pass	include	no_review_flag
background_review	B00406	sub-109	sub-109	96	background_review	False	2	0	2	0	pass	many_10mad_outliers	review	mad_only_review
background_review	B00407	sub-109	sub-109	96	background_review	False	2	2	0	0	pass	pass	include	no_review_flag
background_review	B00408	sub-109	sub-109	96	background_review	False	2	2	0	0	pass	pass	include	no_review_flag
background_review	B00409	sub-109	sub-109	96	background_review	False	2	2	0	0	pass	pass	include	no_review_flag
background_review	B00410	sub-109	sub-109	96	background_review	False	2	2	0	0	pass	pass	include	no_review_flag
background_review	B00411	sub-109	sub-109	96	background_review	False	2	2	0	0	pass	pass	include	no_review_flag
background_review	B00412	sub-109	sub-109	96	background_review	False	2	2	0	0	pass	pass	include	no_review_flag
background_review	B00413	sub-109	sub-109	96	background_review	False	2	2	0	0	pass	pass	include	no_review_flag
background_review	B00414	sub-109	sub-109	96	background_review	False	2	2	0	0	pass	pass	include	no_review_flag
background_review	B00415	sub-109	sub-109	96	background_review	False	2	0	2	0	pass	many_10mad_outliers	review	mad_only_review
background_review	B00416	sub-109	sub-109	96	background_review	False	2	1	1	0	pass	many_10mad_outliers	review	mad_only_review
background_review	B00417	sub-109	sub-109	96	background_review	False	2	2	0	0	pass	pass	include	no_review_flag
background_review	B00418	sub-109	sub-109	96	background_review	False	2	2	0	0	pass	pass	include	no_review_flag
background_review	B00419	sub-109	sub-109	96	background_review	False	2	0	2	0	pass	many_10mad_outliers	review	mad_only_review
background_review	B00420	sub-109	sub-109	96	background_review	False	2	0	2	0	pass	many_10mad_outliers	review	mad_only_review
background_review	B00421	sub-109	sub-109	96	background_review	False	2	2	0	0	pass	pass	include	no_review_flag
background_review	B00422	sub-109	sub-109	96	background_review	False	2	2	0	0	pass	pass	include	no_review_flag
background_review	B00423	sub-109	sub-109	96	background_review	False	2	2	0	0	pass	pass	include	no_review_flag
background_review	B00424	sub-109	sub-109	96	background_review	False	2	2	0	0	pass	pass	include	no_review_flag
background_review	B00425	sub-109	sub-109	96	background_review	False	2	2	0	0	pass	pass	include	no_review_flag
background_review	B00426	sub-109	sub-109	96	background_review	False	2	2	0	0	pass	pass	include	no_review_flag
background_review	B00427	sub-109	sub-109	96	background_review	False	2	1	1	0	pass	many_10mad_outliers	review	mad_only_review
background_review	B00428	sub-109	sub-109	96	background_review	False	2	0	2	0	pass	many_10mad_outliers	review	mad_only_review
background_review	B00429	sub-11	sub-11	8	background_review	False	2	1	1	0	pass	many_10mad_outliers	review	mad_only_review
background_review	B00430	sub-11	sub-11	8	background_review	False	2	0	2	0	pass	many_10mad_outliers	review	mad_only_review
background_review	B00431	sub-11	sub-11	8	background_review	False	2	2	0	0	pass	pass	include	no_review_flag
background_review	B00432	sub-11	sub-11	8	background_review	False	2	0	2	0	pass	many_10mad_outliers	review	mad_only_review
background_review	B00433	sub-11	sub-11	8	background_review	False	2	0	2	0	pass	many_10mad_outliers	review	mad_only_review
background_review	B00434	sub-11	sub-11	8	background_review	False	2	0	2	0	pass	many_10mad_outliers	review	mad_only_review
background_review	B00435	sub-11	sub-11	8	background_review	False	2	0	2	0	pass	high_peak_to_peak;high_robust_range;many_10mad_outliers;many_abrupt_jumps;repeated_endpoints	review	targeted_review
background_review	B00436	sub-11	sub-11	8	background_review	False	2	2	0	0	pass	pass	include	no_review_flag
background_review	B00437	sub-11	sub-11	8	background_review	False	2	2	0	0	pass	pass	include	no_review_flag
background_review	B00438	sub-11	sub-11	8	background_review	False	2	2	0	0	pass	pass	include	no_review_flag
background_review	B00439	sub-11	sub-11	8	background_review	False	2	2	0	0	pass	pass	include	no_review_flag
background_review	B00440	sub-11	sub-11	8	background_review	False	2	2	0	0	pass	pass	include	no_review_flag
background_review	B00441	sub-11	sub-11	8	background_review	False	2	1	1	0	pass	many_10mad_outliers	review	mad_only_review
background_review	B00442	sub-11	sub-11	8	background_review	False	2	0	2	0	pass	high_peak_to_peak;high_robust_range;many_10mad_outliers	review	targeted_review
background_review	B00443	sub-11	sub-11	8	background_review	False	2	0	2	0	pass	high_peak_to_peak;high_robust_range;many_10mad_outliers	review	targeted_review
background_review	B00444	sub-11	sub-11	8	background_review	False	2	2	0	0	pass	pass	include	no_review_flag
background_review	B00445	sub-11	sub-11	8	background_review	False	2	2	0	0	pass	pass	include	no_review_flag
background_review	B00446	sub-11	sub-11	8	background_review	False	2	1	1	0	pass	high_peak_to_peak;high_robust_range;many_10mad_outliers	review	targeted_review
background_review	B00447	sub-11	sub-11	8	background_review	False	2	1	1	0	pass	high_peak_to_peak;high_robust_range;many_10mad_outliers	review	targeted_review
background_review	B00448	sub-11	sub-11	8	background_review	False	2	0	2	0	pass	high_peak_to_peak;high_robust_range;many_10mad_outliers	review	targeted_review
background_review	B00449	sub-11	sub-11	8	background_review	False	2	2	0	0	pass	pass	include	no_review_flag
background_review	B00450	sub-11	sub-11	8	background_review	False	2	2	0	0	pass	pass	include	no_review_flag
background_review	B00451	sub-11	sub-11	8	background_review	False	2	1	1	0	pass	many_10mad_outliers	review	mad_only_review
background_review	B00452	sub-11	sub-11	8	background_review	False	2	1	1	0	pass	many_10mad_outliers	review	mad_only_review
background_review	B00453	sub-11	sub-11	8	background_review	False	2	2	0	0	pass	pass	include	no_review_flag
background_review	B00454	sub-11	sub-11	8	background_review	False	2	0	2	0	pass	high_peak_to_peak;high_robust_range;many_10mad_outliers	review	targeted_review
background_review	B00455	sub-11	sub-11	8	background_review	False	2	2	0	0	pass	pass	include	no_review_flag
background_review	B00456	sub-11	sub-11	8	background_review	False	2	2	0	0	pass	pass	include	no_review_flag
background_review	B00457	sub-11	sub-11	8	background_review	False	2	2	0	0	pass	pass	include	no_review_flag
background_review	B00458	sub-11	sub-11	8	background_review	False	2	2	0	0	pass	pass	include	no_review_flag
background_review	B00459	sub-11	sub-11	8	background_review	False	2	2	0	0	pass	pass	include	no_review_flag
background_review	B00460	sub-11	sub-11	8	background_review	False	2	2	0	0	pass	pass	include	no_review_flag
background_review	B00461	sub-11	sub-11	8	background_review	False	2	2	0	0	pass	pass	include	no_review_flag
background_review	B00462	sub-11	sub-11	8	background_review	False	2	2	0	0	pass	pass	include	no_review_flag
background_review	B00463	sub-11	sub-11	8	background_review	False	2	0	2	0	pass	many_10mad_outliers	review	mad_only_review
background_review	B00464	sub-11	sub-11	8	background_review	False	2	0	2	0	pass	many_10mad_outliers	review	mad_only_review
background_review	B00465	sub-110	sub-110	96	background_review	False	2	1	1	0	pass	high_peak_to_peak;high_robust_range;many_10mad_outliers;repeated_endpoints	review	targeted_review
background_review	B00466	sub-110	sub-110	96	background_review	False	2	0	2	0	pass	high_peak_to_peak;high_robust_range;many_10mad_outliers;repeated_endpoints	review	targeted_review
background_review	B00467	sub-110	sub-110	96	background_review	False	2	2	0	0	pass	pass	include	no_review_flag
background_review	B00468	sub-110	sub-110	96	background_review	False	2	1	1	0	pass	high_peak_to_peak;high_robust_range;many_10mad_outliers;many_abrupt_jumps;repeated_endpoints	review	targeted_review
background_review	B00469	sub-110	sub-110	96	background_review	False	2	0	2	0	pass	high_peak_to_peak;high_robust_range;many_10mad_outliers;many_abrupt_jumps;repeated_endpoints	review	targeted_review
background_review	B00470	sub-110	sub-110	96	background_review	False	2	1	1	0	pass	high_peak_to_peak;high_robust_range;many_10mad_outliers;repeated_endpoints	review	targeted_review
background_review	B00471	sub-110	sub-110	96	background_review	False	2	0	2	0	pass	high_peak_to_peak;high_robust_range;many_10mad_outliers;many_abrupt_jumps;repeated_endpoints	review	targeted_review
background_review	B00472	sub-110	sub-110	96	background_review	False	2	2	0	0	pass	pass	include	no_review_flag
background_review	B00473	sub-110	sub-110	96	background_review	False	2	2	0	0	pass	pass	include	no_review_flag
background_review	B00474	sub-110	sub-110	96	background_review	False	2	2	0	0	pass	pass	include	no_review_flag
background_review	B00475	sub-110	sub-110	96	background_review	False	2	2	0	0	pass	pass	include	no_review_flag
background_review	B00476	sub-110	sub-110	96	background_review	False	2	2	0	0	pass	pass	include	no_review_flag
background_review	B00477	sub-110	sub-110	96	background_review	False	2	1	1	0	pass	high_robust_range;many_abrupt_jumps	review	targeted_review
background_review	B00478	sub-110	sub-110	96	background_review	False	2	2	0	0	pass	pass	include	no_review_flag
background_review	B00479	sub-110	sub-110	96	background_review	False	2	1	1	0	pass	high_peak_to_peak;high_robust_range;many_10mad_outliers;many_abrupt_jumps;repeated_endpoints	review	targeted_review
background_review	B00480	sub-110	sub-110	96	background_review	False	2	2	0	0	pass	pass	include	no_review_flag
background_review	B00481	sub-110	sub-110	96	background_review	False	2	2	0	0	pass	pass	include	no_review_flag
background_review	B00482	sub-110	sub-110	96	background_review	False	2	1	1	0	pass	high_peak_to_peak;high_robust_range;many_10mad_outliers;many_abrupt_jumps;repeated_endpoints	review	targeted_review
background_review	B00483	sub-110	sub-110	96	background_review	False	2	2	0	0	pass	pass	include	no_review_flag
background_review	B00484	sub-110	sub-110	96	background_review	False	2	2	0	0	pass	pass	include	no_review_flag
background_review	B00485	sub-110	sub-110	96	background_review	False	2	1	1	0	pass	high_robust_range;many_abrupt_jumps	review	targeted_review
background_review	B00486	sub-110	sub-110	96	background_review	False	2	1	1	0	pass	high_robust_range;many_abrupt_jumps	review	targeted_review
background_review	B00487	sub-110	sub-110	96	background_review	False	2	0	2	0	pass	high_peak_to_peak;high_robust_range;many_10mad_outliers;repeated_endpoints	review	targeted_review
background_review	B00488	sub-110	sub-110	96	background_review	False	2	1	1	0	pass	high_peak_to_peak;high_robust_range;many_10mad_outliers;many_abrupt_jumps;repeated_endpoints	review	targeted_review
background_review	B00489	sub-110	sub-110	96	background_review	False	2	1	1	0	pass	many_10mad_outliers	review	mad_only_review
background_review	B00490	sub-110	sub-110	96	background_review	False	2	0	2	0	pass	high_peak_to_peak;high_robust_range;many_10mad_outliers	review	targeted_review
background_review	B00491	sub-110	sub-110	96	background_review	False	2	0	2	0	pass	high_peak_to_peak;high_robust_range;many_10mad_outliers;many_abrupt_jumps;repeated_endpoints	review	targeted_review
background_review	B00492	sub-110	sub-110	96	background_review	False	2	0	2	0	pass	high_peak_to_peak;high_robust_range;many_10mad_outliers;many_abrupt_jumps;repeated_endpoints	review	targeted_review
background_review	B00493	sub-110	sub-110	96	background_review	False	2	2	0	0	pass	pass	include	no_review_flag
background_review	B00494	sub-110	sub-110	96	background_review	False	2	2	0	0	pass	pass	include	no_review_flag
background_review	B00495	sub-110	sub-110	96	background_review	False	2	2	0	0	pass	pass	include	no_review_flag
background_review	B00496	sub-110	sub-110	96	background_review	False	2	2	0	0	pass	pass	include	no_review_flag
background_review	B00497	sub-110	sub-110	96	background_review	False	2	1	1	0	pass	high_robust_range;many_abrupt_jumps	review	targeted_review
background_review	B00498	sub-110	sub-110	96	background_review	False	2	1	1	0	pass	high_robust_range;many_abrupt_jumps	review	targeted_review
background_review	B00499	sub-110	sub-110	96	background_review	False	2	1	1	0	pass	many_10mad_outliers	review	mad_only_review
background_review	B00500	sub-110	sub-110	96	background_review	False	2	1	1	0	pass	many_10mad_outliers	review	mad_only_review
background_review	B00501	sub-111	sub-111	96	background_review	False	2	1	1	0	pass	high_peak_to_peak	review	targeted_review
background_review	B00502	sub-111	sub-111	96	background_review	False	2	0	2	0	pass	many_10mad_outliers	review	mad_only_review
background_review	B00503	sub-111	sub-111	96	background_review	False	2	1	1	0	pass	high_peak_to_peak	review	targeted_review
background_review	B00504	sub-111	sub-111	96	background_review	False	2	1	1	0	pass	high_peak_to_peak	review	targeted_review
background_review	B00505	sub-111	sub-111	96	background_review	False	2	0	2	0	pass	many_10mad_outliers	review	mad_only_review
background_review	B00506	sub-111	sub-111	96	background_review	False	2	1	1	0	pass	many_10mad_outliers	review	mad_only_review
background_review	B00507	sub-111	sub-111	96	background_review	False	2	1	1	0	pass	high_peak_to_peak	review	targeted_review
background_review	B00508	sub-111	sub-111	96	background_review	False	2	2	0	0	pass	pass	include	no_review_flag
background_review	B00509	sub-111	sub-111	96	background_review	False	2	2	0	0	pass	pass	include	no_review_flag
background_review	B00510	sub-111	sub-111	96	background_review	False	2	2	0	0	pass	pass	include	no_review_flag
background_review	B00511	sub-111	sub-111	96	background_review	False	2	2	0	0	pass	pass	include	no_review_flag
background_review	B00512	sub-111	sub-111	96	background_review	False	2	2	0	0	pass	pass	include	no_review_flag
background_review	B00513	sub-111	sub-111	96	background_review	False	2	1	1	0	pass	high_peak_to_peak	review	targeted_review
background_review	B00514	sub-111	sub-111	96	background_review	False	2	0	2	0	pass	many_10mad_outliers	review	mad_only_review
background_review	B00515	sub-111	sub-111	96	background_review	False	2	2	0	0	pass	pass	include	no_review_flag
background_review	B00516	sub-111	sub-111	96	background_review	False	2	2	0	0	pass	pass	include	no_review_flag
background_review	B00517	sub-111	sub-111	96	background_review	False	2	0	2	0	pass	high_peak_to_peak;high_robust_range;many_10mad_outliers;repeated_endpoints	review	targeted_review
background_review	B00518	sub-111	sub-111	96	background_review	False	2	2	0	0	pass	pass	include	no_review_flag
background_review	B00519	sub-111	sub-111	96	background_review	False	2	1	1	0	pass	high_peak_to_peak;high_robust_range;many_10mad_outliers;many_abrupt_jumps;repeated_endpoints	review	targeted_review
background_review	B00520	sub-111	sub-111	96	background_review	False	2	2	0	0	pass	pass	include	no_review_flag
background_review	B00521	sub-111	sub-111	96	background_review	False	2	2	0	0	pass	pass	include	no_review_flag
background_review	B00522	sub-111	sub-111	96	background_review	False	2	1	1	0	pass	high_peak_to_peak	review	targeted_review
background_review	B00523	sub-111	sub-111	96	background_review	False	2	1	1	0	pass	high_peak_to_peak	review	targeted_review
background_review	B00524	sub-111	sub-111	96	background_review	False	2	2	0	0	pass	pass	include	no_review_flag
background_review	B00525	sub-111	sub-111	96	background_review	False	2	2	0	0	pass	pass	include	no_review_flag
background_review	B00526	sub-111	sub-111	96	background_review	False	2	2	0	0	pass	pass	include	no_review_flag
background_review	B00527	sub-111	sub-111	96	background_review	False	2	2	0	0	pass	pass	include	no_review_flag
background_review	B00528	sub-111	sub-111	96	background_review	False	2	2	0	0	pass	pass	include	no_review_flag
background_review	B00529	sub-111	sub-111	96	background_review	False	2	2	0	0	pass	pass	include	no_review_flag
background_review	B00530	sub-111	sub-111	96	background_review	False	2	2	0	0	pass	pass	include	no_review_flag
background_review	B00531	sub-111	sub-111	96	background_review	False	2	2	0	0	pass	pass	include	no_review_flag
background_review	B00532	sub-111	sub-111	96	background_review	False	2	0	2	0	pass	many_10mad_outliers	review	mad_only_review
background_review	B00533	sub-112	sub-112	97	background_review	False	2	2	0	0	pass	pass	include	no_review_flag
background_review	B00534	sub-112	sub-112	97	background_review	False	2	2	0	0	pass	pass	include	no_review_flag
background_review	B00535	sub-112	sub-112	97	background_review	False	2	2	0	0	pass	pass	include	no_review_flag
background_review	B00536	sub-112	sub-112	97	background_review	False	2	2	0	0	pass	pass	include	no_review_flag
background_review	B00537	sub-112	sub-112	97	background_review	False	2	2	0	0	pass	pass	include	no_review_flag
background_review	B00538	sub-112	sub-112	97	background_review	False	2	2	0	0	pass	pass	include	no_review_flag
background_review	B00539	sub-112	sub-112	97	background_review	False	2	0	2	0	pass	many_10mad_outliers	review	mad_only_review
background_review	B00540	sub-112	sub-112	97	background_review	False	2	0	2	0	pass	many_10mad_outliers	review	mad_only_review
background_review	B00541	sub-112	sub-112	97	background_review	False	2	2	0	0	pass	pass	include	no_review_flag
background_review	B00542	sub-112	sub-112	97	background_review	False	2	2	0	0	pass	pass	include	no_review_flag
background_review	B00543	sub-112	sub-112	97	background_review	False	2	2	0	0	pass	pass	include	no_review_flag
background_review	B00544	sub-112	sub-112	97	background_review	False	2	2	0	0	pass	pass	include	no_review_flag
background_review	B00545	sub-112	sub-112	97	background_review	False	2	2	0	0	pass	pass	include	no_review_flag
background_review	B00546	sub-112	sub-112	97	background_review	False	2	2	0	0	pass	pass	include	no_review_flag
background_review	B00547	sub-112	sub-112	97	background_review	False	2	2	0	0	pass	pass	include	no_review_flag
background_review	B00548	sub-112	sub-112	97	background_review	False	2	2	0	0	pass	pass	include	no_review_flag
background_review	B00549	sub-112	sub-112	97	background_review	False	2	2	0	0	pass	pass	include	no_review_flag
background_review	B00550	sub-112	sub-112	97	background_review	False	2	1	1	0	pass	many_10mad_outliers	review	mad_only_review
background_review	B00551	sub-112	sub-112	97	background_review	False	2	0	2	0	pass	many_10mad_outliers	review	mad_only_review
background_review	B00552	sub-112	sub-112	97	background_review	False	2	2	0	0	pass	pass	include	no_review_flag
background_review	B00553	sub-112	sub-112	97	background_review	False	2	2	0	0	pass	pass	include	no_review_flag
background_review	B00554	sub-112	sub-112	97	background_review	False	2	2	0	0	pass	pass	include	no_review_flag
background_review	B00555	sub-112	sub-112	97	background_review	False	2	2	0	0	pass	pass	include	no_review_flag
background_review	B00556	sub-112	sub-112	97	background_review	False	2	2	0	0	pass	pass	include	no_review_flag
background_review	B00557	sub-112	sub-112	97	background_review	False	2	2	0	0	pass	pass	include	no_review_flag
background_review	B00558	sub-112	sub-112	97	background_review	False	2	0	2	0	pass	many_10mad_outliers	review	mad_only_review
background_review	B00559	sub-112	sub-112	97	background_review	False	2	0	2	0	pass	many_10mad_outliers	review	mad_only_review
background_review	B00560	sub-113	sub-113	97	background_review	False	2	2	0	0	pass	pass	include	no_review_flag
background_review	B00561	sub-113	sub-113	97	background_review	False	2	2	0	0	pass	pass	include	no_review_flag
background_review	B00562	sub-113	sub-113	97	background_review	False	2	2	0	0	pass	pass	include	no_review_flag
background_review	B00563	sub-113	sub-113	97	background_review	False	2	0	2	0	pass	many_10mad_outliers	review	mad_only_review
background_review	B00564	sub-113	sub-113	97	background_review	False	2	2	0	0	pass	pass	include	no_review_flag
background_review	B00565	sub-113	sub-113	97	background_review	False	2	2	0	0	pass	pass	include	no_review_flag
background_review	B00566	sub-113	sub-113	97	background_review	False	2	0	2	0	pass	many_10mad_outliers	review	mad_only_review
background_review	B00567	sub-113	sub-113	97	background_review	False	2	2	0	0	pass	pass	include	no_review_flag
background_review	B00568	sub-113	sub-113	97	background_review	False	2	2	0	0	pass	pass	include	no_review_flag
background_review	B00569	sub-113	sub-113	97	background_review	False	2	2	0	0	pass	pass	include	no_review_flag
background_review	B00570	sub-113	sub-113	97	background_review	False	2	2	0	0	pass	pass	include	no_review_flag
background_review	B00571	sub-113	sub-113	97	background_review	False	2	2	0	0	pass	pass	include	no_review_flag
background_review	B00572	sub-113	sub-113	97	background_review	False	2	0	2	0	pass	many_10mad_outliers	review	mad_only_review
background_review	B00573	sub-113	sub-113	97	background_review	False	2	2	0	0	pass	pass	include	no_review_flag
background_review	B00574	sub-113	sub-113	97	background_review	False	2	2	0	0	pass	pass	include	no_review_flag
background_review	B00575	sub-113	sub-113	97	background_review	False	2	2	0	0	pass	pass	include	no_review_flag
background_review	B00576	sub-113	sub-113	97	background_review	False	2	2	0	0	pass	pass	include	no_review_flag
background_review	B00577	sub-113	sub-113	97	background_review	False	2	2	0	0	pass	pass	include	no_review_flag
background_review	B00578	sub-113	sub-113	97	background_review	False	2	2	0	0	pass	pass	include	no_review_flag
background_review	B00579	sub-113	sub-113	97	background_review	False	2	0	2	0	pass	many_10mad_outliers	review	mad_only_review
background_review	B00580	sub-113	sub-113	97	background_review	False	2	0	2	0	pass	many_10mad_outliers	review	mad_only_review
background_review	B00581	sub-113	sub-113	97	background_review	False	2	2	0	0	pass	pass	include	no_review_flag
background_review	B00582	sub-113	sub-113	97	background_review	False	2	2	0	0	pass	pass	include	no_review_flag
background_review	B00583	sub-113	sub-113	97	background_review	False	2	2	0	0	pass	pass	include	no_review_flag
background_review	B00584	sub-113	sub-113	97	background_review	False	2	2	0	0	pass	pass	include	no_review_flag
background_review	B00585	sub-113	sub-113	97	background_review	False	2	0	2	0	pass	many_10mad_outliers	review	mad_only_review
background_review	B00586	sub-113	sub-113	97	background_review	False	2	0	2	0	pass	many_10mad_outliers	review	mad_only_review
background_review	B00587	sub-114	sub-114	97	background_review	False	2	2	0	0	pass	pass	include	no_review_flag
background_review	B00588	sub-114	sub-114	97	background_review	False	2	2	0	0	pass	pass	include	no_review_flag
background_review	B00589	sub-114	sub-114	97	background_review	False	2	2	0	0	pass	pass	include	no_review_flag
background_review	B00590	sub-114	sub-114	97	background_review	False	2	2	0	0	pass	pass	include	no_review_flag
background_review	B00591	sub-114	sub-114	97	background_review	False	2	2	0	0	pass	pass	include	no_review_flag
background_review	B00592	sub-114	sub-114	97	background_review	False	2	0	2	0	pass	many_10mad_outliers	review	mad_only_review
background_review	B00593	sub-114	sub-114	97	background_review	False	2	2	0	0	pass	pass	include	no_review_flag
background_review	B00594	sub-114	sub-114	97	background_review	False	2	0	2	0	pass	many_10mad_outliers	review	mad_only_review
background_review	B00595	sub-114	sub-114	97	background_review	False	2	2	0	0	pass	pass	include	no_review_flag
background_review	B00596	sub-114	sub-114	97	background_review	False	2	2	0	0	pass	pass	include	no_review_flag
background_review	B00597	sub-114	sub-114	97	background_review	False	2	2	0	0	pass	pass	include	no_review_flag
background_review	B00598	sub-114	sub-114	97	background_review	False	2	2	0	0	pass	pass	include	no_review_flag
background_review	B00599	sub-114	sub-114	97	background_review	False	2	0	2	0	pass	many_10mad_outliers	review	mad_only_review
background_review	B00600	sub-114	sub-114	97	background_review	False	2	2	0	0	pass	pass	include	no_review_flag
background_review	B00601	sub-114	sub-114	97	background_review	False	2	2	0	0	pass	pass	include	no_review_flag
background_review	B00602	sub-114	sub-114	97	background_review	False	2	0	2	0	pass	many_10mad_outliers	review	mad_only_review
background_review	B00603	sub-114	sub-114	97	background_review	False	2	2	0	0	pass	pass	include	no_review_flag
background_review	B00604	sub-114	sub-114	97	background_review	False	2	2	0	0	pass	pass	include	no_review_flag
background_review	B00605	sub-114	sub-114	97	background_review	False	2	2	0	0	pass	pass	include	no_review_flag
background_review	B00606	sub-114	sub-114	97	background_review	False	2	2	0	0	pass	pass	include	no_review_flag
background_review	B00607	sub-114	sub-114	97	background_review	False	2	0	2	0	pass	many_10mad_outliers	review	mad_only_review
background_review	B00608	sub-114	sub-114	97	background_review	False	2	0	2	0	pass	many_10mad_outliers	review	mad_only_review
background_review	B00609	sub-114	sub-114	97	background_review	False	2	2	0	0	pass	pass	include	no_review_flag
background_review	B00610	sub-114	sub-114	97	background_review	False	2	2	0	0	pass	pass	include	no_review_flag
background_review	B00611	sub-114	sub-114	97	background_review	False	2	2	0	0	pass	pass	include	no_review_flag
background_review	B00612	sub-114	sub-114	97	background_review	False	2	2	0	0	pass	pass	include	no_review_flag
background_review	B00613	sub-114	sub-114	97	background_review	False	2	2	0	0	pass	pass	include	no_review_flag
background_review	B00614	sub-114	sub-114	97	background_review	False	2	2	0	0	pass	pass	include	no_review_flag
background_review	B00615	sub-114	sub-114	97	background_review	False	2	0	2	0	pass	many_10mad_outliers	review	mad_only_review
background_review	B00616	sub-114	sub-114	97	background_review	False	2	0	2	0	pass	many_10mad_outliers	review	mad_only_review
background_review	B00617	sub-115	sub-115	98	background_review	False	2	2	0	0	pass	pass	include	no_review_flag
background_review	B00618	sub-115	sub-115	98	background_review	False	2	2	0	0	pass	pass	include	no_review_flag
background_review	B00619	sub-115	sub-115	98	background_review	False	2	2	0	0	pass	pass	include	no_review_flag
background_review	B00620	sub-115	sub-115	98	background_review	False	2	2	0	0	pass	pass	include	no_review_flag
background_review	B00621	sub-115	sub-115	98	background_review	False	2	0	2	0	pass	many_10mad_outliers	review	mad_only_review
background_review	B00622	sub-115	sub-115	98	background_review	False	2	1	1	0	pass	many_10mad_outliers	review	mad_only_review
background_review	B00623	sub-115	sub-115	98	background_review	False	2	2	0	0	pass	pass	include	no_review_flag
background_review	B00624	sub-115	sub-115	98	background_review	False	2	2	0	0	pass	pass	include	no_review_flag
background_review	B00625	sub-115	sub-115	98	background_review	False	2	2	0	0	pass	pass	include	no_review_flag
background_review	B00626	sub-115	sub-115	98	background_review	False	2	2	0	0	pass	pass	include	no_review_flag
background_review	B00627	sub-115	sub-115	98	background_review	False	2	2	0	0	pass	pass	include	no_review_flag
background_review	B00628	sub-115	sub-115	98	background_review	False	2	2	0	0	pass	pass	include	no_review_flag
background_review	B00629	sub-115	sub-115	98	background_review	False	2	0	2	0	pass	many_10mad_outliers	review	mad_only_review
background_review	B00630	sub-115	sub-115	98	background_review	False	2	1	1	0	pass	many_10mad_outliers	review	mad_only_review
background_review	B00631	sub-115	sub-115	98	background_review	False	2	2	0	0	pass	pass	include	no_review_flag
background_review	B00632	sub-115	sub-115	98	background_review	False	2	2	0	0	pass	pass	include	no_review_flag
background_review	B00633	sub-115	sub-115	98	background_review	False	2	2	0	0	pass	pass	include	no_review_flag
background_review	B00634	sub-115	sub-115	98	background_review	False	2	2	0	0	pass	pass	include	no_review_flag
background_review	B00635	sub-115	sub-115	98	background_review	False	2	1	1	0	pass	many_10mad_outliers	review	mad_only_review
background_review	B00636	sub-115	sub-115	98	background_review	False	2	2	0	0	pass	pass	include	no_review_flag
background_review	B00637	sub-115	sub-115	98	background_review	False	2	2	0	0	pass	pass	include	no_review_flag
background_review	B00638	sub-115	sub-115	98	background_review	False	2	1	1	0	pass	many_10mad_outliers	review	mad_only_review
background_review	B00639	sub-115	sub-115	98	background_review	False	2	2	0	0	pass	pass	include	no_review_flag
background_review	B00640	sub-115	sub-115	98	background_review	False	2	2	0	0	pass	pass	include	no_review_flag
background_review	B00641	sub-115	sub-115	98	background_review	False	2	2	0	0	pass	pass	include	no_review_flag
background_review	B00642	sub-115	sub-115	98	background_review	False	2	2	0	0	pass	pass	include	no_review_flag
background_review	B00643	sub-115	sub-115	98	background_review	False	2	2	0	0	pass	pass	include	no_review_flag
background_review	B00644	sub-115	sub-115	98	background_review	False	2	2	0	0	pass	pass	include	no_review_flag
background_review	B00645	sub-115	sub-115	98	background_review	False	2	2	0	0	pass	pass	include	no_review_flag
background_review	B00646	sub-116	sub-116	98	background_review	False	2	2	0	0	pass	pass	include	no_review_flag
background_review	B00647	sub-116	sub-116	98	background_review	False	2	2	0	0	pass	pass	include	no_review_flag
background_review	B00648	sub-116	sub-116	98	background_review	False	2	2	0	0	pass	pass	include	no_review_flag
background_review	B00649	sub-116	sub-116	98	background_review	False	2	2	0	0	pass	pass	include	no_review_flag
background_review	B00650	sub-116	sub-116	98	background_review	False	2	0	2	0	pass	many_10mad_outliers	review	mad_only_review
background_review	B00651	sub-116	sub-116	98	background_review	False	2	0	2	0	pass	high_robust_range;many_10mad_outliers	review	targeted_review
background_review	B00652	sub-116	sub-116	98	background_review	False	2	2	0	0	pass	pass	include	no_review_flag
background_review	B00653	sub-116	sub-116	98	background_review	False	2	2	0	0	pass	pass	include	no_review_flag
background_review	B00654	sub-116	sub-116	98	background_review	False	2	2	0	0	pass	pass	include	no_review_flag
background_review	B00655	sub-116	sub-116	98	background_review	False	2	2	0	0	pass	pass	include	no_review_flag
background_review	B00656	sub-116	sub-116	98	background_review	False	2	2	0	0	pass	pass	include	no_review_flag
background_review	B00657	sub-116	sub-116	98	background_review	False	2	2	0	0	pass	pass	include	no_review_flag
background_review	B00658	sub-116	sub-116	98	background_review	False	2	0	2	0	pass	many_10mad_outliers	review	mad_only_review
background_review	B00659	sub-116	sub-116	98	background_review	False	2	0	2	0	pass	high_robust_range;many_10mad_outliers	review	targeted_review
background_review	B00660	sub-116	sub-116	98	background_review	False	2	2	0	0	pass	pass	include	no_review_flag
background_review	B00661	sub-116	sub-116	98	background_review	False	2	2	0	0	pass	pass	include	no_review_flag
background_review	B00662	sub-116	sub-116	98	background_review	False	2	2	0	0	pass	pass	include	no_review_flag
background_review	B00663	sub-116	sub-116	98	background_review	False	2	2	0	0	pass	pass	include	no_review_flag
background_review	B00664	sub-116	sub-116	98	background_review	False	2	0	2	0	pass	many_10mad_outliers	review	mad_only_review
background_review	B00665	sub-116	sub-116	98	background_review	False	2	1	1	0	pass	many_10mad_outliers	review	mad_only_review
background_review	B00666	sub-116	sub-116	98	background_review	False	2	1	1	0	pass	many_10mad_outliers	review	mad_only_review
background_review	B00667	sub-116	sub-116	98	background_review	False	2	2	0	0	pass	pass	include	no_review_flag
background_review	B00668	sub-116	sub-116	98	background_review	False	2	2	0	0	pass	pass	include	no_review_flag
background_review	B00669	sub-116	sub-116	98	background_review	False	2	2	0	0	pass	pass	include	no_review_flag
background_review	B00670	sub-116	sub-116	98	background_review	False	2	2	0	0	pass	pass	include	no_review_flag
background_review	B00671	sub-116	sub-116	98	background_review	False	2	2	0	0	pass	pass	include	no_review_flag
background_review	B00672	sub-116	sub-116	98	background_review	False	2	2	0	0	pass	pass	include	no_review_flag
background_review	B00673	sub-116	sub-116	98	background_review	False	2	1	1	0	pass	many_10mad_outliers	review	mad_only_review
background_review	B00674	sub-117	sub-117	98	background_review	False	2	2	0	0	pass	pass	include	no_review_flag
background_review	B00675	sub-117	sub-117	98	background_review	False	2	0	2	0	pass	many_10mad_outliers	review	mad_only_review
background_review	B00676	sub-117	sub-117	98	background_review	False	2	2	0	0	pass	pass	include	no_review_flag
background_review	B00677	sub-117	sub-117	98	background_review	False	2	2	0	0	pass	pass	include	no_review_flag
background_review	B00678	sub-117	sub-117	98	background_review	False	2	0	2	0	pass	many_10mad_outliers	review	mad_only_review
background_review	B00679	sub-117	sub-117	98	background_review	False	2	1	1	0	pass	many_10mad_outliers	review	mad_only_review
background_review	B00680	sub-117	sub-117	98	background_review	False	2	2	0	0	pass	pass	include	no_review_flag
background_review	B00681	sub-117	sub-117	98	background_review	False	2	0	2	0	pass	many_10mad_outliers	review	mad_only_review
background_review	B00682	sub-117	sub-117	98	background_review	False	2	2	0	0	pass	pass	include	no_review_flag
background_review	B00683	sub-117	sub-117	98	background_review	False	2	2	0	0	pass	pass	include	no_review_flag
background_review	B00684	sub-117	sub-117	98	background_review	False	2	2	0	0	pass	pass	include	no_review_flag
background_review	B00685	sub-117	sub-117	98	background_review	False	2	1	1	0	pass	many_10mad_outliers	review	mad_only_review
background_review	B00686	sub-117	sub-117	98	background_review	False	2	0	2	0	pass	high_peak_to_peak;high_robust_range;many_10mad_outliers;many_abrupt_jumps;repeated_endpoints	review	targeted_review
background_review	B00687	sub-117	sub-117	98	background_review	False	2	0	2	0	pass	many_10mad_outliers	review	mad_only_review
background_review	B00688	sub-117	sub-117	98	background_review	False	2	1	1	0	pass	many_10mad_outliers	review	mad_only_review
background_review	B00689	sub-117	sub-117	98	background_review	False	2	1	1	0	pass	many_10mad_outliers	review	mad_only_review
background_review	B00690	sub-117	sub-117	98	background_review	False	2	2	0	0	pass	pass	include	no_review_flag
background_review	B00691	sub-117	sub-117	98	background_review	False	2	2	0	0	pass	pass	include	no_review_flag
background_review	B00692	sub-117	sub-117	98	background_review	False	2	1	1	0	pass	many_10mad_outliers	review	mad_only_review
background_review	B00693	sub-117	sub-117	98	background_review	False	2	0	2	0	pass	many_10mad_outliers	review	mad_only_review
background_review	B00694	sub-117	sub-117	98	background_review	False	2	0	2	0	pass	high_peak_to_peak;high_robust_range;many_10mad_outliers;many_abrupt_jumps;repeated_endpoints	review	targeted_review
background_review	B00695	sub-117	sub-117	98	background_review	False	2	1	1	0	pass	high_peak_to_peak;high_robust_range;many_10mad_outliers;repeated_endpoints	review	targeted_review
background_review	B00696	sub-117	sub-117	98	background_review	False	2	1	1	0	pass	high_peak_to_peak;high_robust_range;many_10mad_outliers;repeated_endpoints	review	targeted_review
background_review	B00697	sub-117	sub-117	98	background_review	False	2	1	1	0	pass	high_peak_to_peak;high_robust_range;many_10mad_outliers;repeated_endpoints	review	targeted_review
background_review	B00698	sub-117	sub-117	98	background_review	False	2	1	1	0	pass	many_10mad_outliers	review	mad_only_review
background_review	B00699	sub-117	sub-117	98	background_review	False	2	1	1	0	pass	many_10mad_outliers	review	mad_only_review
background_review	B00700	sub-117	sub-117	98	background_review	False	2	1	1	0	pass	high_peak_to_peak;high_robust_range;many_10mad_outliers;repeated_endpoints	review	targeted_review
background_review	B00701	sub-117	sub-117	98	background_review	False	2	1	1	0	pass	high_peak_to_peak;high_robust_range;many_10mad_outliers;repeated_endpoints	review	targeted_review
background_review	B00702	sub-118	sub-118	99	background_review	False	2	2	0	0	pass	pass	include	no_review_flag
background_review	B00703	sub-118	sub-118	99	background_review	False	2	2	0	0	pass	pass	include	no_review_flag
background_review	B00704	sub-118	sub-118	99	background_review	False	2	2	0	0	pass	pass	include	no_review_flag
background_review	B00705	sub-118	sub-118	99	background_review	False	2	2	0	0	pass	pass	include	no_review_flag
background_review	B00706	sub-118	sub-118	99	background_review	False	2	0	2	0	pass	many_10mad_outliers	review	mad_only_review
background_review	B00707	sub-118	sub-118	99	background_review	False	2	2	0	0	pass	pass	include	no_review_flag
background_review	B00708	sub-118	sub-118	99	background_review	False	2	0	2	0	pass	many_10mad_outliers	review	mad_only_review
background_review	B00709	sub-118	sub-118	99	background_review	False	2	2	0	0	pass	pass	include	no_review_flag
background_review	B00710	sub-118	sub-118	99	background_review	False	2	1	1	0	pass	many_10mad_outliers	review	mad_only_review
background_review	B00711	sub-118	sub-118	99	background_review	False	2	2	0	0	pass	pass	include	no_review_flag
background_review	B00712	sub-118	sub-118	99	background_review	False	2	2	0	0	pass	pass	include	no_review_flag
background_review	B00713	sub-118	sub-118	99	background_review	False	2	2	0	0	pass	pass	include	no_review_flag
background_review	B00714	sub-118	sub-118	99	background_review	False	2	2	0	0	pass	pass	include	no_review_flag
background_review	B00715	sub-118	sub-118	99	background_review	False	2	2	0	0	pass	pass	include	no_review_flag
background_review	B00716	sub-118	sub-118	99	background_review	False	2	2	0	0	pass	pass	include	no_review_flag
background_review	B00717	sub-118	sub-118	99	background_review	False	2	1	1	0	pass	many_10mad_outliers	review	mad_only_review
background_review	B00718	sub-118	sub-118	99	background_review	False	2	0	2	0	pass	many_10mad_outliers	review	mad_only_review
background_review	B00719	sub-118	sub-118	99	background_review	False	2	2	0	0	pass	pass	include	no_review_flag
background_review	B00720	sub-118	sub-118	99	background_review	False	2	2	0	0	pass	pass	include	no_review_flag
background_review	B00721	sub-118	sub-118	99	background_review	False	2	2	0	0	pass	pass	include	no_review_flag
background_review	B00722	sub-118	sub-118	99	background_review	False	2	2	0	0	pass	pass	include	no_review_flag
background_review	B00723	sub-118	sub-118	99	background_review	False	2	2	0	0	pass	pass	include	no_review_flag
background_review	B00724	sub-118	sub-118	99	background_review	False	2	0	2	0	pass	many_10mad_outliers	review	mad_only_review
background_review	B00725	sub-118	sub-118	99	background_review	False	2	2	0	0	pass	pass	include	no_review_flag
background_review	B00726	sub-118	sub-118	99	background_review	False	2	2	0	0	pass	pass	include	no_review_flag
background_review	B00727	sub-118	sub-118	99	background_review	False	2	2	0	0	pass	pass	include	no_review_flag
background_review	B00728	sub-118	sub-118	99	background_review	False	2	2	0	0	pass	pass	include	no_review_flag
background_review	B00729	sub-118	sub-118	99	background_review	False	2	1	1	0	pass	many_10mad_outliers	review	mad_only_review
background_review	B00730	sub-118	sub-118	99	background_review	False	2	2	0	0	pass	pass	include	no_review_flag
background_review	B00731	sub-118	sub-118	99	background_review	False	2	0	2	0	pass	high_robust_range;many_10mad_outliers	review	targeted_review
background_review	B00732	sub-118	sub-118	99	background_review	False	2	0	2	0	pass	high_robust_range;many_10mad_outliers	review	targeted_review
background_review	B00733	sub-119	sub-119	99	background_review	False	2	0	2	0	pass	many_10mad_outliers	review	mad_only_review
background_review	B00734	sub-119	sub-119	99	background_review	False	2	0	2	0	pass	many_10mad_outliers	review	mad_only_review
background_review	B00735	sub-119	sub-119	99	background_review	False	2	2	0	0	pass	pass	include	no_review_flag
background_review	B00736	sub-119	sub-119	99	background_review	False	2	2	0	0	pass	pass	include	no_review_flag
background_review	B00737	sub-119	sub-119	99	background_review	False	2	2	0	0	pass	pass	include	no_review_flag
background_review	B00738	sub-119	sub-119	99	background_review	False	2	0	2	0	pass	many_10mad_outliers	review	mad_only_review
background_review	B00739	sub-119	sub-119	99	background_review	False	2	0	2	0	pass	many_10mad_outliers	review	mad_only_review
background_review	B00740	sub-119	sub-119	99	background_review	False	2	1	1	0	pass	many_10mad_outliers	review	mad_only_review
background_review	B00741	sub-119	sub-119	99	background_review	False	2	2	0	0	pass	pass	include	no_review_flag
background_review	B00742	sub-119	sub-119	99	background_review	False	2	2	0	0	pass	pass	include	no_review_flag
background_review	B00743	sub-119	sub-119	99	background_review	False	2	2	0	0	pass	pass	include	no_review_flag
background_review	B00744	sub-119	sub-119	99	background_review	False	2	2	0	0	pass	pass	include	no_review_flag
background_review	B00745	sub-119	sub-119	99	background_review	False	2	0	2	0	pass	many_10mad_outliers	review	mad_only_review
background_review	B00746	sub-119	sub-119	99	background_review	False	2	2	0	0	pass	pass	include	no_review_flag
background_review	B00747	sub-119	sub-119	99	background_review	False	2	0	2	0	pass	many_10mad_outliers	review	mad_only_review
background_review	B00748	sub-119	sub-119	99	background_review	False	2	2	0	0	pass	pass	include	no_review_flag
background_review	B00749	sub-119	sub-119	99	background_review	False	2	0	2	0	pass	many_10mad_outliers	review	mad_only_review
background_review	B00750	sub-119	sub-119	99	background_review	False	2	0	2	0	pass	many_10mad_outliers	review	mad_only_review
background_review	B00751	sub-119	sub-119	99	background_review	False	2	2	0	0	pass	pass	include	no_review_flag
background_review	B00752	sub-119	sub-119	99	background_review	False	2	2	0	0	pass	pass	include	no_review_flag
background_review	B00753	sub-119	sub-119	99	background_review	False	2	2	0	0	pass	pass	include	no_review_flag
background_review	B00754	sub-119	sub-119	99	background_review	False	2	2	0	0	pass	pass	include	no_review_flag
background_review	B00755	sub-119	sub-119	99	background_review	False	2	0	2	0	pass	many_10mad_outliers	review	mad_only_review
background_review	B00756	sub-119	sub-119	99	background_review	False	2	0	2	0	pass	many_10mad_outliers	review	mad_only_review
background_review	B00757	sub-119	sub-119	99	background_review	False	2	2	0	0	pass	pass	include	no_review_flag
background_review	B00758	sub-119	sub-119	99	background_review	False	2	2	0	0	pass	pass	include	no_review_flag
background_review	B00759	sub-119	sub-119	99	background_review	False	2	0	2	0	pass	many_10mad_outliers	review	mad_only_review
background_review	B00760	sub-119	sub-119	99	background_review	False	2	0	2	0	pass	many_10mad_outliers	review	mad_only_review
background_review	B00761	sub-12	sub-12	92	background_review	False	2	2	0	0	pass	pass	include	no_review_flag
background_review	B00762	sub-12	sub-12	92	background_review	False	2	2	0	0	pass	pass	include	no_review_flag
background_review	B00763	sub-12	sub-12	92	background_review	False	2	2	0	0	pass	pass	include	no_review_flag
background_review	B00764	sub-12	sub-12	92	background_review	False	2	2	0	0	pass	pass	include	no_review_flag
background_review	B00765	sub-12	sub-12	92	background_review	False	2	0	2	0	pass	many_10mad_outliers	review	mad_only_review
background_review	B00766	sub-12	sub-12	92	background_review	False	2	2	0	0	pass	pass	include	no_review_flag
background_review	B00767	sub-12	sub-12	92	background_review	False	2	2	0	0	pass	pass	include	no_review_flag
background_review	B00768	sub-12	sub-12	92	background_review	False	2	2	0	0	pass	pass	include	no_review_flag
background_review	B00769	sub-12	sub-12	92	background_review	False	2	2	0	0	pass	pass	include	no_review_flag
background_review	B00770	sub-12	sub-12	92	background_review	False	2	2	0	0	pass	pass	include	no_review_flag
background_review	B00771	sub-12	sub-12	92	background_review	False	2	2	0	0	pass	pass	include	no_review_flag
background_review	B00772	sub-12	sub-12	92	background_review	False	2	2	0	0	pass	pass	include	no_review_flag
background_review	B00773	sub-12	sub-12	92	background_review	False	2	2	0	0	pass	pass	include	no_review_flag
background_review	B00774	sub-12	sub-12	92	background_review	False	2	1	1	0	pass	many_10mad_outliers	review	mad_only_review
background_review	B00775	sub-12	sub-12	92	background_review	False	2	2	0	0	pass	pass	include	no_review_flag
background_review	B00776	sub-12	sub-12	92	background_review	False	2	0	2	0	pass	many_10mad_outliers	review	mad_only_review
background_review	B00777	sub-12	sub-12	92	background_review	False	2	0	2	0	pass	many_10mad_outliers	review	mad_only_review
background_review	B00778	sub-12	sub-12	92	background_review	False	2	2	0	0	pass	pass	include	no_review_flag
background_review	B00779	sub-12	sub-12	92	background_review	False	2	2	0	0	pass	pass	include	no_review_flag
background_review	B00780	sub-12	sub-12	92	background_review	False	2	2	0	0	pass	pass	include	no_review_flag
background_review	B00781	sub-12	sub-12	92	background_review	False	2	2	0	0	pass	pass	include	no_review_flag
background_review	B00782	sub-12	sub-12	92	background_review	False	2	2	0	0	pass	pass	include	no_review_flag
background_review	B00783	sub-12	sub-12	92	background_review	False	2	2	0	0	pass	pass	include	no_review_flag
background_review	B00784	sub-12	sub-12	92	background_review	False	2	2	0	0	pass	pass	include	no_review_flag
background_review	B00785	sub-12	sub-12	92	background_review	False	2	2	0	0	pass	pass	include	no_review_flag
background_review	B00786	sub-12	sub-12	92	background_review	False	2	2	0	0	pass	pass	include	no_review_flag
background_review	B00787	sub-12	sub-12	92	background_review	False	2	2	0	0	pass	pass	include	no_review_flag
background_review	B00788	sub-12	sub-12	92	background_review	False	2	0	2	0	pass	many_10mad_outliers	review	mad_only_review
background_review	B00789	sub-12	sub-12	92	background_review	False	2	0	2	0	pass	many_10mad_outliers	review	mad_only_review
background_review	B00790	sub-12	sub-12	92	background_review	False	2	2	0	0	pass	pass	include	no_review_flag
background_review	B00791	sub-12	sub-12	92	background_review	False	2	0	2	0	pass	many_10mad_outliers	review	mad_only_review
background_review	B00792	sub-120	sub-120	99	background_review	False	2	2	0	0	pass	pass	include	no_review_flag
background_review	B00793	sub-120	sub-120	99	background_review	False	2	2	0	0	pass	pass	include	no_review_flag
background_review	B00794	sub-120	sub-120	99	background_review	False	2	2	0	0	pass	pass	include	no_review_flag
background_review	B00795	sub-120	sub-120	99	background_review	False	2	2	0	0	pass	pass	include	no_review_flag
background_review	B00796	sub-120	sub-120	99	background_review	False	2	0	2	0	pass	many_10mad_outliers	review	mad_only_review
background_review	B00797	sub-120	sub-120	99	background_review	False	2	2	0	0	pass	pass	include	no_review_flag
background_review	B00798	sub-120	sub-120	99	background_review	False	2	2	0	0	pass	pass	include	no_review_flag
background_review	B00799	sub-120	sub-120	99	background_review	False	2	2	0	0	pass	pass	include	no_review_flag
background_review	B00800	sub-120	sub-120	99	background_review	False	2	2	0	0	pass	pass	include	no_review_flag
background_review	B00801	sub-120	sub-120	99	background_review	False	2	2	0	0	pass	pass	include	no_review_flag
background_review	B00802	sub-120	sub-120	99	background_review	False	2	2	0	0	pass	pass	include	no_review_flag
background_review	B00803	sub-120	sub-120	99	background_review	False	2	2	0	0	pass	pass	include	no_review_flag
background_review	B00804	sub-120	sub-120	99	background_review	False	2	2	0	0	pass	pass	include	no_review_flag
background_review	B00805	sub-120	sub-120	99	background_review	False	2	2	0	0	pass	pass	include	no_review_flag
background_review	B00806	sub-120	sub-120	99	background_review	False	2	2	0	0	pass	pass	include	no_review_flag
background_review	B00807	sub-120	sub-120	99	background_review	False	2	0	2	0	pass	many_10mad_outliers	review	mad_only_review
background_review	B00808	sub-120	sub-120	99	background_review	False	2	0	2	0	pass	many_10mad_outliers	review	mad_only_review
background_review	B00809	sub-120	sub-120	99	background_review	False	2	2	0	0	pass	pass	include	no_review_flag
background_review	B00810	sub-120	sub-120	99	background_review	False	2	2	0	0	pass	pass	include	no_review_flag
background_review	B00811	sub-120	sub-120	99	background_review	False	2	0	2	0	pass	many_10mad_outliers	review	mad_only_review
background_review	B00812	sub-120	sub-120	99	background_review	False	2	1	1	0	pass	many_10mad_outliers	review	mad_only_review
background_review	B00813	sub-120	sub-120	99	background_review	False	2	2	0	0	pass	pass	include	no_review_flag
background_review	B00814	sub-120	sub-120	99	background_review	False	2	2	0	0	pass	pass	include	no_review_flag
background_review	B00815	sub-120	sub-120	99	background_review	False	2	2	0	0	pass	pass	include	no_review_flag
background_review	B00816	sub-120	sub-120	99	background_review	False	2	2	0	0	pass	pass	include	no_review_flag
background_review	B00817	sub-120	sub-120	99	background_review	False	2	2	0	0	pass	pass	include	no_review_flag
background_review	B00818	sub-120	sub-120	99	background_review	False	2	0	2	0	pass	many_10mad_outliers	review	mad_only_review
background_review	B00819	sub-120	sub-120	99	background_review	False	2	2	0	0	pass	pass	include	no_review_flag
background_review	B00820	sub-120	sub-120	99	background_review	False	2	2	0	0	pass	pass	include	no_review_flag
background_review	B00821	sub-120	sub-120	99	background_review	False	2	2	0	0	pass	pass	include	no_review_flag
background_review	B00822	sub-120	sub-120	99	background_review	False	2	2	0	0	pass	pass	include	no_review_flag
background_review	B00823	sub-120	sub-120	99	background_review	False	2	2	0	0	pass	pass	include	no_review_flag
background_review	B00824	sub-120	sub-120	99	background_review	False	2	1	1	0	pass	many_10mad_outliers	review	mad_only_review
background_review	B00825	sub-120	sub-120	99	background_review	False	2	1	1	0	pass	many_10mad_outliers	review	mad_only_review
background_review	B00826	sub-121	sub-121	100	background_review	False	2	1	1	0	pass	many_10mad_outliers	review	mad_only_review
background_review	B00827	sub-121	sub-121	100	background_review	False	2	2	0	0	pass	pass	include	no_review_flag
background_review	B00828	sub-121	sub-121	100	background_review	False	2	2	0	0	pass	pass	include	no_review_flag
background_review	B00829	sub-121	sub-121	100	background_review	False	2	2	0	0	pass	pass	include	no_review_flag
background_review	B00830	sub-121	sub-121	100	background_review	False	2	2	0	0	pass	pass	include	no_review_flag
background_review	B00831	sub-121	sub-121	100	background_review	False	2	1	1	0	pass	many_10mad_outliers	review	mad_only_review
background_review	B00832	sub-121	sub-121	100	background_review	False	2	2	0	0	pass	pass	include	no_review_flag
background_review	B00833	sub-121	sub-121	100	background_review	False	2	2	0	0	pass	pass	include	no_review_flag
background_review	B00834	sub-121	sub-121	100	background_review	False	2	2	0	0	pass	pass	include	no_review_flag
background_review	B00835	sub-121	sub-121	100	background_review	False	2	2	0	0	pass	pass	include	no_review_flag
background_review	B00836	sub-121	sub-121	100	background_review	False	2	2	0	0	pass	pass	include	no_review_flag
background_review	B00837	sub-121	sub-121	100	background_review	False	2	2	0	0	pass	pass	include	no_review_flag
background_review	B00838	sub-121	sub-121	100	background_review	False	2	1	1	0	pass	many_10mad_outliers	review	mad_only_review
background_review	B00839	sub-121	sub-121	100	background_review	False	2	1	1	0	pass	many_abrupt_jumps	review	targeted_review
background_review	B00840	sub-121	sub-121	100	background_review	False	2	2	0	0	pass	pass	include	no_review_flag
background_review	B00841	sub-121	sub-121	100	background_review	False	2	2	0	0	pass	pass	include	no_review_flag
background_review	B00842	sub-121	sub-121	100	background_review	False	2	2	0	0	pass	pass	include	no_review_flag
background_review	B00843	sub-121	sub-121	100	background_review	False	2	2	0	0	pass	pass	include	no_review_flag
background_review	B00844	sub-121	sub-121	100	background_review	False	2	1	1	0	pass	many_abrupt_jumps	review	targeted_review
background_review	B00845	sub-121	sub-121	100	background_review	False	2	1	1	0	pass	many_10mad_outliers	review	mad_only_review
background_review	B00846	sub-121	sub-121	100	background_review	False	2	1	1	0	pass	many_10mad_outliers	review	mad_only_review
background_review	B00847	sub-121	sub-121	100	background_review	False	2	2	0	0	pass	pass	include	no_review_flag
background_review	B00848	sub-121	sub-121	100	background_review	False	2	2	0	0	pass	pass	include	no_review_flag
background_review	B00849	sub-121	sub-121	100	background_review	False	2	1	1	0	pass	many_10mad_outliers	review	mad_only_review
background_review	B00850	sub-121	sub-121	100	background_review	False	2	0	2	0	pass	many_10mad_outliers	review	mad_only_review
background_review	B00851	sub-121	sub-121	100	background_review	False	2	1	1	0	pass	many_10mad_outliers	review	mad_only_review
background_review	B00852	sub-121	sub-121	100	background_review	False	2	2	0	0	pass	pass	include	no_review_flag
background_review	B00853	sub-121	sub-121	100	background_review	False	2	2	0	0	pass	pass	include	no_review_flag
background_review	B00854	sub-121	sub-121	100	background_review	False	2	2	0	0	pass	pass	include	no_review_flag
background_review	B00855	sub-121	sub-121	100	background_review	False	2	2	0	0	pass	pass	include	no_review_flag
background_review	B00856	sub-121	sub-121	100	background_review	False	2	1	1	0	pass	many_10mad_outliers	review	mad_only_review
background_review	B00857	sub-121	sub-121	100	background_review	False	2	1	1	0	pass	many_10mad_outliers	review	mad_only_review
background_review	B00858	sub-121	sub-121	100	background_review	False	2	0	2	0	pass	many_10mad_outliers	review	mad_only_review
background_review	B00859	sub-121	sub-121	100	background_review	False	2	0	2	0	pass	many_10mad_outliers	review	mad_only_review
background_review	B00860	sub-122	sub-122	101	background_review	False	2	2	0	0	pass	pass	include	no_review_flag
background_review	B00861	sub-122	sub-122	101	background_review	False	2	2	0	0	pass	pass	include	no_review_flag
background_review	B00862	sub-122	sub-122	101	background_review	False	2	2	0	0	pass	pass	include	no_review_flag
background_review	B00863	sub-122	sub-122	101	background_review	False	2	2	0	0	pass	pass	include	no_review_flag
background_review	B00864	sub-122	sub-122	101	background_review	False	2	2	0	0	pass	pass	include	no_review_flag
background_review	B00865	sub-122	sub-122	101	background_review	False	2	2	0	0	pass	pass	include	no_review_flag
background_review	B00866	sub-122	sub-122	101	background_review	False	2	2	0	0	pass	pass	include	no_review_flag
background_review	B00867	sub-122	sub-122	101	background_review	False	2	1	1	0	pass	many_10mad_outliers	review	mad_only_review
background_review	B00868	sub-122	sub-122	101	background_review	False	2	2	0	0	pass	pass	include	no_review_flag
background_review	B00869	sub-122	sub-122	101	background_review	False	2	2	0	0	pass	pass	include	no_review_flag
background_review	B00870	sub-122	sub-122	101	background_review	False	2	2	0	0	pass	pass	include	no_review_flag
background_review	B00871	sub-122	sub-122	101	background_review	False	2	2	0	0	pass	pass	include	no_review_flag
background_review	B00872	sub-122	sub-122	101	background_review	False	2	0	2	0	pass	many_10mad_outliers	review	mad_only_review
background_review	B00873	sub-122	sub-122	101	background_review	False	2	1	1	0	pass	many_10mad_outliers	review	mad_only_review
background_review	B00874	sub-122	sub-122	101	background_review	False	2	2	0	0	pass	pass	include	no_review_flag
background_review	B00875	sub-122	sub-122	101	background_review	False	2	2	0	0	pass	pass	include	no_review_flag
background_review	B00876	sub-122	sub-122	101	background_review	False	2	2	0	0	pass	pass	include	no_review_flag
background_review	B00877	sub-122	sub-122	101	background_review	False	2	2	0	0	pass	pass	include	no_review_flag
background_review	B00878	sub-122	sub-122	101	background_review	False	2	2	0	0	pass	pass	include	no_review_flag
background_review	B00879	sub-122	sub-122	101	background_review	False	2	2	0	0	pass	pass	include	no_review_flag
background_review	B00880	sub-122	sub-122	101	background_review	False	2	1	1	0	pass	many_10mad_outliers	review	mad_only_review
background_review	B00881	sub-122	sub-122	101	background_review	False	2	1	1	0	pass	many_10mad_outliers	review	mad_only_review
background_review	B00882	sub-122	sub-122	101	background_review	False	2	2	0	0	pass	pass	include	no_review_flag
background_review	B00883	sub-122	sub-122	101	background_review	False	2	2	0	0	pass	pass	include	no_review_flag
background_review	B00884	sub-122	sub-122	101	background_review	False	2	1	1	0	pass	many_10mad_outliers	review	mad_only_review
background_review	B00885	sub-122	sub-122	101	background_review	False	2	2	0	0	pass	pass	include	no_review_flag
background_review	B00886	sub-122	sub-122	101	background_review	False	2	2	0	0	pass	pass	include	no_review_flag
background_review	B00887	sub-122	sub-122	101	background_review	False	2	2	0	0	pass	pass	include	no_review_flag
background_review	B00888	sub-122	sub-122	101	background_review	False	2	2	0	0	pass	pass	include	no_review_flag
background_review	B00889	sub-122	sub-122	101	background_review	False	2	2	0	0	pass	pass	include	no_review_flag
background_review	B00890	sub-122	sub-122	101	background_review	False	2	2	0	0	pass	pass	include	no_review_flag
background_review	B00891	sub-122	sub-122	101	background_review	False	2	1	1	0	pass	many_10mad_outliers	review	mad_only_review
background_review	B00892	sub-122	sub-122	101	background_review	False	2	1	1	0	pass	many_10mad_outliers	review	mad_only_review
background_review	B00893	sub-122	sub-122	101	background_review	False	2	1	1	0	pass	many_10mad_outliers	review	mad_only_review
background_review	B00894	sub-123	sub-123	102	background_review	False	2	0	2	0	pass	many_10mad_outliers	review	mad_only_review
background_review	B00895	sub-123	sub-123	102	background_review	False	2	0	2	0	pass	many_10mad_outliers	review	mad_only_review
background_review	B00896	sub-123	sub-123	102	background_review	False	2	2	0	0	pass	pass	include	no_review_flag
background_review	B00897	sub-123	sub-123	102	background_review	False	2	1	1	0	pass	many_10mad_outliers	review	mad_only_review
background_review	B00898	sub-123	sub-123	102	background_review	False	2	0	2	0	pass	many_10mad_outliers	review	mad_only_review
background_review	B00899	sub-123	sub-123	102	background_review	False	2	2	0	0	pass	pass	include	no_review_flag
background_review	B00900	sub-123	sub-123	102	background_review	False	2	2	0	0	pass	pass	include	no_review_flag
background_review	B00901	sub-123	sub-123	102	background_review	False	2	2	0	0	pass	pass	include	no_review_flag
background_review	B00902	sub-123	sub-123	102	background_review	False	2	2	0	0	pass	pass	include	no_review_flag
background_review	B00903	sub-123	sub-123	102	background_review	False	2	2	0	0	pass	pass	include	no_review_flag
background_review	B00904	sub-123	sub-123	102	background_review	False	2	2	0	0	pass	pass	include	no_review_flag
background_review	B00905	sub-123	sub-123	102	background_review	False	2	0	2	0	pass	many_10mad_outliers	review	mad_only_review
background_review	B00906	sub-123	sub-123	102	background_review	False	2	1	1	0	pass	many_10mad_outliers	review	mad_only_review
background_review	B00907	sub-123	sub-123	102	background_review	False	2	1	1	0	pass	many_10mad_outliers	review	mad_only_review
background_review	B00908	sub-123	sub-123	102	background_review	False	2	1	1	0	pass	many_10mad_outliers	review	mad_only_review
background_review	B00909	sub-123	sub-123	102	background_review	False	2	2	0	0	pass	pass	include	no_review_flag
background_review	B00910	sub-123	sub-123	102	background_review	False	2	0	2	0	pass	many_10mad_outliers	review	mad_only_review
background_review	B00911	sub-123	sub-123	102	background_review	False	2	2	0	0	pass	pass	include	no_review_flag
background_review	B00912	sub-123	sub-123	102	background_review	False	2	2	0	0	pass	pass	include	no_review_flag
background_review	B00913	sub-123	sub-123	102	background_review	False	2	1	1	0	pass	many_10mad_outliers	review	mad_only_review
background_review	B00914	sub-123	sub-123	102	background_review	False	2	1	1	0	pass	many_10mad_outliers	review	mad_only_review
background_review	B00915	sub-123	sub-123	102	background_review	False	2	0	2	0	pass	many_10mad_outliers	review	mad_only_review
background_review	B00916	sub-123	sub-123	102	background_review	False	2	0	2	0	pass	many_10mad_outliers	review	mad_only_review
background_review	B00917	sub-123	sub-123	102	background_review	False	2	2	0	0	pass	pass	include	no_review_flag
background_review	B00918	sub-123	sub-123	102	background_review	False	2	0	2	0	pass	many_10mad_outliers	review	mad_only_review
background_review	B00919	sub-123	sub-123	102	background_review	False	2	0	2	0	pass	many_10mad_outliers	review	mad_only_review
background_review	B00920	sub-123	sub-123	102	background_review	False	2	0	2	0	pass	many_10mad_outliers	review	mad_only_review
background_review	B00921	sub-123	sub-123	102	background_review	False	2	2	0	0	pass	pass	include	no_review_flag
background_review	B00922	sub-123	sub-123	102	background_review	False	2	2	0	0	pass	pass	include	no_review_flag
background_review	B00923	sub-123	sub-123	102	background_review	False	2	2	0	0	pass	pass	include	no_review_flag
background_review	B00924	sub-123	sub-123	102	background_review	False	2	2	0	0	pass	pass	include	no_review_flag
background_review	B00925	sub-123	sub-123	102	background_review	False	2	2	0	0	pass	pass	include	no_review_flag
background_review	B00926	sub-123	sub-123	102	background_review	False	2	2	0	0	pass	pass	include	no_review_flag
background_review	B00927	sub-123	sub-123	102	background_review	False	2	0	2	0	pass	many_10mad_outliers	review	mad_only_review
background_review	B00928	sub-123	sub-123	102	background_review	False	2	0	2	0	pass	many_10mad_outliers	review	mad_only_review
background_review	B00929	sub-123	sub-123	102	background_review	False	2	2	0	0	pass	pass	include	no_review_flag
background_review	B00930	sub-123	sub-123	102	background_review	False	2	2	0	0	pass	pass	include	no_review_flag
background_review	B00931	sub-124	sub-124	15	background_review	False	2	2	0	0	pass	pass	include	no_review_flag
background_review	B00932	sub-124	sub-124	15	background_review	False	2	2	0	0	pass	pass	include	no_review_flag
background_review	B00933	sub-124	sub-124	15	background_review	False	2	2	0	0	pass	pass	include	no_review_flag
background_review	B00934	sub-124	sub-124	15	background_review	False	2	1	1	0	pass	many_10mad_outliers	review	mad_only_review
background_review	B00935	sub-124	sub-124	15	background_review	False	2	2	0	0	pass	pass	include	no_review_flag
background_review	B00936	sub-124	sub-124	15	background_review	False	2	2	0	0	pass	pass	include	no_review_flag
background_review	B00937	sub-124	sub-124	15	background_review	False	2	2	0	0	pass	pass	include	no_review_flag
background_review	B00938	sub-124	sub-124	15	background_review	False	2	1	1	0	pass	many_10mad_outliers	review	mad_only_review
background_review	B00939	sub-124	sub-124	15	background_review	False	2	2	0	0	pass	pass	include	no_review_flag
background_review	B00940	sub-124	sub-124	15	background_review	False	2	2	0	0	pass	pass	include	no_review_flag
background_review	B00941	sub-124	sub-124	15	background_review	False	2	2	0	0	pass	pass	include	no_review_flag
background_review	B00942	sub-124	sub-124	15	background_review	False	2	2	0	0	pass	pass	include	no_review_flag
background_review	B00943	sub-124	sub-124	15	background_review	False	2	1	1	0	pass	many_10mad_outliers	review	mad_only_review
background_review	B00944	sub-124	sub-124	15	background_review	False	2	2	0	0	pass	pass	include	no_review_flag
background_review	B00945	sub-124	sub-124	15	background_review	False	2	2	0	0	pass	pass	include	no_review_flag
background_review	B00946	sub-124	sub-124	15	background_review	False	2	2	0	0	pass	pass	include	no_review_flag
background_review	B00947	sub-124	sub-124	15	background_review	False	2	2	0	0	pass	pass	include	no_review_flag
background_review	B00948	sub-124	sub-124	15	background_review	False	2	2	0	0	pass	pass	include	no_review_flag
background_review	B00949	sub-124	sub-124	15	background_review	False	2	2	0	0	pass	pass	include	no_review_flag
background_review	B00950	sub-124	sub-124	15	background_review	False	2	2	0	0	pass	pass	include	no_review_flag
background_review	B00951	sub-124	sub-124	15	background_review	False	2	2	0	0	pass	pass	include	no_review_flag
background_review	B00952	sub-124	sub-124	15	background_review	False	2	1	1	0	pass	many_10mad_outliers	review	mad_only_review
background_review	B00953	sub-124	sub-124	15	background_review	False	2	2	0	0	pass	pass	include	no_review_flag
background_review	B00954	sub-124	sub-124	15	background_review	False	2	2	0	0	pass	pass	include	no_review_flag
background_review	B00955	sub-124	sub-124	15	background_review	False	2	2	0	0	pass	pass	include	no_review_flag
background_review	B00956	sub-124	sub-124	15	background_review	False	2	2	0	0	pass	pass	include	no_review_flag
background_review	B00957	sub-124	sub-124	15	background_review	False	2	2	0	0	pass	pass	include	no_review_flag
background_review	B00958	sub-124	sub-124	15	background_review	False	2	2	0	0	pass	pass	include	no_review_flag
background_review	B00959	sub-125	sub-125	104	background_review	False	2	1	1	0	pass	many_10mad_outliers	review	mad_only_review
background_review	B00960	sub-125	sub-125	104	background_review	False	2	1	1	0	pass	many_10mad_outliers	review	mad_only_review
background_review	B00961	sub-125	sub-125	104	background_review	False	2	2	0	0	pass	pass	include	no_review_flag
background_review	B00962	sub-125	sub-125	104	background_review	False	2	2	0	0	pass	pass	include	no_review_flag
background_review	B00963	sub-125	sub-125	104	background_review	False	2	0	2	0	pass	many_10mad_outliers	review	mad_only_review
background_review	B00964	sub-125	sub-125	104	background_review	False	2	2	0	0	pass	pass	include	no_review_flag
background_review	B00965	sub-125	sub-125	104	background_review	False	2	2	0	0	pass	pass	include	no_review_flag
background_review	B00966	sub-125	sub-125	104	background_review	False	2	2	0	0	pass	pass	include	no_review_flag
background_review	B00967	sub-125	sub-125	104	background_review	False	2	2	0	0	pass	pass	include	no_review_flag
background_review	B00968	sub-125	sub-125	104	background_review	False	2	2	0	0	pass	pass	include	no_review_flag
background_review	B00969	sub-125	sub-125	104	background_review	False	2	2	0	0	pass	pass	include	no_review_flag
background_review	B00970	sub-125	sub-125	104	background_review	False	2	0	2	0	pass	many_10mad_outliers	review	mad_only_review
background_review	B00971	sub-125	sub-125	104	background_review	False	2	0	2	0	pass	many_10mad_outliers	review	mad_only_review
background_review	B00972	sub-125	sub-125	104	background_review	False	2	2	0	0	pass	pass	include	no_review_flag
background_review	B00973	sub-125	sub-125	104	background_review	False	2	2	0	0	pass	pass	include	no_review_flag
background_review	B00974	sub-125	sub-125	104	background_review	False	2	2	0	0	pass	pass	include	no_review_flag
background_review	B00975	sub-125	sub-125	104	background_review	False	2	2	0	0	pass	pass	include	no_review_flag
background_review	B00976	sub-125	sub-125	104	background_review	False	2	1	1	0	pass	many_10mad_outliers	review	mad_only_review
background_review	B00977	sub-125	sub-125	104	background_review	False	2	0	2	0	pass	many_10mad_outliers	review	mad_only_review
background_review	B00978	sub-125	sub-125	104	background_review	False	2	1	1	0	pass	many_10mad_outliers	review	mad_only_review
background_review	B00979	sub-125	sub-125	104	background_review	False	2	1	1	0	pass	many_10mad_outliers	review	mad_only_review
background_review	B00980	sub-125	sub-125	104	background_review	False	2	2	0	0	pass	pass	include	no_review_flag
background_review	B00981	sub-125	sub-125	104	background_review	False	2	2	0	0	pass	pass	include	no_review_flag
background_review	B00982	sub-125	sub-125	104	background_review	False	2	2	0	0	pass	pass	include	no_review_flag
background_review	B00983	sub-125	sub-125	104	background_review	False	2	2	0	0	pass	pass	include	no_review_flag
background_review	B00984	sub-125	sub-125	104	background_review	False	2	2	0	0	pass	pass	include	no_review_flag
background_review	B00985	sub-125	sub-125	104	background_review	False	2	2	0	0	pass	pass	include	no_review_flag
background_review	B00986	sub-126	sub-126	106	background_review	False	2	1	1	0	pass	many_10mad_outliers	review	mad_only_review
background_review	B00987	sub-126	sub-126	106	background_review	False	2	1	1	0	pass	many_10mad_outliers	review	mad_only_review
background_review	B00988	sub-126	sub-126	106	background_review	False	2	1	1	0	pass	many_10mad_outliers	review	mad_only_review
background_review	B00989	sub-126	sub-126	106	background_review	False	2	0	2	0	pass	many_10mad_outliers	review	mad_only_review
background_review	B00990	sub-126	sub-126	106	background_review	False	2	1	1	0	pass	many_10mad_outliers	review	mad_only_review
background_review	B00991	sub-126	sub-126	106	background_review	False	2	2	0	0	pass	pass	include	no_review_flag
background_review	B00992	sub-126	sub-126	106	background_review	False	2	1	1	0	pass	many_10mad_outliers	review	mad_only_review
background_review	B00993	sub-126	sub-126	106	background_review	False	2	1	1	0	pass	many_10mad_outliers	review	mad_only_review
background_review	B00994	sub-126	sub-126	106	background_review	False	2	1	1	0	pass	many_10mad_outliers	review	mad_only_review
background_review	B00995	sub-126	sub-126	106	background_review	False	2	2	0	0	pass	pass	include	no_review_flag
background_review	B00996	sub-126	sub-126	106	background_review	False	2	2	0	0	pass	pass	include	no_review_flag
background_review	B00997	sub-126	sub-126	106	background_review	False	2	0	2	0	pass	many_10mad_outliers	review	mad_only_review
background_review	B00998	sub-126	sub-126	106	background_review	False	2	0	2	0	pass	many_10mad_outliers	review	mad_only_review
background_review	B00999	sub-126	sub-126	106	background_review	False	2	0	2	0	pass	many_10mad_outliers	review	mad_only_review
background_review	B01000	sub-126	sub-126	106	background_review	False	2	2	0	0	pass	pass	include	no_review_flag
background_review	B01001	sub-126	sub-126	106	background_review	False	2	2	0	0	pass	pass	include	no_review_flag
background_review	B01002	sub-126	sub-126	106	background_review	False	2	0	2	0	pass	many_10mad_outliers	review	mad_only_review
background_review	B01003	sub-126	sub-126	106	background_review	False	2	1	1	0	pass	many_10mad_outliers	review	mad_only_review
background_review	B01004	sub-126	sub-126	106	background_review	False	2	2	0	0	pass	pass	include	no_review_flag
background_review	B01005	sub-126	sub-126	106	background_review	False	2	2	0	0	pass	pass	include	no_review_flag
background_review	B01006	sub-126	sub-126	106	background_review	False	2	2	0	0	pass	pass	include	no_review_flag
background_review	B01007	sub-126	sub-126	106	background_review	False	2	0	2	0	pass	many_10mad_outliers	review	mad_only_review
background_review	B01008	sub-126	sub-126	106	background_review	False	2	2	0	0	pass	pass	include	no_review_flag
background_review	B01009	sub-126	sub-126	106	background_review	False	2	0	2	0	pass	many_10mad_outliers	review	mad_only_review
background_review	B01010	sub-126	sub-126	106	background_review	False	2	1	1	0	pass	many_10mad_outliers	review	mad_only_review
background_review	B01011	sub-126	sub-126	106	background_review	False	2	2	0	0	pass	pass	include	no_review_flag
background_review	B01012	sub-126	sub-126	106	background_review	False	2	0	2	0	pass	many_10mad_outliers	review	mad_only_review
background_review	B01013	sub-126	sub-126	106	background_review	False	2	0	2	0	pass	high_robust_range;many_10mad_outliers	review	targeted_review
background_review	B01014	sub-126	sub-126	106	background_review	False	2	0	2	0	pass	high_robust_range;many_10mad_outliers	review	targeted_review
background_review	B01015	sub-126	sub-126	106	background_review	False	2	1	1	0	pass	many_10mad_outliers	review	mad_only_review
background_review	B01016	sub-126	sub-126	106	background_review	False	2	1	1	0	pass	many_10mad_outliers	review	mad_only_review
background_review	B01017	sub-126	sub-126	106	background_review	False	2	2	0	0	pass	pass	include	no_review_flag
background_review	B01018	sub-126	sub-126	106	background_review	False	2	2	0	0	pass	pass	include	no_review_flag
background_review	B01019	sub-126	sub-126	106	background_review	False	2	2	0	0	pass	pass	include	no_review_flag
background_review	B01020	sub-126	sub-126	106	background_review	False	2	2	0	0	pass	pass	include	no_review_flag
background_review	B01021	sub-126	sub-126	106	background_review	False	2	2	0	0	pass	pass	include	no_review_flag
background_review	B01022	sub-126	sub-126	106	background_review	False	2	1	1	0	pass	many_10mad_outliers	review	mad_only_review
background_review	B01023	sub-127	sub-127	107	background_review	False	2	2	0	0	pass	pass	include	no_review_flag
background_review	B01024	sub-127	sub-127	107	background_review	False	2	2	0	0	pass	pass	include	no_review_flag
background_review	B01025	sub-127	sub-127	107	background_review	False	2	2	0	0	pass	pass	include	no_review_flag
background_review	B01026	sub-127	sub-127	107	background_review	False	2	2	0	0	pass	pass	include	no_review_flag
background_review	B01027	sub-127	sub-127	107	background_review	False	2	2	0	0	pass	pass	include	no_review_flag
background_review	B01028	sub-127	sub-127	107	background_review	False	2	2	0	0	pass	pass	include	no_review_flag
background_review	B01029	sub-127	sub-127	107	background_review	False	2	2	0	0	pass	pass	include	no_review_flag
background_review	B01030	sub-127	sub-127	107	background_review	False	2	2	0	0	pass	pass	include	no_review_flag
background_review	B01031	sub-127	sub-127	107	background_review	False	2	2	0	0	pass	pass	include	no_review_flag
background_review	B01032	sub-127	sub-127	107	background_review	False	2	2	0	0	pass	pass	include	no_review_flag
background_review	B01033	sub-127	sub-127	107	background_review	False	2	1	1	0	pass	many_10mad_outliers	review	mad_only_review
background_review	B01034	sub-127	sub-127	107	background_review	False	2	1	1	0	pass	many_10mad_outliers	review	mad_only_review
background_review	B01035	sub-127	sub-127	107	background_review	False	2	1	1	0	pass	many_10mad_outliers	review	mad_only_review
background_review	B01036	sub-127	sub-127	107	background_review	False	2	2	0	0	pass	pass	include	no_review_flag
background_review	B01037	sub-127	sub-127	107	background_review	False	2	0	2	0	pass	many_10mad_outliers	review	mad_only_review
background_review	B01038	sub-127	sub-127	107	background_review	False	2	1	1	0	pass	many_10mad_outliers	review	mad_only_review
background_review	B01039	sub-127	sub-127	107	background_review	False	2	2	0	0	pass	pass	include	no_review_flag
background_review	B01040	sub-127	sub-127	107	background_review	False	2	1	1	0	pass	many_10mad_outliers	review	mad_only_review
background_review	B01041	sub-127	sub-127	107	background_review	False	2	1	1	0	pass	many_10mad_outliers	review	mad_only_review
background_review	B01042	sub-127	sub-127	107	background_review	False	2	2	0	0	pass	pass	include	no_review_flag
background_review	B01043	sub-127	sub-127	107	background_review	False	2	0	2	0	pass	many_10mad_outliers	review	mad_only_review
background_review	B01044	sub-127	sub-127	107	background_review	False	2	2	0	0	pass	pass	include	no_review_flag
background_review	B01045	sub-127	sub-127	107	background_review	False	2	0	2	0	pass	many_10mad_outliers	review	mad_only_review
background_review	B01046	sub-127	sub-127	107	background_review	False	2	1	1	0	pass	many_10mad_outliers	review	mad_only_review
background_review	B01047	sub-127	sub-127	107	background_review	False	2	1	1	0	pass	many_10mad_outliers	review	mad_only_review
background_review	B01048	sub-127	sub-127	107	background_review	False	2	0	2	0	pass	many_10mad_outliers	review	mad_only_review
background_review	B01049	sub-127	sub-127	107	background_review	False	2	2	0	0	pass	pass	include	no_review_flag
background_review	B01050	sub-127	sub-127	107	background_review	False	2	2	0	0	pass	pass	include	no_review_flag
background_review	B01051	sub-127	sub-127	107	background_review	False	2	0	2	0	pass	many_10mad_outliers	review	mad_only_review
background_review	B01052	sub-127	sub-127	107	background_review	False	2	2	0	0	pass	pass	include	no_review_flag
background_review	B01053	sub-127	sub-127	107	background_review	False	2	2	0	0	pass	pass	include	no_review_flag
background_review	B01054	sub-127	sub-127	107	background_review	False	2	2	0	0	pass	pass	include	no_review_flag
background_review	B01055	sub-127	sub-127	107	background_review	False	2	2	0	0	pass	pass	include	no_review_flag
background_review	B01056	sub-127	sub-127	107	background_review	False	2	1	1	0	pass	many_10mad_outliers	review	mad_only_review
background_review	B01057	sub-127	sub-127	107	background_review	False	2	1	1	0	pass	many_10mad_outliers	review	mad_only_review
background_review	B01058	sub-127	sub-127	107	background_review	False	2	1	1	0	pass	many_10mad_outliers	review	mad_only_review
background_review	B01059	sub-127	sub-127	107	background_review	False	2	1	1	0	pass	many_10mad_outliers	review	mad_only_review
background_review	B01060	sub-127	sub-127	107	background_review	False	2	1	1	0	pass	many_10mad_outliers	review	mad_only_review
background_review	B01061	sub-127	sub-127	107	background_review	False	2	1	1	0	pass	many_10mad_outliers	review	mad_only_review
background_review	B01062	sub-128	sub-128	108	background_review	False	2	0	2	0	pass	many_10mad_outliers	review	mad_only_review
background_review	B01063	sub-128	sub-128	108	background_review	False	2	0	2	0	pass	many_10mad_outliers	review	mad_only_review
background_review	B01064	sub-128	sub-128	108	background_review	False	2	0	2	0	pass	many_10mad_outliers	review	mad_only_review
background_review	B01065	sub-128	sub-128	108	background_review	False	2	2	0	0	pass	pass	include	no_review_flag
background_review	B01066	sub-128	sub-128	108	background_review	False	2	2	0	0	pass	pass	include	no_review_flag
background_review	B01067	sub-128	sub-128	108	background_review	False	2	2	0	0	pass	pass	include	no_review_flag
background_review	B01068	sub-128	sub-128	108	background_review	False	2	2	0	0	pass	pass	include	no_review_flag
background_review	B01069	sub-128	sub-128	108	background_review	False	2	0	2	0	pass	many_10mad_outliers	review	mad_only_review
background_review	B01070	sub-128	sub-128	108	background_review	False	2	2	0	0	pass	pass	include	no_review_flag
background_review	B01071	sub-128	sub-128	108	background_review	False	2	2	0	0	pass	pass	include	no_review_flag
background_review	B01072	sub-128	sub-128	108	background_review	False	2	0	2	0	pass	many_10mad_outliers	review	mad_only_review
background_review	B01073	sub-128	sub-128	108	background_review	False	2	0	2	0	pass	many_10mad_outliers	review	mad_only_review
background_review	B01074	sub-128	sub-128	108	background_review	False	2	2	0	0	pass	pass	include	no_review_flag
background_review	B01075	sub-128	sub-128	108	background_review	False	2	2	0	0	pass	pass	include	no_review_flag
background_review	B01076	sub-128	sub-128	108	background_review	False	2	2	0	0	pass	pass	include	no_review_flag
background_review	B01077	sub-128	sub-128	108	background_review	False	2	2	0	0	pass	pass	include	no_review_flag
background_review	B01078	sub-128	sub-128	108	background_review	False	2	0	2	0	pass	many_10mad_outliers	review	mad_only_review
background_review	B01079	sub-128	sub-128	108	background_review	False	2	2	0	0	pass	pass	include	no_review_flag
background_review	B01080	sub-128	sub-128	108	background_review	False	2	2	0	0	pass	pass	include	no_review_flag
background_review	B01081	sub-128	sub-128	108	background_review	False	2	2	0	0	pass	pass	include	no_review_flag
background_review	B01082	sub-128	sub-128	108	background_review	False	2	2	0	0	pass	pass	include	no_review_flag
background_review	B01083	sub-128	sub-128	108	background_review	False	2	2	0	0	pass	pass	include	no_review_flag
background_review	B01084	sub-128	sub-128	108	background_review	False	2	2	0	0	pass	pass	include	no_review_flag
background_review	B01085	sub-128	sub-128	108	background_review	False	2	2	0	0	pass	pass	include	no_review_flag
background_review	B01086	sub-128	sub-128	108	background_review	False	2	1	1	0	pass	many_10mad_outliers	review	mad_only_review
background_review	B01087	sub-128	sub-128	108	background_review	False	2	2	0	0	pass	pass	include	no_review_flag
background_review	B01088	sub-128	sub-128	108	background_review	False	2	2	0	0	pass	pass	include	no_review_flag
background_review	B01089	sub-128	sub-128	108	background_review	False	2	2	0	0	pass	pass	include	no_review_flag
background_review	B01090	sub-128	sub-128	108	background_review	False	2	0	2	0	pass	many_10mad_outliers	review	mad_only_review
background_review	B01091	sub-128	sub-128	108	background_review	False	2	1	1	0	pass	many_10mad_outliers	review	mad_only_review
background_review	B01092	sub-128	sub-128	108	background_review	False	2	2	0	0	pass	pass	include	no_review_flag
background_review	B01093	sub-128	sub-128	108	background_review	False	2	2	0	0	pass	pass	include	no_review_flag
background_review	B01094	sub-128	sub-128	108	background_review	False	2	2	0	0	pass	pass	include	no_review_flag
background_review	B01095	sub-128	sub-128	108	background_review	False	2	2	0	0	pass	pass	include	no_review_flag
background_review	B01096	sub-128	sub-128	108	background_review	False	2	2	0	0	pass	pass	include	no_review_flag
background_review	B01097	sub-128	sub-128	108	background_review	False	2	2	0	0	pass	pass	include	no_review_flag
background_review	B01098	sub-128	sub-128	108	background_review	False	2	2	0	0	pass	pass	include	no_review_flag
background_review	B01099	sub-128	sub-128	108	background_review	False	2	2	0	0	pass	pass	include	no_review_flag
background_review	B01100	sub-128	sub-128	108	background_review	False	2	2	0	0	pass	pass	include	no_review_flag
background_review	B01101	sub-13	sub-13	91	background_review	False	2	2	0	0	pass	pass	include	no_review_flag
background_review	B01102	sub-13	sub-13	91	background_review	False	2	2	0	0	pass	pass	include	no_review_flag
background_review	B01103	sub-13	sub-13	91	background_review	False	2	2	0	0	pass	pass	include	no_review_flag
background_review	B01104	sub-13	sub-13	91	background_review	False	2	0	2	0	pass	many_10mad_outliers	review	mad_only_review
background_review	B01105	sub-13	sub-13	91	background_review	False	2	0	0	2	constant_signal;flatline_at_least_5_sec;near_flat_robust_range	repeated_endpoints	exclude	critical_exclusion
background_review	B01106	sub-13	sub-13	91	background_review	False	2	0	0	2	constant_signal;flatline_at_least_5_sec;near_flat_robust_range	repeated_endpoints	exclude	critical_exclusion
background_review	B01107	sub-13	sub-13	91	background_review	False	2	2	0	0	pass	pass	include	no_review_flag
background_review	B01108	sub-13	sub-13	91	background_review	False	2	2	0	0	pass	pass	include	no_review_flag
background_review	B01109	sub-13	sub-13	91	background_review	False	2	2	0	0	pass	pass	include	no_review_flag
background_review	B01110	sub-13	sub-13	91	background_review	False	2	2	0	0	pass	pass	include	no_review_flag
background_review	B01111	sub-13	sub-13	91	background_review	False	2	2	0	0	pass	pass	include	no_review_flag
background_review	B01112	sub-13	sub-13	91	background_review	False	2	2	0	0	pass	pass	include	no_review_flag
background_review	B01113	sub-13	sub-13	91	background_review	False	2	2	0	0	pass	pass	include	no_review_flag
background_review	B01114	sub-13	sub-13	91	background_review	False	2	0	0	2	constant_signal;flatline_at_least_5_sec;near_flat_robust_range	repeated_endpoints	exclude	critical_exclusion
background_review	B01115	sub-13	sub-13	91	background_review	False	2	2	0	0	pass	pass	include	no_review_flag
background_review	B01116	sub-13	sub-13	91	background_review	False	2	2	0	0	pass	pass	include	no_review_flag
background_review	B01117	sub-13	sub-13	91	background_review	False	2	2	0	0	pass	pass	include	no_review_flag
background_review	B01118	sub-13	sub-13	91	background_review	False	2	2	0	0	pass	pass	include	no_review_flag
background_review	B01119	sub-13	sub-13	91	background_review	False	2	2	0	0	pass	pass	include	no_review_flag
background_review	B01120	sub-13	sub-13	91	background_review	False	2	2	0	0	pass	pass	include	no_review_flag
background_review	B01121	sub-13	sub-13	91	background_review	False	2	2	0	0	pass	pass	include	no_review_flag
background_review	B01122	sub-13	sub-13	91	background_review	False	2	2	0	0	pass	pass	include	no_review_flag
background_review	B01123	sub-13	sub-13	91	background_review	False	2	0	0	2	constant_signal;flatline_at_least_5_sec;near_flat_robust_range	repeated_endpoints	exclude	critical_exclusion
background_review	B01124	sub-13	sub-13	91	background_review	False	2	2	0	0	pass	pass	include	no_review_flag
background_review	B01125	sub-13	sub-13	91	background_review	False	2	2	0	0	pass	pass	include	no_review_flag
background_review	B01126	sub-13	sub-13	91	background_review	False	2	2	0	0	pass	pass	include	no_review_flag
background_review	B01127	sub-13	sub-13	91	background_review	False	2	2	0	0	pass	pass	include	no_review_flag
background_review	B01128	sub-13	sub-13	91	background_review	False	2	2	0	0	pass	pass	include	no_review_flag
background_review	B01129	sub-13	sub-13	91	background_review	False	2	2	0	0	pass	pass	include	no_review_flag
background_review	B01130	sub-13	sub-13	91	background_review	False	2	2	0	0	pass	pass	include	no_review_flag
background_review	B01131	sub-13	sub-13	91	background_review	False	2	2	0	0	pass	pass	include	no_review_flag
background_review	B01132	sub-13	sub-13	91	background_review	False	2	2	0	0	pass	pass	include	no_review_flag
background_review	B01133	sub-13	sub-13	91	background_review	False	2	2	0	0	pass	pass	include	no_review_flag
background_review	B01134	sub-13	sub-13	91	background_review	False	2	2	0	0	pass	pass	include	no_review_flag
background_review	B01135	sub-13	sub-13	91	background_review	False	2	2	0	0	pass	pass	include	no_review_flag
background_review	B01136	sub-13	sub-13	91	background_review	False	2	2	0	0	pass	pass	include	no_review_flag
background_review	B01137	sub-13	sub-13	91	background_review	False	2	2	0	0	pass	pass	include	no_review_flag
background_review	B01138	sub-13	sub-13	91	background_review	False	2	0	0	2	constant_signal;flatline_at_least_5_sec;near_flat_robust_range	repeated_endpoints	exclude	critical_exclusion
background_review	B01139	sub-14	sub-14	9	background_review	False	2	2	0	0	pass	pass	include	no_review_flag
background_review	B01140	sub-14	sub-14	9	background_review	False	2	2	0	0	pass	pass	include	no_review_flag
background_review	B01141	sub-14	sub-14	9	background_review	False	2	2	0	0	pass	pass	include	no_review_flag
background_review	B01142	sub-14	sub-14	9	background_review	False	2	2	0	0	pass	pass	include	no_review_flag
background_review	B01143	sub-14	sub-14	9	background_review	False	2	0	2	0	pass	many_10mad_outliers	review	mad_only_review
background_review	B01144	sub-14	sub-14	9	background_review	False	2	0	2	0	pass	high_peak_to_peak;high_robust_range;many_10mad_outliers	review	targeted_review
background_review	B01145	sub-14	sub-14	9	background_review	False	2	0	2	0	pass	many_10mad_outliers	review	mad_only_review
background_review	B01146	sub-14	sub-14	9	background_review	False	2	0	2	0	pass	many_10mad_outliers	review	mad_only_review
background_review	B01147	sub-14	sub-14	9	background_review	False	2	2	0	0	pass	pass	include	no_review_flag
background_review	B01148	sub-14	sub-14	9	background_review	False	2	2	0	0	pass	pass	include	no_review_flag
background_review	B01149	sub-14	sub-14	9	background_review	False	2	1	1	0	pass	many_10mad_outliers	review	mad_only_review
background_review	B01150	sub-14	sub-14	9	background_review	False	2	1	1	0	pass	many_10mad_outliers	review	mad_only_review
background_review	B01151	sub-14	sub-14	9	background_review	False	2	1	1	0	pass	many_10mad_outliers	review	mad_only_review
background_review	B01152	sub-14	sub-14	9	background_review	False	2	0	2	0	pass	many_10mad_outliers	review	mad_only_review
background_review	B01153	sub-14	sub-14	9	background_review	False	2	0	2	0	pass	many_10mad_outliers	review	mad_only_review
background_review	B01154	sub-14	sub-14	9	background_review	False	2	0	2	0	pass	many_10mad_outliers	review	mad_only_review
background_review	B01155	sub-14	sub-14	9	background_review	False	2	1	1	0	pass	many_10mad_outliers	review	mad_only_review
background_review	B01156	sub-14	sub-14	9	background_review	False	2	2	0	0	pass	pass	include	no_review_flag
background_review	B01157	sub-14	sub-14	9	background_review	False	2	1	1	0	pass	many_10mad_outliers	review	mad_only_review
background_review	B01158	sub-14	sub-14	9	background_review	False	2	1	1	0	pass	many_10mad_outliers	review	mad_only_review
background_review	B01159	sub-14	sub-14	9	background_review	False	2	1	1	0	pass	many_10mad_outliers	review	mad_only_review
background_review	B01160	sub-14	sub-14	9	background_review	False	2	1	1	0	pass	many_10mad_outliers	review	mad_only_review
background_review	B01161	sub-14	sub-14	9	background_review	False	2	2	0	0	pass	pass	include	no_review_flag
background_review	B01162	sub-14	sub-14	9	background_review	False	2	0	2	0	pass	many_10mad_outliers	review	mad_only_review
background_review	B01163	sub-14	sub-14	9	background_review	False	2	0	2	0	pass	many_10mad_outliers	review	mad_only_review
background_review	B01164	sub-14	sub-14	9	background_review	False	2	0	2	0	pass	many_10mad_outliers	review	mad_only_review
background_review	B01165	sub-14	sub-14	9	background_review	False	2	0	2	0	pass	high_robust_range;many_10mad_outliers	review	targeted_review
background_review	B01166	sub-14	sub-14	9	background_review	False	2	2	0	0	pass	pass	include	no_review_flag
background_review	B01167	sub-14	sub-14	9	background_review	False	2	2	0	0	pass	pass	include	no_review_flag
background_review	B01168	sub-14	sub-14	9	background_review	False	2	2	0	0	pass	pass	include	no_review_flag
background_review	B01169	sub-14	sub-14	9	background_review	False	2	1	1	0	pass	many_10mad_outliers	review	mad_only_review
background_review	B01170	sub-14	sub-14	9	background_review	False	2	1	1	0	pass	high_robust_range;many_10mad_outliers	review	targeted_review
background_review	B01171	sub-14	sub-14	9	background_review	False	2	1	1	0	pass	many_10mad_outliers	review	mad_only_review
background_review	B01172	sub-14	sub-14	9	background_review	False	2	1	1	0	pass	many_10mad_outliers	review	mad_only_review
background_review	B01173	sub-14	sub-14	9	background_review	False	2	2	0	0	pass	pass	include	no_review_flag
background_review	B01174	sub-14	sub-14	9	background_review	False	2	1	1	0	pass	many_10mad_outliers	review	mad_only_review
background_review	B01175	sub-15	sub-15	10	background_review	False	2	2	0	0	pass	pass	include	no_review_flag
background_review	B01176	sub-15	sub-15	10	background_review	False	2	2	0	0	pass	pass	include	no_review_flag
background_review	B01177	sub-15	sub-15	10	background_review	False	2	2	0	0	pass	pass	include	no_review_flag
background_review	B01178	sub-15	sub-15	10	background_review	False	2	0	2	0	pass	many_10mad_outliers	review	mad_only_review
background_review	B01179	sub-15	sub-15	10	background_review	False	2	1	1	0	pass	many_10mad_outliers	review	mad_only_review
background_review	B01180	sub-15	sub-15	10	background_review	False	2	0	2	0	pass	many_10mad_outliers	review	mad_only_review
background_review	B01181	sub-15	sub-15	10	background_review	False	2	2	0	0	pass	pass	include	no_review_flag
background_review	B01182	sub-15	sub-15	10	background_review	False	2	2	0	0	pass	pass	include	no_review_flag
background_review	B01183	sub-15	sub-15	10	background_review	False	2	2	0	0	pass	pass	include	no_review_flag
background_review	B01184	sub-15	sub-15	10	background_review	False	2	2	0	0	pass	pass	include	no_review_flag
background_review	B01185	sub-15	sub-15	10	background_review	False	2	2	0	0	pass	pass	include	no_review_flag
background_review	B01186	sub-15	sub-15	10	background_review	False	2	2	0	0	pass	pass	include	no_review_flag
background_review	B01187	sub-15	sub-15	10	background_review	False	2	2	0	0	pass	pass	include	no_review_flag
background_review	B01188	sub-15	sub-15	10	background_review	False	2	1	1	0	pass	many_10mad_outliers	review	mad_only_review
background_review	B01189	sub-15	sub-15	10	background_review	False	2	1	1	0	pass	many_10mad_outliers	review	mad_only_review
background_review	B01190	sub-15	sub-15	10	background_review	False	2	2	0	0	pass	pass	include	no_review_flag
background_review	B01191	sub-15	sub-15	10	background_review	False	2	2	0	0	pass	pass	include	no_review_flag
background_review	B01192	sub-15	sub-15	10	background_review	False	2	2	0	0	pass	pass	include	no_review_flag
background_review	B01193	sub-15	sub-15	10	background_review	False	2	2	0	0	pass	pass	include	no_review_flag
background_review	B01194	sub-15	sub-15	10	background_review	False	2	2	0	0	pass	pass	include	no_review_flag
background_review	B01195	sub-15	sub-15	10	background_review	False	2	2	0	0	pass	pass	include	no_review_flag
background_review	B01196	sub-15	sub-15	10	background_review	False	2	2	0	0	pass	pass	include	no_review_flag
background_review	B01197	sub-15	sub-15	10	background_review	False	2	2	0	0	pass	pass	include	no_review_flag
background_review	B01198	sub-15	sub-15	10	background_review	False	2	2	0	0	pass	pass	include	no_review_flag
background_review	B01199	sub-15	sub-15	10	background_review	False	2	0	2	0	pass	many_10mad_outliers	review	mad_only_review
background_review	B01200	sub-15	sub-15	10	background_review	False	2	0	2	0	pass	high_peak_to_peak;high_robust_range;many_10mad_outliers	review	targeted_review
background_review	B01201	sub-15	sub-15	10	background_review	False	2	0	2	0	pass	high_peak_to_peak;many_10mad_outliers	review	targeted_review
background_review	B01202	sub-15	sub-15	10	background_review	False	2	0	2	0	pass	high_robust_range;many_10mad_outliers	review	targeted_review
background_review	B01203	sub-15	sub-15	10	background_review	False	2	0	2	0	pass	many_10mad_outliers	review	mad_only_review
background_review	B01204	sub-15	sub-15	10	background_review	False	2	2	0	0	pass	pass	include	no_review_flag
background_review	B01205	sub-15	sub-15	10	background_review	False	2	2	0	0	pass	pass	include	no_review_flag
background_review	B01206	sub-15	sub-15	10	background_review	False	2	2	0	0	pass	pass	include	no_review_flag
background_review	B01207	sub-15	sub-15	10	background_review	False	2	2	0	0	pass	pass	include	no_review_flag
background_review	B01208	sub-15	sub-15	10	background_review	False	2	0	2	0	pass	high_peak_to_peak;high_robust_range;many_10mad_outliers	review	targeted_review
background_review	B01209	sub-15	sub-15	10	background_review	False	2	0	2	0	pass	high_peak_to_peak;high_robust_range;many_10mad_outliers	review	targeted_review
background_review	B01210	sub-16	sub-16	11	background_review	False	2	2	0	0	pass	pass	include	no_review_flag
background_review	B01211	sub-16	sub-16	11	background_review	False	2	0	2	0	pass	many_10mad_outliers	review	mad_only_review
background_review	B01212	sub-16	sub-16	11	background_review	False	2	2	0	0	pass	pass	include	no_review_flag
background_review	B01213	sub-16	sub-16	11	background_review	False	2	0	2	0	pass	many_10mad_outliers	review	mad_only_review
background_review	B01214	sub-16	sub-16	11	background_review	False	2	0	2	0	pass	many_10mad_outliers	review	mad_only_review
background_review	B01215	sub-16	sub-16	11	background_review	False	2	0	2	0	pass	high_robust_range;many_10mad_outliers	review	targeted_review
background_review	B01216	sub-16	sub-16	11	background_review	False	2	0	2	0	pass	many_10mad_outliers	review	mad_only_review
background_review	B01217	sub-16	sub-16	11	background_review	False	2	0	2	0	pass	many_10mad_outliers	review	mad_only_review
background_review	B01218	sub-16	sub-16	11	background_review	False	2	2	0	0	pass	pass	include	no_review_flag
background_review	B01219	sub-16	sub-16	11	background_review	False	2	2	0	0	pass	pass	include	no_review_flag
background_review	B01220	sub-16	sub-16	11	background_review	False	2	2	0	0	pass	pass	include	no_review_flag
background_review	B01221	sub-16	sub-16	11	background_review	False	2	2	0	0	pass	pass	include	no_review_flag
background_review	B01222	sub-16	sub-16	11	background_review	False	2	1	1	0	pass	many_10mad_outliers	review	mad_only_review
background_review	B01223	sub-16	sub-16	11	background_review	False	2	2	0	0	pass	pass	include	no_review_flag
background_review	B01224	sub-16	sub-16	11	background_review	False	2	0	2	0	pass	high_peak_to_peak;high_robust_range;many_10mad_outliers	review	targeted_review
background_review	B01225	sub-16	sub-16	11	background_review	False	2	0	2	0	pass	high_peak_to_peak;high_robust_range;many_10mad_outliers	review	targeted_review
background_review	B01226	sub-16	sub-16	11	background_review	False	2	2	0	0	pass	pass	include	no_review_flag
background_review	B01227	sub-16	sub-16	11	background_review	False	2	2	0	0	pass	pass	include	no_review_flag
background_review	B01228	sub-16	sub-16	11	background_review	False	2	2	0	0	pass	pass	include	no_review_flag
background_review	B01229	sub-16	sub-16	11	background_review	False	2	2	0	0	pass	pass	include	no_review_flag
background_review	B01230	sub-16	sub-16	11	background_review	False	2	0	2	0	pass	many_10mad_outliers	review	mad_only_review
background_review	B01231	sub-16	sub-16	11	background_review	False	2	1	1	0	pass	many_10mad_outliers	review	mad_only_review
background_review	B01232	sub-16	sub-16	11	background_review	False	2	1	1	0	pass	many_10mad_outliers	review	mad_only_review
background_review	B01233	sub-16	sub-16	11	background_review	False	2	2	0	0	pass	pass	include	no_review_flag
background_review	B01234	sub-16	sub-16	11	background_review	False	2	0	2	0	pass	high_peak_to_peak;high_robust_range;many_10mad_outliers	review	targeted_review
background_review	B01235	sub-16	sub-16	11	background_review	False	2	2	0	0	pass	pass	include	no_review_flag
background_review	B01236	sub-16	sub-16	11	background_review	False	2	2	0	0	pass	pass	include	no_review_flag
background_review	B01237	sub-16	sub-16	11	background_review	False	2	2	0	0	pass	pass	include	no_review_flag
background_review	B01238	sub-16	sub-16	11	background_review	False	2	2	0	0	pass	pass	include	no_review_flag
background_review	B01239	sub-16	sub-16	11	background_review	False	2	1	1	0	pass	many_10mad_outliers	review	mad_only_review
background_review	B01240	sub-16	sub-16	11	background_review	False	2	2	0	0	pass	pass	include	no_review_flag
background_review	B01241	sub-16	sub-16	11	background_review	False	2	0	2	0	pass	many_10mad_outliers	review	mad_only_review
background_review	B01242	sub-16	sub-16	11	background_review	False	2	0	2	0	pass	many_10mad_outliers	review	mad_only_review
background_review	B01243	sub-17	sub-17	92	background_review	False	2	2	0	0	pass	pass	include	no_review_flag
background_review	B01244	sub-17	sub-17	92	background_review	False	2	1	1	0	pass	many_10mad_outliers	review	mad_only_review
background_review	B01245	sub-17	sub-17	92	background_review	False	2	2	0	0	pass	pass	include	no_review_flag
background_review	B01246	sub-17	sub-17	92	background_review	False	2	2	0	0	pass	pass	include	no_review_flag
background_review	B01247	sub-17	sub-17	92	background_review	False	2	2	0	0	pass	pass	include	no_review_flag
background_review	B01248	sub-17	sub-17	92	background_review	False	2	0	2	0	pass	many_10mad_outliers	review	mad_only_review
background_review	B01249	sub-17	sub-17	92	background_review	False	2	1	1	0	pass	many_10mad_outliers	review	mad_only_review
background_review	B01250	sub-17	sub-17	92	background_review	False	2	2	0	0	pass	pass	include	no_review_flag
background_review	B01251	sub-17	sub-17	92	background_review	False	2	2	0	0	pass	pass	include	no_review_flag
background_review	B01252	sub-17	sub-17	92	background_review	False	2	2	0	0	pass	pass	include	no_review_flag
background_review	B01253	sub-17	sub-17	92	background_review	False	2	2	0	0	pass	pass	include	no_review_flag
background_review	B01254	sub-17	sub-17	92	background_review	False	2	2	0	0	pass	pass	include	no_review_flag
background_review	B01255	sub-17	sub-17	92	background_review	False	2	0	2	0	pass	many_10mad_outliers	review	mad_only_review
background_review	B01256	sub-17	sub-17	92	background_review	False	2	0	2	0	pass	many_10mad_outliers	review	mad_only_review
background_review	B01257	sub-17	sub-17	92	background_review	False	2	1	1	0	pass	many_10mad_outliers	review	mad_only_review
background_review	B01258	sub-17	sub-17	92	background_review	False	2	2	0	0	pass	pass	include	no_review_flag
background_review	B01259	sub-17	sub-17	92	background_review	False	2	2	0	0	pass	pass	include	no_review_flag
background_review	B01260	sub-17	sub-17	92	background_review	False	2	2	0	0	pass	pass	include	no_review_flag
background_review	B01261	sub-17	sub-17	92	background_review	False	2	2	0	0	pass	pass	include	no_review_flag
background_review	B01262	sub-17	sub-17	92	background_review	False	2	2	0	0	pass	pass	include	no_review_flag
background_review	B01263	sub-17	sub-17	92	background_review	False	2	0	2	0	pass	many_10mad_outliers	review	mad_only_review
background_review	B01264	sub-17	sub-17	92	background_review	False	2	1	1	0	pass	many_10mad_outliers	review	mad_only_review
background_review	B01265	sub-17	sub-17	92	background_review	False	2	2	0	0	pass	pass	include	no_review_flag
background_review	B01266	sub-17	sub-17	92	background_review	False	2	2	0	0	pass	pass	include	no_review_flag
background_review	B01267	sub-17	sub-17	92	background_review	False	2	2	0	0	pass	pass	include	no_review_flag
background_review	B01268	sub-17	sub-17	92	background_review	False	2	2	0	0	pass	pass	include	no_review_flag
background_review	B01269	sub-17	sub-17	92	background_review	False	2	2	0	0	pass	pass	include	no_review_flag
background_review	B01270	sub-17	sub-17	92	background_review	False	2	2	0	0	pass	pass	include	no_review_flag
background_review	B01271	sub-17	sub-17	92	background_review	False	2	2	0	0	pass	pass	include	no_review_flag
background_review	B01272	sub-17	sub-17	92	background_review	False	2	1	1	0	pass	many_10mad_outliers	review	mad_only_review
background_review	B01273	sub-17	sub-17	92	background_review	False	2	1	1	0	pass	many_10mad_outliers	review	mad_only_review
background_review	B01274	sub-17	sub-17	92	background_review	False	2	2	0	0	pass	pass	include	no_review_flag
background_review	B01275	sub-17	sub-17	92	background_review	False	2	1	1	0	pass	many_10mad_outliers	review	mad_only_review
background_review	B01276	sub-18	sub-18	12	background_review	False	2	2	0	0	pass	pass	include	no_review_flag
background_review	B01277	sub-18	sub-18	12	background_review	False	2	2	0	0	pass	pass	include	no_review_flag
background_review	B01278	sub-18	sub-18	12	background_review	False	2	2	0	0	pass	pass	include	no_review_flag
background_review	B01279	sub-18	sub-18	12	background_review	False	2	0	2	0	pass	many_10mad_outliers	review	mad_only_review
background_review	B01280	sub-18	sub-18	12	background_review	False	2	0	2	0	pass	many_10mad_outliers	review	mad_only_review
background_review	B01281	sub-18	sub-18	12	background_review	False	2	1	1	0	pass	many_10mad_outliers	review	mad_only_review
background_review	B01282	sub-18	sub-18	12	background_review	False	2	0	2	0	pass	many_10mad_outliers	review	mad_only_review
background_review	B01283	sub-18	sub-18	12	background_review	False	2	2	0	0	pass	pass	include	no_review_flag
background_review	B01284	sub-18	sub-18	12	background_review	False	2	2	0	0	pass	pass	include	no_review_flag
background_review	B01285	sub-18	sub-18	12	background_review	False	2	2	0	0	pass	pass	include	no_review_flag
background_review	B01286	sub-18	sub-18	12	background_review	False	2	2	0	0	pass	pass	include	no_review_flag
background_review	B01287	sub-18	sub-18	12	background_review	False	2	2	0	0	pass	pass	include	no_review_flag
background_review	B01288	sub-18	sub-18	12	background_review	False	2	2	0	0	pass	pass	include	no_review_flag
background_review	B01289	sub-18	sub-18	12	background_review	False	2	1	1	0	pass	many_10mad_outliers	review	mad_only_review
background_review	B01290	sub-18	sub-18	12	background_review	False	2	2	0	0	pass	pass	include	no_review_flag
background_review	B01291	sub-18	sub-18	12	background_review	False	2	2	0	0	pass	pass	include	no_review_flag
background_review	B01292	sub-18	sub-18	12	background_review	False	2	2	0	0	pass	pass	include	no_review_flag
background_review	B01293	sub-18	sub-18	12	background_review	False	2	2	0	0	pass	pass	include	no_review_flag
background_review	B01294	sub-18	sub-18	12	background_review	False	2	2	0	0	pass	pass	include	no_review_flag
background_review	B01295	sub-18	sub-18	12	background_review	False	2	0	2	0	pass	many_10mad_outliers	review	mad_only_review
background_review	B01296	sub-18	sub-18	12	background_review	False	2	2	0	0	pass	pass	include	no_review_flag
background_review	B01297	sub-18	sub-18	12	background_review	False	2	2	0	0	pass	pass	include	no_review_flag
background_review	B01298	sub-18	sub-18	12	background_review	False	2	2	0	0	pass	pass	include	no_review_flag
background_review	B01299	sub-18	sub-18	12	background_review	False	2	0	2	0	pass	many_10mad_outliers	review	mad_only_review
background_review	B01300	sub-18	sub-18	12	background_review	False	2	1	1	0	pass	many_10mad_outliers	review	mad_only_review
background_review	B01301	sub-18	sub-18	12	background_review	False	2	1	1	0	pass	many_10mad_outliers	review	mad_only_review
background_review	B01302	sub-18	sub-18	12	background_review	False	2	2	0	0	pass	pass	include	no_review_flag
background_review	B01303	sub-18	sub-18	12	background_review	False	2	2	0	0	pass	pass	include	no_review_flag
background_review	B01304	sub-18	sub-18	12	background_review	False	2	2	0	0	pass	pass	include	no_review_flag
background_review	B01305	sub-18	sub-18	12	background_review	False	2	2	0	0	pass	pass	include	no_review_flag
background_review	B01306	sub-18	sub-18	12	background_review	False	2	2	0	0	pass	pass	include	no_review_flag
background_review	B01307	sub-18	sub-18	12	background_review	False	2	2	0	0	pass	pass	include	no_review_flag
background_review	B01308	sub-18	sub-18	12	background_review	False	2	0	2	0	pass	many_10mad_outliers	review	mad_only_review
background_review	B01309	sub-18	sub-18	12	background_review	False	2	0	2	0	pass	many_10mad_outliers	review	mad_only_review
background_review	B01310	sub-19	sub-19	93	background_review	False	2	1	1	0	pass	many_10mad_outliers	review	mad_only_review
background_review	B01311	sub-19	sub-19	93	background_review	False	2	1	1	0	pass	many_10mad_outliers	review	mad_only_review
background_review	B01312	sub-19	sub-19	93	background_review	False	2	2	0	0	pass	pass	include	no_review_flag
background_review	B01313	sub-19	sub-19	93	background_review	False	2	0	2	0	pass	many_10mad_outliers	review	mad_only_review
background_review	B01314	sub-19	sub-19	93	background_review	False	2	1	1	0	pass	many_10mad_outliers	review	mad_only_review
background_review	B01315	sub-19	sub-19	93	background_review	False	2	0	2	0	pass	many_10mad_outliers	review	mad_only_review
background_review	B01316	sub-19	sub-19	93	background_review	False	2	2	0	0	pass	pass	include	no_review_flag
background_review	B01317	sub-19	sub-19	93	background_review	False	2	0	2	0	pass	high_robust_range;many_10mad_outliers	review	targeted_review
background_review	B01318	sub-19	sub-19	93	background_review	False	2	2	0	0	pass	pass	include	no_review_flag
background_review	B01319	sub-19	sub-19	93	background_review	False	2	0	2	0	pass	many_10mad_outliers	review	mad_only_review
background_review	B01320	sub-19	sub-19	93	background_review	False	2	2	0	0	pass	pass	include	no_review_flag
background_review	B01321	sub-19	sub-19	93	background_review	False	2	2	0	0	pass	pass	include	no_review_flag
background_review	B01322	sub-19	sub-19	93	background_review	False	2	2	0	0	pass	pass	include	no_review_flag
background_review	B01323	sub-19	sub-19	93	background_review	False	2	2	0	0	pass	pass	include	no_review_flag
background_review	B01324	sub-19	sub-19	93	background_review	False	2	0	2	0	pass	many_10mad_outliers	review	mad_only_review
background_review	B01325	sub-19	sub-19	93	background_review	False	2	0	2	0	pass	many_10mad_outliers	review	mad_only_review
background_review	B01326	sub-19	sub-19	93	background_review	False	2	2	0	0	pass	pass	include	no_review_flag
background_review	B01327	sub-19	sub-19	93	background_review	False	2	2	0	0	pass	pass	include	no_review_flag
background_review	B01328	sub-19	sub-19	93	background_review	False	2	2	0	0	pass	pass	include	no_review_flag
background_review	B01329	sub-19	sub-19	93	background_review	False	2	2	0	0	pass	pass	include	no_review_flag
background_review	B01330	sub-19	sub-19	93	background_review	False	2	0	2	0	pass	high_robust_range;many_10mad_outliers	review	targeted_review
background_review	B01331	sub-19	sub-19	93	background_review	False	2	1	1	0	pass	many_10mad_outliers	review	mad_only_review
background_review	B01332	sub-19	sub-19	93	background_review	False	2	2	0	0	pass	pass	include	no_review_flag
background_review	B01333	sub-19	sub-19	93	background_review	False	2	2	0	0	pass	pass	include	no_review_flag
background_review	B01334	sub-19	sub-19	93	background_review	False	2	2	0	0	pass	pass	include	no_review_flag
background_review	B01335	sub-19	sub-19	93	background_review	False	2	1	1	0	pass	many_10mad_outliers	review	mad_only_review
background_review	B01336	sub-19	sub-19	93	background_review	False	2	2	0	0	pass	pass	include	no_review_flag
background_review	B01337	sub-19	sub-19	93	background_review	False	2	1	1	0	pass	many_10mad_outliers	review	mad_only_review
background_review	B01338	sub-19	sub-19	93	background_review	False	2	1	1	0	pass	many_10mad_outliers	review	mad_only_review
background_review	B01339	sub-19	sub-19	93	background_review	False	2	2	0	0	pass	pass	include	no_review_flag
background_review	B01340	sub-19	sub-19	93	background_review	False	2	2	0	0	pass	pass	include	no_review_flag
background_review	B01341	sub-19	sub-19	93	background_review	False	2	2	0	0	pass	pass	include	no_review_flag
background_review	B01342	sub-19	sub-19	93	background_review	False	2	2	0	0	pass	pass	include	no_review_flag
background_review	B01343	sub-19	sub-19	93	background_review	False	2	2	0	0	pass	pass	include	no_review_flag
background_review	B01344	sub-19	sub-19	93	background_review	False	2	2	0	0	pass	pass	include	no_review_flag
background_review	B01345	sub-19	sub-19	93	background_review	False	2	2	0	0	pass	pass	include	no_review_flag
background_review	B01346	sub-19	sub-19	93	background_review	False	2	2	0	0	pass	pass	include	no_review_flag
background_review	B01347	sub-2	sub-2	89	background_review	False	2	2	0	0	pass	pass	include	no_review_flag
background_review	B01348	sub-2	sub-2	89	background_review	False	2	2	0	0	pass	pass	include	no_review_flag
background_review	B01349	sub-2	sub-2	89	background_review	False	2	2	0	0	pass	pass	include	no_review_flag
background_review	B01350	sub-2	sub-2	89	background_review	False	2	2	0	0	pass	pass	include	no_review_flag
background_review	B01351	sub-2	sub-2	89	background_review	False	2	2	0	0	pass	pass	include	no_review_flag
background_review	B01352	sub-2	sub-2	89	background_review	False	2	2	0	0	pass	pass	include	no_review_flag
background_review	B01353	sub-2	sub-2	89	background_review	False	2	1	1	0	pass	many_10mad_outliers	review	mad_only_review
background_review	B01354	sub-2	sub-2	89	background_review	False	2	2	0	0	pass	pass	include	no_review_flag
background_review	B01355	sub-2	sub-2	89	background_review	False	2	2	0	0	pass	pass	include	no_review_flag
background_review	B01356	sub-2	sub-2	89	background_review	False	2	2	0	0	pass	pass	include	no_review_flag
background_review	B01357	sub-2	sub-2	89	background_review	False	2	2	0	0	pass	pass	include	no_review_flag
background_review	B01358	sub-2	sub-2	89	background_review	False	2	2	0	0	pass	pass	include	no_review_flag
background_review	B01359	sub-2	sub-2	89	background_review	False	2	2	0	0	pass	pass	include	no_review_flag
background_review	B01360	sub-2	sub-2	89	background_review	False	2	2	0	0	pass	pass	include	no_review_flag
background_review	B01361	sub-2	sub-2	89	background_review	False	2	2	0	0	pass	pass	include	no_review_flag
background_review	B01362	sub-2	sub-2	89	background_review	False	2	2	0	0	pass	pass	include	no_review_flag
background_review	B01363	sub-2	sub-2	89	background_review	False	2	0	2	0	pass	many_10mad_outliers	review	mad_only_review
background_review	B01364	sub-2	sub-2	89	background_review	False	2	1	1	0	pass	many_10mad_outliers	review	mad_only_review
background_review	B01365	sub-2	sub-2	89	background_review	False	2	2	0	0	pass	pass	include	no_review_flag
background_review	B01366	sub-2	sub-2	89	background_review	False	2	2	0	0	pass	pass	include	no_review_flag
background_review	B01367	sub-2	sub-2	89	background_review	False	2	2	0	0	pass	pass	include	no_review_flag
background_review	B01368	sub-2	sub-2	89	background_review	False	2	2	0	0	pass	pass	include	no_review_flag
background_review	B01369	sub-2	sub-2	89	background_review	False	2	2	0	0	pass	pass	include	no_review_flag
background_review	B01370	sub-2	sub-2	89	background_review	False	2	2	0	0	pass	pass	include	no_review_flag
background_review	B01371	sub-2	sub-2	89	background_review	False	2	2	0	0	pass	pass	include	no_review_flag
background_review	B01372	sub-2	sub-2	89	background_review	False	2	2	0	0	pass	pass	include	no_review_flag
background_review	B01373	sub-2	sub-2	89	background_review	False	2	2	0	0	pass	pass	include	no_review_flag
background_review	B01374	sub-2	sub-2	89	background_review	False	2	2	0	0	pass	pass	include	no_review_flag
background_review	B01375	sub-2	sub-2	89	background_review	False	2	2	0	0	pass	pass	include	no_review_flag
background_review	B01376	sub-2	sub-2	89	background_review	False	2	2	0	0	pass	pass	include	no_review_flag
background_review	B01377	sub-2	sub-2	89	background_review	False	2	2	0	0	pass	pass	include	no_review_flag
background_review	B01378	sub-2	sub-2	89	background_review	False	2	2	0	0	pass	pass	include	no_review_flag
background_review	B01379	sub-2	sub-2	89	background_review	False	2	2	0	0	pass	pass	include	no_review_flag
background_review	B01380	sub-2	sub-2	89	background_review	False	2	2	0	0	pass	pass	include	no_review_flag
background_review	B01381	sub-2	sub-2	89	background_review	False	2	2	0	0	pass	pass	include	no_review_flag
background_review	B01382	sub-2	sub-2	89	background_review	False	2	2	0	0	pass	pass	include	no_review_flag
background_review	B01383	sub-2	sub-2	89	background_review	False	2	2	0	0	pass	pass	include	no_review_flag
background_review	B01384	sub-2	sub-2	89	background_review	False	2	2	0	0	pass	pass	include	no_review_flag
background_review	B01385	sub-2	sub-2	89	background_review	False	2	2	0	0	pass	pass	include	no_review_flag
background_review	B01386	sub-2	sub-2	89	background_review	False	2	2	0	0	pass	pass	include	no_review_flag
background_review	B01387	sub-20	sub-20	13	background_review	False	2	2	0	0	pass	pass	include	no_review_flag
background_review	B01388	sub-20	sub-20	13	background_review	False	2	2	0	0	pass	pass	include	no_review_flag
background_review	B01389	sub-20	sub-20	13	background_review	False	2	2	0	0	pass	pass	include	no_review_flag
background_review	B01390	sub-20	sub-20	13	background_review	False	2	0	2	0	pass	many_10mad_outliers	review	mad_only_review
background_review	B01391	sub-20	sub-20	13	background_review	False	2	0	2	0	pass	high_peak_to_peak;high_robust_range;many_10mad_outliers;many_abrupt_jumps;repeated_endpoints	review	targeted_review
background_review	B01392	sub-20	sub-20	13	background_review	False	2	1	1	0	pass	many_10mad_outliers	review	mad_only_review
background_review	B01393	sub-20	sub-20	13	background_review	False	2	0	2	0	pass	many_10mad_outliers	review	mad_only_review
background_review	B01394	sub-20	sub-20	13	background_review	False	2	2	0	0	pass	pass	include	no_review_flag
background_review	B01395	sub-20	sub-20	13	background_review	False	2	2	0	0	pass	pass	include	no_review_flag
background_review	B01396	sub-20	sub-20	13	background_review	False	2	2	0	0	pass	pass	include	no_review_flag
background_review	B01397	sub-20	sub-20	13	background_review	False	2	2	0	0	pass	pass	include	no_review_flag
background_review	B01398	sub-20	sub-20	13	background_review	False	2	1	1	0	pass	many_10mad_outliers	review	mad_only_review
background_review	B01399	sub-20	sub-20	13	background_review	False	2	0	2	0	pass	many_10mad_outliers	review	mad_only_review
background_review	B01400	sub-20	sub-20	13	background_review	False	2	0	2	0	pass	many_10mad_outliers	review	mad_only_review
background_review	B01401	sub-20	sub-20	13	background_review	False	2	2	0	0	pass	pass	include	no_review_flag
background_review	B01402	sub-20	sub-20	13	background_review	False	2	2	0	0	pass	pass	include	no_review_flag
background_review	B01403	sub-20	sub-20	13	background_review	False	2	2	0	0	pass	pass	include	no_review_flag
background_review	B01404	sub-20	sub-20	13	background_review	False	2	2	0	0	pass	pass	include	no_review_flag
background_review	B01405	sub-20	sub-20	13	background_review	False	2	2	0	0	pass	pass	include	no_review_flag
background_review	B01406	sub-20	sub-20	13	background_review	False	2	0	2	0	pass	high_robust_range	review	targeted_review
background_review	B01407	sub-20	sub-20	13	background_review	False	2	1	1	0	pass	many_10mad_outliers	review	mad_only_review
background_review	B01408	sub-20	sub-20	13	background_review	False	2	2	0	0	pass	pass	include	no_review_flag
background_review	B01409	sub-20	sub-20	13	background_review	False	2	1	1	0	pass	many_10mad_outliers	review	mad_only_review
background_review	B01410	sub-20	sub-20	13	background_review	False	2	0	2	0	pass	many_10mad_outliers	review	mad_only_review
background_review	B01411	sub-20	sub-20	13	background_review	False	2	2	0	0	pass	pass	include	no_review_flag
background_review	B01412	sub-20	sub-20	13	background_review	False	2	0	2	0	pass	high_robust_range;many_10mad_outliers	review	targeted_review
background_review	B01413	sub-20	sub-20	13	background_review	False	2	0	2	0	pass	high_peak_to_peak;high_robust_range;many_10mad_outliers;many_abrupt_jumps;repeated_endpoints	review	targeted_review
background_review	B01414	sub-20	sub-20	13	background_review	False	2	0	2	0	pass	high_peak_to_peak;high_robust_range;many_10mad_outliers;many_abrupt_jumps;repeated_endpoints	review	targeted_review
background_review	B01415	sub-20	sub-20	13	background_review	False	2	2	0	0	pass	pass	include	no_review_flag
background_review	B01416	sub-20	sub-20	13	background_review	False	2	2	0	0	pass	pass	include	no_review_flag
background_review	B01417	sub-20	sub-20	13	background_review	False	2	2	0	0	pass	pass	include	no_review_flag
background_review	B01418	sub-20	sub-20	13	background_review	False	2	0	2	0	pass	high_peak_to_peak;high_robust_range;many_10mad_outliers	review	targeted_review
background_review	B01419	sub-20	sub-20	13	background_review	False	2	0	2	0	pass	high_robust_range	review	targeted_review
background_review	B01420	sub-20	sub-20	13	background_review	False	2	0	2	0	pass	many_10mad_outliers	review	mad_only_review
background_review	B01421	sub-20	sub-20	13	background_review	False	2	0	2	0	pass	many_10mad_outliers	review	mad_only_review
background_review	B01422	sub-20	sub-20	13	background_review	False	2	0	2	0	pass	many_10mad_outliers	review	mad_only_review
background_review	B01423	sub-20	sub-20	13	background_review	False	2	0	2	0	pass	many_10mad_outliers	review	mad_only_review
background_review	B01424	sub-21	sub-21	93	background_review	False	2	2	0	0	pass	pass	include	no_review_flag
background_review	B01425	sub-21	sub-21	93	background_review	False	2	2	0	0	pass	pass	include	no_review_flag
background_review	B01426	sub-21	sub-21	93	background_review	False	2	2	0	0	pass	pass	include	no_review_flag
background_review	B01427	sub-21	sub-21	93	background_review	False	2	2	0	0	pass	pass	include	no_review_flag
background_review	B01428	sub-21	sub-21	93	background_review	False	2	0	2	0	pass	high_robust_range;many_10mad_outliers	review	targeted_review
background_review	B01429	sub-21	sub-21	93	background_review	False	2	0	2	0	pass	high_robust_range;many_10mad_outliers	review	targeted_review
background_review	B01430	sub-21	sub-21	93	background_review	False	2	0	2	0	pass	many_10mad_outliers	review	mad_only_review
background_review	B01431	sub-21	sub-21	93	background_review	False	2	2	0	0	pass	pass	include	no_review_flag
background_review	B01432	sub-21	sub-21	93	background_review	False	2	2	0	0	pass	pass	include	no_review_flag
background_review	B01433	sub-21	sub-21	93	background_review	False	2	2	0	0	pass	pass	include	no_review_flag
background_review	B01434	sub-21	sub-21	93	background_review	False	2	2	0	0	pass	pass	include	no_review_flag
background_review	B01435	sub-21	sub-21	93	background_review	False	2	1	1	0	pass	many_10mad_outliers	review	mad_only_review
background_review	B01436	sub-21	sub-21	93	background_review	False	2	1	1	0	pass	many_10mad_outliers	review	mad_only_review
background_review	B01437	sub-21	sub-21	93	background_review	False	2	0	2	0	pass	high_peak_to_peak;high_robust_range;many_10mad_outliers;repeated_endpoints	review	targeted_review
background_review	B01438	sub-21	sub-21	93	background_review	False	2	0	2	0	pass	high_robust_range;many_10mad_outliers	review	targeted_review
background_review	B01439	sub-21	sub-21	93	background_review	False	2	2	0	0	pass	pass	include	no_review_flag
background_review	B01440	sub-21	sub-21	93	background_review	False	2	2	0	0	pass	pass	include	no_review_flag
background_review	B01441	sub-21	sub-21	93	background_review	False	2	2	0	0	pass	pass	include	no_review_flag
background_review	B01442	sub-21	sub-21	93	background_review	False	2	2	0	0	pass	pass	include	no_review_flag
background_review	B01443	sub-21	sub-21	93	background_review	False	2	0	2	0	pass	high_peak_to_peak;high_robust_range;many_10mad_outliers	review	targeted_review
background_review	B01444	sub-21	sub-21	93	background_review	False	2	0	2	0	pass	high_robust_range;many_10mad_outliers	review	targeted_review
background_review	B01445	sub-21	sub-21	93	background_review	False	2	1	1	0	pass	many_10mad_outliers	review	mad_only_review
background_review	B01446	sub-21	sub-21	93	background_review	False	2	1	1	0	pass	many_10mad_outliers	review	mad_only_review
background_review	B01447	sub-21	sub-21	93	background_review	False	2	2	0	0	pass	pass	include	no_review_flag
background_review	B01448	sub-21	sub-21	93	background_review	False	2	2	0	0	pass	pass	include	no_review_flag
background_review	B01449	sub-21	sub-21	93	background_review	False	2	2	0	0	pass	pass	include	no_review_flag
background_review	B01450	sub-21	sub-21	93	background_review	False	2	1	1	0	pass	many_10mad_outliers	review	mad_only_review
background_review	B01451	sub-21	sub-21	93	background_review	False	2	1	1	0	pass	many_10mad_outliers	review	mad_only_review
background_review	B01452	sub-21	sub-21	93	background_review	False	2	2	0	0	pass	pass	include	no_review_flag
background_review	B01453	sub-21	sub-21	93	background_review	False	2	2	0	0	pass	pass	include	no_review_flag
background_review	B01454	sub-21	sub-21	93	background_review	False	2	2	0	0	pass	pass	include	no_review_flag
background_review	B01455	sub-21	sub-21	93	background_review	False	2	2	0	0	pass	pass	include	no_review_flag
background_review	B01456	sub-21	sub-21	93	background_review	False	2	1	1	0	pass	many_10mad_outliers	review	mad_only_review
background_review	B01457	sub-21	sub-21	93	background_review	False	2	1	1	0	pass	many_10mad_outliers	review	mad_only_review
background_review	B01458	sub-21	sub-21	93	background_review	False	2	2	0	0	pass	pass	include	no_review_flag
background_review	B01459	sub-21	sub-21	93	background_review	False	2	2	0	0	pass	pass	include	no_review_flag
background_review	B01460	sub-22	sub-22	14	background_review	False	2	2	0	0	pass	pass	include	no_review_flag
background_review	B01461	sub-22	sub-22	14	background_review	False	2	2	0	0	pass	pass	include	no_review_flag
background_review	B01462	sub-22	sub-22	14	background_review	False	2	2	0	0	pass	pass	include	no_review_flag
background_review	B01463	sub-22	sub-22	14	background_review	False	2	2	0	0	pass	pass	include	no_review_flag
background_review	B01464	sub-22	sub-22	14	background_review	False	2	2	0	0	pass	pass	include	no_review_flag
background_review	B01465	sub-22	sub-22	14	background_review	False	2	0	2	0	pass	many_10mad_outliers	review	mad_only_review
background_review	B01466	sub-22	sub-22	14	background_review	False	2	0	2	0	pass	many_10mad_outliers	review	mad_only_review
background_review	B01467	sub-22	sub-22	14	background_review	False	2	2	0	0	pass	pass	include	no_review_flag
background_review	B01468	sub-22	sub-22	14	background_review	False	2	2	0	0	pass	pass	include	no_review_flag
background_review	B01469	sub-22	sub-22	14	background_review	False	2	2	0	0	pass	pass	include	no_review_flag
background_review	B01470	sub-22	sub-22	14	background_review	False	2	2	0	0	pass	pass	include	no_review_flag
background_review	B01471	sub-22	sub-22	14	background_review	False	2	2	0	0	pass	pass	include	no_review_flag
background_review	B01472	sub-22	sub-22	14	background_review	False	2	2	0	0	pass	pass	include	no_review_flag
background_review	B01473	sub-22	sub-22	14	background_review	False	2	0	2	0	pass	many_10mad_outliers	review	mad_only_review
background_review	B01474	sub-22	sub-22	14	background_review	False	2	0	2	0	pass	many_10mad_outliers	review	mad_only_review
background_review	B01475	sub-22	sub-22	14	background_review	False	2	2	0	0	pass	pass	include	no_review_flag
background_review	B01476	sub-22	sub-22	14	background_review	False	2	2	0	0	pass	pass	include	no_review_flag
background_review	B01477	sub-22	sub-22	14	background_review	False	2	2	0	0	pass	pass	include	no_review_flag
background_review	B01478	sub-22	sub-22	14	background_review	False	2	2	0	0	pass	pass	include	no_review_flag
background_review	B01479	sub-22	sub-22	14	background_review	False	2	0	2	0	pass	many_10mad_outliers	review	mad_only_review
background_review	B01480	sub-22	sub-22	14	background_review	False	2	2	0	0	pass	pass	include	no_review_flag
background_review	B01481	sub-22	sub-22	14	background_review	False	2	2	0	0	pass	pass	include	no_review_flag
background_review	B01482	sub-22	sub-22	14	background_review	False	2	2	0	0	pass	pass	include	no_review_flag
background_review	B01483	sub-22	sub-22	14	background_review	False	2	0	2	0	pass	many_10mad_outliers	review	mad_only_review
background_review	B01484	sub-22	sub-22	14	background_review	False	2	0	2	0	pass	many_10mad_outliers	review	mad_only_review
background_review	B01485	sub-22	sub-22	14	background_review	False	2	0	2	0	pass	many_10mad_outliers	review	mad_only_review
background_review	B01486	sub-22	sub-22	14	background_review	False	2	1	1	0	pass	many_10mad_outliers	review	mad_only_review
background_review	B01487	sub-22	sub-22	14	background_review	False	2	0	2	0	pass	many_10mad_outliers	review	mad_only_review
background_review	B01488	sub-22	sub-22	14	background_review	False	2	0	2	0	pass	many_10mad_outliers	review	mad_only_review
background_review	B01489	sub-22	sub-22	14	background_review	False	2	1	1	0	pass	many_10mad_outliers	review	mad_only_review
background_review	B01490	sub-22	sub-22	14	background_review	False	2	2	0	0	pass	pass	include	no_review_flag
background_review	B01491	sub-22	sub-22	14	background_review	False	2	2	0	0	pass	pass	include	no_review_flag
background_review	B01492	sub-22	sub-22	14	background_review	False	2	2	0	0	pass	pass	include	no_review_flag
background_review	B01493	sub-22	sub-22	14	background_review	False	2	2	0	0	pass	pass	include	no_review_flag
background_review	B01494	sub-22	sub-22	14	background_review	False	2	2	0	0	pass	pass	include	no_review_flag
background_review	B01495	sub-22	sub-22	14	background_review	False	2	2	0	0	pass	pass	include	no_review_flag
background_review	B01496	sub-22	sub-22	14	background_review	False	2	0	2	0	pass	many_10mad_outliers	review	mad_only_review
background_review	B01497	sub-22	sub-22	14	background_review	False	2	0	2	0	pass	many_10mad_outliers	review	mad_only_review
background_review	B01498	sub-23	sub-23	15	background_review	False	2	2	0	0	pass	pass	include	no_review_flag
background_review	B01499	sub-23	sub-23	15	background_review	False	2	2	0	0	pass	pass	include	no_review_flag
background_review	B01500	sub-23	sub-23	15	background_review	False	2	2	0	0	pass	pass	include	no_review_flag
background_review	B01501	sub-23	sub-23	15	background_review	False	2	2	0	0	pass	pass	include	no_review_flag
background_review	B01502	sub-23	sub-23	15	background_review	False	2	2	0	0	pass	pass	include	no_review_flag
background_review	B01503	sub-23	sub-23	15	background_review	False	2	2	0	0	pass	pass	include	no_review_flag
background_review	B01504	sub-23	sub-23	15	background_review	False	2	1	1	0	pass	many_10mad_outliers	review	mad_only_review
background_review	B01505	sub-23	sub-23	15	background_review	False	2	2	0	0	pass	pass	include	no_review_flag
background_review	B01506	sub-23	sub-23	15	background_review	False	2	2	0	0	pass	pass	include	no_review_flag
background_review	B01507	sub-23	sub-23	15	background_review	False	2	2	0	0	pass	pass	include	no_review_flag
background_review	B01508	sub-23	sub-23	15	background_review	False	2	2	0	0	pass	pass	include	no_review_flag
background_review	B01509	sub-23	sub-23	15	background_review	False	2	2	0	0	pass	pass	include	no_review_flag
background_review	B01510	sub-23	sub-23	15	background_review	False	2	0	2	0	pass	many_10mad_outliers	review	mad_only_review
background_review	B01511	sub-23	sub-23	15	background_review	False	2	0	2	0	pass	many_10mad_outliers	review	mad_only_review
background_review	B01512	sub-23	sub-23	15	background_review	False	2	0	2	0	pass	many_10mad_outliers	review	mad_only_review
background_review	B01513	sub-23	sub-23	15	background_review	False	2	2	0	0	pass	pass	include	no_review_flag
background_review	B01514	sub-23	sub-23	15	background_review	False	2	2	0	0	pass	pass	include	no_review_flag
background_review	B01515	sub-23	sub-23	15	background_review	False	2	2	0	0	pass	pass	include	no_review_flag
background_review	B01516	sub-23	sub-23	15	background_review	False	2	0	2	0	pass	many_10mad_outliers	review	mad_only_review
background_review	B01517	sub-23	sub-23	15	background_review	False	2	2	0	0	pass	pass	include	no_review_flag
background_review	B01518	sub-23	sub-23	15	background_review	False	2	0	2	0	pass	many_10mad_outliers	review	mad_only_review
background_review	B01519	sub-23	sub-23	15	background_review	False	2	0	2	0	pass	many_10mad_outliers	review	mad_only_review
background_review	B01520	sub-23	sub-23	15	background_review	False	2	0	2	0	pass	many_10mad_outliers	review	mad_only_review
background_review	B01521	sub-23	sub-23	15	background_review	False	2	2	0	0	pass	pass	include	no_review_flag
background_review	B01522	sub-23	sub-23	15	background_review	False	2	2	0	0	pass	pass	include	no_review_flag
background_review	B01523	sub-23	sub-23	15	background_review	False	2	2	0	0	pass	pass	include	no_review_flag
background_review	B01524	sub-23	sub-23	15	background_review	False	2	2	0	0	pass	pass	include	no_review_flag
background_review	B01525	sub-23	sub-23	15	background_review	False	2	2	0	0	pass	pass	include	no_review_flag
background_review	B01526	sub-23	sub-23	15	background_review	False	2	2	0	0	pass	pass	include	no_review_flag
background_review	B01527	sub-23	sub-23	15	background_review	False	2	2	0	0	pass	pass	include	no_review_flag
background_review	B01528	sub-23	sub-23	15	background_review	False	2	2	0	0	pass	pass	include	no_review_flag
background_review	B01529	sub-23	sub-23	15	background_review	False	2	2	0	0	pass	pass	include	no_review_flag
background_review	B01530	sub-23	sub-23	15	background_review	False	2	0	2	0	pass	many_10mad_outliers	review	mad_only_review
background_review	B01531	sub-23	sub-23	15	background_review	False	2	0	2	0	pass	many_10mad_outliers	review	mad_only_review
background_review	B01532	sub-23	sub-23	15	background_review	False	2	2	0	0	pass	pass	include	no_review_flag
background_review	B01533	sub-23	sub-23	15	background_review	False	2	2	0	0	pass	pass	include	no_review_flag
background_review	B01534	sub-24	sub-24	16	background_review	False	2	2	0	0	pass	pass	include	no_review_flag
background_review	B01535	sub-24	sub-24	16	background_review	False	2	2	0	0	pass	pass	include	no_review_flag
background_review	B01536	sub-24	sub-24	16	background_review	False	2	2	0	0	pass	pass	include	no_review_flag
background_review	B01537	sub-24	sub-24	16	background_review	False	2	2	0	0	pass	pass	include	no_review_flag
background_review	B01538	sub-24	sub-24	16	background_review	False	2	1	1	0	pass	many_10mad_outliers	review	mad_only_review
background_review	B01539	sub-24	sub-24	16	background_review	False	2	2	0	0	pass	pass	include	no_review_flag
background_review	B01540	sub-24	sub-24	16	background_review	False	2	2	0	0	pass	pass	include	no_review_flag
background_review	B01541	sub-24	sub-24	16	background_review	False	2	2	0	0	pass	pass	include	no_review_flag
background_review	B01542	sub-24	sub-24	16	background_review	False	2	2	0	0	pass	pass	include	no_review_flag
background_review	B01543	sub-24	sub-24	16	background_review	False	2	2	0	0	pass	pass	include	no_review_flag
background_review	B01544	sub-24	sub-24	16	background_review	False	2	2	0	0	pass	pass	include	no_review_flag
background_review	B01545	sub-24	sub-24	16	background_review	False	2	2	0	0	pass	pass	include	no_review_flag
background_review	B01546	sub-24	sub-24	16	background_review	False	2	0	2	0	pass	many_10mad_outliers	review	mad_only_review
background_review	B01547	sub-24	sub-24	16	background_review	False	2	2	0	0	pass	pass	include	no_review_flag
background_review	B01548	sub-24	sub-24	16	background_review	False	2	2	0	0	pass	pass	include	no_review_flag
background_review	B01549	sub-24	sub-24	16	background_review	False	2	2	0	0	pass	pass	include	no_review_flag
background_review	B01550	sub-24	sub-24	16	background_review	False	2	2	0	0	pass	pass	include	no_review_flag
background_review	B01551	sub-24	sub-24	16	background_review	False	2	2	0	0	pass	pass	include	no_review_flag
background_review	B01552	sub-24	sub-24	16	background_review	False	2	1	1	0	pass	many_10mad_outliers	review	mad_only_review
background_review	B01553	sub-24	sub-24	16	background_review	False	2	2	0	0	pass	pass	include	no_review_flag
background_review	B01554	sub-24	sub-24	16	background_review	False	2	2	0	0	pass	pass	include	no_review_flag
background_review	B01555	sub-24	sub-24	16	background_review	False	2	2	0	0	pass	pass	include	no_review_flag
background_review	B01556	sub-24	sub-24	16	background_review	False	2	2	0	0	pass	pass	include	no_review_flag
background_review	B01557	sub-24	sub-24	16	background_review	False	2	2	0	0	pass	pass	include	no_review_flag
background_review	B01558	sub-24	sub-24	16	background_review	False	2	2	0	0	pass	pass	include	no_review_flag
background_review	B01559	sub-24	sub-24	16	background_review	False	2	2	0	0	pass	pass	include	no_review_flag
background_review	B01560	sub-24	sub-24	16	background_review	False	2	2	0	0	pass	pass	include	no_review_flag
background_review	B01561	sub-24	sub-24	16	background_review	False	2	2	0	0	pass	pass	include	no_review_flag
background_review	B01562	sub-24	sub-24	16	background_review	False	2	2	0	0	pass	pass	include	no_review_flag
background_review	B01563	sub-24	sub-24	16	background_review	False	2	2	0	0	pass	pass	include	no_review_flag
background_review	B01564	sub-24	sub-24	16	background_review	False	2	2	0	0	pass	pass	include	no_review_flag
background_review	B01565	sub-24	sub-24	16	background_review	False	2	2	0	0	pass	pass	include	no_review_flag
background_review	B01566	sub-24	sub-24	16	background_review	False	2	2	0	0	pass	pass	include	no_review_flag
background_review	B01567	sub-24	sub-24	16	background_review	False	2	2	0	0	pass	pass	include	no_review_flag
background_review	B01568	sub-24	sub-24	16	background_review	False	2	2	0	0	pass	pass	include	no_review_flag
background_review	B01569	sub-25	sub-25	17	background_review	False	2	2	0	0	pass	pass	include	no_review_flag
background_review	B01570	sub-25	sub-25	17	background_review	False	2	2	0	0	pass	pass	include	no_review_flag
background_review	B01571	sub-25	sub-25	17	background_review	False	2	2	0	0	pass	pass	include	no_review_flag
background_review	B01572	sub-25	sub-25	17	background_review	False	2	2	0	0	pass	pass	include	no_review_flag
background_review	B01573	sub-25	sub-25	17	background_review	False	2	2	0	0	pass	pass	include	no_review_flag
background_review	B01574	sub-25	sub-25	17	background_review	False	2	2	0	0	pass	pass	include	no_review_flag
background_review	B01575	sub-25	sub-25	17	background_review	False	2	2	0	0	pass	pass	include	no_review_flag
background_review	B01576	sub-25	sub-25	17	background_review	False	2	2	0	0	pass	pass	include	no_review_flag
background_review	B01577	sub-25	sub-25	17	background_review	False	2	2	0	0	pass	pass	include	no_review_flag
background_review	B01578	sub-25	sub-25	17	background_review	False	2	2	0	0	pass	pass	include	no_review_flag
background_review	B01579	sub-25	sub-25	17	background_review	False	2	2	0	0	pass	pass	include	no_review_flag
background_review	B01580	sub-25	sub-25	17	background_review	False	2	2	0	0	pass	pass	include	no_review_flag
background_review	B01581	sub-25	sub-25	17	background_review	False	2	2	0	0	pass	pass	include	no_review_flag
background_review	B01582	sub-25	sub-25	17	background_review	False	2	0	2	0	pass	many_10mad_outliers	review	mad_only_review
background_review	B01583	sub-25	sub-25	17	background_review	False	2	2	0	0	pass	pass	include	no_review_flag
background_review	B01584	sub-25	sub-25	17	background_review	False	2	2	0	0	pass	pass	include	no_review_flag
background_review	B01585	sub-25	sub-25	17	background_review	False	2	2	0	0	pass	pass	include	no_review_flag
background_review	B01586	sub-25	sub-25	17	background_review	False	2	2	0	0	pass	pass	include	no_review_flag
background_review	B01587	sub-25	sub-25	17	background_review	False	2	2	0	0	pass	pass	include	no_review_flag
background_review	B01588	sub-25	sub-25	17	background_review	False	2	2	0	0	pass	pass	include	no_review_flag
background_review	B01589	sub-25	sub-25	17	background_review	False	2	2	0	0	pass	pass	include	no_review_flag
background_review	B01590	sub-25	sub-25	17	background_review	False	2	2	0	0	pass	pass	include	no_review_flag
background_review	B01591	sub-25	sub-25	17	background_review	False	2	2	0	0	pass	pass	include	no_review_flag
background_review	B01592	sub-25	sub-25	17	background_review	False	2	2	0	0	pass	pass	include	no_review_flag
background_review	B01593	sub-25	sub-25	17	background_review	False	2	2	0	0	pass	pass	include	no_review_flag
background_review	B01594	sub-25	sub-25	17	background_review	False	2	2	0	0	pass	pass	include	no_review_flag
background_review	B01595	sub-25	sub-25	17	background_review	False	2	2	0	0	pass	pass	include	no_review_flag
background_review	B01596	sub-25	sub-25	17	background_review	False	2	2	0	0	pass	pass	include	no_review_flag
background_review	B01597	sub-25	sub-25	17	background_review	False	2	2	0	0	pass	pass	include	no_review_flag
background_review	B01598	sub-25	sub-25	17	background_review	False	2	2	0	0	pass	pass	include	no_review_flag
background_review	B01599	sub-25	sub-25	17	background_review	False	2	2	0	0	pass	pass	include	no_review_flag
background_review	B01600	sub-25	sub-25	17	background_review	False	2	2	0	0	pass	pass	include	no_review_flag
background_review	B01601	sub-25	sub-25	17	background_review	False	2	2	0	0	pass	pass	include	no_review_flag
background_review	B01602	sub-25	sub-25	17	background_review	False	2	2	0	0	pass	pass	include	no_review_flag
background_review	B01603	sub-25	sub-25	17	background_review	False	2	2	0	0	pass	pass	include	no_review_flag
background_review	B01604	sub-25	sub-25	17	background_review	False	2	0	2	0	pass	many_10mad_outliers	review	mad_only_review
background_review	B01605	sub-25	sub-25	17	background_review	False	2	0	2	0	pass	many_10mad_outliers	review	mad_only_review
background_review	B01606	sub-26	sub-26	18	background_review	False	2	2	0	0	pass	pass	include	no_review_flag
background_review	B01607	sub-26	sub-26	18	background_review	False	2	2	0	0	pass	pass	include	no_review_flag
background_review	B01608	sub-26	sub-26	18	background_review	False	2	0	2	0	pass	many_10mad_outliers	review	mad_only_review
background_review	B01609	sub-26	sub-26	18	background_review	False	2	0	2	0	pass	many_10mad_outliers	review	mad_only_review
background_review	B01610	sub-26	sub-26	18	background_review	False	2	1	1	0	pass	many_10mad_outliers	review	mad_only_review
background_review	B01611	sub-26	sub-26	18	background_review	False	2	0	2	0	pass	many_10mad_outliers	review	mad_only_review
background_review	B01612	sub-26	sub-26	18	background_review	False	2	0	2	0	pass	many_10mad_outliers	review	mad_only_review
background_review	B01613	sub-26	sub-26	18	background_review	False	2	2	0	0	pass	pass	include	no_review_flag
background_review	B01614	sub-26	sub-26	18	background_review	False	2	0	2	0	pass	many_10mad_outliers	review	mad_only_review
background_review	B01615	sub-26	sub-26	18	background_review	False	2	0	2	0	pass	many_10mad_outliers	review	mad_only_review
background_review	B01616	sub-26	sub-26	18	background_review	False	2	2	0	0	pass	pass	include	no_review_flag
background_review	B01617	sub-26	sub-26	18	background_review	False	2	2	0	0	pass	pass	include	no_review_flag
background_review	B01618	sub-26	sub-26	18	background_review	False	2	2	0	0	pass	pass	include	no_review_flag
background_review	B01619	sub-26	sub-26	18	background_review	False	2	0	2	0	pass	many_10mad_outliers	review	mad_only_review
background_review	B01620	sub-26	sub-26	18	background_review	False	2	1	1	0	pass	many_10mad_outliers	review	mad_only_review
background_review	B01621	sub-26	sub-26	18	background_review	False	2	1	1	0	pass	many_10mad_outliers	review	mad_only_review
background_review	B01622	sub-26	sub-26	18	background_review	False	2	2	0	0	pass	pass	include	no_review_flag
background_review	B01623	sub-26	sub-26	18	background_review	False	2	2	0	0	pass	pass	include	no_review_flag
background_review	B01624	sub-26	sub-26	18	background_review	False	2	2	0	0	pass	pass	include	no_review_flag
background_review	B01625	sub-26	sub-26	18	background_review	False	2	2	0	0	pass	pass	include	no_review_flag
background_review	B01626	sub-26	sub-26	18	background_review	False	2	2	0	0	pass	pass	include	no_review_flag
background_review	B01627	sub-26	sub-26	18	background_review	False	2	0	2	0	pass	many_10mad_outliers	review	mad_only_review
background_review	B01628	sub-26	sub-26	18	background_review	False	2	2	0	0	pass	pass	include	no_review_flag
background_review	B01629	sub-26	sub-26	18	background_review	False	2	2	0	0	pass	pass	include	no_review_flag
background_review	B01630	sub-26	sub-26	18	background_review	False	2	2	0	0	pass	pass	include	no_review_flag
background_review	B01631	sub-26	sub-26	18	background_review	False	2	2	0	0	pass	pass	include	no_review_flag
background_review	B01632	sub-26	sub-26	18	background_review	False	2	1	1	0	pass	many_10mad_outliers	review	mad_only_review
background_review	B01633	sub-26	sub-26	18	background_review	False	2	2	0	0	pass	pass	include	no_review_flag
background_review	B01634	sub-26	sub-26	18	background_review	False	2	2	0	0	pass	pass	include	no_review_flag
background_review	B01635	sub-26	sub-26	18	background_review	False	2	2	0	0	pass	pass	include	no_review_flag
background_review	B01636	sub-26	sub-26	18	background_review	False	2	2	0	0	pass	pass	include	no_review_flag
background_review	B01637	sub-26	sub-26	18	background_review	False	2	2	0	0	pass	pass	include	no_review_flag
background_review	B01638	sub-26	sub-26	18	background_review	False	2	2	0	0	pass	pass	include	no_review_flag
background_review	B01639	sub-26	sub-26	18	background_review	False	2	2	0	0	pass	pass	include	no_review_flag
background_review	B01640	sub-26	sub-26	18	background_review	False	2	2	0	0	pass	pass	include	no_review_flag
background_review	B01641	sub-26	sub-26	18	background_review	False	2	0	2	0	pass	many_10mad_outliers	review	mad_only_review
background_review	B01642	sub-26	sub-26	18	background_review	False	2	0	2	0	pass	many_10mad_outliers	review	mad_only_review
background_review	B01643	sub-27	sub-27	19	background_review	False	2	0	2	0	pass	many_10mad_outliers	review	mad_only_review
background_review	B01644	sub-27	sub-27	19	background_review	False	2	0	2	0	pass	many_10mad_outliers	review	mad_only_review
background_review	B01645	sub-27	sub-27	19	background_review	False	2	0	2	0	pass	many_10mad_outliers	review	mad_only_review
background_review	B01646	sub-27	sub-27	19	background_review	False	2	1	1	0	pass	many_10mad_outliers	review	mad_only_review
background_review	B01647	sub-27	sub-27	19	background_review	False	2	1	1	0	pass	many_10mad_outliers	review	mad_only_review
background_review	B01648	sub-27	sub-27	19	background_review	False	2	0	2	0	pass	many_10mad_outliers	review	mad_only_review
background_review	B01649	sub-27	sub-27	19	background_review	False	2	1	1	0	pass	many_10mad_outliers	review	mad_only_review
background_review	B01650	sub-27	sub-27	19	background_review	False	2	2	0	0	pass	pass	include	no_review_flag
background_review	B01651	sub-27	sub-27	19	background_review	False	2	0	2	0	pass	many_10mad_outliers	review	mad_only_review
background_review	B01652	sub-27	sub-27	19	background_review	False	2	1	1	0	pass	many_10mad_outliers	review	mad_only_review
background_review	B01653	sub-27	sub-27	19	background_review	False	2	2	0	0	pass	pass	include	no_review_flag
background_review	B01654	sub-27	sub-27	19	background_review	False	2	2	0	0	pass	pass	include	no_review_flag
background_review	B01655	sub-27	sub-27	19	background_review	False	2	0	2	0	pass	many_10mad_outliers	review	mad_only_review
background_review	B01656	sub-27	sub-27	19	background_review	False	2	0	2	0	pass	many_10mad_outliers	review	mad_only_review
background_review	B01657	sub-27	sub-27	19	background_review	False	2	2	0	0	pass	pass	include	no_review_flag
background_review	B01658	sub-27	sub-27	19	background_review	False	2	2	0	0	pass	pass	include	no_review_flag
background_review	B01659	sub-27	sub-27	19	background_review	False	2	0	2	0	pass	many_10mad_outliers	review	mad_only_review
background_review	B01660	sub-27	sub-27	19	background_review	False	2	0	2	0	pass	many_10mad_outliers	review	mad_only_review
background_review	B01661	sub-27	sub-27	19	background_review	False	2	0	2	0	pass	many_10mad_outliers	review	mad_only_review
background_review	B01662	sub-27	sub-27	19	background_review	False	2	0	2	0	pass	many_10mad_outliers	review	mad_only_review
background_review	B01663	sub-27	sub-27	19	background_review	False	2	2	0	0	pass	pass	include	no_review_flag
background_review	B01664	sub-27	sub-27	19	background_review	False	2	2	0	0	pass	pass	include	no_review_flag
background_review	B01665	sub-27	sub-27	19	background_review	False	2	2	0	0	pass	pass	include	no_review_flag
background_review	B01666	sub-27	sub-27	19	background_review	False	2	2	0	0	pass	pass	include	no_review_flag
background_review	B01667	sub-27	sub-27	19	background_review	False	2	2	0	0	pass	pass	include	no_review_flag
background_review	B01668	sub-27	sub-27	19	background_review	False	2	1	1	0	pass	many_10mad_outliers	review	mad_only_review
background_review	B01669	sub-27	sub-27	19	background_review	False	2	0	2	0	pass	many_10mad_outliers	review	mad_only_review
background_review	B01670	sub-28	sub-28	20	background_review	False	2	2	0	0	pass	pass	include	no_review_flag
background_review	B01671	sub-28	sub-28	20	background_review	False	2	2	0	0	pass	pass	include	no_review_flag
background_review	B01672	sub-28	sub-28	20	background_review	False	2	2	0	0	pass	pass	include	no_review_flag
background_review	B01673	sub-28	sub-28	20	background_review	False	2	1	1	0	pass	many_10mad_outliers	review	mad_only_review
background_review	B01674	sub-28	sub-28	20	background_review	False	2	2	0	0	pass	pass	include	no_review_flag
background_review	B01675	sub-28	sub-28	20	background_review	False	2	1	1	0	pass	many_10mad_outliers	review	mad_only_review
background_review	B01676	sub-28	sub-28	20	background_review	False	2	2	0	0	pass	pass	include	no_review_flag
background_review	B01677	sub-28	sub-28	20	background_review	False	2	2	0	0	pass	pass	include	no_review_flag
background_review	B01678	sub-28	sub-28	20	background_review	False	2	2	0	0	pass	pass	include	no_review_flag
background_review	B01679	sub-28	sub-28	20	background_review	False	2	2	0	0	pass	pass	include	no_review_flag
background_review	B01680	sub-28	sub-28	20	background_review	False	2	0	2	0	pass	many_10mad_outliers	review	mad_only_review
background_review	B01681	sub-28	sub-28	20	background_review	False	2	2	0	0	pass	pass	include	no_review_flag
background_review	B01682	sub-28	sub-28	20	background_review	False	2	1	1	0	pass	many_10mad_outliers	review	mad_only_review
background_review	B01683	sub-28	sub-28	20	background_review	False	2	0	2	0	pass	many_10mad_outliers	review	mad_only_review
background_review	B01684	sub-28	sub-28	20	background_review	False	2	2	0	0	pass	pass	include	no_review_flag
background_review	B01685	sub-28	sub-28	20	background_review	False	2	2	0	0	pass	pass	include	no_review_flag
background_review	B01686	sub-28	sub-28	20	background_review	False	2	2	0	0	pass	pass	include	no_review_flag
background_review	B01687	sub-28	sub-28	20	background_review	False	2	2	0	0	pass	pass	include	no_review_flag
background_review	B01688	sub-28	sub-28	20	background_review	False	2	0	2	0	pass	many_10mad_outliers	review	mad_only_review
background_review	B01689	sub-28	sub-28	20	background_review	False	2	2	0	0	pass	pass	include	no_review_flag
background_review	B01690	sub-28	sub-28	20	background_review	False	2	0	2	0	pass	many_10mad_outliers	review	mad_only_review
background_review	B01691	sub-28	sub-28	20	background_review	False	2	1	1	0	pass	many_10mad_outliers	review	mad_only_review
background_review	B01692	sub-28	sub-28	20	background_review	False	2	0	2	0	pass	many_10mad_outliers	review	mad_only_review
background_review	B01693	sub-28	sub-28	20	background_review	False	2	2	0	0	pass	pass	include	no_review_flag
background_review	B01694	sub-28	sub-28	20	background_review	False	2	0	2	0	pass	many_10mad_outliers	review	mad_only_review
background_review	B01695	sub-28	sub-28	20	background_review	False	2	0	2	0	pass	many_10mad_outliers	review	mad_only_review
background_review	B01696	sub-28	sub-28	20	background_review	False	2	0	2	0	pass	many_10mad_outliers	review	mad_only_review
background_review	B01697	sub-28	sub-28	20	background_review	False	2	0	2	0	pass	many_10mad_outliers	review	mad_only_review
background_review	B01698	sub-28	sub-28	20	background_review	False	2	0	2	0	pass	many_10mad_outliers	review	mad_only_review
background_review	B01699	sub-28	sub-28	20	background_review	False	2	2	0	0	pass	pass	include	no_review_flag
background_review	B01700	sub-28	sub-28	20	background_review	False	2	2	0	0	pass	pass	include	no_review_flag
background_review	B01701	sub-28	sub-28	20	background_review	False	2	2	0	0	pass	pass	include	no_review_flag
background_review	B01702	sub-28	sub-28	20	background_review	False	2	2	0	0	pass	pass	include	no_review_flag
background_review	B01703	sub-28	sub-28	20	background_review	False	2	2	0	0	pass	pass	include	no_review_flag
background_review	B01704	sub-28	sub-28	20	background_review	False	2	2	0	0	pass	pass	include	no_review_flag
background_review	B01705	sub-28	sub-28	20	background_review	False	2	2	0	0	pass	pass	include	no_review_flag
background_review	B01706	sub-28	sub-28	20	background_review	False	2	2	0	0	pass	pass	include	no_review_flag
background_review	B01707	sub-29	sub-29	21	background_review	False	2	0	2	0	pass	high_robust_range;many_10mad_outliers	review	targeted_review
background_review	B01708	sub-29	sub-29	21	background_review	False	2	1	1	0	pass	high_peak_to_peak;high_robust_range;many_10mad_outliers	review	targeted_review
background_review	B01709	sub-29	sub-29	21	background_review	False	2	2	0	0	pass	pass	include	no_review_flag
background_review	B01710	sub-29	sub-29	21	background_review	False	2	0	2	0	pass	high_peak_to_peak;high_robust_range;many_10mad_outliers	review	targeted_review
background_review	B01711	sub-29	sub-29	21	background_review	False	2	0	2	0	pass	high_peak_to_peak;high_robust_range;many_10mad_outliers;many_abrupt_jumps;repeated_endpoints	review	targeted_review
background_review	B01712	sub-29	sub-29	21	background_review	False	2	0	2	0	pass	high_peak_to_peak;high_robust_range;many_10mad_outliers;many_abrupt_jumps;repeated_endpoints	review	targeted_review
background_review	B01713	sub-29	sub-29	21	background_review	False	2	2	0	0	pass	pass	include	no_review_flag
background_review	B01714	sub-29	sub-29	21	background_review	False	2	0	2	0	pass	many_10mad_outliers	review	mad_only_review
background_review	B01715	sub-29	sub-29	21	background_review	False	2	1	1	0	pass	high_peak_to_peak;high_robust_range;many_10mad_outliers;many_abrupt_jumps;repeated_endpoints	review	targeted_review
background_review	B01716	sub-29	sub-29	21	background_review	False	2	2	0	0	pass	pass	include	no_review_flag
background_review	B01717	sub-29	sub-29	21	background_review	False	2	2	0	0	pass	pass	include	no_review_flag
background_review	B01718	sub-29	sub-29	21	background_review	False	2	2	0	0	pass	pass	include	no_review_flag
background_review	B01719	sub-29	sub-29	21	background_review	False	2	2	0	0	pass	pass	include	no_review_flag
background_review	B01720	sub-29	sub-29	21	background_review	False	2	1	1	0	pass	many_10mad_outliers	review	mad_only_review
background_review	B01721	sub-29	sub-29	21	background_review	False	2	2	0	0	pass	pass	include	no_review_flag
background_review	B01722	sub-29	sub-29	21	background_review	False	2	0	2	0	pass	high_peak_to_peak;high_robust_range;many_10mad_outliers	review	targeted_review
background_review	B01723	sub-29	sub-29	21	background_review	False	2	1	1	0	pass	many_10mad_outliers	review	mad_only_review
background_review	B01724	sub-29	sub-29	21	background_review	False	2	0	2	0	pass	high_peak_to_peak;high_robust_range;many_10mad_outliers	review	targeted_review
background_review	B01725	sub-29	sub-29	21	background_review	False	2	2	0	0	pass	pass	include	no_review_flag
background_review	B01726	sub-29	sub-29	21	background_review	False	2	2	0	0	pass	pass	include	no_review_flag
background_review	B01727	sub-29	sub-29	21	background_review	False	2	2	0	0	pass	pass	include	no_review_flag
background_review	B01728	sub-29	sub-29	21	background_review	False	2	1	1	0	pass	high_peak_to_peak;high_robust_range;many_10mad_outliers	review	targeted_review
background_review	B01729	sub-29	sub-29	21	background_review	False	2	0	2	0	pass	high_peak_to_peak;high_robust_range;many_10mad_outliers;many_abrupt_jumps;repeated_endpoints	review	targeted_review
background_review	B01730	sub-29	sub-29	21	background_review	False	2	0	2	0	pass	many_10mad_outliers	review	mad_only_review
background_review	B01731	sub-29	sub-29	21	background_review	False	2	0	2	0	pass	high_peak_to_peak;high_robust_range;many_10mad_outliers;many_abrupt_jumps;repeated_endpoints	review	targeted_review
background_review	B01732	sub-29	sub-29	21	background_review	False	2	1	1	0	pass	many_10mad_outliers	review	mad_only_review
background_review	B01733	sub-29	sub-29	21	background_review	False	2	0	2	0	pass	many_10mad_outliers	review	mad_only_review
background_review	B01734	sub-29	sub-29	21	background_review	False	2	2	0	0	pass	pass	include	no_review_flag
background_review	B01735	sub-29	sub-29	21	background_review	False	2	0	2	0	pass	high_peak_to_peak;high_robust_range;many_10mad_outliers	review	targeted_review
background_review	B01736	sub-29	sub-29	21	background_review	False	2	1	1	0	pass	high_peak_to_peak;high_robust_range;many_10mad_outliers;repeated_endpoints	review	targeted_review
background_review	B01737	sub-29	sub-29	21	background_review	False	2	2	0	0	pass	pass	include	no_review_flag
background_review	B01738	sub-29	sub-29	21	background_review	False	2	2	0	0	pass	pass	include	no_review_flag
background_review	B01739	sub-29	sub-29	21	background_review	False	2	2	0	0	pass	pass	include	no_review_flag
background_review	B01740	sub-29	sub-29	21	background_review	False	2	2	0	0	pass	pass	include	no_review_flag
background_review	B01741	sub-29	sub-29	21	background_review	False	2	2	0	0	pass	pass	include	no_review_flag
background_review	B01742	sub-29	sub-29	21	background_review	False	2	2	0	0	pass	pass	include	no_review_flag
background_review	B01743	sub-29	sub-29	21	background_review	False	2	2	0	0	pass	pass	include	no_review_flag
background_review	B01744	sub-29	sub-29	21	background_review	False	2	2	0	0	pass	pass	include	no_review_flag
background_review	B01745	sub-29	sub-29	21	background_review	False	2	2	0	0	pass	pass	include	no_review_flag
background_review	B01746	sub-29	sub-29	21	background_review	False	2	0	2	0	pass	many_10mad_outliers	review	mad_only_review
background_review	B01747	sub-3	sub-3	1	background_review	False	2	1	1	0	pass	many_10mad_outliers	review	mad_only_review
background_review	B01748	sub-3	sub-3	1	background_review	False	2	1	1	0	pass	many_10mad_outliers	review	mad_only_review
background_review	B01749	sub-3	sub-3	1	background_review	False	2	0	2	0	pass	many_10mad_outliers	review	mad_only_review
background_review	B01750	sub-3	sub-3	1	background_review	False	2	2	0	0	pass	pass	include	no_review_flag
background_review	B01751	sub-3	sub-3	1	background_review	False	2	1	1	0	pass	many_10mad_outliers	review	mad_only_review
background_review	B01752	sub-3	sub-3	1	background_review	False	2	0	2	0	pass	many_10mad_outliers	review	mad_only_review
background_review	B01753	sub-3	sub-3	1	background_review	False	2	0	2	0	pass	many_10mad_outliers	review	mad_only_review
background_review	B01754	sub-3	sub-3	1	background_review	False	2	2	0	0	pass	pass	include	no_review_flag
background_review	B01755	sub-3	sub-3	1	background_review	False	2	1	1	0	pass	many_10mad_outliers	review	mad_only_review
background_review	B01756	sub-3	sub-3	1	background_review	False	2	2	0	0	pass	pass	include	no_review_flag
background_review	B01757	sub-3	sub-3	1	background_review	False	2	2	0	0	pass	pass	include	no_review_flag
background_review	B01758	sub-3	sub-3	1	background_review	False	2	2	0	0	pass	pass	include	no_review_flag
background_review	B01759	sub-3	sub-3	1	background_review	False	2	2	0	0	pass	pass	include	no_review_flag
background_review	B01760	sub-3	sub-3	1	background_review	False	2	2	0	0	pass	pass	include	no_review_flag
background_review	B01761	sub-3	sub-3	1	background_review	False	2	2	0	0	pass	pass	include	no_review_flag
background_review	B01762	sub-3	sub-3	1	background_review	False	2	0	2	0	pass	many_10mad_outliers	review	mad_only_review
background_review	B01763	sub-3	sub-3	1	background_review	False	2	0	2	0	pass	many_10mad_outliers	review	mad_only_review
background_review	B01764	sub-3	sub-3	1	background_review	False	2	2	0	0	pass	pass	include	no_review_flag
background_review	B01765	sub-3	sub-3	1	background_review	False	2	2	0	0	pass	pass	include	no_review_flag
background_review	B01766	sub-3	sub-3	1	background_review	False	2	2	0	0	pass	pass	include	no_review_flag
background_review	B01767	sub-3	sub-3	1	background_review	False	2	2	0	0	pass	pass	include	no_review_flag
background_review	B01768	sub-3	sub-3	1	background_review	False	2	2	0	0	pass	pass	include	no_review_flag
background_review	B01769	sub-3	sub-3	1	background_review	False	2	1	1	0	pass	many_10mad_outliers	review	mad_only_review
background_review	B01770	sub-3	sub-3	1	background_review	False	2	2	0	0	pass	pass	include	no_review_flag
background_review	B01771	sub-3	sub-3	1	background_review	False	2	2	0	0	pass	pass	include	no_review_flag
background_review	B01772	sub-3	sub-3	1	background_review	False	2	2	0	0	pass	pass	include	no_review_flag
background_review	B01773	sub-3	sub-3	1	background_review	False	2	2	0	0	pass	pass	include	no_review_flag
background_review	B01774	sub-3	sub-3	1	background_review	False	2	0	2	0	pass	many_10mad_outliers	review	mad_only_review
background_review	B01775	sub-3	sub-3	1	background_review	False	2	0	2	0	pass	many_10mad_outliers	review	mad_only_review
background_review	B01776	sub-3	sub-3	1	background_review	False	2	0	2	0	pass	many_10mad_outliers	review	mad_only_review
background_review	B01777	sub-3	sub-3	1	background_review	False	2	0	2	0	pass	many_10mad_outliers	review	mad_only_review
background_review	B01778	sub-3	sub-3	1	background_review	False	2	0	2	0	pass	many_10mad_outliers	review	mad_only_review
background_review	B01779	sub-3	sub-3	1	background_review	False	2	0	2	0	pass	many_10mad_outliers	review	mad_only_review
background_review	B01780	sub-3	sub-3	1	background_review	False	2	2	0	0	pass	pass	include	no_review_flag
background_review	B01781	sub-3	sub-3	1	background_review	False	2	2	0	0	pass	pass	include	no_review_flag
background_review	B01782	sub-3	sub-3	1	background_review	False	2	2	0	0	pass	pass	include	no_review_flag
background_review	B01783	sub-3	sub-3	1	background_review	False	2	2	0	0	pass	pass	include	no_review_flag
background_review	B01784	sub-3	sub-3	1	background_review	False	2	2	0	0	pass	pass	include	no_review_flag
background_review	B01785	sub-3	sub-3	1	background_review	False	2	2	0	0	pass	pass	include	no_review_flag
background_review	B01786	sub-3	sub-3	1	background_review	False	2	0	2	0	pass	many_10mad_outliers	review	mad_only_review
background_review	B01787	sub-3	sub-3	1	background_review	False	2	2	0	0	pass	pass	include	no_review_flag
background_review	B01788	sub-30	sub-30	94	background_review	False	2	0	2	0	pass	many_10mad_outliers	review	mad_only_review
background_review	B01789	sub-30	sub-30	94	background_review	False	2	0	2	0	pass	many_10mad_outliers	review	mad_only_review
background_review	B01790	sub-30	sub-30	94	background_review	False	2	0	2	0	pass	many_10mad_outliers	review	mad_only_review
background_review	B01791	sub-30	sub-30	94	background_review	False	2	1	1	0	pass	many_10mad_outliers	review	mad_only_review
background_review	B01792	sub-30	sub-30	94	background_review	False	2	0	2	0	pass	many_10mad_outliers	review	mad_only_review
background_review	B01793	sub-30	sub-30	94	background_review	False	2	1	1	0	pass	many_10mad_outliers	review	mad_only_review
background_review	B01794	sub-30	sub-30	94	background_review	False	2	0	2	0	pass	many_10mad_outliers	review	mad_only_review
background_review	B01795	sub-30	sub-30	94	background_review	False	2	2	0	0	pass	pass	include	no_review_flag
background_review	B01796	sub-30	sub-30	94	background_review	False	2	2	0	0	pass	pass	include	no_review_flag
background_review	B01797	sub-30	sub-30	94	background_review	False	2	2	0	0	pass	pass	include	no_review_flag
background_review	B01798	sub-30	sub-30	94	background_review	False	2	2	0	0	pass	pass	include	no_review_flag
background_review	B01799	sub-30	sub-30	94	background_review	False	2	1	1	0	pass	many_10mad_outliers	review	mad_only_review
background_review	B01800	sub-30	sub-30	94	background_review	False	2	0	2	0	pass	many_10mad_outliers	review	mad_only_review
background_review	B01801	sub-30	sub-30	94	background_review	False	2	2	0	0	pass	pass	include	no_review_flag
background_review	B01802	sub-30	sub-30	94	background_review	False	2	2	0	0	pass	pass	include	no_review_flag
background_review	B01803	sub-30	sub-30	94	background_review	False	2	1	1	0	pass	many_10mad_outliers	review	mad_only_review
background_review	B01804	sub-30	sub-30	94	background_review	False	2	2	0	0	pass	pass	include	no_review_flag
background_review	B01805	sub-30	sub-30	94	background_review	False	2	0	2	0	pass	many_10mad_outliers	review	mad_only_review
background_review	B01806	sub-30	sub-30	94	background_review	False	2	0	2	0	pass	many_10mad_outliers	review	mad_only_review
background_review	B01807	sub-30	sub-30	94	background_review	False	2	0	2	0	pass	many_10mad_outliers	review	mad_only_review
background_review	B01808	sub-30	sub-30	94	background_review	False	2	1	1	0	pass	many_10mad_outliers	review	mad_only_review
background_review	B01809	sub-30	sub-30	94	background_review	False	2	0	2	0	pass	many_10mad_outliers	review	mad_only_review
background_review	B01810	sub-30	sub-30	94	background_review	False	2	2	0	0	pass	pass	include	no_review_flag
background_review	B01811	sub-30	sub-30	94	background_review	False	2	1	1	0	pass	many_10mad_outliers	review	mad_only_review
background_review	B01812	sub-30	sub-30	94	background_review	False	2	0	2	0	pass	many_10mad_outliers	review	mad_only_review
background_review	B01813	sub-30	sub-30	94	background_review	False	2	2	0	0	pass	pass	include	no_review_flag
background_review	B01814	sub-30	sub-30	94	background_review	False	2	2	0	0	pass	pass	include	no_review_flag
background_review	B01815	sub-30	sub-30	94	background_review	False	2	1	1	0	pass	many_10mad_outliers	review	mad_only_review
background_review	B01816	sub-30	sub-30	94	background_review	False	2	1	1	0	pass	many_10mad_outliers	review	mad_only_review
background_review	B01817	sub-30	sub-30	94	background_review	False	2	2	0	0	pass	pass	include	no_review_flag
background_review	B01818	sub-30	sub-30	94	background_review	False	2	2	0	0	pass	pass	include	no_review_flag
background_review	B01819	sub-31	sub-31	95	background_review	False	2	2	0	0	pass	pass	include	no_review_flag
background_review	B01820	sub-31	sub-31	95	background_review	False	2	2	0	0	pass	pass	include	no_review_flag
background_review	B01821	sub-31	sub-31	95	background_review	False	2	2	0	0	pass	pass	include	no_review_flag
background_review	B01822	sub-31	sub-31	95	background_review	False	2	1	1	0	pass	many_10mad_outliers	review	mad_only_review
background_review	B01823	sub-31	sub-31	95	background_review	False	2	2	0	0	pass	pass	include	no_review_flag
background_review	B01824	sub-31	sub-31	95	background_review	False	2	2	0	0	pass	pass	include	no_review_flag
background_review	B01825	sub-31	sub-31	95	background_review	False	2	2	0	0	pass	pass	include	no_review_flag
background_review	B01826	sub-31	sub-31	95	background_review	False	2	2	0	0	pass	pass	include	no_review_flag
background_review	B01827	sub-31	sub-31	95	background_review	False	2	1	1	0	pass	many_10mad_outliers	review	mad_only_review
background_review	B01828	sub-31	sub-31	95	background_review	False	2	2	0	0	pass	pass	include	no_review_flag
background_review	B01829	sub-31	sub-31	95	background_review	False	2	0	2	0	pass	many_10mad_outliers	review	mad_only_review
background_review	B01830	sub-31	sub-31	95	background_review	False	2	0	2	0	pass	many_10mad_outliers	review	mad_only_review
background_review	B01831	sub-31	sub-31	95	background_review	False	2	2	0	0	pass	pass	include	no_review_flag
background_review	B01832	sub-31	sub-31	95	background_review	False	2	2	0	0	pass	pass	include	no_review_flag
background_review	B01833	sub-31	sub-31	95	background_review	False	2	2	0	0	pass	pass	include	no_review_flag
background_review	B01834	sub-31	sub-31	95	background_review	False	2	2	0	0	pass	pass	include	no_review_flag
background_review	B01835	sub-31	sub-31	95	background_review	False	2	2	0	0	pass	pass	include	no_review_flag
background_review	B01836	sub-31	sub-31	95	background_review	False	2	1	1	0	pass	many_10mad_outliers	review	mad_only_review
background_review	B01837	sub-31	sub-31	95	background_review	False	2	2	0	0	pass	pass	include	no_review_flag
background_review	B01838	sub-31	sub-31	95	background_review	False	2	2	0	0	pass	pass	include	no_review_flag
background_review	B01839	sub-31	sub-31	95	background_review	False	2	0	2	0	pass	many_10mad_outliers	review	mad_only_review
background_review	B01840	sub-31	sub-31	95	background_review	False	2	2	0	0	pass	pass	include	no_review_flag
background_review	B01841	sub-31	sub-31	95	background_review	False	2	2	0	0	pass	pass	include	no_review_flag
background_review	B01842	sub-31	sub-31	95	background_review	False	2	2	0	0	pass	pass	include	no_review_flag
background_review	B01843	sub-31	sub-31	95	background_review	False	2	2	0	0	pass	pass	include	no_review_flag
background_review	B01844	sub-31	sub-31	95	background_review	False	2	2	0	0	pass	pass	include	no_review_flag
background_review	B01845	sub-31	sub-31	95	background_review	False	2	2	0	0	pass	pass	include	no_review_flag
background_review	B01846	sub-31	sub-31	95	background_review	False	2	0	2	0	pass	many_10mad_outliers	review	mad_only_review
background_review	B01847	sub-31	sub-31	95	background_review	False	2	1	1	0	pass	many_10mad_outliers	review	mad_only_review
background_review	B01848	sub-32	sub-32	83	background_review	False	2	2	0	0	pass	pass	include	no_review_flag
background_review	B01849	sub-32	sub-32	83	background_review	False	2	1	1	0	pass	many_10mad_outliers	review	mad_only_review
background_review	B01850	sub-32	sub-32	83	background_review	False	2	2	0	0	pass	pass	include	no_review_flag
background_review	B01851	sub-32	sub-32	83	background_review	False	2	2	0	0	pass	pass	include	no_review_flag
background_review	B01852	sub-32	sub-32	83	background_review	False	2	0	2	0	pass	many_10mad_outliers	review	mad_only_review
background_review	B01853	sub-32	sub-32	83	background_review	False	2	0	2	0	pass	many_10mad_outliers	review	mad_only_review
background_review	B01854	sub-32	sub-32	83	background_review	False	2	0	2	0	pass	many_10mad_outliers	review	mad_only_review
background_review	B01855	sub-32	sub-32	83	background_review	False	2	0	2	0	pass	many_10mad_outliers	review	mad_only_review
background_review	B01856	sub-32	sub-32	83	background_review	False	2	1	1	0	pass	many_10mad_outliers	review	mad_only_review
background_review	B01857	sub-32	sub-32	83	background_review	False	2	1	1	0	pass	many_10mad_outliers	review	mad_only_review
background_review	B01858	sub-32	sub-32	83	background_review	False	2	2	0	0	pass	pass	include	no_review_flag
background_review	B01859	sub-32	sub-32	83	background_review	False	2	2	0	0	pass	pass	include	no_review_flag
background_review	B01860	sub-32	sub-32	83	background_review	False	2	1	1	0	pass	many_10mad_outliers	review	mad_only_review
background_review	B01861	sub-32	sub-32	83	background_review	False	2	0	2	0	pass	many_10mad_outliers	review	mad_only_review
background_review	B01862	sub-32	sub-32	83	background_review	False	2	2	0	0	pass	pass	include	no_review_flag
background_review	B01863	sub-32	sub-32	83	background_review	False	2	0	2	0	pass	many_10mad_outliers	review	mad_only_review
background_review	B01864	sub-32	sub-32	83	background_review	False	2	2	0	0	pass	pass	include	no_review_flag
background_review	B01865	sub-32	sub-32	83	background_review	False	2	2	0	0	pass	pass	include	no_review_flag
background_review	B01866	sub-32	sub-32	83	background_review	False	2	1	1	0	pass	many_10mad_outliers	review	mad_only_review
background_review	B01867	sub-32	sub-32	83	background_review	False	2	0	2	0	pass	high_peak_to_peak;many_10mad_outliers	review	targeted_review
background_review	B01868	sub-32	sub-32	83	background_review	False	2	0	2	0	pass	many_10mad_outliers	review	mad_only_review
background_review	B01869	sub-32	sub-32	83	background_review	False	2	1	1	0	pass	many_10mad_outliers	review	mad_only_review
background_review	B01870	sub-32	sub-32	83	background_review	False	2	1	1	0	pass	many_10mad_outliers	review	mad_only_review
background_review	B01871	sub-32	sub-32	83	background_review	False	2	2	0	0	pass	pass	include	no_review_flag
background_review	B01872	sub-32	sub-32	83	background_review	False	2	2	0	0	pass	pass	include	no_review_flag
background_review	B01873	sub-32	sub-32	83	background_review	False	2	0	2	0	pass	many_10mad_outliers	review	mad_only_review
background_review	B01874	sub-32	sub-32	83	background_review	False	2	0	2	0	pass	many_10mad_outliers	review	mad_only_review
background_review	B01875	sub-32	sub-32	83	background_review	False	2	1	1	0	pass	many_10mad_outliers	review	mad_only_review
background_review	B01876	sub-32	sub-32	83	background_review	False	2	1	1	0	pass	many_10mad_outliers	review	mad_only_review
background_review	B01877	sub-32	sub-32	83	background_review	False	2	2	0	0	pass	pass	include	no_review_flag
background_review	B01878	sub-32	sub-32	83	background_review	False	2	1	1	0	pass	many_10mad_outliers	review	mad_only_review
background_review	B01879	sub-32	sub-32	83	background_review	False	2	1	1	0	pass	many_10mad_outliers	review	mad_only_review
background_review	B01880	sub-32	sub-32	83	background_review	False	2	1	1	0	pass	many_10mad_outliers	review	mad_only_review
background_review	B01881	sub-33	sub-33	84	background_review	False	2	2	0	0	pass	pass	include	no_review_flag
background_review	B01882	sub-33	sub-33	84	background_review	False	2	2	0	0	pass	pass	include	no_review_flag
background_review	B01883	sub-33	sub-33	84	background_review	False	2	2	0	0	pass	pass	include	no_review_flag
background_review	B01884	sub-33	sub-33	84	background_review	False	2	2	0	0	pass	pass	include	no_review_flag
background_review	B01885	sub-33	sub-33	84	background_review	False	2	2	0	0	pass	pass	include	no_review_flag
background_review	B01886	sub-33	sub-33	84	background_review	False	2	2	0	0	pass	pass	include	no_review_flag
background_review	B01887	sub-33	sub-33	84	background_review	False	2	2	0	0	pass	pass	include	no_review_flag
background_review	B01888	sub-33	sub-33	84	background_review	False	2	2	0	0	pass	pass	include	no_review_flag
background_review	B01889	sub-33	sub-33	84	background_review	False	2	2	0	0	pass	pass	include	no_review_flag
background_review	B01890	sub-33	sub-33	84	background_review	False	2	2	0	0	pass	pass	include	no_review_flag
background_review	B01891	sub-33	sub-33	84	background_review	False	2	1	1	0	pass	many_10mad_outliers	review	mad_only_review
background_review	B01892	sub-33	sub-33	84	background_review	False	2	2	0	0	pass	pass	include	no_review_flag
background_review	B01893	sub-33	sub-33	84	background_review	False	2	2	0	0	pass	pass	include	no_review_flag
background_review	B01894	sub-33	sub-33	84	background_review	False	2	2	0	0	pass	pass	include	no_review_flag
background_review	B01895	sub-33	sub-33	84	background_review	False	2	2	0	0	pass	pass	include	no_review_flag
background_review	B01896	sub-33	sub-33	84	background_review	False	2	2	0	0	pass	pass	include	no_review_flag
background_review	B01897	sub-33	sub-33	84	background_review	False	2	2	0	0	pass	pass	include	no_review_flag
background_review	B01898	sub-33	sub-33	84	background_review	False	2	2	0	0	pass	pass	include	no_review_flag
background_review	B01899	sub-33	sub-33	84	background_review	False	2	2	0	0	pass	pass	include	no_review_flag
background_review	B01900	sub-33	sub-33	84	background_review	False	2	2	0	0	pass	pass	include	no_review_flag
background_review	B01901	sub-33	sub-33	84	background_review	False	2	2	0	0	pass	pass	include	no_review_flag
background_review	B01902	sub-33	sub-33	84	background_review	False	2	2	0	0	pass	pass	include	no_review_flag
background_review	B01903	sub-33	sub-33	84	background_review	False	2	2	0	0	pass	pass	include	no_review_flag
background_review	B01904	sub-33	sub-33	84	background_review	False	2	2	0	0	pass	pass	include	no_review_flag
background_review	B01905	sub-33	sub-33	84	background_review	False	2	0	2	0	pass	many_10mad_outliers	review	mad_only_review
background_review	B01906	sub-33	sub-33	84	background_review	False	2	0	2	0	pass	many_10mad_outliers	review	mad_only_review
background_review	B01907	sub-34	sub-34	22	background_review	False	2	2	0	0	pass	pass	include	no_review_flag
background_review	B01908	sub-34	sub-34	22	background_review	False	2	0	2	0	pass	many_10mad_outliers	review	mad_only_review
background_review	B01909	sub-34	sub-34	22	background_review	False	2	1	1	0	pass	many_10mad_outliers	review	mad_only_review
background_review	B01910	sub-34	sub-34	22	background_review	False	2	2	0	0	pass	pass	include	no_review_flag
background_review	B01911	sub-34	sub-34	22	background_review	False	2	0	2	0	pass	many_10mad_outliers	review	mad_only_review
background_review	B01912	sub-34	sub-34	22	background_review	False	2	0	2	0	pass	many_10mad_outliers	review	mad_only_review
background_review	B01913	sub-34	sub-34	22	background_review	False	2	2	0	0	pass	pass	include	no_review_flag
background_review	B01914	sub-34	sub-34	22	background_review	False	2	2	0	0	pass	pass	include	no_review_flag
background_review	B01915	sub-34	sub-34	22	background_review	False	2	2	0	0	pass	pass	include	no_review_flag
background_review	B01916	sub-34	sub-34	22	background_review	False	2	2	0	0	pass	pass	include	no_review_flag
background_review	B01917	sub-34	sub-34	22	background_review	False	2	1	1	0	pass	many_abrupt_jumps	review	targeted_review
background_review	B01918	sub-34	sub-34	22	background_review	False	2	0	2	0	pass	many_10mad_outliers	review	mad_only_review
background_review	B01919	sub-34	sub-34	22	background_review	False	2	0	2	0	pass	many_10mad_outliers	review	mad_only_review
background_review	B01920	sub-34	sub-34	22	background_review	False	2	0	2	0	pass	many_10mad_outliers	review	mad_only_review
background_review	B01921	sub-34	sub-34	22	background_review	False	2	2	0	0	pass	pass	include	no_review_flag
background_review	B01922	sub-34	sub-34	22	background_review	False	2	2	0	0	pass	pass	include	no_review_flag
background_review	B01923	sub-34	sub-34	22	background_review	False	2	1	1	0	pass	many_10mad_outliers	review	mad_only_review
background_review	B01924	sub-34	sub-34	22	background_review	False	2	2	0	0	pass	pass	include	no_review_flag
background_review	B01925	sub-34	sub-34	22	background_review	False	2	0	2	0	pass	many_10mad_outliers	review	mad_only_review
background_review	B01926	sub-34	sub-34	22	background_review	False	2	0	2	0	pass	high_peak_to_peak;high_robust_range;many_10mad_outliers;many_abrupt_jumps	review	targeted_review
background_review	B01927	sub-34	sub-34	22	background_review	False	2	1	1	0	pass	many_10mad_outliers	review	mad_only_review
background_review	B01928	sub-34	sub-34	22	background_review	False	2	1	1	0	pass	many_10mad_outliers	review	mad_only_review
background_review	B01929	sub-34	sub-34	22	background_review	False	2	2	0	0	pass	pass	include	no_review_flag
background_review	B01930	sub-34	sub-34	22	background_review	False	2	2	0	0	pass	pass	include	no_review_flag
background_review	B01931	sub-34	sub-34	22	background_review	False	2	2	0	0	pass	pass	include	no_review_flag
background_review	B01932	sub-34	sub-34	22	background_review	False	2	2	0	0	pass	pass	include	no_review_flag
background_review	B01933	sub-34	sub-34	22	background_review	False	2	0	2	0	pass	many_10mad_outliers	review	mad_only_review
background_review	B01934	sub-34	sub-34	22	background_review	False	2	0	2	0	pass	many_10mad_outliers	review	mad_only_review
background_review	B01935	sub-35	sub-35	83	background_review	False	2	1	1	0	pass	many_10mad_outliers	review	mad_only_review
background_review	B01936	sub-35	sub-35	83	background_review	False	2	1	1	0	pass	many_10mad_outliers	review	mad_only_review
background_review	B01937	sub-35	sub-35	83	background_review	False	2	0	2	0	pass	many_10mad_outliers	review	mad_only_review
background_review	B01938	sub-35	sub-35	83	background_review	False	2	2	0	0	pass	pass	include	no_review_flag
background_review	B01939	sub-35	sub-35	83	background_review	False	2	0	2	0	pass	many_10mad_outliers	review	mad_only_review
background_review	B01940	sub-35	sub-35	83	background_review	False	2	0	2	0	pass	many_10mad_outliers	review	mad_only_review
background_review	B01941	sub-35	sub-35	83	background_review	False	2	1	1	0	pass	many_10mad_outliers	review	mad_only_review
background_review	B01942	sub-35	sub-35	83	background_review	False	2	0	2	0	pass	many_10mad_outliers	review	mad_only_review
background_review	B01943	sub-35	sub-35	83	background_review	False	2	0	2	0	pass	many_10mad_outliers	review	mad_only_review
background_review	B01944	sub-35	sub-35	83	background_review	False	2	2	0	0	pass	pass	include	no_review_flag
background_review	B01945	sub-35	sub-35	83	background_review	False	2	1	1	0	pass	many_10mad_outliers	review	mad_only_review
background_review	B01946	sub-35	sub-35	83	background_review	False	2	0	2	0	pass	many_10mad_outliers	review	mad_only_review
background_review	B01947	sub-35	sub-35	83	background_review	False	2	2	0	0	pass	pass	include	no_review_flag
background_review	B01948	sub-35	sub-35	83	background_review	False	2	2	0	0	pass	pass	include	no_review_flag
background_review	B01949	sub-35	sub-35	83	background_review	False	2	2	0	0	pass	pass	include	no_review_flag
background_review	B01950	sub-35	sub-35	83	background_review	False	2	1	1	0	pass	many_10mad_outliers	review	mad_only_review
background_review	B01951	sub-35	sub-35	83	background_review	False	2	0	2	0	pass	many_10mad_outliers	review	mad_only_review
background_review	B01952	sub-35	sub-35	83	background_review	False	2	2	0	0	pass	pass	include	no_review_flag
background_review	B01953	sub-35	sub-35	83	background_review	False	2	0	2	0	pass	many_10mad_outliers	review	mad_only_review
background_review	B01954	sub-35	sub-35	83	background_review	False	2	0	2	0	pass	many_10mad_outliers	review	mad_only_review
background_review	B01955	sub-35	sub-35	83	background_review	False	2	0	2	0	pass	many_10mad_outliers	review	mad_only_review
background_review	B01956	sub-35	sub-35	83	background_review	False	2	0	2	0	pass	many_10mad_outliers	review	mad_only_review
background_review	B01957	sub-35	sub-35	83	background_review	False	2	0	2	0	pass	many_10mad_outliers	review	mad_only_review
background_review	B01958	sub-35	sub-35	83	background_review	False	2	0	2	0	pass	many_10mad_outliers	review	mad_only_review
background_review	B01959	sub-35	sub-35	83	background_review	False	2	2	0	0	pass	pass	include	no_review_flag
background_review	B01960	sub-35	sub-35	83	background_review	False	2	2	0	0	pass	pass	include	no_review_flag
background_review	B01961	sub-36	sub-36	84	background_review	False	2	2	0	0	pass	pass	include	no_review_flag
background_review	B01962	sub-36	sub-36	84	background_review	False	2	2	0	0	pass	pass	include	no_review_flag
background_review	B01963	sub-36	sub-36	84	background_review	False	2	2	0	0	pass	pass	include	no_review_flag
background_review	B01964	sub-36	sub-36	84	background_review	False	2	2	0	0	pass	pass	include	no_review_flag
background_review	B01965	sub-36	sub-36	84	background_review	False	2	2	0	0	pass	pass	include	no_review_flag
background_review	B01966	sub-36	sub-36	84	background_review	False	2	2	0	0	pass	pass	include	no_review_flag
background_review	B01967	sub-36	sub-36	84	background_review	False	2	2	0	0	pass	pass	include	no_review_flag
background_review	B01968	sub-36	sub-36	84	background_review	False	2	2	0	0	pass	pass	include	no_review_flag
background_review	B01969	sub-36	sub-36	84	background_review	False	2	2	0	0	pass	pass	include	no_review_flag
background_review	B01970	sub-36	sub-36	84	background_review	False	2	2	0	0	pass	pass	include	no_review_flag
background_review	B01971	sub-36	sub-36	84	background_review	False	2	2	0	0	pass	pass	include	no_review_flag
background_review	B01972	sub-36	sub-36	84	background_review	False	2	2	0	0	pass	pass	include	no_review_flag
background_review	B01973	sub-36	sub-36	84	background_review	False	2	2	0	0	pass	pass	include	no_review_flag
background_review	B01974	sub-36	sub-36	84	background_review	False	2	0	2	0	pass	many_10mad_outliers	review	mad_only_review
background_review	B01975	sub-36	sub-36	84	background_review	False	2	2	0	0	pass	pass	include	no_review_flag
background_review	B01976	sub-36	sub-36	84	background_review	False	2	2	0	0	pass	pass	include	no_review_flag
background_review	B01977	sub-36	sub-36	84	background_review	False	2	2	0	0	pass	pass	include	no_review_flag
background_review	B01978	sub-36	sub-36	84	background_review	False	2	2	0	0	pass	pass	include	no_review_flag
background_review	B01979	sub-36	sub-36	84	background_review	False	2	2	0	0	pass	pass	include	no_review_flag
background_review	B01980	sub-36	sub-36	84	background_review	False	2	2	0	0	pass	pass	include	no_review_flag
background_review	B01981	sub-36	sub-36	84	background_review	False	2	2	0	0	pass	pass	include	no_review_flag
background_review	B01982	sub-36	sub-36	84	background_review	False	2	2	0	0	pass	pass	include	no_review_flag
background_review	B01983	sub-36	sub-36	84	background_review	False	2	2	0	0	pass	pass	include	no_review_flag
background_review	B01984	sub-36	sub-36	84	background_review	False	2	2	0	0	pass	pass	include	no_review_flag
background_review	B01985	sub-36	sub-36	84	background_review	False	2	2	0	0	pass	pass	include	no_review_flag
background_review	B01986	sub-36	sub-36	84	background_review	False	2	2	0	0	pass	pass	include	no_review_flag
background_review	B01987	sub-36	sub-36	84	background_review	False	2	2	0	0	pass	pass	include	no_review_flag
background_review	B01988	sub-37	sub-37	86	background_review	False	2	0	2	0	pass	many_10mad_outliers	review	mad_only_review
background_review	B01989	sub-37	sub-37	86	background_review	False	2	1	1	0	pass	many_10mad_outliers	review	mad_only_review
background_review	B01990	sub-37	sub-37	86	background_review	False	2	2	0	0	pass	pass	include	no_review_flag
background_review	B01991	sub-37	sub-37	86	background_review	False	2	2	0	0	pass	pass	include	no_review_flag
background_review	B01992	sub-37	sub-37	86	background_review	False	2	0	2	0	pass	many_10mad_outliers	review	mad_only_review
background_review	B01993	sub-37	sub-37	86	background_review	False	2	0	2	0	pass	many_10mad_outliers	review	mad_only_review
background_review	B01994	sub-37	sub-37	86	background_review	False	2	2	0	0	pass	pass	include	no_review_flag
background_review	B01995	sub-37	sub-37	86	background_review	False	2	0	2	0	pass	many_10mad_outliers	review	mad_only_review
background_review	B01996	sub-37	sub-37	86	background_review	False	2	2	0	0	pass	pass	include	no_review_flag
background_review	B01997	sub-37	sub-37	86	background_review	False	2	2	0	0	pass	pass	include	no_review_flag
background_review	B01998	sub-37	sub-37	86	background_review	False	2	2	0	0	pass	pass	include	no_review_flag
background_review	B01999	sub-37	sub-37	86	background_review	False	2	2	0	0	pass	pass	include	no_review_flag
background_review	B02000	sub-37	sub-37	86	background_review	False	2	1	1	0	pass	many_10mad_outliers	review	mad_only_review
background_review	B02001	sub-37	sub-37	86	background_review	False	2	2	0	0	pass	pass	include	no_review_flag
background_review	B02002	sub-37	sub-37	86	background_review	False	2	2	0	0	pass	pass	include	no_review_flag
background_review	B02003	sub-37	sub-37	86	background_review	False	2	2	0	0	pass	pass	include	no_review_flag
background_review	B02004	sub-37	sub-37	86	background_review	False	2	2	0	0	pass	pass	include	no_review_flag
background_review	B02005	sub-37	sub-37	86	background_review	False	2	2	0	0	pass	pass	include	no_review_flag
background_review	B02006	sub-37	sub-37	86	background_review	False	2	2	0	0	pass	pass	include	no_review_flag
background_review	B02007	sub-37	sub-37	86	background_review	False	2	1	1	0	pass	many_10mad_outliers	review	mad_only_review
background_review	B02008	sub-37	sub-37	86	background_review	False	2	2	0	0	pass	pass	include	no_review_flag
background_review	B02009	sub-37	sub-37	86	background_review	False	2	1	1	0	pass	many_10mad_outliers	review	mad_only_review
background_review	B02010	sub-37	sub-37	86	background_review	False	2	1	1	0	pass	many_10mad_outliers	review	mad_only_review
background_review	B02011	sub-37	sub-37	86	background_review	False	2	2	0	0	pass	pass	include	no_review_flag
background_review	B02012	sub-37	sub-37	86	background_review	False	2	2	0	0	pass	pass	include	no_review_flag
background_review	B02013	sub-37	sub-37	86	background_review	False	2	2	0	0	pass	pass	include	no_review_flag
background_review	B02014	sub-37	sub-37	86	background_review	False	2	2	0	0	pass	pass	include	no_review_flag
background_review	B02015	sub-37	sub-37	86	background_review	False	2	2	0	0	pass	pass	include	no_review_flag
background_review	B02016	sub-37	sub-37	86	background_review	False	2	1	1	0	pass	many_10mad_outliers	review	mad_only_review
background_review	B02017	sub-38	sub-38	87	background_review	False	2	0	2	0	pass	many_10mad_outliers	review	mad_only_review
background_review	B02018	sub-38	sub-38	87	background_review	False	2	1	1	0	pass	many_10mad_outliers	review	mad_only_review
background_review	B02019	sub-38	sub-38	87	background_review	False	2	1	1	0	pass	high_peak_to_peak;high_robust_range;many_10mad_outliers;many_abrupt_jumps;repeated_endpoints	review	targeted_review
background_review	B02020	sub-38	sub-38	87	background_review	False	2	1	1	0	pass	many_10mad_outliers	review	mad_only_review
background_review	B02021	sub-38	sub-38	87	background_review	False	2	1	1	0	pass	many_10mad_outliers	review	mad_only_review
background_review	B02022	sub-38	sub-38	87	background_review	False	2	1	1	0	pass	many_10mad_outliers	review	mad_only_review
background_review	B02023	sub-38	sub-38	87	background_review	False	2	1	1	0	pass	many_10mad_outliers	review	mad_only_review
background_review	B02024	sub-38	sub-38	87	background_review	False	2	1	1	0	pass	many_10mad_outliers	review	mad_only_review
background_review	B02025	sub-38	sub-38	87	background_review	False	2	0	2	0	pass	high_peak_to_peak;high_robust_range;many_10mad_outliers;many_abrupt_jumps;repeated_endpoints	review	targeted_review
background_review	B02026	sub-38	sub-38	87	background_review	False	2	0	2	0	pass	high_peak_to_peak;high_robust_range;many_10mad_outliers;many_abrupt_jumps;repeated_endpoints	review	targeted_review
background_review	B02027	sub-38	sub-38	87	background_review	False	2	2	0	0	pass	pass	include	no_review_flag
background_review	B02028	sub-38	sub-38	87	background_review	False	2	2	0	0	pass	pass	include	no_review_flag
background_review	B02029	sub-38	sub-38	87	background_review	False	2	0	2	0	pass	high_peak_to_peak;high_robust_range;many_10mad_outliers;many_abrupt_jumps;repeated_endpoints	review	targeted_review
background_review	B02030	sub-38	sub-38	87	background_review	False	2	1	1	0	pass	many_10mad_outliers	review	mad_only_review
background_review	B02031	sub-38	sub-38	87	background_review	False	2	2	0	0	pass	pass	include	no_review_flag
background_review	B02032	sub-38	sub-38	87	background_review	False	2	2	0	0	pass	pass	include	no_review_flag
background_review	B02033	sub-38	sub-38	87	background_review	False	2	2	0	0	pass	pass	include	no_review_flag
background_review	B02034	sub-38	sub-38	87	background_review	False	2	1	1	0	pass	many_10mad_outliers;many_abrupt_jumps	review	targeted_review
background_review	B02035	sub-38	sub-38	87	background_review	False	2	1	1	0	pass	many_10mad_outliers	review	mad_only_review
background_review	B02036	sub-38	sub-38	87	background_review	False	2	0	2	0	pass	many_10mad_outliers	review	mad_only_review
background_review	B02037	sub-38	sub-38	87	background_review	False	2	1	1	0	pass	many_10mad_outliers	review	mad_only_review
background_review	B02038	sub-38	sub-38	87	background_review	False	2	1	1	0	pass	many_10mad_outliers	review	mad_only_review
background_review	B02039	sub-38	sub-38	87	background_review	False	2	2	0	0	pass	pass	include	no_review_flag
background_review	B02040	sub-38	sub-38	87	background_review	False	2	2	0	0	pass	pass	include	no_review_flag
background_review	B02041	sub-38	sub-38	87	background_review	False	2	2	0	0	pass	pass	include	no_review_flag
background_review	B02042	sub-38	sub-38	87	background_review	False	2	2	0	0	pass	pass	include	no_review_flag
background_review	B02043	sub-38	sub-38	87	background_review	False	2	2	0	0	pass	pass	include	no_review_flag
background_review	B02044	sub-38	sub-38	87	background_review	False	2	2	0	0	pass	pass	include	no_review_flag
background_review	B02045	sub-39	sub-39	85	background_review	False	2	2	0	0	pass	pass	include	no_review_flag
background_review	B02046	sub-39	sub-39	85	background_review	False	2	2	0	0	pass	pass	include	no_review_flag
background_review	B02047	sub-39	sub-39	85	background_review	False	2	2	0	0	pass	pass	include	no_review_flag
background_review	B02048	sub-39	sub-39	85	background_review	False	2	2	0	0	pass	pass	include	no_review_flag
background_review	B02049	sub-39	sub-39	85	background_review	False	2	1	1	0	pass	many_10mad_outliers	review	mad_only_review
background_review	B02050	sub-39	sub-39	85	background_review	False	2	2	0	0	pass	pass	include	no_review_flag
background_review	B02051	sub-39	sub-39	85	background_review	False	2	0	2	0	pass	many_10mad_outliers	review	mad_only_review
background_review	B02052	sub-39	sub-39	85	background_review	False	2	2	0	0	pass	pass	include	no_review_flag
background_review	B02053	sub-39	sub-39	85	background_review	False	2	2	0	0	pass	pass	include	no_review_flag
background_review	B02054	sub-39	sub-39	85	background_review	False	2	2	0	0	pass	pass	include	no_review_flag
background_review	B02055	sub-39	sub-39	85	background_review	False	2	2	0	0	pass	pass	include	no_review_flag
background_review	B02056	sub-39	sub-39	85	background_review	False	2	1	1	0	pass	many_10mad_outliers	review	mad_only_review
background_review	B02057	sub-39	sub-39	85	background_review	False	2	2	0	0	pass	pass	include	no_review_flag
background_review	B02058	sub-39	sub-39	85	background_review	False	2	2	0	0	pass	pass	include	no_review_flag
background_review	B02059	sub-39	sub-39	85	background_review	False	2	2	0	0	pass	pass	include	no_review_flag
background_review	B02060	sub-39	sub-39	85	background_review	False	2	2	0	0	pass	pass	include	no_review_flag
background_review	B02061	sub-39	sub-39	85	background_review	False	2	2	0	0	pass	pass	include	no_review_flag
background_review	B02062	sub-39	sub-39	85	background_review	False	2	2	0	0	pass	pass	include	no_review_flag
background_review	B02063	sub-39	sub-39	85	background_review	False	2	2	0	0	pass	pass	include	no_review_flag
background_review	B02064	sub-39	sub-39	85	background_review	False	2	2	0	0	pass	pass	include	no_review_flag
background_review	B02065	sub-39	sub-39	85	background_review	False	2	2	0	0	pass	pass	include	no_review_flag
background_review	B02066	sub-39	sub-39	85	background_review	False	2	1	1	0	pass	many_10mad_outliers	review	mad_only_review
background_review	B02067	sub-39	sub-39	85	background_review	False	2	1	1	0	pass	many_10mad_outliers	review	mad_only_review
background_review	B02068	sub-39	sub-39	85	background_review	False	2	2	0	0	pass	pass	include	no_review_flag
background_review	B02069	sub-39	sub-39	85	background_review	False	2	2	0	0	pass	pass	include	no_review_flag
background_review	B02070	sub-39	sub-39	85	background_review	False	2	2	0	0	pass	pass	include	no_review_flag
background_review	B02071	sub-39	sub-39	85	background_review	False	2	2	0	0	pass	pass	include	no_review_flag
background_review	B02072	sub-39	sub-39	85	background_review	False	2	2	0	0	pass	pass	include	no_review_flag
background_review	B02073	sub-39	sub-39	85	background_review	False	2	2	0	0	pass	pass	include	no_review_flag
background_review	B02074	sub-39	sub-39	85	background_review	False	2	2	0	0	pass	pass	include	no_review_flag
background_review	B02075	sub-39	sub-39	85	background_review	False	2	2	0	0	pass	pass	include	no_review_flag
background_review	B02076	sub-39	sub-39	85	background_review	False	2	2	0	0	pass	pass	include	no_review_flag
background_review	B02077	sub-39	sub-39	85	background_review	False	2	1	1	0	pass	many_10mad_outliers	review	mad_only_review
background_review	B02078	sub-39	sub-39	85	background_review	False	2	2	0	0	pass	pass	include	no_review_flag
background_review	B02079	sub-39	sub-39	85	background_review	False	2	2	0	0	pass	pass	include	no_review_flag
background_review	B02080	sub-39	sub-39	85	background_review	False	2	2	0	0	pass	pass	include	no_review_flag
background_review	B02081	sub-4	sub-4	2	background_review	False	2	2	0	0	pass	pass	include	no_review_flag
background_review	B02082	sub-4	sub-4	2	background_review	False	2	2	0	0	pass	pass	include	no_review_flag
background_review	B02083	sub-4	sub-4	2	background_review	False	2	2	0	0	pass	pass	include	no_review_flag
background_review	B02084	sub-4	sub-4	2	background_review	False	2	2	0	0	pass	pass	include	no_review_flag
background_review	B02085	sub-4	sub-4	2	background_review	False	2	0	2	0	pass	many_10mad_outliers	review	mad_only_review
background_review	B02086	sub-4	sub-4	2	background_review	False	2	1	1	0	pass	many_10mad_outliers	review	mad_only_review
background_review	B02087	sub-4	sub-4	2	background_review	False	2	2	0	0	pass	pass	include	no_review_flag
background_review	B02088	sub-4	sub-4	2	background_review	False	2	0	2	0	pass	many_10mad_outliers	review	mad_only_review
background_review	B02089	sub-4	sub-4	2	background_review	False	2	2	0	0	pass	pass	include	no_review_flag
background_review	B02090	sub-4	sub-4	2	background_review	False	2	2	0	0	pass	pass	include	no_review_flag
background_review	B02091	sub-4	sub-4	2	background_review	False	2	2	0	0	pass	pass	include	no_review_flag
background_review	B02092	sub-4	sub-4	2	background_review	False	2	2	0	0	pass	pass	include	no_review_flag
background_review	B02093	sub-4	sub-4	2	background_review	False	2	1	1	0	pass	many_10mad_outliers	review	mad_only_review
background_review	B02094	sub-4	sub-4	2	background_review	False	2	0	2	0	pass	many_10mad_outliers	review	mad_only_review
background_review	B02095	sub-4	sub-4	2	background_review	False	2	0	2	0	pass	many_10mad_outliers	review	mad_only_review
background_review	B02096	sub-4	sub-4	2	background_review	False	2	2	0	0	pass	pass	include	no_review_flag
background_review	B02097	sub-4	sub-4	2	background_review	False	2	2	0	0	pass	pass	include	no_review_flag
background_review	B02098	sub-4	sub-4	2	background_review	False	2	1	1	0	pass	many_10mad_outliers	review	mad_only_review
background_review	B02099	sub-4	sub-4	2	background_review	False	2	2	0	0	pass	pass	include	no_review_flag
background_review	B02100	sub-4	sub-4	2	background_review	False	2	2	0	0	pass	pass	include	no_review_flag
background_review	B02101	sub-4	sub-4	2	background_review	False	2	2	0	0	pass	pass	include	no_review_flag
background_review	B02102	sub-4	sub-4	2	background_review	False	2	1	1	0	pass	many_10mad_outliers	review	mad_only_review
background_review	B02103	sub-4	sub-4	2	background_review	False	2	2	0	0	pass	pass	include	no_review_flag
background_review	B02104	sub-4	sub-4	2	background_review	False	2	2	0	0	pass	pass	include	no_review_flag
background_review	B02105	sub-4	sub-4	2	background_review	False	2	2	0	0	pass	pass	include	no_review_flag
background_review	B02106	sub-4	sub-4	2	background_review	False	2	2	0	0	pass	pass	include	no_review_flag
background_review	B02107	sub-4	sub-4	2	background_review	False	2	0	2	0	pass	many_10mad_outliers	review	mad_only_review
background_review	B02108	sub-4	sub-4	2	background_review	False	2	2	0	0	pass	pass	include	no_review_flag
background_review	B02109	sub-4	sub-4	2	background_review	False	2	2	0	0	pass	pass	include	no_review_flag
background_review	B02110	sub-4	sub-4	2	background_review	False	2	2	0	0	pass	pass	include	no_review_flag
background_review	B02111	sub-4	sub-4	2	background_review	False	2	2	0	0	pass	pass	include	no_review_flag
background_review	B02112	sub-4	sub-4	2	background_review	False	2	2	0	0	pass	pass	include	no_review_flag
background_review	B02113	sub-4	sub-4	2	background_review	False	2	2	0	0	pass	pass	include	no_review_flag
background_review	B02114	sub-4	sub-4	2	background_review	False	2	1	1	0	pass	many_10mad_outliers	review	mad_only_review
background_review	B02115	sub-4	sub-4	2	background_review	False	2	1	1	0	pass	many_10mad_outliers	review	mad_only_review
background_review	B02116	sub-4	sub-4	2	background_review	False	2	0	2	0	pass	high_robust_range;many_10mad_outliers	review	targeted_review
background_review	B02117	sub-4	sub-4	2	background_review	False	2	0	2	0	pass	high_robust_range;many_10mad_outliers	review	targeted_review
background_review	B02118	sub-40	sub-40	86	background_review	False	2	2	0	0	pass	pass	include	no_review_flag
background_review	B02119	sub-40	sub-40	86	background_review	False	2	2	0	0	pass	pass	include	no_review_flag
background_review	B02120	sub-40	sub-40	86	background_review	False	2	2	0	0	pass	pass	include	no_review_flag
background_review	B02121	sub-40	sub-40	86	background_review	False	2	2	0	0	pass	pass	include	no_review_flag
background_review	B02122	sub-40	sub-40	86	background_review	False	2	2	0	0	pass	pass	include	no_review_flag
background_review	B02123	sub-40	sub-40	86	background_review	False	2	1	1	0	pass	many_10mad_outliers	review	mad_only_review
background_review	B02124	sub-40	sub-40	86	background_review	False	2	2	0	0	pass	pass	include	no_review_flag
background_review	B02125	sub-40	sub-40	86	background_review	False	2	2	0	0	pass	pass	include	no_review_flag
background_review	B02126	sub-40	sub-40	86	background_review	False	2	2	0	0	pass	pass	include	no_review_flag
background_review	B02127	sub-40	sub-40	86	background_review	False	2	2	0	0	pass	pass	include	no_review_flag
background_review	B02128	sub-40	sub-40	86	background_review	False	2	2	0	0	pass	pass	include	no_review_flag
background_review	B02129	sub-40	sub-40	86	background_review	False	2	2	0	0	pass	pass	include	no_review_flag
background_review	B02130	sub-40	sub-40	86	background_review	False	2	2	0	0	pass	pass	include	no_review_flag
background_review	B02131	sub-40	sub-40	86	background_review	False	2	2	0	0	pass	pass	include	no_review_flag
background_review	B02132	sub-40	sub-40	86	background_review	False	2	2	0	0	pass	pass	include	no_review_flag
background_review	B02133	sub-40	sub-40	86	background_review	False	2	2	0	0	pass	pass	include	no_review_flag
background_review	B02134	sub-40	sub-40	86	background_review	False	2	2	0	0	pass	pass	include	no_review_flag
background_review	B02135	sub-40	sub-40	86	background_review	False	2	2	0	0	pass	pass	include	no_review_flag
background_review	B02136	sub-40	sub-40	86	background_review	False	2	2	0	0	pass	pass	include	no_review_flag
background_review	B02137	sub-40	sub-40	86	background_review	False	2	2	0	0	pass	pass	include	no_review_flag
background_review	B02138	sub-40	sub-40	86	background_review	False	2	2	0	0	pass	pass	include	no_review_flag
background_review	B02139	sub-40	sub-40	86	background_review	False	2	2	0	0	pass	pass	include	no_review_flag
background_review	B02140	sub-40	sub-40	86	background_review	False	2	2	0	0	pass	pass	include	no_review_flag
background_review	B02141	sub-40	sub-40	86	background_review	False	2	1	1	0	pass	many_10mad_outliers	review	mad_only_review
background_review	B02142	sub-40	sub-40	86	background_review	False	2	1	1	0	pass	many_10mad_outliers	review	mad_only_review
background_review	B02143	sub-40	sub-40	86	background_review	False	2	2	0	0	pass	pass	include	no_review_flag
background_review	B02144	sub-40	sub-40	86	background_review	False	2	2	0	0	pass	pass	include	no_review_flag
background_review	B02145	sub-40	sub-40	86	background_review	False	2	2	0	0	pass	pass	include	no_review_flag
background_review	B02146	sub-40	sub-40	86	background_review	False	2	2	0	0	pass	pass	include	no_review_flag
background_review	B02147	sub-40	sub-40	86	background_review	False	2	2	0	0	pass	pass	include	no_review_flag
background_review	B02148	sub-40	sub-40	86	background_review	False	2	2	0	0	pass	pass	include	no_review_flag
background_review	B02149	sub-41	sub-41	83	background_review	False	2	2	0	0	pass	pass	include	no_review_flag
background_review	B02150	sub-41	sub-41	83	background_review	False	2	2	0	0	pass	pass	include	no_review_flag
background_review	B02151	sub-41	sub-41	83	background_review	False	2	1	1	0	pass	many_10mad_outliers	review	mad_only_review
background_review	B02152	sub-41	sub-41	83	background_review	False	2	2	0	0	pass	pass	include	no_review_flag
background_review	B02153	sub-41	sub-41	83	background_review	False	2	1	1	0	pass	many_10mad_outliers	review	mad_only_review
background_review	B02154	sub-41	sub-41	83	background_review	False	2	0	2	0	pass	many_10mad_outliers	review	mad_only_review
background_review	B02155	sub-41	sub-41	83	background_review	False	2	2	0	0	pass	pass	include	no_review_flag
background_review	B02156	sub-41	sub-41	83	background_review	False	2	2	0	0	pass	pass	include	no_review_flag
background_review	B02157	sub-41	sub-41	83	background_review	False	2	1	1	0	pass	many_10mad_outliers	review	mad_only_review
background_review	B02158	sub-41	sub-41	83	background_review	False	2	1	1	0	pass	many_10mad_outliers	review	mad_only_review
background_review	B02159	sub-41	sub-41	83	background_review	False	2	2	0	0	pass	pass	include	no_review_flag
background_review	B02160	sub-41	sub-41	83	background_review	False	2	1	1	0	pass	many_10mad_outliers	review	mad_only_review
background_review	B02161	sub-41	sub-41	83	background_review	False	2	2	0	0	pass	pass	include	no_review_flag
background_review	B02162	sub-41	sub-41	83	background_review	False	2	1	1	0	pass	many_10mad_outliers	review	mad_only_review
background_review	B02163	sub-41	sub-41	83	background_review	False	2	2	0	0	pass	pass	include	no_review_flag
background_review	B02164	sub-41	sub-41	83	background_review	False	2	2	0	0	pass	pass	include	no_review_flag
background_review	B02165	sub-41	sub-41	83	background_review	False	2	2	0	0	pass	pass	include	no_review_flag
background_review	B02166	sub-41	sub-41	83	background_review	False	2	2	0	0	pass	pass	include	no_review_flag
background_review	B02167	sub-41	sub-41	83	background_review	False	2	1	1	0	pass	many_10mad_outliers	review	mad_only_review
background_review	B02168	sub-41	sub-41	83	background_review	False	2	1	1	0	pass	many_10mad_outliers	review	mad_only_review
background_review	B02169	sub-41	sub-41	83	background_review	False	2	2	0	0	pass	pass	include	no_review_flag
background_review	B02170	sub-41	sub-41	83	background_review	False	2	1	1	0	pass	many_10mad_outliers	review	mad_only_review
background_review	B02171	sub-41	sub-41	83	background_review	False	2	2	0	0	pass	pass	include	no_review_flag
background_review	B02172	sub-41	sub-41	83	background_review	False	2	2	0	0	pass	pass	include	no_review_flag
background_review	B02173	sub-41	sub-41	83	background_review	False	2	2	0	0	pass	pass	include	no_review_flag
background_review	B02174	sub-41	sub-41	83	background_review	False	2	2	0	0	pass	pass	include	no_review_flag
background_review	B02175	sub-41	sub-41	83	background_review	False	2	0	2	0	pass	many_10mad_outliers	review	mad_only_review
background_review	B02176	sub-41	sub-41	83	background_review	False	2	1	1	0	pass	many_10mad_outliers	review	mad_only_review
background_review	B02177	sub-41	sub-41	83	background_review	False	2	1	1	0	pass	many_10mad_outliers	review	mad_only_review
background_review	B02178	sub-41	sub-41	83	background_review	False	2	1	1	0	pass	many_10mad_outliers	review	mad_only_review
background_review	B02179	sub-42	sub-42	84	background_review	False	2	2	0	0	pass	pass	include	no_review_flag
background_review	B02180	sub-42	sub-42	84	background_review	False	2	2	0	0	pass	pass	include	no_review_flag
background_review	B02181	sub-42	sub-42	84	background_review	False	2	2	0	0	pass	pass	include	no_review_flag
background_review	B02182	sub-42	sub-42	84	background_review	False	2	2	0	0	pass	pass	include	no_review_flag
background_review	B02183	sub-42	sub-42	84	background_review	False	2	2	0	0	pass	pass	include	no_review_flag
background_review	B02184	sub-42	sub-42	84	background_review	False	2	2	0	0	pass	pass	include	no_review_flag
background_review	B02185	sub-42	sub-42	84	background_review	False	2	0	2	0	pass	many_10mad_outliers	review	mad_only_review
background_review	B02186	sub-42	sub-42	84	background_review	False	2	2	0	0	pass	pass	include	no_review_flag
background_review	B02187	sub-42	sub-42	84	background_review	False	2	2	0	0	pass	pass	include	no_review_flag
background_review	B02188	sub-42	sub-42	84	background_review	False	2	2	0	0	pass	pass	include	no_review_flag
background_review	B02189	sub-42	sub-42	84	background_review	False	2	2	0	0	pass	pass	include	no_review_flag
background_review	B02190	sub-42	sub-42	84	background_review	False	2	2	0	0	pass	pass	include	no_review_flag
background_review	B02191	sub-42	sub-42	84	background_review	False	2	2	0	0	pass	pass	include	no_review_flag
background_review	B02192	sub-42	sub-42	84	background_review	False	2	2	0	0	pass	pass	include	no_review_flag
background_review	B02193	sub-42	sub-42	84	background_review	False	2	2	0	0	pass	pass	include	no_review_flag
background_review	B02194	sub-42	sub-42	84	background_review	False	2	2	0	0	pass	pass	include	no_review_flag
background_review	B02195	sub-42	sub-42	84	background_review	False	2	2	0	0	pass	pass	include	no_review_flag
background_review	B02196	sub-42	sub-42	84	background_review	False	2	2	0	0	pass	pass	include	no_review_flag
background_review	B02197	sub-42	sub-42	84	background_review	False	2	2	0	0	pass	pass	include	no_review_flag
background_review	B02198	sub-42	sub-42	84	background_review	False	2	2	0	0	pass	pass	include	no_review_flag
background_review	B02199	sub-42	sub-42	84	background_review	False	2	2	0	0	pass	pass	include	no_review_flag
background_review	B02200	sub-42	sub-42	84	background_review	False	2	2	0	0	pass	pass	include	no_review_flag
background_review	B02201	sub-42	sub-42	84	background_review	False	2	2	0	0	pass	pass	include	no_review_flag
background_review	B02202	sub-42	sub-42	84	background_review	False	2	2	0	0	pass	pass	include	no_review_flag
background_review	B02203	sub-42	sub-42	84	background_review	False	2	2	0	0	pass	pass	include	no_review_flag
background_review	B02204	sub-42	sub-42	84	background_review	False	2	2	0	0	pass	pass	include	no_review_flag
background_review	B02205	sub-42	sub-42	84	background_review	False	2	2	0	0	pass	pass	include	no_review_flag
background_review	B02206	sub-42	sub-42	84	background_review	False	2	0	2	0	pass	high_robust_range;many_10mad_outliers	review	targeted_review
background_review	B02207	sub-42	sub-42	84	background_review	False	2	0	2	0	pass	high_robust_range;many_10mad_outliers	review	targeted_review
background_review	B02208	sub-43	sub-43	87	background_review	False	2	2	0	0	pass	pass	include	no_review_flag
background_review	B02209	sub-43	sub-43	87	background_review	False	2	2	0	0	pass	pass	include	no_review_flag
background_review	B02210	sub-43	sub-43	87	background_review	False	2	2	0	0	pass	pass	include	no_review_flag
background_review	B02211	sub-43	sub-43	87	background_review	False	2	2	0	0	pass	pass	include	no_review_flag
background_review	B02212	sub-43	sub-43	87	background_review	False	2	0	2	0	pass	many_10mad_outliers	review	mad_only_review
background_review	B02213	sub-43	sub-43	87	background_review	False	2	0	2	0	pass	many_10mad_outliers	review	mad_only_review
background_review	B02214	sub-43	sub-43	87	background_review	False	2	0	2	0	pass	high_robust_range;many_10mad_outliers	review	targeted_review
background_review	B02215	sub-43	sub-43	87	background_review	False	2	0	2	0	pass	many_10mad_outliers	review	mad_only_review
background_review	B02216	sub-43	sub-43	87	background_review	False	2	2	0	0	pass	pass	include	no_review_flag
background_review	B02217	sub-43	sub-43	87	background_review	False	2	2	0	0	pass	pass	include	no_review_flag
background_review	B02218	sub-43	sub-43	87	background_review	False	2	2	0	0	pass	pass	include	no_review_flag
background_review	B02219	sub-43	sub-43	87	background_review	False	2	2	0	0	pass	pass	include	no_review_flag
background_review	B02220	sub-43	sub-43	87	background_review	False	2	2	0	0	pass	pass	include	no_review_flag
background_review	B02221	sub-43	sub-43	87	background_review	False	2	0	2	0	pass	many_10mad_outliers	review	mad_only_review
background_review	B02222	sub-43	sub-43	87	background_review	False	2	2	0	0	pass	pass	include	no_review_flag
background_review	B02223	sub-43	sub-43	87	background_review	False	2	2	0	0	pass	pass	include	no_review_flag
background_review	B02224	sub-43	sub-43	87	background_review	False	2	2	0	0	pass	pass	include	no_review_flag
background_review	B02225	sub-43	sub-43	87	background_review	False	2	2	0	0	pass	pass	include	no_review_flag
background_review	B02226	sub-43	sub-43	87	background_review	False	2	2	0	0	pass	pass	include	no_review_flag
background_review	B02227	sub-43	sub-43	87	background_review	False	2	2	0	0	pass	pass	include	no_review_flag
background_review	B02228	sub-43	sub-43	87	background_review	False	2	0	2	0	pass	many_10mad_outliers	review	mad_only_review
background_review	B02229	sub-43	sub-43	87	background_review	False	2	2	0	0	pass	pass	include	no_review_flag
background_review	B02230	sub-43	sub-43	87	background_review	False	2	2	0	0	pass	pass	include	no_review_flag
background_review	B02231	sub-43	sub-43	87	background_review	False	2	2	0	0	pass	pass	include	no_review_flag
background_review	B02232	sub-43	sub-43	87	background_review	False	2	2	0	0	pass	pass	include	no_review_flag
background_review	B02233	sub-43	sub-43	87	background_review	False	2	2	0	0	pass	pass	include	no_review_flag
background_review	B02234	sub-43	sub-43	87	background_review	False	2	1	1	0	pass	many_10mad_outliers	review	mad_only_review
background_review	B02235	sub-43	sub-43	87	background_review	False	2	0	2	0	pass	many_10mad_outliers	review	mad_only_review
background_review	B02236	sub-44	sub-44	23	background_review	False	2	2	0	0	pass	pass	include	no_review_flag
background_review	B02237	sub-44	sub-44	23	background_review	False	2	2	0	0	pass	pass	include	no_review_flag
background_review	B02238	sub-44	sub-44	23	background_review	False	2	2	0	0	pass	pass	include	no_review_flag
background_review	B02239	sub-44	sub-44	23	background_review	False	2	2	0	0	pass	pass	include	no_review_flag
background_review	B02240	sub-44	sub-44	23	background_review	False	2	2	0	0	pass	pass	include	no_review_flag
background_review	B02241	sub-44	sub-44	23	background_review	False	2	2	0	0	pass	pass	include	no_review_flag
background_review	B02242	sub-44	sub-44	23	background_review	False	2	2	0	0	pass	pass	include	no_review_flag
background_review	B02243	sub-44	sub-44	23	background_review	False	2	2	0	0	pass	pass	include	no_review_flag
background_review	B02244	sub-44	sub-44	23	background_review	False	2	2	0	0	pass	pass	include	no_review_flag
background_review	B02245	sub-44	sub-44	23	background_review	False	2	2	0	0	pass	pass	include	no_review_flag
background_review	B02246	sub-44	sub-44	23	background_review	False	2	2	0	0	pass	pass	include	no_review_flag
background_review	B02247	sub-44	sub-44	23	background_review	False	2	2	0	0	pass	pass	include	no_review_flag
background_review	B02248	sub-44	sub-44	23	background_review	False	2	2	0	0	pass	pass	include	no_review_flag
background_review	B02249	sub-44	sub-44	23	background_review	False	2	2	0	0	pass	pass	include	no_review_flag
background_review	B02250	sub-44	sub-44	23	background_review	False	2	2	0	0	pass	pass	include	no_review_flag
background_review	B02251	sub-44	sub-44	23	background_review	False	2	2	0	0	pass	pass	include	no_review_flag
background_review	B02252	sub-44	sub-44	23	background_review	False	2	2	0	0	pass	pass	include	no_review_flag
background_review	B02253	sub-44	sub-44	23	background_review	False	2	2	0	0	pass	pass	include	no_review_flag
background_review	B02254	sub-44	sub-44	23	background_review	False	2	2	0	0	pass	pass	include	no_review_flag
background_review	B02255	sub-44	sub-44	23	background_review	False	2	2	0	0	pass	pass	include	no_review_flag
background_review	B02256	sub-44	sub-44	23	background_review	False	2	2	0	0	pass	pass	include	no_review_flag
background_review	B02257	sub-44	sub-44	23	background_review	False	2	2	0	0	pass	pass	include	no_review_flag
background_review	B02258	sub-44	sub-44	23	background_review	False	2	2	0	0	pass	pass	include	no_review_flag
background_review	B02259	sub-44	sub-44	23	background_review	False	2	2	0	0	pass	pass	include	no_review_flag
background_review	B02260	sub-44	sub-44	23	background_review	False	2	2	0	0	pass	pass	include	no_review_flag
background_review	B02261	sub-44	sub-44	23	background_review	False	2	2	0	0	pass	pass	include	no_review_flag
background_review	B02262	sub-44	sub-44	23	background_review	False	2	2	0	0	pass	pass	include	no_review_flag
background_review	B02263	sub-44	sub-44	23	background_review	False	2	2	0	0	pass	pass	include	no_review_flag
background_review	B02264	sub-44	sub-44	23	background_review	False	2	2	0	0	pass	pass	include	no_review_flag
background_review	B02265	sub-44	sub-44	23	background_review	False	2	2	0	0	pass	pass	include	no_review_flag
background_review	B02266	sub-44	sub-44	23	background_review	False	2	2	0	0	pass	pass	include	no_review_flag
background_review	B02267	sub-44	sub-44	23	background_review	False	2	2	0	0	pass	pass	include	no_review_flag
background_review	B02268	sub-44	sub-44	23	background_review	False	2	2	0	0	pass	pass	include	no_review_flag
background_review	B02269	sub-44	sub-44	23	background_review	False	2	0	2	0	pass	many_10mad_outliers	review	mad_only_review
background_review	B02270	sub-44	sub-44	23	background_review	False	2	1	1	0	pass	many_10mad_outliers	review	mad_only_review
background_review	B02271	sub-45	sub-45	24	background_review	False	2	2	0	0	pass	pass	include	no_review_flag
background_review	B02272	sub-45	sub-45	24	background_review	False	2	2	0	0	pass	pass	include	no_review_flag
background_review	B02273	sub-45	sub-45	24	background_review	False	2	2	0	0	pass	pass	include	no_review_flag
background_review	B02274	sub-45	sub-45	24	background_review	False	2	2	0	0	pass	pass	include	no_review_flag
background_review	B02275	sub-45	sub-45	24	background_review	False	2	0	2	0	pass	many_10mad_outliers	review	mad_only_review
background_review	B02276	sub-45	sub-45	24	background_review	False	2	2	0	0	pass	pass	include	no_review_flag
background_review	B02277	sub-45	sub-45	24	background_review	False	2	2	0	0	pass	pass	include	no_review_flag
background_review	B02278	sub-45	sub-45	24	background_review	False	2	2	0	0	pass	pass	include	no_review_flag
background_review	B02279	sub-45	sub-45	24	background_review	False	2	2	0	0	pass	pass	include	no_review_flag
background_review	B02280	sub-45	sub-45	24	background_review	False	2	2	0	0	pass	pass	include	no_review_flag
background_review	B02281	sub-45	sub-45	24	background_review	False	2	1	1	0	pass	many_10mad_outliers	review	mad_only_review
background_review	B02282	sub-45	sub-45	24	background_review	False	2	1	1	0	pass	high_robust_range;many_10mad_outliers	review	targeted_review
background_review	B02283	sub-45	sub-45	24	background_review	False	2	0	2	0	pass	high_peak_to_peak;high_robust_range;many_10mad_outliers	review	targeted_review
background_review	B02284	sub-45	sub-45	24	background_review	False	2	1	1	0	pass	many_10mad_outliers	review	mad_only_review
background_review	B02285	sub-45	sub-45	24	background_review	False	2	0	2	0	pass	high_peak_to_peak;many_10mad_outliers	review	targeted_review
background_review	B02286	sub-45	sub-45	24	background_review	False	2	2	0	0	pass	pass	include	no_review_flag
background_review	B02287	sub-45	sub-45	24	background_review	False	2	2	0	0	pass	pass	include	no_review_flag
background_review	B02288	sub-45	sub-45	24	background_review	False	2	2	0	0	pass	pass	include	no_review_flag
background_review	B02289	sub-45	sub-45	24	background_review	False	2	2	0	0	pass	pass	include	no_review_flag
background_review	B02290	sub-45	sub-45	24	background_review	False	2	2	0	0	pass	pass	include	no_review_flag
background_review	B02291	sub-45	sub-45	24	background_review	False	2	1	1	0	pass	many_10mad_outliers	review	mad_only_review
background_review	B02292	sub-45	sub-45	24	background_review	False	2	1	1	0	pass	many_10mad_outliers	review	mad_only_review
background_review	B02293	sub-45	sub-45	24	background_review	False	2	2	0	0	pass	pass	include	no_review_flag
background_review	B02294	sub-45	sub-45	24	background_review	False	2	2	0	0	pass	pass	include	no_review_flag
background_review	B02295	sub-45	sub-45	24	background_review	False	2	2	0	0	pass	pass	include	no_review_flag
background_review	B02296	sub-45	sub-45	24	background_review	False	2	2	0	0	pass	pass	include	no_review_flag
background_review	B02297	sub-45	sub-45	24	background_review	False	2	0	2	0	pass	high_robust_range;many_10mad_outliers	review	targeted_review
background_review	B02298	sub-45	sub-45	24	background_review	False	2	0	2	0	pass	high_robust_range;many_10mad_outliers	review	targeted_review
background_review	B02299	sub-46	sub-46	26	background_review	False	2	2	0	0	pass	pass	include	no_review_flag
background_review	B02300	sub-46	sub-46	26	background_review	False	2	2	0	0	pass	pass	include	no_review_flag
background_review	B02301	sub-46	sub-46	26	background_review	False	2	2	0	0	pass	pass	include	no_review_flag
background_review	B02302	sub-46	sub-46	26	background_review	False	2	0	2	0	pass	many_10mad_outliers	review	mad_only_review
background_review	B02303	sub-46	sub-46	26	background_review	False	2	0	2	0	pass	many_10mad_outliers	review	mad_only_review
background_review	B02304	sub-46	sub-46	26	background_review	False	2	0	2	0	pass	many_10mad_outliers	review	mad_only_review
background_review	B02305	sub-46	sub-46	26	background_review	False	2	1	1	0	pass	many_10mad_outliers	review	mad_only_review
background_review	B02306	sub-46	sub-46	26	background_review	False	2	2	0	0	pass	pass	include	no_review_flag
background_review	B02307	sub-46	sub-46	26	background_review	False	2	2	0	0	pass	pass	include	no_review_flag
background_review	B02308	sub-46	sub-46	26	background_review	False	2	2	0	0	pass	pass	include	no_review_flag
background_review	B02309	sub-46	sub-46	26	background_review	False	2	1	1	0	pass	many_10mad_outliers	review	mad_only_review
background_review	B02310	sub-46	sub-46	26	background_review	False	2	2	0	0	pass	pass	include	no_review_flag
background_review	B02311	sub-46	sub-46	26	background_review	False	2	2	0	0	pass	pass	include	no_review_flag
background_review	B02312	sub-46	sub-46	26	background_review	False	2	2	0	0	pass	pass	include	no_review_flag
background_review	B02313	sub-46	sub-46	26	background_review	False	2	1	1	0	pass	many_10mad_outliers	review	mad_only_review
background_review	B02314	sub-46	sub-46	26	background_review	False	2	2	0	0	pass	pass	include	no_review_flag
background_review	B02315	sub-46	sub-46	26	background_review	False	2	2	0	0	pass	pass	include	no_review_flag
background_review	B02316	sub-46	sub-46	26	background_review	False	2	2	0	0	pass	pass	include	no_review_flag
background_review	B02317	sub-46	sub-46	26	background_review	False	2	2	0	0	pass	pass	include	no_review_flag
background_review	B02318	sub-46	sub-46	26	background_review	False	2	2	0	0	pass	pass	include	no_review_flag
background_review	B02319	sub-46	sub-46	26	background_review	False	2	1	1	0	pass	many_10mad_outliers	review	mad_only_review
background_review	B02320	sub-46	sub-46	26	background_review	False	2	2	0	0	pass	pass	include	no_review_flag
background_review	B02321	sub-46	sub-46	26	background_review	False	2	2	0	0	pass	pass	include	no_review_flag
background_review	B02322	sub-46	sub-46	26	background_review	False	2	2	0	0	pass	pass	include	no_review_flag
background_review	B02323	sub-46	sub-46	26	background_review	False	2	2	0	0	pass	pass	include	no_review_flag
background_review	B02324	sub-46	sub-46	26	background_review	False	2	1	1	0	pass	many_10mad_outliers	review	mad_only_review
background_review	B02325	sub-46	sub-46	26	background_review	False	2	2	0	0	pass	pass	include	no_review_flag
background_review	B02326	sub-46	sub-46	26	background_review	False	2	2	0	0	pass	pass	include	no_review_flag
background_review	B02327	sub-46	sub-46	26	background_review	False	2	2	0	0	pass	pass	include	no_review_flag
background_review	B02328	sub-46	sub-46	26	background_review	False	2	2	0	0	pass	pass	include	no_review_flag
background_review	B02329	sub-46	sub-46	26	background_review	False	2	2	0	0	pass	pass	include	no_review_flag
background_review	B02330	sub-46	sub-46	26	background_review	False	2	2	0	0	pass	pass	include	no_review_flag
background_review	B02331	sub-46	sub-46	26	background_review	False	2	1	1	0	pass	high_robust_range;many_10mad_outliers	review	targeted_review
background_review	B02332	sub-46	sub-46	26	background_review	False	2	1	1	0	pass	high_robust_range;many_10mad_outliers	review	targeted_review
background_review	B02333	sub-47	sub-47	87	background_review	False	2	2	0	0	pass	pass	include	no_review_flag
background_review	B02334	sub-47	sub-47	87	background_review	False	2	2	0	0	pass	pass	include	no_review_flag
background_review	B02335	sub-47	sub-47	87	background_review	False	2	2	0	0	pass	pass	include	no_review_flag
background_review	B02336	sub-47	sub-47	87	background_review	False	2	2	0	0	pass	pass	include	no_review_flag
background_review	B02337	sub-47	sub-47	87	background_review	False	2	2	0	0	pass	pass	include	no_review_flag
background_review	B02338	sub-47	sub-47	87	background_review	False	2	2	0	0	pass	pass	include	no_review_flag
background_review	B02339	sub-47	sub-47	87	background_review	False	2	2	0	0	pass	pass	include	no_review_flag
background_review	B02340	sub-47	sub-47	87	background_review	False	2	2	0	0	pass	pass	include	no_review_flag
background_review	B02341	sub-47	sub-47	87	background_review	False	2	2	0	0	pass	pass	include	no_review_flag
background_review	B02342	sub-47	sub-47	87	background_review	False	2	2	0	0	pass	pass	include	no_review_flag
background_review	B02343	sub-47	sub-47	87	background_review	False	2	2	0	0	pass	pass	include	no_review_flag
background_review	B02344	sub-47	sub-47	87	background_review	False	2	2	0	0	pass	pass	include	no_review_flag
background_review	B02345	sub-47	sub-47	87	background_review	False	2	1	1	0	pass	many_10mad_outliers	review	mad_only_review
background_review	B02346	sub-47	sub-47	87	background_review	False	2	2	0	0	pass	pass	include	no_review_flag
background_review	B02347	sub-47	sub-47	87	background_review	False	2	2	0	0	pass	pass	include	no_review_flag
background_review	B02348	sub-47	sub-47	87	background_review	False	2	2	0	0	pass	pass	include	no_review_flag
background_review	B02349	sub-47	sub-47	87	background_review	False	2	2	0	0	pass	pass	include	no_review_flag
background_review	B02350	sub-47	sub-47	87	background_review	False	2	2	0	0	pass	pass	include	no_review_flag
background_review	B02351	sub-47	sub-47	87	background_review	False	2	2	0	0	pass	pass	include	no_review_flag
background_review	B02352	sub-47	sub-47	87	background_review	False	2	2	0	0	pass	pass	include	no_review_flag
background_review	B02353	sub-47	sub-47	87	background_review	False	2	2	0	0	pass	pass	include	no_review_flag
background_review	B02354	sub-47	sub-47	87	background_review	False	2	2	0	0	pass	pass	include	no_review_flag
background_review	B02355	sub-47	sub-47	87	background_review	False	2	2	0	0	pass	pass	include	no_review_flag
background_review	B02356	sub-47	sub-47	87	background_review	False	2	2	0	0	pass	pass	include	no_review_flag
background_review	B02357	sub-47	sub-47	87	background_review	False	2	2	0	0	pass	pass	include	no_review_flag
background_review	B02358	sub-47	sub-47	87	background_review	False	2	0	2	0	pass	many_10mad_outliers	review	mad_only_review
background_review	B02359	sub-47	sub-47	87	background_review	False	2	0	2	0	pass	many_10mad_outliers	review	mad_only_review
background_review	B02360	sub-48	sub-48	28	background_review	False	2	2	0	0	pass	pass	include	no_review_flag
background_review	B02361	sub-48	sub-48	28	background_review	False	2	0	2	0	pass	high_peak_to_peak;high_robust_range;many_10mad_outliers	review	targeted_review
background_review	B02362	sub-48	sub-48	28	background_review	False	2	2	0	0	pass	pass	include	no_review_flag
background_review	B02363	sub-48	sub-48	28	background_review	False	2	1	1	0	pass	many_10mad_outliers	review	mad_only_review
background_review	B02364	sub-48	sub-48	28	background_review	False	2	0	2	0	pass	high_robust_range;many_10mad_outliers	review	targeted_review
background_review	B02365	sub-48	sub-48	28	background_review	False	2	0	2	0	pass	many_10mad_outliers	review	mad_only_review
background_review	B02366	sub-48	sub-48	28	background_review	False	2	0	2	0	pass	high_peak_to_peak;high_robust_range;many_10mad_outliers	review	targeted_review
background_review	B02367	sub-48	sub-48	28	background_review	False	2	2	0	0	pass	pass	include	no_review_flag
background_review	B02368	sub-48	sub-48	28	background_review	False	2	2	0	0	pass	pass	include	no_review_flag
background_review	B02369	sub-48	sub-48	28	background_review	False	2	2	0	0	pass	pass	include	no_review_flag
background_review	B02370	sub-48	sub-48	28	background_review	False	2	2	0	0	pass	pass	include	no_review_flag
background_review	B02371	sub-48	sub-48	28	background_review	False	2	2	0	0	pass	pass	include	no_review_flag
background_review	B02372	sub-48	sub-48	28	background_review	False	2	2	0	0	pass	pass	include	no_review_flag
background_review	B02373	sub-48	sub-48	28	background_review	False	2	0	2	0	pass	many_10mad_outliers	review	mad_only_review
background_review	B02374	sub-48	sub-48	28	background_review	False	2	0	2	0	pass	high_robust_range;many_10mad_outliers	review	targeted_review
background_review	B02375	sub-48	sub-48	28	background_review	False	2	0	2	0	pass	many_10mad_outliers	review	mad_only_review
background_review	B02376	sub-48	sub-48	28	background_review	False	2	2	0	0	pass	pass	include	no_review_flag
background_review	B02377	sub-48	sub-48	28	background_review	False	2	2	0	0	pass	pass	include	no_review_flag
background_review	B02378	sub-48	sub-48	28	background_review	False	2	2	0	0	pass	pass	include	no_review_flag
background_review	B02379	sub-48	sub-48	28	background_review	False	2	0	2	0	pass	high_peak_to_peak;high_robust_range;many_10mad_outliers	review	targeted_review
background_review	B02380	sub-48	sub-48	28	background_review	False	2	0	2	0	pass	many_10mad_outliers	review	mad_only_review
background_review	B02381	sub-48	sub-48	28	background_review	False	2	2	0	0	pass	pass	include	no_review_flag
background_review	B02382	sub-48	sub-48	28	background_review	False	2	1	1	0	pass	many_10mad_outliers	review	mad_only_review
background_review	B02383	sub-48	sub-48	28	background_review	False	2	0	2	0	pass	many_10mad_outliers	review	mad_only_review
background_review	B02384	sub-48	sub-48	28	background_review	False	2	0	2	0	pass	many_10mad_outliers	review	mad_only_review
background_review	B02385	sub-48	sub-48	28	background_review	False	2	0	2	0	pass	high_robust_range;many_10mad_outliers	review	targeted_review
background_review	B02386	sub-48	sub-48	28	background_review	False	2	0	2	0	pass	many_10mad_outliers	review	mad_only_review
background_review	B02387	sub-48	sub-48	28	background_review	False	2	0	2	0	pass	many_10mad_outliers	review	mad_only_review
background_review	B02388	sub-48	sub-48	28	background_review	False	2	2	0	0	pass	pass	include	no_review_flag
background_review	B02389	sub-48	sub-48	28	background_review	False	2	2	0	0	pass	pass	include	no_review_flag
background_review	B02390	sub-48	sub-48	28	background_review	False	2	2	0	0	pass	pass	include	no_review_flag
background_review	B02391	sub-48	sub-48	28	background_review	False	2	2	0	0	pass	pass	include	no_review_flag
background_review	B02392	sub-48	sub-48	28	background_review	False	2	1	1	0	pass	many_10mad_outliers	review	mad_only_review
background_review	B02393	sub-48	sub-48	28	background_review	False	2	2	0	0	pass	pass	include	no_review_flag
background_review	B02394	sub-48	sub-48	28	background_review	False	2	1	1	0	pass	many_10mad_outliers	review	mad_only_review
background_review	B02395	sub-48	sub-48	28	background_review	False	2	0	2	0	pass	many_10mad_outliers	review	mad_only_review
background_review	B02396	sub-49	sub-49	29	background_review	False	2	2	0	0	pass	pass	include	no_review_flag
background_review	B02397	sub-49	sub-49	29	background_review	False	2	1	1	0	pass	many_10mad_outliers	review	mad_only_review
background_review	B02398	sub-49	sub-49	29	background_review	False	2	1	1	0	pass	many_10mad_outliers	review	mad_only_review
background_review	B02399	sub-49	sub-49	29	background_review	False	2	0	2	0	pass	many_10mad_outliers	review	mad_only_review
background_review	B02400	sub-49	sub-49	29	background_review	False	2	2	0	0	pass	pass	include	no_review_flag
background_review	B02401	sub-49	sub-49	29	background_review	False	2	0	2	0	pass	many_10mad_outliers	review	mad_only_review
background_review	B02402	sub-49	sub-49	29	background_review	False	2	0	2	0	pass	high_peak_to_peak;many_10mad_outliers	review	targeted_review
background_review	B02403	sub-49	sub-49	29	background_review	False	2	0	2	0	pass	many_10mad_outliers	review	mad_only_review
background_review	B02404	sub-49	sub-49	29	background_review	False	2	2	0	0	pass	pass	include	no_review_flag
background_review	B02405	sub-49	sub-49	29	background_review	False	2	2	0	0	pass	pass	include	no_review_flag
background_review	B02406	sub-49	sub-49	29	background_review	False	2	2	0	0	pass	pass	include	no_review_flag
background_review	B02407	sub-49	sub-49	29	background_review	False	2	2	0	0	pass	pass	include	no_review_flag
background_review	B02408	sub-49	sub-49	29	background_review	False	2	2	0	0	pass	pass	include	no_review_flag
background_review	B02409	sub-49	sub-49	29	background_review	False	2	2	0	0	pass	pass	include	no_review_flag
background_review	B02410	sub-49	sub-49	29	background_review	False	2	2	0	0	pass	pass	include	no_review_flag
background_review	B02411	sub-49	sub-49	29	background_review	False	2	2	0	0	pass	pass	include	no_review_flag
background_review	B02412	sub-49	sub-49	29	background_review	False	2	2	0	0	pass	pass	include	no_review_flag
background_review	B02413	sub-49	sub-49	29	background_review	False	2	2	0	0	pass	pass	include	no_review_flag
background_review	B02414	sub-49	sub-49	29	background_review	False	2	2	0	0	pass	pass	include	no_review_flag
background_review	B02415	sub-49	sub-49	29	background_review	False	2	2	0	0	pass	pass	include	no_review_flag
background_review	B02416	sub-49	sub-49	29	background_review	False	2	2	0	0	pass	pass	include	no_review_flag
background_review	B02417	sub-49	sub-49	29	background_review	False	2	0	2	0	pass	many_10mad_outliers	review	mad_only_review
background_review	B02418	sub-49	sub-49	29	background_review	False	2	2	0	0	pass	pass	include	no_review_flag
background_review	B02419	sub-49	sub-49	29	background_review	False	2	2	0	0	pass	pass	include	no_review_flag
background_review	B02420	sub-49	sub-49	29	background_review	False	2	1	1	0	pass	many_10mad_outliers	review	mad_only_review
background_review	B02421	sub-49	sub-49	29	background_review	False	2	2	0	0	pass	pass	include	no_review_flag
background_review	B02422	sub-49	sub-49	29	background_review	False	2	2	0	0	pass	pass	include	no_review_flag
background_review	B02423	sub-49	sub-49	29	background_review	False	2	1	1	0	pass	many_10mad_outliers	review	mad_only_review
background_review	B02424	sub-49	sub-49	29	background_review	False	2	2	0	0	pass	pass	include	no_review_flag
background_review	B02425	sub-49	sub-49	29	background_review	False	2	2	0	0	pass	pass	include	no_review_flag
background_review	B02426	sub-49	sub-49	29	background_review	False	2	2	0	0	pass	pass	include	no_review_flag
background_review	B02427	sub-49	sub-49	29	background_review	False	2	2	0	0	pass	pass	include	no_review_flag
background_review	B02428	sub-49	sub-49	29	background_review	False	2	2	0	0	pass	pass	include	no_review_flag
background_review	B02429	sub-49	sub-49	29	background_review	False	2	2	0	0	pass	pass	include	no_review_flag
background_review	B02430	sub-49	sub-49	29	background_review	False	2	1	1	0	pass	many_10mad_outliers	review	mad_only_review
background_review	B02431	sub-49	sub-49	29	background_review	False	2	1	1	0	pass	many_10mad_outliers	review	mad_only_review
background_review	B02432	sub-49	sub-49	29	background_review	False	2	0	2	0	pass	many_10mad_outliers	review	mad_only_review
background_review	B02433	sub-49	sub-49	29	background_review	False	2	1	1	0	pass	many_10mad_outliers	review	mad_only_review
background_review	B02434	sub-5	sub-5	3	background_review	False	2	0	2	0	pass	many_10mad_outliers	review	mad_only_review
background_review	B02435	sub-5	sub-5	3	background_review	False	2	2	0	0	pass	pass	include	no_review_flag
background_review	B02436	sub-5	sub-5	3	background_review	False	2	2	0	0	pass	pass	include	no_review_flag
background_review	B02437	sub-5	sub-5	3	background_review	False	2	0	2	0	pass	high_robust_range;many_10mad_outliers	review	targeted_review
background_review	B02438	sub-5	sub-5	3	background_review	False	2	2	0	0	pass	pass	include	no_review_flag
background_review	B02439	sub-5	sub-5	3	background_review	False	2	0	2	0	pass	many_10mad_outliers	review	mad_only_review
background_review	B02440	sub-5	sub-5	3	background_review	False	2	2	0	0	pass	pass	include	no_review_flag
background_review	B02441	sub-5	sub-5	3	background_review	False	2	2	0	0	pass	pass	include	no_review_flag
background_review	B02442	sub-5	sub-5	3	background_review	False	2	1	1	0	pass	many_10mad_outliers	review	mad_only_review
background_review	B02443	sub-5	sub-5	3	background_review	False	2	2	0	0	pass	pass	include	no_review_flag
background_review	B02444	sub-5	sub-5	3	background_review	False	2	1	1	0	pass	many_10mad_outliers	review	mad_only_review
background_review	B02445	sub-5	sub-5	3	background_review	False	2	0	2	0	pass	many_10mad_outliers	review	mad_only_review
background_review	B02446	sub-5	sub-5	3	background_review	False	2	0	2	0	pass	many_10mad_outliers	review	mad_only_review
background_review	B02447	sub-5	sub-5	3	background_review	False	2	1	1	0	pass	many_10mad_outliers	review	mad_only_review
background_review	B02448	sub-5	sub-5	3	background_review	False	2	1	1	0	pass	many_10mad_outliers	review	mad_only_review
background_review	B02449	sub-5	sub-5	3	background_review	False	2	2	0	0	pass	pass	include	no_review_flag
background_review	B02450	sub-5	sub-5	3	background_review	False	2	0	2	0	pass	many_10mad_outliers	review	mad_only_review
background_review	B02451	sub-5	sub-5	3	background_review	False	2	1	1	0	pass	many_10mad_outliers	review	mad_only_review
background_review	B02452	sub-5	sub-5	3	background_review	False	2	2	0	0	pass	pass	include	no_review_flag
background_review	B02453	sub-5	sub-5	3	background_review	False	2	1	1	0	pass	many_10mad_outliers	review	mad_only_review
background_review	B02454	sub-5	sub-5	3	background_review	False	2	0	2	0	pass	many_10mad_outliers	review	mad_only_review
background_review	B02455	sub-5	sub-5	3	background_review	False	2	2	0	0	pass	pass	include	no_review_flag
background_review	B02456	sub-5	sub-5	3	background_review	False	2	0	2	0	pass	many_10mad_outliers	review	mad_only_review
background_review	B02457	sub-5	sub-5	3	background_review	False	2	0	2	0	pass	many_10mad_outliers	review	mad_only_review
background_review	B02458	sub-5	sub-5	3	background_review	False	2	2	0	0	pass	pass	include	no_review_flag
background_review	B02459	sub-5	sub-5	3	background_review	False	2	2	0	0	pass	pass	include	no_review_flag
background_review	B02460	sub-5	sub-5	3	background_review	False	2	2	0	0	pass	pass	include	no_review_flag
background_review	B02461	sub-5	sub-5	3	background_review	False	2	2	0	0	pass	pass	include	no_review_flag
background_review	B02462	sub-5	sub-5	3	background_review	False	2	0	2	0	pass	many_10mad_outliers	review	mad_only_review
background_review	B02463	sub-5	sub-5	3	background_review	False	2	0	2	0	pass	many_10mad_outliers	review	mad_only_review
background_review	B02464	sub-5	sub-5	3	background_review	False	2	0	2	0	pass	high_peak_to_peak;high_robust_range;many_10mad_outliers	review	targeted_review
background_review	B02465	sub-5	sub-5	3	background_review	False	2	0	2	0	pass	high_peak_to_peak;high_robust_range;many_10mad_outliers	review	targeted_review
background_review	B02466	sub-50	sub-50	88	background_review	False	2	0	2	0	pass	many_10mad_outliers	review	mad_only_review
background_review	B02467	sub-50	sub-50	88	background_review	False	2	2	0	0	pass	pass	include	no_review_flag
background_review	B02468	sub-50	sub-50	88	background_review	False	2	1	1	0	pass	many_10mad_outliers	review	mad_only_review
background_review	B02469	sub-50	sub-50	88	background_review	False	2	1	1	0	pass	many_10mad_outliers	review	mad_only_review
background_review	B02470	sub-50	sub-50	88	background_review	False	2	0	2	0	pass	many_10mad_outliers	review	mad_only_review
background_review	B02471	sub-50	sub-50	88	background_review	False	2	0	2	0	pass	many_10mad_outliers	review	mad_only_review
background_review	B02472	sub-50	sub-50	88	background_review	False	2	1	1	0	pass	many_10mad_outliers	review	mad_only_review
background_review	B02473	sub-50	sub-50	88	background_review	False	2	2	0	0	pass	pass	include	no_review_flag
background_review	B02474	sub-50	sub-50	88	background_review	False	2	1	1	0	pass	many_10mad_outliers	review	mad_only_review
background_review	B02475	sub-50	sub-50	88	background_review	False	2	2	0	0	pass	pass	include	no_review_flag
background_review	B02476	sub-50	sub-50	88	background_review	False	2	2	0	0	pass	pass	include	no_review_flag
background_review	B02477	sub-50	sub-50	88	background_review	False	2	2	0	0	pass	pass	include	no_review_flag
background_review	B02478	sub-50	sub-50	88	background_review	False	2	2	0	0	pass	pass	include	no_review_flag
background_review	B02479	sub-50	sub-50	88	background_review	False	2	0	2	0	pass	many_10mad_outliers	review	mad_only_review
background_review	B02480	sub-50	sub-50	88	background_review	False	2	1	1	0	pass	many_10mad_outliers	review	mad_only_review
background_review	B02481	sub-50	sub-50	88	background_review	False	2	2	0	0	pass	pass	include	no_review_flag
background_review	B02482	sub-50	sub-50	88	background_review	False	2	2	0	0	pass	pass	include	no_review_flag
background_review	B02483	sub-50	sub-50	88	background_review	False	2	2	0	0	pass	pass	include	no_review_flag
background_review	B02484	sub-50	sub-50	88	background_review	False	2	0	2	0	pass	many_10mad_outliers	review	mad_only_review
background_review	B02485	sub-50	sub-50	88	background_review	False	2	0	2	0	pass	many_10mad_outliers	review	mad_only_review
background_review	B02486	sub-50	sub-50	88	background_review	False	2	0	2	0	pass	many_10mad_outliers	review	mad_only_review
background_review	B02487	sub-50	sub-50	88	background_review	False	2	0	2	0	pass	many_10mad_outliers	review	mad_only_review
background_review	B02488	sub-50	sub-50	88	background_review	False	2	0	2	0	pass	many_10mad_outliers	review	mad_only_review
background_review	B02489	sub-50	sub-50	88	background_review	False	2	1	1	0	pass	many_10mad_outliers	review	mad_only_review
background_review	B02490	sub-50	sub-50	88	background_review	False	2	1	1	0	pass	many_10mad_outliers	review	mad_only_review
background_review	B02491	sub-50	sub-50	88	background_review	False	2	1	1	0	pass	many_10mad_outliers	review	mad_only_review
background_review	B02492	sub-50	sub-50	88	background_review	False	2	1	1	0	pass	many_10mad_outliers	review	mad_only_review
background_review	B02493	sub-50	sub-50	88	background_review	False	2	2	0	0	pass	pass	include	no_review_flag
background_review	B02494	sub-50	sub-50	88	background_review	False	2	0	2	0	pass	many_10mad_outliers	review	mad_only_review
background_review	B02495	sub-50	sub-50	88	background_review	False	2	1	1	0	pass	many_10mad_outliers	review	mad_only_review
background_review	B02496	sub-50	sub-50	88	background_review	False	2	0	2	0	pass	high_peak_to_peak;high_robust_range;many_10mad_outliers;many_abrupt_jumps;repeated_endpoints	review	targeted_review
background_review	B02497	sub-50	sub-50	88	background_review	False	2	0	2	0	pass	high_peak_to_peak;high_robust_range;many_10mad_outliers;many_abrupt_jumps;repeated_endpoints	review	targeted_review
background_review	B02498	sub-51	sub-51	30	background_review	False	2	2	0	0	pass	pass	include	no_review_flag
background_review	B02499	sub-51	sub-51	30	background_review	False	2	2	0	0	pass	pass	include	no_review_flag
background_review	B02500	sub-51	sub-51	30	background_review	False	2	2	0	0	pass	pass	include	no_review_flag
background_review	B02501	sub-51	sub-51	30	background_review	False	2	0	2	0	pass	many_10mad_outliers	review	mad_only_review
background_review	B02502	sub-51	sub-51	30	background_review	False	2	1	1	0	pass	many_10mad_outliers	review	mad_only_review
background_review	B02503	sub-51	sub-51	30	background_review	False	2	2	0	0	pass	pass	include	no_review_flag
background_review	B02504	sub-51	sub-51	30	background_review	False	2	2	0	0	pass	pass	include	no_review_flag
background_review	B02505	sub-51	sub-51	30	background_review	False	2	2	0	0	pass	pass	include	no_review_flag
background_review	B02506	sub-51	sub-51	30	background_review	False	2	2	0	0	pass	pass	include	no_review_flag
background_review	B02507	sub-51	sub-51	30	background_review	False	2	2	0	0	pass	pass	include	no_review_flag
background_review	B02508	sub-51	sub-51	30	background_review	False	2	2	0	0	pass	pass	include	no_review_flag
background_review	B02509	sub-51	sub-51	30	background_review	False	2	2	0	0	pass	pass	include	no_review_flag
background_review	B02510	sub-51	sub-51	30	background_review	False	2	2	0	0	pass	pass	include	no_review_flag
background_review	B02511	sub-51	sub-51	30	background_review	False	2	0	2	0	pass	high_robust_range;many_10mad_outliers	review	targeted_review
background_review	B02512	sub-51	sub-51	30	background_review	False	2	2	0	0	pass	pass	include	no_review_flag
background_review	B02513	sub-51	sub-51	30	background_review	False	2	2	0	0	pass	pass	include	no_review_flag
background_review	B02514	sub-51	sub-51	30	background_review	False	2	2	0	0	pass	pass	include	no_review_flag
background_review	B02515	sub-51	sub-51	30	background_review	False	2	2	0	0	pass	pass	include	no_review_flag
background_review	B02516	sub-51	sub-51	30	background_review	False	2	0	2	0	pass	many_10mad_outliers	review	mad_only_review
background_review	B02517	sub-51	sub-51	30	background_review	False	2	1	1	0	pass	many_10mad_outliers	review	mad_only_review
background_review	B02518	sub-51	sub-51	30	background_review	False	2	2	0	0	pass	pass	include	no_review_flag
background_review	B02519	sub-51	sub-51	30	background_review	False	2	2	0	0	pass	pass	include	no_review_flag
background_review	B02520	sub-51	sub-51	30	background_review	False	2	2	0	0	pass	pass	include	no_review_flag
background_review	B02521	sub-51	sub-51	30	background_review	False	2	2	0	0	pass	pass	include	no_review_flag
background_review	B02522	sub-51	sub-51	30	background_review	False	2	0	2	0	pass	many_10mad_outliers	review	mad_only_review
background_review	B02523	sub-51	sub-51	30	background_review	False	2	2	0	0	pass	pass	include	no_review_flag
background_review	B02524	sub-51	sub-51	30	background_review	False	2	1	1	0	pass	many_10mad_outliers	review	mad_only_review
background_review	B02525	sub-51	sub-51	30	background_review	False	2	1	1	0	pass	many_10mad_outliers	review	mad_only_review
background_review	B02526	sub-51	sub-51	30	background_review	False	2	2	0	0	pass	pass	include	no_review_flag
background_review	B02527	sub-51	sub-51	30	background_review	False	2	2	0	0	pass	pass	include	no_review_flag
background_review	B02528	sub-51	sub-51	30	background_review	False	2	2	0	0	pass	pass	include	no_review_flag
background_review	B02529	sub-51	sub-51	30	background_review	False	2	2	0	0	pass	pass	include	no_review_flag
background_review	B02530	sub-51	sub-51	30	background_review	False	2	2	0	0	pass	pass	include	no_review_flag
background_review	B02531	sub-51	sub-51	30	background_review	False	2	2	0	0	pass	pass	include	no_review_flag
background_review	B02532	sub-51	sub-51	30	background_review	False	2	0	2	0	pass	high_peak_to_peak;high_robust_range;many_10mad_outliers	review	targeted_review
background_review	B02533	sub-51	sub-51	30	background_review	False	2	0	2	0	pass	high_peak_to_peak;high_robust_range;many_10mad_outliers	review	targeted_review
background_review	B02534	sub-52	sub-52	31	background_review	False	2	0	2	0	pass	many_10mad_outliers	review	mad_only_review
background_review	B02535	sub-52	sub-52	31	background_review	False	2	2	0	0	pass	pass	include	no_review_flag
background_review	B02536	sub-52	sub-52	31	background_review	False	2	2	0	0	pass	pass	include	no_review_flag
background_review	B02537	sub-52	sub-52	31	background_review	False	2	2	0	0	pass	pass	include	no_review_flag
background_review	B02538	sub-52	sub-52	31	background_review	False	2	2	0	0	pass	pass	include	no_review_flag
background_review	B02539	sub-52	sub-52	31	background_review	False	2	2	0	0	pass	pass	include	no_review_flag
background_review	B02540	sub-52	sub-52	31	background_review	False	2	2	0	0	pass	pass	include	no_review_flag
background_review	B02541	sub-52	sub-52	31	background_review	False	2	2	0	0	pass	pass	include	no_review_flag
background_review	B02542	sub-52	sub-52	31	background_review	False	2	2	0	0	pass	pass	include	no_review_flag
background_review	B02543	sub-52	sub-52	31	background_review	False	2	0	2	0	pass	many_10mad_outliers	review	mad_only_review
background_review	B02544	sub-52	sub-52	31	background_review	False	2	2	0	0	pass	pass	include	no_review_flag
background_review	B02545	sub-52	sub-52	31	background_review	False	2	0	2	0	pass	many_10mad_outliers	review	mad_only_review
background_review	B02546	sub-52	sub-52	31	background_review	False	2	2	0	0	pass	pass	include	no_review_flag
background_review	B02547	sub-52	sub-52	31	background_review	False	2	2	0	0	pass	pass	include	no_review_flag
background_review	B02548	sub-52	sub-52	31	background_review	False	2	1	1	0	pass	many_10mad_outliers	review	mad_only_review
background_review	B02549	sub-52	sub-52	31	background_review	False	2	0	2	0	pass	many_10mad_outliers	review	mad_only_review
background_review	B02550	sub-52	sub-52	31	background_review	False	2	2	0	0	pass	pass	include	no_review_flag
background_review	B02551	sub-52	sub-52	31	background_review	False	2	2	0	0	pass	pass	include	no_review_flag
background_review	B02552	sub-52	sub-52	31	background_review	False	2	0	2	0	pass	many_10mad_outliers	review	mad_only_review
background_review	B02553	sub-52	sub-52	31	background_review	False	2	2	0	0	pass	pass	include	no_review_flag
background_review	B02554	sub-52	sub-52	31	background_review	False	2	2	0	0	pass	pass	include	no_review_flag
background_review	B02555	sub-52	sub-52	31	background_review	False	2	0	2	0	pass	many_10mad_outliers	review	mad_only_review
background_review	B02556	sub-52	sub-52	31	background_review	False	2	0	2	0	pass	many_10mad_outliers	review	mad_only_review
background_review	B02557	sub-52	sub-52	31	background_review	False	2	2	0	0	pass	pass	include	no_review_flag
background_review	B02558	sub-52	sub-52	31	background_review	False	2	2	0	0	pass	pass	include	no_review_flag
background_review	B02559	sub-52	sub-52	31	background_review	False	2	2	0	0	pass	pass	include	no_review_flag
background_review	B02560	sub-52	sub-52	31	background_review	False	2	2	0	0	pass	pass	include	no_review_flag
background_review	B02561	sub-52	sub-52	31	background_review	False	2	0	2	0	pass	many_10mad_outliers	review	mad_only_review
background_review	B02562	sub-52	sub-52	31	background_review	False	2	0	2	0	pass	many_10mad_outliers	review	mad_only_review
background_review	B02563	sub-53	sub-53	88	background_review	False	2	2	0	0	pass	pass	include	no_review_flag
background_review	B02564	sub-53	sub-53	88	background_review	False	2	0	2	0	pass	high_peak_to_peak;high_robust_range;many_10mad_outliers;many_abrupt_jumps;repeated_endpoints	review	targeted_review
background_review	B02565	sub-53	sub-53	88	background_review	False	2	2	0	0	pass	pass	include	no_review_flag
background_review	B02566	sub-53	sub-53	88	background_review	False	2	0	2	0	pass	many_10mad_outliers	review	mad_only_review
background_review	B02567	sub-53	sub-53	88	background_review	False	2	0	2	0	pass	high_peak_to_peak;high_robust_range;many_10mad_outliers;many_abrupt_jumps;repeated_endpoints	review	targeted_review
background_review	B02568	sub-53	sub-53	88	background_review	False	2	1	1	0	pass	many_10mad_outliers	review	mad_only_review
background_review	B02569	sub-53	sub-53	88	background_review	False	2	2	0	0	pass	pass	include	no_review_flag
background_review	B02570	sub-53	sub-53	88	background_review	False	2	2	0	0	pass	pass	include	no_review_flag
background_review	B02571	sub-53	sub-53	88	background_review	False	2	0	2	0	pass	many_10mad_outliers	review	mad_only_review
background_review	B02572	sub-53	sub-53	88	background_review	False	2	1	1	0	pass	many_10mad_outliers	review	mad_only_review
background_review	B02573	sub-53	sub-53	88	background_review	False	2	0	2	0	pass	many_10mad_outliers	review	mad_only_review
background_review	B02574	sub-53	sub-53	88	background_review	False	2	0	2	0	pass	many_10mad_outliers	review	mad_only_review
background_review	B02575	sub-53	sub-53	88	background_review	False	2	2	0	0	pass	pass	include	no_review_flag
background_review	B02576	sub-53	sub-53	88	background_review	False	2	2	0	0	pass	pass	include	no_review_flag
background_review	B02577	sub-53	sub-53	88	background_review	False	2	0	2	0	pass	many_10mad_outliers	review	mad_only_review
background_review	B02578	sub-53	sub-53	88	background_review	False	2	0	2	0	pass	many_10mad_outliers	review	mad_only_review
background_review	B02579	sub-53	sub-53	88	background_review	False	2	0	2	0	pass	many_10mad_outliers	review	mad_only_review
background_review	B02580	sub-53	sub-53	88	background_review	False	2	0	2	0	pass	many_10mad_outliers	review	mad_only_review
background_review	B02581	sub-53	sub-53	88	background_review	False	2	2	0	0	pass	pass	include	no_review_flag
background_review	B02582	sub-53	sub-53	88	background_review	False	2	0	2	0	pass	many_10mad_outliers	review	mad_only_review
background_review	B02583	sub-53	sub-53	88	background_review	False	2	0	2	0	pass	many_10mad_outliers	review	mad_only_review
background_review	B02584	sub-53	sub-53	88	background_review	False	2	2	0	0	pass	pass	include	no_review_flag
background_review	B02585	sub-53	sub-53	88	background_review	False	2	2	0	0	pass	pass	include	no_review_flag
background_review	B02586	sub-53	sub-53	88	background_review	False	2	2	0	0	pass	pass	include	no_review_flag
background_review	B02587	sub-53	sub-53	88	background_review	False	2	2	0	0	pass	pass	include	no_review_flag
background_review	B02588	sub-53	sub-53	88	background_review	False	2	0	2	0	pass	high_robust_range;many_10mad_outliers	review	targeted_review
background_review	B02589	sub-53	sub-53	88	background_review	False	2	0	2	0	pass	high_robust_range;many_10mad_outliers	review	targeted_review
background_review	B02590	sub-54	sub-54	88	background_review	False	2	0	2	0	pass	many_10mad_outliers	review	mad_only_review
background_review	B02591	sub-54	sub-54	88	background_review	False	2	0	2	0	pass	many_10mad_outliers	review	mad_only_review
background_review	B02592	sub-54	sub-54	88	background_review	False	2	0	2	0	pass	many_10mad_outliers	review	mad_only_review
background_review	B02593	sub-54	sub-54	88	background_review	False	2	0	2	0	pass	many_10mad_outliers	review	mad_only_review
background_review	B02594	sub-54	sub-54	88	background_review	False	2	0	2	0	pass	many_10mad_outliers	review	mad_only_review
background_review	B02595	sub-54	sub-54	88	background_review	False	2	0	2	0	pass	many_10mad_outliers	review	mad_only_review
background_review	B02596	sub-54	sub-54	88	background_review	False	2	0	2	0	pass	many_10mad_outliers	review	mad_only_review
background_review	B02597	sub-54	sub-54	88	background_review	False	2	0	2	0	pass	many_10mad_outliers	review	mad_only_review
background_review	B02598	sub-54	sub-54	88	background_review	False	2	0	2	0	pass	many_10mad_outliers	review	mad_only_review
background_review	B02599	sub-54	sub-54	88	background_review	False	2	0	2	0	pass	many_10mad_outliers	review	mad_only_review
background_review	B02600	sub-54	sub-54	88	background_review	False	2	2	0	0	pass	pass	include	no_review_flag
background_review	B02601	sub-54	sub-54	88	background_review	False	2	2	0	0	pass	pass	include	no_review_flag
background_review	B02602	sub-54	sub-54	88	background_review	False	2	2	0	0	pass	pass	include	no_review_flag
background_review	B02603	sub-54	sub-54	88	background_review	False	2	2	0	0	pass	pass	include	no_review_flag
background_review	B02604	sub-54	sub-54	88	background_review	False	2	0	2	0	pass	many_10mad_outliers	review	mad_only_review
background_review	B02605	sub-54	sub-54	88	background_review	False	2	0	2	0	pass	high_peak_to_peak;high_robust_range;many_10mad_outliers	review	targeted_review
background_review	B02606	sub-54	sub-54	88	background_review	False	2	2	0	0	pass	pass	include	no_review_flag
background_review	B02607	sub-54	sub-54	88	background_review	False	2	0	2	0	pass	high_robust_range;many_10mad_outliers	review	targeted_review
background_review	B02608	sub-54	sub-54	88	background_review	False	2	1	1	0	pass	high_robust_range;many_10mad_outliers	review	targeted_review
background_review	B02609	sub-54	sub-54	88	background_review	False	2	2	0	0	pass	pass	include	no_review_flag
background_review	B02610	sub-54	sub-54	88	background_review	False	2	2	0	0	pass	pass	include	no_review_flag
background_review	B02611	sub-54	sub-54	88	background_review	False	2	0	2	0	pass	many_10mad_outliers	review	mad_only_review
background_review	B02612	sub-54	sub-54	88	background_review	False	2	0	2	0	pass	many_10mad_outliers	review	mad_only_review
background_review	B02613	sub-54	sub-54	88	background_review	False	2	0	2	0	pass	many_10mad_outliers	review	mad_only_review
background_review	B02614	sub-54	sub-54	88	background_review	False	2	0	2	0	pass	many_10mad_outliers	review	mad_only_review
background_review	B02615	sub-54	sub-54	88	background_review	False	2	0	2	0	pass	many_10mad_outliers	review	mad_only_review
background_review	B02616	sub-54	sub-54	88	background_review	False	2	0	2	0	pass	many_10mad_outliers	review	mad_only_review
background_review	B02617	sub-54	sub-54	88	background_review	False	2	0	2	0	pass	many_10mad_outliers	review	mad_only_review
background_review	B02618	sub-54	sub-54	88	background_review	False	2	2	0	0	pass	pass	include	no_review_flag
background_review	B02619	sub-54	sub-54	88	background_review	False	2	2	0	0	pass	pass	include	no_review_flag
background_review	B02620	sub-54	sub-54	88	background_review	False	2	0	2	0	pass	high_peak_to_peak;high_robust_range;many_10mad_outliers	review	targeted_review
background_review	B02621	sub-54	sub-54	88	background_review	False	2	0	2	0	pass	high_peak_to_peak;many_10mad_outliers	review	targeted_review
background_review	B02622	sub-55	sub-55	77	background_review	False	2	2	0	0	pass	pass	include	no_review_flag
background_review	B02623	sub-55	sub-55	77	background_review	False	2	2	0	0	pass	pass	include	no_review_flag
background_review	B02624	sub-55	sub-55	77	background_review	False	2	2	0	0	pass	pass	include	no_review_flag
background_review	B02625	sub-55	sub-55	77	background_review	False	2	0	2	0	pass	high_robust_range;many_10mad_outliers	review	targeted_review
background_review	B02626	sub-55	sub-55	77	background_review	False	2	0	0	2	constant_signal;flatline_at_least_5_sec;near_flat_robust_range	repeated_endpoints	exclude	critical_exclusion
background_review	B02627	sub-55	sub-55	77	background_review	False	2	1	1	0	pass	high_robust_range;many_10mad_outliers	review	targeted_review
background_review	B02628	sub-55	sub-55	77	background_review	False	2	0	0	2	constant_signal;flatline_at_least_5_sec;near_flat_robust_range	repeated_endpoints	exclude	critical_exclusion
background_review	B02629	sub-55	sub-55	77	background_review	False	2	2	0	0	pass	pass	include	no_review_flag
background_review	B02630	sub-55	sub-55	77	background_review	False	2	2	0	0	pass	pass	include	no_review_flag
background_review	B02631	sub-55	sub-55	77	background_review	False	2	2	0	0	pass	pass	include	no_review_flag
background_review	B02632	sub-55	sub-55	77	background_review	False	2	2	0	0	pass	pass	include	no_review_flag
background_review	B02633	sub-55	sub-55	77	background_review	False	2	1	1	0	pass	many_10mad_outliers	review	mad_only_review
background_review	B02634	sub-55	sub-55	77	background_review	False	2	1	1	0	pass	many_10mad_outliers	review	mad_only_review
background_review	B02635	sub-55	sub-55	77	background_review	False	2	0	2	0	pass	high_robust_range;many_10mad_outliers	review	targeted_review
background_review	B02636	sub-55	sub-55	77	background_review	False	2	1	1	0	pass	high_robust_range;many_10mad_outliers	review	targeted_review
background_review	B02637	sub-55	sub-55	77	background_review	False	2	2	0	0	pass	pass	include	no_review_flag
background_review	B02638	sub-55	sub-55	77	background_review	False	2	2	0	0	pass	pass	include	no_review_flag
background_review	B02639	sub-55	sub-55	77	background_review	False	2	2	0	0	pass	pass	include	no_review_flag
background_review	B02640	sub-55	sub-55	77	background_review	False	2	2	0	0	pass	pass	include	no_review_flag
background_review	B02641	sub-55	sub-55	77	background_review	False	2	0	2	0	pass	many_10mad_outliers	review	mad_only_review
background_review	B02642	sub-55	sub-55	77	background_review	False	2	2	0	0	pass	pass	include	no_review_flag
background_review	B02643	sub-55	sub-55	77	background_review	False	2	0	0	2	constant_signal;flatline_at_least_5_sec;near_flat_robust_range	repeated_endpoints	exclude	critical_exclusion
background_review	B02644	sub-55	sub-55	77	background_review	False	2	1	1	0	pass	many_10mad_outliers	review	mad_only_review
background_review	B02645	sub-55	sub-55	77	background_review	False	2	1	1	0	pass	many_10mad_outliers	review	mad_only_review
background_review	B02646	sub-55	sub-55	77	background_review	False	2	0	2	0	pass	many_10mad_outliers	review	mad_only_review
background_review	B02647	sub-55	sub-55	77	background_review	False	2	0	2	0	pass	high_robust_range;many_10mad_outliers	review	targeted_review
background_review	B02648	sub-55	sub-55	77	background_review	False	2	0	2	0	pass	many_10mad_outliers	review	mad_only_review
background_review	B02649	sub-55	sub-55	77	background_review	False	2	0	2	0	pass	many_10mad_outliers	review	mad_only_review
background_review	B02650	sub-55	sub-55	77	background_review	False	2	2	0	0	pass	pass	include	no_review_flag
background_review	B02651	sub-55	sub-55	77	background_review	False	2	2	0	0	pass	pass	include	no_review_flag
background_review	B02652	sub-55	sub-55	77	background_review	False	2	2	0	0	pass	pass	include	no_review_flag
background_review	B02653	sub-55	sub-55	77	background_review	False	2	2	0	0	pass	pass	include	no_review_flag
background_review	B02654	sub-55	sub-55	77	background_review	False	2	1	1	0	pass	many_10mad_outliers	review	mad_only_review
background_review	B02655	sub-55	sub-55	77	background_review	False	2	1	1	0	pass	many_10mad_outliers	review	mad_only_review
background_review	B02656	sub-55	sub-55	77	background_review	False	2	2	0	0	pass	pass	include	no_review_flag
background_review	B02657	sub-55	sub-55	77	background_review	False	2	2	0	0	pass	pass	include	no_review_flag
background_review	B02658	sub-56	sub-56	78	background_review	False	2	0	2	0	pass	many_10mad_outliers	review	mad_only_review
background_review	B02659	sub-56	sub-56	78	background_review	False	2	1	1	0	pass	many_10mad_outliers	review	mad_only_review
background_review	B02660	sub-56	sub-56	78	background_review	False	2	0	2	0	pass	many_10mad_outliers	review	mad_only_review
background_review	B02661	sub-56	sub-56	78	background_review	False	2	0	2	0	pass	many_10mad_outliers	review	mad_only_review
background_review	B02662	sub-56	sub-56	78	background_review	False	2	2	0	0	pass	pass	include	no_review_flag
background_review	B02663	sub-56	sub-56	78	background_review	False	2	1	1	0	pass	many_10mad_outliers	review	mad_only_review
background_review	B02664	sub-56	sub-56	78	background_review	False	2	1	1	0	pass	many_10mad_outliers	review	mad_only_review
background_review	B02665	sub-56	sub-56	78	background_review	False	2	2	0	0	pass	pass	include	no_review_flag
background_review	B02666	sub-56	sub-56	78	background_review	False	2	2	0	0	pass	pass	include	no_review_flag
background_review	B02667	sub-56	sub-56	78	background_review	False	2	1	1	0	pass	many_10mad_outliers	review	mad_only_review
background_review	B02668	sub-56	sub-56	78	background_review	False	2	2	0	0	pass	pass	include	no_review_flag
background_review	B02669	sub-56	sub-56	78	background_review	False	2	2	0	0	pass	pass	include	no_review_flag
background_review	B02670	sub-56	sub-56	78	background_review	False	2	2	0	0	pass	pass	include	no_review_flag
background_review	B02671	sub-56	sub-56	78	background_review	False	2	2	0	0	pass	pass	include	no_review_flag
background_review	B02672	sub-56	sub-56	78	background_review	False	2	2	0	0	pass	pass	include	no_review_flag
background_review	B02673	sub-56	sub-56	78	background_review	False	2	2	0	0	pass	pass	include	no_review_flag
background_review	B02674	sub-56	sub-56	78	background_review	False	2	2	0	0	pass	pass	include	no_review_flag
background_review	B02675	sub-56	sub-56	78	background_review	False	2	1	1	0	pass	many_10mad_outliers	review	mad_only_review
background_review	B02676	sub-56	sub-56	78	background_review	False	2	1	1	0	pass	many_10mad_outliers	review	mad_only_review
background_review	B02677	sub-56	sub-56	78	background_review	False	2	1	1	0	pass	many_10mad_outliers	review	mad_only_review
background_review	B02678	sub-56	sub-56	78	background_review	False	2	1	1	0	pass	many_10mad_outliers	review	mad_only_review
background_review	B02679	sub-56	sub-56	78	background_review	False	2	0	2	0	pass	many_10mad_outliers	review	mad_only_review
background_review	B02680	sub-56	sub-56	78	background_review	False	2	2	0	0	pass	pass	include	no_review_flag
background_review	B02681	sub-56	sub-56	78	background_review	False	2	0	2	0	pass	high_robust_range;many_10mad_outliers	review	targeted_review
background_review	B02682	sub-56	sub-56	78	background_review	False	2	0	2	0	pass	high_peak_to_peak;high_robust_range;many_10mad_outliers	review	targeted_review
background_review	B02683	sub-56	sub-56	78	background_review	False	2	0	2	0	pass	many_10mad_outliers	review	mad_only_review
background_review	B02684	sub-56	sub-56	78	background_review	False	2	0	2	0	pass	many_10mad_outliers	review	mad_only_review
background_review	B02685	sub-56	sub-56	78	background_review	False	2	1	1	0	pass	many_10mad_outliers	review	mad_only_review
background_review	B02686	sub-56	sub-56	78	background_review	False	2	1	1	0	pass	many_10mad_outliers	review	mad_only_review
background_review	B02687	sub-56	sub-56	78	background_review	False	2	2	0	0	pass	pass	include	no_review_flag
background_review	B02688	sub-56	sub-56	78	background_review	False	2	2	0	0	pass	pass	include	no_review_flag
background_review	B02689	sub-56	sub-56	78	background_review	False	2	1	1	0	pass	many_10mad_outliers	review	mad_only_review
background_review	B02690	sub-56	sub-56	78	background_review	False	2	1	1	0	pass	many_10mad_outliers	review	mad_only_review
background_review	B02691	sub-56	sub-56	78	background_review	False	2	0	2	0	pass	high_peak_to_peak;high_robust_range;many_10mad_outliers	review	targeted_review
background_review	B02692	sub-56	sub-56	78	background_review	False	2	0	2	0	pass	high_peak_to_peak;high_robust_range;many_10mad_outliers	review	targeted_review
background_review	B02693	sub-57	sub-57	77	background_review	False	2	1	1	0	pass	many_10mad_outliers	review	mad_only_review
background_review	B02694	sub-57	sub-57	77	background_review	False	2	2	0	0	pass	pass	include	no_review_flag
background_review	B02695	sub-57	sub-57	77	background_review	False	2	2	0	0	pass	pass	include	no_review_flag
background_review	B02696	sub-57	sub-57	77	background_review	False	2	2	0	0	pass	pass	include	no_review_flag
background_review	B02697	sub-57	sub-57	77	background_review	False	2	2	0	0	pass	pass	include	no_review_flag
background_review	B02698	sub-57	sub-57	77	background_review	False	2	0	2	0	pass	high_peak_to_peak;high_robust_range;many_10mad_outliers;many_abrupt_jumps;repeated_endpoints	review	targeted_review
background_review	B02699	sub-57	sub-57	77	background_review	False	2	2	0	0	pass	pass	include	no_review_flag
background_review	B02700	sub-57	sub-57	77	background_review	False	2	2	0	0	pass	pass	include	no_review_flag
background_review	B02701	sub-57	sub-57	77	background_review	False	2	2	0	0	pass	pass	include	no_review_flag
background_review	B02702	sub-57	sub-57	77	background_review	False	2	2	0	0	pass	pass	include	no_review_flag
background_review	B02703	sub-57	sub-57	77	background_review	False	2	2	0	0	pass	pass	include	no_review_flag
background_review	B02704	sub-57	sub-57	77	background_review	False	2	1	1	0	pass	high_peak_to_peak;high_robust_range;many_abrupt_jumps;repeated_endpoints	review	targeted_review
background_review	B02705	sub-57	sub-57	77	background_review	False	2	1	1	0	pass	high_peak_to_peak;high_robust_range;many_abrupt_jumps;repeated_endpoints	review	targeted_review
background_review	B02706	sub-57	sub-57	77	background_review	False	2	0	2	0	pass	high_robust_range;many_10mad_outliers	review	targeted_review
background_review	B02707	sub-57	sub-57	77	background_review	False	2	0	2	0	pass	high_peak_to_peak;high_robust_range;many_10mad_outliers;repeated_endpoints	review	targeted_review
background_review	B02708	sub-57	sub-57	77	background_review	False	2	0	2	0	pass	high_peak_to_peak;high_robust_range;many_10mad_outliers;many_abrupt_jumps;repeated_endpoints	review	targeted_review
background_review	B02709	sub-57	sub-57	77	background_review	False	2	0	2	0	pass	high_peak_to_peak;high_robust_range;many_10mad_outliers;many_abrupt_jumps;repeated_endpoints	review	targeted_review
background_review	B02710	sub-57	sub-57	77	background_review	False	2	2	0	0	pass	pass	include	no_review_flag
background_review	B02711	sub-57	sub-57	77	background_review	False	2	2	0	0	pass	pass	include	no_review_flag
background_review	B02712	sub-57	sub-57	77	background_review	False	2	2	0	0	pass	pass	include	no_review_flag
background_review	B02713	sub-57	sub-57	77	background_review	False	2	0	2	0	pass	high_peak_to_peak;high_robust_range;many_10mad_outliers;many_abrupt_jumps;repeated_endpoints	review	targeted_review
background_review	B02714	sub-57	sub-57	77	background_review	False	2	0	2	0	pass	high_peak_to_peak;high_robust_range;many_10mad_outliers;repeated_endpoints	review	targeted_review
background_review	B02715	sub-57	sub-57	77	background_review	False	2	1	1	0	pass	high_peak_to_peak;high_robust_range;many_abrupt_jumps;repeated_endpoints	review	targeted_review
background_review	B02716	sub-57	sub-57	77	background_review	False	2	1	1	0	pass	high_peak_to_peak;high_robust_range;many_abrupt_jumps;repeated_endpoints	review	targeted_review
background_review	B02717	sub-57	sub-57	77	background_review	False	2	1	1	0	pass	high_peak_to_peak;high_robust_range;many_abrupt_jumps;repeated_endpoints	review	targeted_review
background_review	B02718	sub-57	sub-57	77	background_review	False	2	2	0	0	pass	pass	include	no_review_flag
background_review	B02719	sub-57	sub-57	77	background_review	False	2	2	0	0	pass	pass	include	no_review_flag
background_review	B02720	sub-57	sub-57	77	background_review	False	2	0	2	0	pass	high_robust_range;many_10mad_outliers	review	targeted_review
background_review	B02721	sub-57	sub-57	77	background_review	False	2	0	2	0	pass	high_peak_to_peak;high_robust_range;many_10mad_outliers;repeated_endpoints	review	targeted_review
background_review	B02722	sub-57	sub-57	77	background_review	False	2	0	2	0	pass	many_10mad_outliers	review	mad_only_review
background_review	B02723	sub-57	sub-57	77	background_review	False	2	1	1	0	pass	many_10mad_outliers	review	mad_only_review
background_review	B02724	sub-57	sub-57	77	background_review	False	2	2	0	0	pass	pass	include	no_review_flag
background_review	B02725	sub-57	sub-57	77	background_review	False	2	2	0	0	pass	pass	include	no_review_flag
background_review	B02726	sub-57	sub-57	77	background_review	False	2	2	0	0	pass	pass	include	no_review_flag
background_review	B02727	sub-57	sub-57	77	background_review	False	2	2	0	0	pass	pass	include	no_review_flag
background_review	B02728	sub-57	sub-57	77	background_review	False	2	1	1	0	pass	high_peak_to_peak;high_robust_range;many_abrupt_jumps;repeated_endpoints	review	targeted_review
background_review	B02729	sub-57	sub-57	77	background_review	False	2	1	1	0	pass	high_peak_to_peak;high_robust_range;many_abrupt_jumps;repeated_endpoints	review	targeted_review
background_review	B02730	sub-57	sub-57	77	background_review	False	2	1	1	0	pass	many_10mad_outliers	review	mad_only_review
background_review	B02731	sub-57	sub-57	77	background_review	False	2	0	2	0	pass	many_10mad_outliers	review	mad_only_review
background_review	B02732	sub-58	sub-58	78	background_review	False	2	2	0	0	pass	pass	include	no_review_flag
background_review	B02733	sub-58	sub-58	78	background_review	False	2	2	0	0	pass	pass	include	no_review_flag
background_review	B02734	sub-58	sub-58	78	background_review	False	2	2	0	0	pass	pass	include	no_review_flag
background_review	B02735	sub-58	sub-58	78	background_review	False	2	2	0	0	pass	pass	include	no_review_flag
background_review	B02736	sub-58	sub-58	78	background_review	False	2	0	2	0	pass	high_peak_to_peak;high_robust_range;many_10mad_outliers	review	targeted_review
background_review	B02737	sub-58	sub-58	78	background_review	False	2	2	0	0	pass	pass	include	no_review_flag
background_review	B02738	sub-58	sub-58	78	background_review	False	2	2	0	0	pass	pass	include	no_review_flag
background_review	B02739	sub-58	sub-58	78	background_review	False	2	2	0	0	pass	pass	include	no_review_flag
background_review	B02740	sub-58	sub-58	78	background_review	False	2	2	0	0	pass	pass	include	no_review_flag
background_review	B02741	sub-58	sub-58	78	background_review	False	2	2	0	0	pass	pass	include	no_review_flag
background_review	B02742	sub-58	sub-58	78	background_review	False	2	2	0	0	pass	pass	include	no_review_flag
background_review	B02743	sub-58	sub-58	78	background_review	False	2	1	1	0	pass	many_10mad_outliers	review	mad_only_review
background_review	B02744	sub-58	sub-58	78	background_review	False	2	2	0	0	pass	pass	include	no_review_flag
background_review	B02745	sub-58	sub-58	78	background_review	False	2	2	0	0	pass	pass	include	no_review_flag
background_review	B02746	sub-58	sub-58	78	background_review	False	2	2	0	0	pass	pass	include	no_review_flag
background_review	B02747	sub-58	sub-58	78	background_review	False	2	2	0	0	pass	pass	include	no_review_flag
background_review	B02748	sub-58	sub-58	78	background_review	False	2	2	0	0	pass	pass	include	no_review_flag
background_review	B02749	sub-58	sub-58	78	background_review	False	2	1	1	0	pass	many_10mad_outliers	review	mad_only_review
background_review	B02750	sub-58	sub-58	78	background_review	False	2	2	0	0	pass	pass	include	no_review_flag
background_review	B02751	sub-58	sub-58	78	background_review	False	2	2	0	0	pass	pass	include	no_review_flag
background_review	B02752	sub-58	sub-58	78	background_review	False	2	0	2	0	pass	many_10mad_outliers	review	mad_only_review
background_review	B02753	sub-58	sub-58	78	background_review	False	2	2	0	0	pass	pass	include	no_review_flag
background_review	B02754	sub-58	sub-58	78	background_review	False	2	1	1	0	pass	many_10mad_outliers	review	mad_only_review
background_review	B02755	sub-58	sub-58	78	background_review	False	2	2	0	0	pass	pass	include	no_review_flag
background_review	B02756	sub-58	sub-58	78	background_review	False	2	2	0	0	pass	pass	include	no_review_flag
background_review	B02757	sub-58	sub-58	78	background_review	False	2	0	2	0	pass	high_robust_range;many_10mad_outliers	review	targeted_review
background_review	B02758	sub-58	sub-58	78	background_review	False	2	2	0	0	pass	pass	include	no_review_flag
background_review	B02759	sub-58	sub-58	78	background_review	False	2	2	0	0	pass	pass	include	no_review_flag
background_review	B02760	sub-58	sub-58	78	background_review	False	2	0	2	0	pass	high_robust_range;many_10mad_outliers	review	targeted_review
background_review	B02761	sub-58	sub-58	78	background_review	False	2	0	2	0	pass	high_robust_range;many_10mad_outliers	review	targeted_review
background_review	B02762	sub-58	sub-58	78	background_review	False	2	2	0	0	pass	pass	include	no_review_flag
background_review	B02763	sub-58	sub-58	78	background_review	False	2	2	0	0	pass	pass	include	no_review_flag
background_review	B02764	sub-58	sub-58	78	background_review	False	2	1	1	0	pass	many_10mad_outliers	review	mad_only_review
background_review	B02765	sub-58	sub-58	78	background_review	False	2	1	1	0	pass	many_10mad_outliers	review	mad_only_review
background_review	B02766	sub-58	sub-58	78	background_review	False	2	0	2	0	pass	high_robust_range;many_10mad_outliers	review	targeted_review
background_review	B02767	sub-58	sub-58	78	background_review	False	2	0	2	0	pass	high_robust_range;many_10mad_outliers	review	targeted_review
background_review	B02768	sub-59	sub-59	79	background_review	False	2	0	2	0	pass	many_10mad_outliers	review	mad_only_review
background_review	B02769	sub-59	sub-59	79	background_review	False	2	2	0	0	pass	pass	include	no_review_flag
background_review	B02770	sub-59	sub-59	79	background_review	False	2	1	1	0	pass	many_10mad_outliers	review	mad_only_review
background_review	B02771	sub-59	sub-59	79	background_review	False	2	1	1	0	pass	many_10mad_outliers	review	mad_only_review
background_review	B02772	sub-59	sub-59	79	background_review	False	2	0	2	0	pass	many_10mad_outliers	review	mad_only_review
background_review	B02773	sub-59	sub-59	79	background_review	False	2	1	1	0	pass	many_10mad_outliers	review	mad_only_review
background_review	B02774	sub-59	sub-59	79	background_review	False	2	1	1	0	pass	many_10mad_outliers	review	mad_only_review
background_review	B02775	sub-59	sub-59	79	background_review	False	2	0	0	2	constant_signal;flatline_at_least_5_sec;near_flat_robust_range	repeated_endpoints	exclude	critical_exclusion
background_review	B02776	sub-59	sub-59	79	background_review	False	2	1	1	0	pass	many_10mad_outliers	review	mad_only_review
background_review	B02777	sub-59	sub-59	79	background_review	False	2	1	1	0	pass	many_10mad_outliers	review	mad_only_review
background_review	B02778	sub-59	sub-59	79	background_review	False	2	2	0	0	pass	pass	include	no_review_flag
background_review	B02779	sub-59	sub-59	79	background_review	False	2	2	0	0	pass	pass	include	no_review_flag
background_review	B02780	sub-59	sub-59	79	background_review	False	2	1	1	0	pass	many_10mad_outliers	review	mad_only_review
background_review	B02781	sub-59	sub-59	79	background_review	False	2	2	0	0	pass	pass	include	no_review_flag
background_review	B02782	sub-59	sub-59	79	background_review	False	2	1	1	0	pass	high_peak_to_peak;high_robust_range;many_10mad_outliers	review	targeted_review
background_review	B02783	sub-59	sub-59	79	background_review	False	2	2	0	0	pass	pass	include	no_review_flag
background_review	B02784	sub-59	sub-59	79	background_review	False	2	1	1	0	pass	many_10mad_outliers	review	mad_only_review
background_review	B02785	sub-59	sub-59	79	background_review	False	2	1	1	0	pass	high_peak_to_peak;high_robust_range;many_10mad_outliers	review	targeted_review
background_review	B02786	sub-59	sub-59	79	background_review	False	2	2	0	0	pass	pass	include	no_review_flag
background_review	B02787	sub-59	sub-59	79	background_review	False	2	2	0	0	pass	pass	include	no_review_flag
background_review	B02788	sub-59	sub-59	79	background_review	False	2	1	1	0	pass	many_10mad_outliers	review	mad_only_review
background_review	B02789	sub-59	sub-59	79	background_review	False	2	0	2	0	pass	high_peak_to_peak;high_robust_range;many_10mad_outliers	review	targeted_review
background_review	B02790	sub-59	sub-59	79	background_review	False	2	2	0	0	pass	pass	include	no_review_flag
background_review	B02791	sub-59	sub-59	79	background_review	False	2	1	1	0	pass	many_10mad_outliers	review	mad_only_review
background_review	B02792	sub-59	sub-59	79	background_review	False	2	2	0	0	pass	pass	include	no_review_flag
background_review	B02793	sub-59	sub-59	79	background_review	False	2	0	2	0	pass	many_10mad_outliers	review	mad_only_review
background_review	B02794	sub-59	sub-59	79	background_review	False	2	0	2	0	pass	many_10mad_outliers	review	mad_only_review
background_review	B02795	sub-59	sub-59	79	background_review	False	2	0	2	0	pass	many_10mad_outliers	review	mad_only_review
background_review	B02796	sub-59	sub-59	79	background_review	False	2	0	2	0	pass	many_10mad_outliers	review	mad_only_review
background_review	B02797	sub-59	sub-59	79	background_review	False	2	1	1	0	pass	many_10mad_outliers	review	mad_only_review
background_review	B02798	sub-59	sub-59	79	background_review	False	2	2	0	0	pass	pass	include	no_review_flag
background_review	B02799	sub-59	sub-59	79	background_review	False	2	2	0	0	pass	pass	include	no_review_flag
background_review	B02800	sub-59	sub-59	79	background_review	False	2	2	0	0	pass	pass	include	no_review_flag
background_review	B02801	sub-59	sub-59	79	background_review	False	2	2	0	0	pass	pass	include	no_review_flag
background_review	B02802	sub-59	sub-59	79	background_review	False	2	2	0	0	pass	pass	include	no_review_flag
background_review	B02803	sub-59	sub-59	79	background_review	False	2	1	1	0	pass	many_10mad_outliers	review	mad_only_review
background_review	B02804	sub-59	sub-59	79	background_review	False	2	1	1	0	pass	many_10mad_outliers	review	mad_only_review
background_review	B02805	sub-6	sub-6	4	background_review	False	2	1	1	0	pass	many_10mad_outliers	review	mad_only_review
background_review	B02806	sub-6	sub-6	4	background_review	False	2	1	1	0	pass	many_10mad_outliers	review	mad_only_review
background_review	B02807	sub-6	sub-6	4	background_review	False	2	2	0	0	pass	pass	include	no_review_flag
background_review	B02808	sub-6	sub-6	4	background_review	False	2	2	0	0	pass	pass	include	no_review_flag
background_review	B02809	sub-6	sub-6	4	background_review	False	2	2	0	0	pass	pass	include	no_review_flag
background_review	B02810	sub-6	sub-6	4	background_review	False	2	1	1	0	pass	many_10mad_outliers	review	mad_only_review
background_review	B02811	sub-6	sub-6	4	background_review	False	2	2	0	0	pass	pass	include	no_review_flag
background_review	B02812	sub-6	sub-6	4	background_review	False	2	2	0	0	pass	pass	include	no_review_flag
background_review	B02813	sub-6	sub-6	4	background_review	False	2	2	0	0	pass	pass	include	no_review_flag
background_review	B02814	sub-6	sub-6	4	background_review	False	2	2	0	0	pass	pass	include	no_review_flag
background_review	B02815	sub-6	sub-6	4	background_review	False	2	2	0	0	pass	pass	include	no_review_flag
background_review	B02816	sub-6	sub-6	4	background_review	False	2	2	0	0	pass	pass	include	no_review_flag
background_review	B02817	sub-6	sub-6	4	background_review	False	2	2	0	0	pass	pass	include	no_review_flag
background_review	B02818	sub-6	sub-6	4	background_review	False	2	2	0	0	pass	pass	include	no_review_flag
background_review	B02819	sub-6	sub-6	4	background_review	False	2	2	0	0	pass	pass	include	no_review_flag
background_review	B02820	sub-6	sub-6	4	background_review	False	2	0	2	0	pass	many_10mad_outliers	review	mad_only_review
background_review	B02821	sub-6	sub-6	4	background_review	False	2	2	0	0	pass	pass	include	no_review_flag
background_review	B02822	sub-6	sub-6	4	background_review	False	2	2	0	0	pass	pass	include	no_review_flag
background_review	B02823	sub-6	sub-6	4	background_review	False	2	2	0	0	pass	pass	include	no_review_flag
background_review	B02824	sub-6	sub-6	4	background_review	False	2	2	0	0	pass	pass	include	no_review_flag
background_review	B02825	sub-6	sub-6	4	background_review	False	2	2	0	0	pass	pass	include	no_review_flag
background_review	B02826	sub-6	sub-6	4	background_review	False	2	1	1	0	pass	many_10mad_outliers	review	mad_only_review
background_review	B02827	sub-6	sub-6	4	background_review	False	2	2	0	0	pass	pass	include	no_review_flag
background_review	B02828	sub-6	sub-6	4	background_review	False	2	2	0	0	pass	pass	include	no_review_flag
background_review	B02829	sub-6	sub-6	4	background_review	False	2	2	0	0	pass	pass	include	no_review_flag
background_review	B02830	sub-6	sub-6	4	background_review	False	2	2	0	0	pass	pass	include	no_review_flag
background_review	B02831	sub-6	sub-6	4	background_review	False	2	2	0	0	pass	pass	include	no_review_flag
background_review	B02832	sub-6	sub-6	4	background_review	False	2	2	0	0	pass	pass	include	no_review_flag
background_review	B02833	sub-6	sub-6	4	background_review	False	2	2	0	0	pass	pass	include	no_review_flag
background_review	B02834	sub-6	sub-6	4	background_review	False	2	0	2	0	pass	high_robust_range;many_10mad_outliers	review	targeted_review
background_review	B02835	sub-6	sub-6	4	background_review	False	2	0	2	0	pass	high_robust_range;many_10mad_outliers	review	targeted_review
background_review	B02836	sub-6	sub-6	4	background_review	False	2	2	0	0	pass	pass	include	no_review_flag
background_review	B02837	sub-6	sub-6	4	background_review	False	2	2	0	0	pass	pass	include	no_review_flag
background_review	B02838	sub-6	sub-6	4	background_review	False	2	2	0	0	pass	pass	include	no_review_flag
background_review	B02839	sub-6	sub-6	4	background_review	False	2	2	0	0	pass	pass	include	no_review_flag
background_review	B02840	sub-6	sub-6	4	background_review	False	2	2	0	0	pass	pass	include	no_review_flag
background_review	B02841	sub-6	sub-6	4	background_review	False	2	2	0	0	pass	pass	include	no_review_flag
background_review	B02842	sub-60	sub-60	80	background_review	False	2	2	0	0	pass	pass	include	no_review_flag
background_review	B02843	sub-60	sub-60	80	background_review	False	2	1	1	0	pass	many_10mad_outliers	review	mad_only_review
background_review	B02844	sub-60	sub-60	80	background_review	False	2	0	2	0	pass	many_10mad_outliers	review	mad_only_review
background_review	B02845	sub-60	sub-60	80	background_review	False	2	0	2	0	pass	many_10mad_outliers	review	mad_only_review
background_review	B02846	sub-60	sub-60	80	background_review	False	2	2	0	0	pass	pass	include	no_review_flag
background_review	B02847	sub-60	sub-60	80	background_review	False	2	2	0	0	pass	pass	include	no_review_flag
background_review	B02848	sub-60	sub-60	80	background_review	False	2	2	0	0	pass	pass	include	no_review_flag
background_review	B02849	sub-60	sub-60	80	background_review	False	2	2	0	0	pass	pass	include	no_review_flag
background_review	B02850	sub-60	sub-60	80	background_review	False	2	2	0	0	pass	pass	include	no_review_flag
background_review	B02851	sub-60	sub-60	80	background_review	False	2	2	0	0	pass	pass	include	no_review_flag
background_review	B02852	sub-60	sub-60	80	background_review	False	2	1	1	0	pass	many_10mad_outliers	review	mad_only_review
background_review	B02853	sub-60	sub-60	80	background_review	False	2	2	0	0	pass	pass	include	no_review_flag
background_review	B02854	sub-60	sub-60	80	background_review	False	2	0	2	0	pass	many_10mad_outliers	review	mad_only_review
background_review	B02855	sub-60	sub-60	80	background_review	False	2	2	0	0	pass	pass	include	no_review_flag
background_review	B02856	sub-60	sub-60	80	background_review	False	2	2	0	0	pass	pass	include	no_review_flag
background_review	B02857	sub-60	sub-60	80	background_review	False	2	2	0	0	pass	pass	include	no_review_flag
background_review	B02858	sub-60	sub-60	80	background_review	False	2	2	0	0	pass	pass	include	no_review_flag
background_review	B02859	sub-60	sub-60	80	background_review	False	2	2	0	0	pass	pass	include	no_review_flag
background_review	B02860	sub-60	sub-60	80	background_review	False	2	2	0	0	pass	pass	include	no_review_flag
background_review	B02861	sub-60	sub-60	80	background_review	False	2	2	0	0	pass	pass	include	no_review_flag
background_review	B02862	sub-60	sub-60	80	background_review	False	2	1	1	0	pass	many_10mad_outliers	review	mad_only_review
background_review	B02863	sub-60	sub-60	80	background_review	False	2	2	0	0	pass	pass	include	no_review_flag
background_review	B02864	sub-60	sub-60	80	background_review	False	2	0	2	0	pass	many_10mad_outliers	review	mad_only_review
background_review	B02865	sub-60	sub-60	80	background_review	False	2	0	2	0	pass	many_10mad_outliers	review	mad_only_review
background_review	B02866	sub-60	sub-60	80	background_review	False	2	0	2	0	pass	many_10mad_outliers	review	mad_only_review
background_review	B02867	sub-60	sub-60	80	background_review	False	2	0	2	0	pass	many_10mad_outliers	review	mad_only_review
background_review	B02868	sub-60	sub-60	80	background_review	False	2	0	2	0	pass	many_10mad_outliers	review	mad_only_review
background_review	B02869	sub-60	sub-60	80	background_review	False	2	0	2	0	pass	many_10mad_outliers	review	mad_only_review
background_review	B02870	sub-60	sub-60	80	background_review	False	2	2	0	0	pass	pass	include	no_review_flag
background_review	B02871	sub-60	sub-60	80	background_review	False	2	2	0	0	pass	pass	include	no_review_flag
background_review	B02872	sub-60	sub-60	80	background_review	False	2	2	0	0	pass	pass	include	no_review_flag
background_review	B02873	sub-60	sub-60	80	background_review	False	2	2	0	0	pass	pass	include	no_review_flag
background_review	B02874	sub-60	sub-60	80	background_review	False	2	2	0	0	pass	pass	include	no_review_flag
background_review	B02875	sub-60	sub-60	80	background_review	False	2	2	0	0	pass	pass	include	no_review_flag
background_review	B02876	sub-60	sub-60	80	background_review	False	2	2	0	0	pass	pass	include	no_review_flag
background_review	B02877	sub-60	sub-60	80	background_review	False	2	2	0	0	pass	pass	include	no_review_flag
background_review	B02878	sub-61	sub-61	79	background_review	False	2	0	2	0	pass	high_peak_to_peak;high_robust_range;many_10mad_outliers;many_abrupt_jumps;repeated_endpoints	review	targeted_review
background_review	B02879	sub-61	sub-61	79	background_review	False	2	0	2	0	pass	high_peak_to_peak;high_robust_range;many_10mad_outliers;many_abrupt_jumps;repeated_endpoints	review	targeted_review
background_review	B02880	sub-61	sub-61	79	background_review	False	2	1	1	0	pass	high_peak_to_peak;high_robust_range;many_abrupt_jumps;repeated_endpoints	review	targeted_review
background_review	B02881	sub-61	sub-61	79	background_review	False	2	0	2	0	pass	high_peak_to_peak;high_robust_range;many_10mad_outliers;many_abrupt_jumps;repeated_endpoints	review	targeted_review
background_review	B02882	sub-61	sub-61	79	background_review	False	2	0	2	0	pass	high_peak_to_peak;high_robust_range;many_10mad_outliers;many_abrupt_jumps;repeated_endpoints	review	targeted_review
background_review	B02883	sub-61	sub-61	79	background_review	False	2	0	2	0	pass	high_peak_to_peak;high_robust_range;many_10mad_outliers;many_abrupt_jumps;repeated_endpoints	review	targeted_review
background_review	B02884	sub-61	sub-61	79	background_review	False	2	0	2	0	pass	high_peak_to_peak;high_robust_range;many_10mad_outliers;repeated_endpoints	review	targeted_review
background_review	B02885	sub-61	sub-61	79	background_review	False	2	1	1	0	pass	high_peak_to_peak;high_robust_range;many_abrupt_jumps;repeated_endpoints	review	targeted_review
background_review	B02886	sub-61	sub-61	79	background_review	False	2	1	1	0	pass	high_peak_to_peak;high_robust_range;many_abrupt_jumps;repeated_endpoints	review	targeted_review
background_review	B02887	sub-61	sub-61	79	background_review	False	2	0	2	0	pass	high_peak_to_peak;high_robust_range;many_10mad_outliers;many_abrupt_jumps;repeated_endpoints	review	targeted_review
background_review	B02888	sub-61	sub-61	79	background_review	False	2	0	2	0	pass	high_peak_to_peak;high_robust_range;many_10mad_outliers;many_abrupt_jumps;repeated_endpoints	review	targeted_review
background_review	B02889	sub-61	sub-61	79	background_review	False	2	0	2	0	pass	high_peak_to_peak;high_robust_range;many_10mad_outliers;many_abrupt_jumps;repeated_endpoints	review	targeted_review
background_review	B02890	sub-61	sub-61	79	background_review	False	2	0	2	0	pass	high_peak_to_peak;high_robust_range;many_10mad_outliers;many_abrupt_jumps	review	targeted_review
background_review	B02891	sub-61	sub-61	79	background_review	False	2	0	2	0	pass	high_peak_to_peak;high_robust_range;many_10mad_outliers;many_abrupt_jumps;repeated_endpoints	review	targeted_review
background_review	B02892	sub-61	sub-61	79	background_review	False	2	1	1	0	pass	high_peak_to_peak;high_robust_range;many_10mad_outliers;many_abrupt_jumps	review	targeted_review
background_review	B02893	sub-61	sub-61	79	background_review	False	2	0	2	0	pass	high_peak_to_peak;high_robust_range;many_10mad_outliers;many_abrupt_jumps;repeated_endpoints	review	targeted_review
background_review	B02894	sub-61	sub-61	79	background_review	False	2	1	1	0	pass	high_robust_range;many_abrupt_jumps	review	targeted_review
background_review	B02895	sub-61	sub-61	79	background_review	False	2	1	1	0	pass	many_abrupt_jumps	review	targeted_review
background_review	B02896	sub-61	sub-61	79	background_review	False	2	1	1	0	pass	many_abrupt_jumps	review	targeted_review
background_review	B02897	sub-61	sub-61	79	background_review	False	2	0	2	0	pass	high_peak_to_peak;high_robust_range;many_10mad_outliers;many_abrupt_jumps;repeated_endpoints	review	targeted_review
background_review	B02898	sub-61	sub-61	79	background_review	False	2	0	2	0	pass	high_peak_to_peak;high_robust_range;many_10mad_outliers;many_abrupt_jumps;repeated_endpoints	review	targeted_review
background_review	B02899	sub-61	sub-61	79	background_review	False	2	1	1	0	pass	high_peak_to_peak;high_robust_range;many_10mad_outliers;many_abrupt_jumps;repeated_endpoints	review	targeted_review
background_review	B02900	sub-61	sub-61	79	background_review	False	2	0	2	0	pass	high_peak_to_peak;high_robust_range;many_10mad_outliers;many_abrupt_jumps;repeated_endpoints	review	targeted_review
background_review	B02901	sub-61	sub-61	79	background_review	False	2	0	2	0	pass	high_peak_to_peak;high_robust_range;many_10mad_outliers;many_abrupt_jumps;repeated_endpoints	review	targeted_review
background_review	B02902	sub-61	sub-61	79	background_review	False	2	0	2	0	pass	high_peak_to_peak;high_robust_range;many_10mad_outliers;many_abrupt_jumps;repeated_endpoints	review	targeted_review
background_review	B02903	sub-61	sub-61	79	background_review	False	2	0	2	0	pass	high_peak_to_peak;high_robust_range;many_10mad_outliers;many_abrupt_jumps;repeated_endpoints	review	targeted_review
background_review	B02904	sub-61	sub-61	79	background_review	False	2	0	2	0	pass	high_peak_to_peak;high_robust_range;many_10mad_outliers;repeated_endpoints	review	targeted_review
background_review	B02905	sub-61	sub-61	79	background_review	False	2	0	2	0	pass	high_peak_to_peak;high_robust_range;many_10mad_outliers;many_abrupt_jumps;repeated_endpoints	review	targeted_review
background_review	B02906	sub-61	sub-61	79	background_review	False	2	0	2	0	pass	high_peak_to_peak;high_robust_range;many_10mad_outliers;many_abrupt_jumps;repeated_endpoints	review	targeted_review
background_review	B02907	sub-61	sub-61	79	background_review	False	2	1	1	0	pass	high_peak_to_peak;high_robust_range;many_abrupt_jumps;repeated_endpoints	review	targeted_review
background_review	B02908	sub-61	sub-61	79	background_review	False	2	1	1	0	pass	high_peak_to_peak;high_robust_range;many_abrupt_jumps;repeated_endpoints	review	targeted_review
background_review	B02909	sub-61	sub-61	79	background_review	False	2	2	0	0	pass	pass	include	no_review_flag
background_review	B02910	sub-61	sub-61	79	background_review	False	2	1	1	0	pass	many_10mad_outliers;many_abrupt_jumps	review	targeted_review
background_review	B02911	sub-61	sub-61	79	background_review	False	2	1	1	0	pass	high_peak_to_peak;high_robust_range;many_10mad_outliers;many_abrupt_jumps	review	targeted_review
background_review	B02912	sub-61	sub-61	79	background_review	False	2	1	1	0	pass	high_peak_to_peak;high_robust_range;many_10mad_outliers;many_abrupt_jumps	review	targeted_review
background_review	B02913	sub-61	sub-61	79	background_review	False	2	0	2	0	pass	high_peak_to_peak;high_robust_range;many_10mad_outliers	review	targeted_review
background_review	B02914	sub-61	sub-61	79	background_review	False	2	0	2	0	pass	high_peak_to_peak;high_robust_range;many_10mad_outliers	review	targeted_review
background_review	B02915	sub-62	sub-62	80	background_review	False	2	2	0	0	pass	pass	include	no_review_flag
background_review	B02916	sub-62	sub-62	80	background_review	False	2	2	0	0	pass	pass	include	no_review_flag
background_review	B02917	sub-62	sub-62	80	background_review	False	2	2	0	0	pass	pass	include	no_review_flag
background_review	B02918	sub-62	sub-62	80	background_review	False	2	1	1	0	pass	many_10mad_outliers	review	mad_only_review
background_review	B02919	sub-62	sub-62	80	background_review	False	2	1	1	0	pass	many_10mad_outliers	review	mad_only_review
background_review	B02920	sub-62	sub-62	80	background_review	False	2	0	2	0	pass	many_10mad_outliers	review	mad_only_review
background_review	B02921	sub-62	sub-62	80	background_review	False	2	2	0	0	pass	pass	include	no_review_flag
background_review	B02922	sub-62	sub-62	80	background_review	False	2	2	0	0	pass	pass	include	no_review_flag
background_review	B02923	sub-62	sub-62	80	background_review	False	2	2	0	0	pass	pass	include	no_review_flag
background_review	B02924	sub-62	sub-62	80	background_review	False	2	2	0	0	pass	pass	include	no_review_flag
background_review	B02925	sub-62	sub-62	80	background_review	False	2	2	0	0	pass	pass	include	no_review_flag
background_review	B02926	sub-62	sub-62	80	background_review	False	2	2	0	0	pass	pass	include	no_review_flag
background_review	B02927	sub-62	sub-62	80	background_review	False	2	2	0	0	pass	pass	include	no_review_flag
background_review	B02928	sub-62	sub-62	80	background_review	False	2	0	2	0	pass	many_10mad_outliers	review	mad_only_review
background_review	B02929	sub-62	sub-62	80	background_review	False	2	2	0	0	pass	pass	include	no_review_flag
background_review	B02930	sub-62	sub-62	80	background_review	False	2	2	0	0	pass	pass	include	no_review_flag
background_review	B02931	sub-62	sub-62	80	background_review	False	2	2	0	0	pass	pass	include	no_review_flag
background_review	B02932	sub-62	sub-62	80	background_review	False	2	2	0	0	pass	pass	include	no_review_flag
background_review	B02933	sub-62	sub-62	80	background_review	False	2	0	2	0	pass	many_10mad_outliers	review	mad_only_review
background_review	B02934	sub-62	sub-62	80	background_review	False	2	2	0	0	pass	pass	include	no_review_flag
background_review	B02935	sub-62	sub-62	80	background_review	False	2	2	0	0	pass	pass	include	no_review_flag
background_review	B02936	sub-62	sub-62	80	background_review	False	2	2	0	0	pass	pass	include	no_review_flag
background_review	B02937	sub-62	sub-62	80	background_review	False	2	2	0	0	pass	pass	include	no_review_flag
background_review	B02938	sub-62	sub-62	80	background_review	False	2	2	0	0	pass	pass	include	no_review_flag
background_review	B02939	sub-62	sub-62	80	background_review	False	2	0	2	0	pass	many_10mad_outliers	review	mad_only_review
background_review	B02940	sub-62	sub-62	80	background_review	False	2	2	0	0	pass	pass	include	no_review_flag
background_review	B02941	sub-62	sub-62	80	background_review	False	2	2	0	0	pass	pass	include	no_review_flag
background_review	B02942	sub-62	sub-62	80	background_review	False	2	2	0	0	pass	pass	include	no_review_flag
background_review	B02943	sub-62	sub-62	80	background_review	False	2	2	0	0	pass	pass	include	no_review_flag
background_review	B02944	sub-62	sub-62	80	background_review	False	2	2	0	0	pass	pass	include	no_review_flag
background_review	B02945	sub-62	sub-62	80	background_review	False	2	2	0	0	pass	pass	include	no_review_flag
background_review	B02946	sub-62	sub-62	80	background_review	False	2	2	0	0	pass	pass	include	no_review_flag
background_review	B02947	sub-62	sub-62	80	background_review	False	2	2	0	0	pass	pass	include	no_review_flag
background_review	B02948	sub-62	sub-62	80	background_review	False	2	2	0	0	pass	pass	include	no_review_flag
background_review	B02949	sub-62	sub-62	80	background_review	False	2	2	0	0	pass	pass	include	no_review_flag
background_review	B02950	sub-62	sub-62	80	background_review	False	2	2	0	0	pass	pass	include	no_review_flag
background_review	B02951	sub-62	sub-62	80	background_review	False	2	0	2	0	pass	many_10mad_outliers	review	mad_only_review
background_review	B02952	sub-62	sub-62	80	background_review	False	2	0	2	0	pass	many_10mad_outliers	review	mad_only_review
background_review	B02953	sub-63	sub-63	81	background_review	False	2	2	0	0	pass	pass	include	no_review_flag
background_review	B02954	sub-63	sub-63	81	background_review	False	2	1	1	0	pass	many_10mad_outliers	review	mad_only_review
background_review	B02955	sub-63	sub-63	81	background_review	False	2	2	0	0	pass	pass	include	no_review_flag
background_review	B02956	sub-63	sub-63	81	background_review	False	2	0	2	0	pass	many_10mad_outliers	review	mad_only_review
background_review	B02957	sub-63	sub-63	81	background_review	False	2	1	1	0	pass	many_10mad_outliers	review	mad_only_review
background_review	B02958	sub-63	sub-63	81	background_review	False	2	0	2	0	pass	many_10mad_outliers	review	mad_only_review
background_review	B02959	sub-63	sub-63	81	background_review	False	2	2	0	0	pass	pass	include	no_review_flag
background_review	B02960	sub-63	sub-63	81	background_review	False	2	2	0	0	pass	pass	include	no_review_flag
background_review	B02961	sub-63	sub-63	81	background_review	False	2	2	0	0	pass	pass	include	no_review_flag
background_review	B02962	sub-63	sub-63	81	background_review	False	2	2	0	0	pass	pass	include	no_review_flag
background_review	B02963	sub-63	sub-63	81	background_review	False	2	2	0	0	pass	pass	include	no_review_flag
background_review	B02964	sub-63	sub-63	81	background_review	False	2	2	0	0	pass	pass	include	no_review_flag
background_review	B02965	sub-63	sub-63	81	background_review	False	2	2	0	0	pass	pass	include	no_review_flag
background_review	B02966	sub-63	sub-63	81	background_review	False	2	0	2	0	pass	many_10mad_outliers	review	mad_only_review
background_review	B02967	sub-63	sub-63	81	background_review	False	2	0	2	0	pass	many_10mad_outliers	review	mad_only_review
background_review	B02968	sub-63	sub-63	81	background_review	False	2	0	2	0	pass	many_10mad_outliers	review	mad_only_review
background_review	B02969	sub-63	sub-63	81	background_review	False	2	2	0	0	pass	pass	include	no_review_flag
background_review	B02970	sub-63	sub-63	81	background_review	False	2	2	0	0	pass	pass	include	no_review_flag
background_review	B02971	sub-63	sub-63	81	background_review	False	2	2	0	0	pass	pass	include	no_review_flag
background_review	B02972	sub-63	sub-63	81	background_review	False	2	2	0	0	pass	pass	include	no_review_flag
background_review	B02973	sub-63	sub-63	81	background_review	False	2	2	0	0	pass	pass	include	no_review_flag
background_review	B02974	sub-63	sub-63	81	background_review	False	2	2	0	0	pass	pass	include	no_review_flag
background_review	B02975	sub-63	sub-63	81	background_review	False	2	2	0	0	pass	pass	include	no_review_flag
background_review	B02976	sub-63	sub-63	81	background_review	False	2	2	0	0	pass	pass	include	no_review_flag
background_review	B02977	sub-63	sub-63	81	background_review	False	2	0	2	0	pass	many_10mad_outliers	review	mad_only_review
background_review	B02978	sub-63	sub-63	81	background_review	False	2	0	2	0	pass	many_10mad_outliers	review	mad_only_review
background_review	B02979	sub-63	sub-63	81	background_review	False	2	0	2	0	pass	many_10mad_outliers	review	mad_only_review
background_review	B02980	sub-63	sub-63	81	background_review	False	2	0	2	0	pass	many_10mad_outliers	review	mad_only_review
background_review	B02981	sub-63	sub-63	81	background_review	False	2	0	2	0	pass	many_10mad_outliers	review	mad_only_review
background_review	B02982	sub-63	sub-63	81	background_review	False	2	2	0	0	pass	pass	include	no_review_flag
background_review	B02983	sub-63	sub-63	81	background_review	False	2	2	0	0	pass	pass	include	no_review_flag
background_review	B02984	sub-63	sub-63	81	background_review	False	2	2	0	0	pass	pass	include	no_review_flag
background_review	B02985	sub-63	sub-63	81	background_review	False	2	2	0	0	pass	pass	include	no_review_flag
background_review	B02986	sub-63	sub-63	81	background_review	False	2	2	0	0	pass	pass	include	no_review_flag
background_review	B02987	sub-63	sub-63	81	background_review	False	2	2	0	0	pass	pass	include	no_review_flag
background_review	B02988	sub-63	sub-63	81	background_review	False	2	0	2	0	pass	many_10mad_outliers	review	mad_only_review
background_review	B02989	sub-63	sub-63	81	background_review	False	2	0	2	0	pass	many_10mad_outliers	review	mad_only_review
background_review	B02990	sub-64	sub-64	82	background_review	False	2	2	0	0	pass	pass	include	no_review_flag
background_review	B02991	sub-64	sub-64	82	background_review	False	2	2	0	0	pass	pass	include	no_review_flag
background_review	B02992	sub-64	sub-64	82	background_review	False	2	2	0	0	pass	pass	include	no_review_flag
background_review	B02993	sub-64	sub-64	82	background_review	False	2	2	0	0	pass	pass	include	no_review_flag
background_review	B02994	sub-64	sub-64	82	background_review	False	2	2	0	0	pass	pass	include	no_review_flag
background_review	B02995	sub-64	sub-64	82	background_review	False	2	2	0	0	pass	pass	include	no_review_flag
background_review	B02996	sub-64	sub-64	82	background_review	False	2	2	0	0	pass	pass	include	no_review_flag
background_review	B02997	sub-64	sub-64	82	background_review	False	2	2	0	0	pass	pass	include	no_review_flag
background_review	B02998	sub-64	sub-64	82	background_review	False	2	2	0	0	pass	pass	include	no_review_flag
background_review	B02999	sub-64	sub-64	82	background_review	False	2	2	0	0	pass	pass	include	no_review_flag
background_review	B03000	sub-64	sub-64	82	background_review	False	2	2	0	0	pass	pass	include	no_review_flag
background_review	B03001	sub-64	sub-64	82	background_review	False	2	0	2	0	pass	many_10mad_outliers	review	mad_only_review
background_review	B03002	sub-64	sub-64	82	background_review	False	2	2	0	0	pass	pass	include	no_review_flag
background_review	B03003	sub-64	sub-64	82	background_review	False	2	2	0	0	pass	pass	include	no_review_flag
background_review	B03004	sub-64	sub-64	82	background_review	False	2	2	0	0	pass	pass	include	no_review_flag
background_review	B03005	sub-64	sub-64	82	background_review	False	2	2	0	0	pass	pass	include	no_review_flag
background_review	B03006	sub-64	sub-64	82	background_review	False	2	2	0	0	pass	pass	include	no_review_flag
background_review	B03007	sub-64	sub-64	82	background_review	False	2	2	0	0	pass	pass	include	no_review_flag
background_review	B03008	sub-64	sub-64	82	background_review	False	2	2	0	0	pass	pass	include	no_review_flag
background_review	B03009	sub-64	sub-64	82	background_review	False	2	0	2	0	pass	many_10mad_outliers	review	mad_only_review
background_review	B03010	sub-64	sub-64	82	background_review	False	2	2	0	0	pass	pass	include	no_review_flag
background_review	B03011	sub-64	sub-64	82	background_review	False	2	2	0	0	pass	pass	include	no_review_flag
background_review	B03012	sub-64	sub-64	82	background_review	False	2	2	0	0	pass	pass	include	no_review_flag
background_review	B03013	sub-64	sub-64	82	background_review	False	2	2	0	0	pass	pass	include	no_review_flag
background_review	B03014	sub-64	sub-64	82	background_review	False	2	2	0	0	pass	pass	include	no_review_flag
background_review	B03015	sub-64	sub-64	82	background_review	False	2	2	0	0	pass	pass	include	no_review_flag
background_review	B03016	sub-64	sub-64	82	background_review	False	2	2	0	0	pass	pass	include	no_review_flag
background_review	B03017	sub-64	sub-64	82	background_review	False	2	2	0	0	pass	pass	include	no_review_flag
background_review	B03018	sub-64	sub-64	82	background_review	False	2	2	0	0	pass	pass	include	no_review_flag
background_review	B03019	sub-64	sub-64	82	background_review	False	2	2	0	0	pass	pass	include	no_review_flag
background_review	B03020	sub-64	sub-64	82	background_review	False	2	2	0	0	pass	pass	include	no_review_flag
background_review	B03021	sub-64	sub-64	82	background_review	False	2	2	0	0	pass	pass	include	no_review_flag
background_review	B03022	sub-64	sub-64	82	background_review	False	2	2	0	0	pass	pass	include	no_review_flag
background_review	B03023	sub-64	sub-64	82	background_review	False	2	2	0	0	pass	pass	include	no_review_flag
background_review	B03024	sub-64	sub-64	82	background_review	False	2	2	0	0	pass	pass	include	no_review_flag
background_review	B03025	sub-64	sub-64	82	background_review	False	2	2	0	0	pass	pass	include	no_review_flag
background_review	B03026	sub-64	sub-64	82	background_review	False	2	2	0	0	pass	pass	include	no_review_flag
background_review	B03027	sub-64	sub-64	82	background_review	False	2	2	0	0	pass	pass	include	no_review_flag
background_review	B03028	sub-65	sub-65	81	background_review	False	2	0	2	0	pass	high_peak_to_peak;high_robust_range;many_10mad_outliers;repeated_endpoints	review	targeted_review
background_review	B03029	sub-65	sub-65	81	background_review	False	2	2	0	0	pass	pass	include	no_review_flag
background_review	B03030	sub-65	sub-65	81	background_review	False	2	1	1	0	pass	high_peak_to_peak;high_robust_range;many_10mad_outliers;many_abrupt_jumps	review	targeted_review
background_review	B03031	sub-65	sub-65	81	background_review	False	2	0	2	0	pass	high_peak_to_peak;high_robust_range;many_10mad_outliers;many_abrupt_jumps;repeated_endpoints	review	targeted_review
background_review	B03032	sub-65	sub-65	81	background_review	False	2	0	2	0	pass	high_peak_to_peak;high_robust_range;many_10mad_outliers;repeated_endpoints	review	targeted_review
background_review	B03033	sub-65	sub-65	81	background_review	False	2	2	0	0	pass	pass	include	no_review_flag
background_review	B03034	sub-65	sub-65	81	background_review	False	2	2	0	0	pass	pass	include	no_review_flag
background_review	B03035	sub-65	sub-65	81	background_review	False	2	1	1	0	pass	many_10mad_outliers	review	mad_only_review
background_review	B03036	sub-65	sub-65	81	background_review	False	2	1	1	0	pass	high_peak_to_peak;high_robust_range;many_abrupt_jumps	review	targeted_review
background_review	B03037	sub-65	sub-65	81	background_review	False	2	2	0	0	pass	pass	include	no_review_flag
background_review	B03038	sub-65	sub-65	81	background_review	False	2	1	1	0	pass	many_10mad_outliers	review	mad_only_review
background_review	B03039	sub-65	sub-65	81	background_review	False	2	0	2	0	pass	many_10mad_outliers	review	mad_only_review
background_review	B03040	sub-65	sub-65	81	background_review	False	2	0	2	0	pass	high_peak_to_peak;high_robust_range;many_10mad_outliers;many_abrupt_jumps;repeated_endpoints	review	targeted_review
background_review	B03041	sub-65	sub-65	81	background_review	False	2	1	1	0	pass	many_10mad_outliers	review	mad_only_review
background_review	B03042	sub-65	sub-65	81	background_review	False	2	2	0	0	pass	pass	include	no_review_flag
background_review	B03043	sub-65	sub-65	81	background_review	False	2	1	1	0	pass	many_10mad_outliers	review	mad_only_review
background_review	B03044	sub-65	sub-65	81	background_review	False	2	1	1	0	pass	high_peak_to_peak;high_robust_range;many_abrupt_jumps	review	targeted_review
background_review	B03045	sub-65	sub-65	81	background_review	False	2	1	1	0	pass	high_peak_to_peak;high_robust_range;many_abrupt_jumps;repeated_endpoints	review	targeted_review
background_review	B03046	sub-65	sub-65	81	background_review	False	2	1	1	0	pass	high_peak_to_peak;high_robust_range;many_10mad_outliers;repeated_endpoints	review	targeted_review
background_review	B03047	sub-65	sub-65	81	background_review	False	2	0	2	0	pass	high_peak_to_peak;high_robust_range;many_10mad_outliers;many_abrupt_jumps;repeated_endpoints	review	targeted_review
background_review	B03048	sub-65	sub-65	81	background_review	False	2	2	0	0	pass	pass	include	no_review_flag
background_review	B03049	sub-65	sub-65	81	background_review	False	2	2	0	0	pass	pass	include	no_review_flag
background_review	B03050	sub-65	sub-65	81	background_review	False	2	2	0	0	pass	pass	include	no_review_flag
background_review	B03051	sub-65	sub-65	81	background_review	False	2	1	1	0	pass	many_10mad_outliers	review	mad_only_review
background_review	B03052	sub-65	sub-65	81	background_review	False	2	0	2	0	pass	high_peak_to_peak;high_robust_range;many_10mad_outliers;many_abrupt_jumps	review	targeted_review
background_review	B03053	sub-65	sub-65	81	background_review	False	2	0	2	0	pass	high_peak_to_peak;high_robust_range;many_10mad_outliers;many_abrupt_jumps;repeated_endpoints	review	targeted_review
background_review	B03054	sub-65	sub-65	81	background_review	False	2	0	2	0	pass	high_peak_to_peak;high_robust_range;many_10mad_outliers;many_abrupt_jumps;repeated_endpoints	review	targeted_review
background_review	B03055	sub-65	sub-65	81	background_review	False	2	1	1	0	pass	many_10mad_outliers	review	mad_only_review
background_review	B03056	sub-65	sub-65	81	background_review	False	2	1	1	0	pass	many_10mad_outliers	review	mad_only_review
background_review	B03057	sub-65	sub-65	81	background_review	False	2	2	0	0	pass	pass	include	no_review_flag
background_review	B03058	sub-65	sub-65	81	background_review	False	2	2	0	0	pass	pass	include	no_review_flag
background_review	B03059	sub-65	sub-65	81	background_review	False	2	1	1	0	pass	high_peak_to_peak;high_robust_range;many_abrupt_jumps	review	targeted_review
background_review	B03060	sub-65	sub-65	81	background_review	False	2	1	1	0	pass	high_peak_to_peak;high_robust_range;many_abrupt_jumps	review	targeted_review
background_review	B03061	sub-65	sub-65	81	background_review	False	2	2	0	0	pass	pass	include	no_review_flag
background_review	B03062	sub-65	sub-65	81	background_review	False	2	2	0	0	pass	pass	include	no_review_flag
background_review	B03063	sub-65	sub-65	81	background_review	False	2	2	0	0	pass	pass	include	no_review_flag
background_review	B03064	sub-65	sub-65	81	background_review	False	2	1	1	0	pass	many_10mad_outliers	review	mad_only_review
background_review	B03065	sub-66	sub-66	82	background_review	False	2	2	0	0	pass	pass	include	no_review_flag
background_review	B03066	sub-66	sub-66	82	background_review	False	2	2	0	0	pass	pass	include	no_review_flag
background_review	B03067	sub-66	sub-66	82	background_review	False	2	2	0	0	pass	pass	include	no_review_flag
background_review	B03068	sub-66	sub-66	82	background_review	False	2	2	0	0	pass	pass	include	no_review_flag
background_review	B03069	sub-66	sub-66	82	background_review	False	2	2	0	0	pass	pass	include	no_review_flag
background_review	B03070	sub-66	sub-66	82	background_review	False	2	2	0	0	pass	pass	include	no_review_flag
background_review	B03071	sub-66	sub-66	82	background_review	False	2	2	0	0	pass	pass	include	no_review_flag
background_review	B03072	sub-66	sub-66	82	background_review	False	2	0	2	0	pass	many_10mad_outliers	review	mad_only_review
background_review	B03073	sub-66	sub-66	82	background_review	False	2	2	0	0	pass	pass	include	no_review_flag
background_review	B03074	sub-66	sub-66	82	background_review	False	2	2	0	0	pass	pass	include	no_review_flag
background_review	B03075	sub-66	sub-66	82	background_review	False	2	0	2	0	pass	many_10mad_outliers	review	mad_only_review
background_review	B03076	sub-66	sub-66	82	background_review	False	2	2	0	0	pass	pass	include	no_review_flag
background_review	B03077	sub-66	sub-66	82	background_review	False	2	2	0	0	pass	pass	include	no_review_flag
background_review	B03078	sub-66	sub-66	82	background_review	False	2	1	1	0	pass	many_10mad_outliers	review	mad_only_review
background_review	B03079	sub-66	sub-66	82	background_review	False	2	2	0	0	pass	pass	include	no_review_flag
background_review	B03080	sub-66	sub-66	82	background_review	False	2	2	0	0	pass	pass	include	no_review_flag
background_review	B03081	sub-66	sub-66	82	background_review	False	2	0	2	0	pass	many_10mad_outliers	review	mad_only_review
background_review	B03082	sub-66	sub-66	82	background_review	False	2	2	0	0	pass	pass	include	no_review_flag
background_review	B03083	sub-66	sub-66	82	background_review	False	2	0	2	0	pass	many_10mad_outliers	review	mad_only_review
background_review	B03084	sub-66	sub-66	82	background_review	False	2	0	2	0	pass	many_10mad_outliers	review	mad_only_review
background_review	B03085	sub-66	sub-66	82	background_review	False	2	2	0	0	pass	pass	include	no_review_flag
background_review	B03086	sub-66	sub-66	82	background_review	False	2	2	0	0	pass	pass	include	no_review_flag
background_review	B03087	sub-66	sub-66	82	background_review	False	2	2	0	0	pass	pass	include	no_review_flag
background_review	B03088	sub-66	sub-66	82	background_review	False	2	2	0	0	pass	pass	include	no_review_flag
background_review	B03089	sub-66	sub-66	82	background_review	False	2	2	0	0	pass	pass	include	no_review_flag
background_review	B03090	sub-66	sub-66	82	background_review	False	2	2	0	0	pass	pass	include	no_review_flag
background_review	B03091	sub-66	sub-66	82	background_review	False	2	2	0	0	pass	pass	include	no_review_flag
background_review	B03092	sub-66	sub-66	82	background_review	False	2	1	1	0	pass	many_10mad_outliers	review	mad_only_review
background_review	B03093	sub-66	sub-66	82	background_review	False	2	2	0	0	pass	pass	include	no_review_flag
background_review	B03094	sub-66	sub-66	82	background_review	False	2	2	0	0	pass	pass	include	no_review_flag
background_review	B03095	sub-66	sub-66	82	background_review	False	2	2	0	0	pass	pass	include	no_review_flag
background_review	B03096	sub-66	sub-66	82	background_review	False	2	1	1	0	pass	many_10mad_outliers	review	mad_only_review
background_review	B03097	sub-66	sub-66	82	background_review	False	2	1	1	0	pass	many_10mad_outliers	review	mad_only_review
background_review	B03098	sub-66	sub-66	82	background_review	False	2	2	0	0	pass	pass	include	no_review_flag
background_review	B03099	sub-66	sub-66	82	background_review	False	2	1	1	0	pass	many_10mad_outliers	review	mad_only_review
background_review	B03100	sub-67	sub-67	32	background_review	False	2	2	0	0	pass	pass	include	no_review_flag
background_review	B03101	sub-67	sub-67	32	background_review	False	2	2	0	0	pass	pass	include	no_review_flag
background_review	B03102	sub-67	sub-67	32	background_review	False	2	2	0	0	pass	pass	include	no_review_flag
background_review	B03103	sub-67	sub-67	32	background_review	False	2	2	0	0	pass	pass	include	no_review_flag
background_review	B03104	sub-67	sub-67	32	background_review	False	2	2	0	0	pass	pass	include	no_review_flag
background_review	B03105	sub-67	sub-67	32	background_review	False	2	2	0	0	pass	pass	include	no_review_flag
background_review	B03106	sub-67	sub-67	32	background_review	False	2	2	0	0	pass	pass	include	no_review_flag
background_review	B03107	sub-67	sub-67	32	background_review	False	2	2	0	0	pass	pass	include	no_review_flag
background_review	B03108	sub-67	sub-67	32	background_review	False	2	2	0	0	pass	pass	include	no_review_flag
background_review	B03109	sub-67	sub-67	32	background_review	False	2	2	0	0	pass	pass	include	no_review_flag
background_review	B03110	sub-67	sub-67	32	background_review	False	2	2	0	0	pass	pass	include	no_review_flag
background_review	B03111	sub-67	sub-67	32	background_review	False	2	2	0	0	pass	pass	include	no_review_flag
background_review	B03112	sub-67	sub-67	32	background_review	False	2	2	0	0	pass	pass	include	no_review_flag
background_review	B03113	sub-67	sub-67	32	background_review	False	2	2	0	0	pass	pass	include	no_review_flag
background_review	B03114	sub-67	sub-67	32	background_review	False	2	2	0	0	pass	pass	include	no_review_flag
background_review	B03115	sub-67	sub-67	32	background_review	False	2	2	0	0	pass	pass	include	no_review_flag
background_review	B03116	sub-67	sub-67	32	background_review	False	2	2	0	0	pass	pass	include	no_review_flag
background_review	B03117	sub-67	sub-67	32	background_review	False	2	2	0	0	pass	pass	include	no_review_flag
background_review	B03118	sub-67	sub-67	32	background_review	False	2	2	0	0	pass	pass	include	no_review_flag
background_review	B03119	sub-67	sub-67	32	background_review	False	2	1	1	0	pass	many_10mad_outliers	review	mad_only_review
background_review	B03120	sub-67	sub-67	32	background_review	False	2	2	0	0	pass	pass	include	no_review_flag
background_review	B03121	sub-67	sub-67	32	background_review	False	2	2	0	0	pass	pass	include	no_review_flag
background_review	B03122	sub-67	sub-67	32	background_review	False	2	2	0	0	pass	pass	include	no_review_flag
background_review	B03123	sub-67	sub-67	32	background_review	False	2	2	0	0	pass	pass	include	no_review_flag
background_review	B03124	sub-67	sub-67	32	background_review	False	2	2	0	0	pass	pass	include	no_review_flag
background_review	B03125	sub-67	sub-67	32	background_review	False	2	2	0	0	pass	pass	include	no_review_flag
background_review	B03126	sub-67	sub-67	32	background_review	False	2	2	0	0	pass	pass	include	no_review_flag
background_review	B03127	sub-67	sub-67	32	background_review	False	2	2	0	0	pass	pass	include	no_review_flag
background_review	B03128	sub-68	sub-68	33	background_review	False	2	0	2	0	pass	many_10mad_outliers	review	mad_only_review
background_review	B03129	sub-68	sub-68	33	background_review	False	2	2	0	0	pass	pass	include	no_review_flag
background_review	B03130	sub-68	sub-68	33	background_review	False	2	2	0	0	pass	pass	include	no_review_flag
background_review	B03131	sub-68	sub-68	33	background_review	False	2	2	0	0	pass	pass	include	no_review_flag
background_review	B03132	sub-68	sub-68	33	background_review	False	2	0	2	0	pass	many_10mad_outliers	review	mad_only_review
background_review	B03133	sub-68	sub-68	33	background_review	False	2	0	2	0	pass	many_10mad_outliers	review	mad_only_review
background_review	B03134	sub-68	sub-68	33	background_review	False	2	2	0	0	pass	pass	include	no_review_flag
background_review	B03135	sub-68	sub-68	33	background_review	False	2	0	2	0	pass	many_10mad_outliers	review	mad_only_review
background_review	B03136	sub-68	sub-68	33	background_review	False	2	2	0	0	pass	pass	include	no_review_flag
background_review	B03137	sub-68	sub-68	33	background_review	False	2	2	0	0	pass	pass	include	no_review_flag
background_review	B03138	sub-68	sub-68	33	background_review	False	2	2	0	0	pass	pass	include	no_review_flag
background_review	B03139	sub-68	sub-68	33	background_review	False	2	2	0	0	pass	pass	include	no_review_flag
background_review	B03140	sub-68	sub-68	33	background_review	False	2	1	1	0	pass	many_10mad_outliers	review	mad_only_review
background_review	B03141	sub-68	sub-68	33	background_review	False	2	1	1	0	pass	many_10mad_outliers	review	mad_only_review
background_review	B03142	sub-68	sub-68	33	background_review	False	2	1	1	0	pass	many_10mad_outliers	review	mad_only_review
background_review	B03143	sub-68	sub-68	33	background_review	False	2	1	1	0	pass	many_10mad_outliers	review	mad_only_review
background_review	B03144	sub-68	sub-68	33	background_review	False	2	2	0	0	pass	pass	include	no_review_flag
background_review	B03145	sub-68	sub-68	33	background_review	False	2	2	0	0	pass	pass	include	no_review_flag
background_review	B03146	sub-68	sub-68	33	background_review	False	2	2	0	0	pass	pass	include	no_review_flag
background_review	B03147	sub-68	sub-68	33	background_review	False	2	2	0	0	pass	pass	include	no_review_flag
background_review	B03148	sub-68	sub-68	33	background_review	False	2	2	0	0	pass	pass	include	no_review_flag
background_review	B03149	sub-68	sub-68	33	background_review	False	2	0	2	0	pass	many_10mad_outliers	review	mad_only_review
background_review	B03150	sub-68	sub-68	33	background_review	False	2	0	2	0	pass	many_10mad_outliers	review	mad_only_review
background_review	B03151	sub-68	sub-68	33	background_review	False	2	0	2	0	pass	many_10mad_outliers	review	mad_only_review
background_review	B03152	sub-68	sub-68	33	background_review	False	2	0	2	0	pass	many_10mad_outliers	review	mad_only_review
background_review	B03153	sub-68	sub-68	33	background_review	False	2	0	2	0	pass	many_10mad_outliers	review	mad_only_review
background_review	B03154	sub-68	sub-68	33	background_review	False	2	0	2	0	pass	many_10mad_outliers	review	mad_only_review
background_review	B03155	sub-68	sub-68	33	background_review	False	2	1	1	0	pass	many_10mad_outliers	review	mad_only_review
background_review	B03156	sub-68	sub-68	33	background_review	False	2	0	2	0	pass	many_10mad_outliers	review	mad_only_review
background_review	B03157	sub-68	sub-68	33	background_review	False	2	0	2	0	pass	many_10mad_outliers	review	mad_only_review
background_review	B03158	sub-68	sub-68	33	background_review	False	2	0	2	0	pass	many_10mad_outliers	review	mad_only_review
background_review	B03159	sub-68	sub-68	33	background_review	False	2	2	0	0	pass	pass	include	no_review_flag
background_review	B03160	sub-68	sub-68	33	background_review	False	2	2	0	0	pass	pass	include	no_review_flag
background_review	B03161	sub-68	sub-68	33	background_review	False	2	2	0	0	pass	pass	include	no_review_flag
background_review	B03162	sub-68	sub-68	33	background_review	False	2	2	0	0	pass	pass	include	no_review_flag
background_review	B03163	sub-68	sub-68	33	background_review	False	2	0	2	0	pass	many_10mad_outliers	review	mad_only_review
background_review	B03164	sub-68	sub-68	33	background_review	False	2	1	1	0	pass	many_10mad_outliers	review	mad_only_review
background_review	B03165	sub-68	sub-68	33	background_review	False	2	2	0	0	pass	pass	include	no_review_flag
background_review	B03166	sub-68	sub-68	33	background_review	False	2	1	1	0	pass	many_10mad_outliers	review	mad_only_review
background_review	B03167	sub-69	sub-69	34	background_review	False	2	0	2	0	pass	many_10mad_outliers	review	mad_only_review
background_review	B03168	sub-69	sub-69	34	background_review	False	2	0	2	0	pass	many_10mad_outliers	review	mad_only_review
background_review	B03169	sub-69	sub-69	34	background_review	False	2	2	0	0	pass	pass	include	no_review_flag
background_review	B03170	sub-69	sub-69	34	background_review	False	2	0	2	0	pass	many_10mad_outliers	review	mad_only_review
background_review	B03171	sub-69	sub-69	34	background_review	False	2	0	2	0	pass	many_10mad_outliers	review	mad_only_review
background_review	B03172	sub-69	sub-69	34	background_review	False	2	2	0	0	pass	pass	include	no_review_flag
background_review	B03173	sub-69	sub-69	34	background_review	False	2	2	0	0	pass	pass	include	no_review_flag
background_review	B03174	sub-69	sub-69	34	background_review	False	2	2	0	0	pass	pass	include	no_review_flag
background_review	B03175	sub-69	sub-69	34	background_review	False	2	2	0	0	pass	pass	include	no_review_flag
background_review	B03176	sub-69	sub-69	34	background_review	False	2	1	1	0	pass	many_10mad_outliers	review	mad_only_review
background_review	B03177	sub-69	sub-69	34	background_review	False	2	2	0	0	pass	pass	include	no_review_flag
background_review	B03178	sub-69	sub-69	34	background_review	False	2	0	2	0	pass	many_10mad_outliers	review	mad_only_review
background_review	B03179	sub-69	sub-69	34	background_review	False	2	0	2	0	pass	many_10mad_outliers	review	mad_only_review
background_review	B03180	sub-69	sub-69	34	background_review	False	2	1	1	0	pass	high_robust_range;many_10mad_outliers	review	targeted_review
background_review	B03181	sub-69	sub-69	34	background_review	False	2	2	0	0	pass	pass	include	no_review_flag
background_review	B03182	sub-69	sub-69	34	background_review	False	2	2	0	0	pass	pass	include	no_review_flag
background_review	B03183	sub-69	sub-69	34	background_review	False	2	2	0	0	pass	pass	include	no_review_flag
background_review	B03184	sub-69	sub-69	34	background_review	False	2	2	0	0	pass	pass	include	no_review_flag
background_review	B03185	sub-69	sub-69	34	background_review	False	2	0	2	0	pass	many_10mad_outliers	review	mad_only_review
background_review	B03186	sub-69	sub-69	34	background_review	False	2	2	0	0	pass	pass	include	no_review_flag
background_review	B03187	sub-69	sub-69	34	background_review	False	2	2	0	0	pass	pass	include	no_review_flag
background_review	B03188	sub-69	sub-69	34	background_review	False	2	0	2	0	pass	many_10mad_outliers	review	mad_only_review
background_review	B03189	sub-69	sub-69	34	background_review	False	2	0	2	0	pass	many_10mad_outliers	review	mad_only_review
background_review	B03190	sub-69	sub-69	34	background_review	False	2	2	0	0	pass	pass	include	no_review_flag
background_review	B03191	sub-69	sub-69	34	background_review	False	2	0	2	0	pass	many_10mad_outliers	review	mad_only_review
background_review	B03192	sub-69	sub-69	34	background_review	False	2	2	0	0	pass	pass	include	no_review_flag
background_review	B03193	sub-69	sub-69	34	background_review	False	2	2	0	0	pass	pass	include	no_review_flag
background_review	B03194	sub-69	sub-69	34	background_review	False	2	2	0	0	pass	pass	include	no_review_flag
background_review	B03195	sub-69	sub-69	34	background_review	False	2	2	0	0	pass	pass	include	no_review_flag
background_review	B03196	sub-69	sub-69	34	background_review	False	2	2	0	0	pass	pass	include	no_review_flag
background_review	B03197	sub-69	sub-69	34	background_review	False	2	2	0	0	pass	pass	include	no_review_flag
background_review	B03198	sub-69	sub-69	34	background_review	False	2	1	1	0	pass	many_10mad_outliers	review	mad_only_review
background_review	B03199	sub-69	sub-69	34	background_review	False	2	0	2	0	pass	many_10mad_outliers	review	mad_only_review
background_review	B03200	sub-69	sub-69	34	background_review	False	2	0	2	0	pass	many_10mad_outliers	review	mad_only_review
background_review	B03201	sub-69	sub-69	34	background_review	False	2	0	2	0	pass	many_10mad_outliers	review	mad_only_review
background_review	B03202	sub-7	sub-7	5	background_review	False	2	1	1	0	pass	many_10mad_outliers	review	mad_only_review
background_review	B03203	sub-7	sub-7	5	background_review	False	2	2	0	0	pass	pass	include	no_review_flag
background_review	B03204	sub-7	sub-7	5	background_review	False	2	1	1	0	pass	many_10mad_outliers	review	mad_only_review
background_review	B03205	sub-7	sub-7	5	background_review	False	2	1	1	0	pass	many_10mad_outliers	review	mad_only_review
background_review	B03206	sub-7	sub-7	5	background_review	False	2	1	1	0	pass	high_peak_to_peak;high_robust_range;many_abrupt_jumps;repeated_endpoints	review	targeted_review
background_review	B03207	sub-7	sub-7	5	background_review	False	2	1	1	0	pass	many_10mad_outliers	review	mad_only_review
background_review	B03208	sub-7	sub-7	5	background_review	False	2	2	0	0	pass	pass	include	no_review_flag
background_review	B03209	sub-7	sub-7	5	background_review	False	2	1	1	0	pass	many_10mad_outliers	review	mad_only_review
background_review	B03210	sub-7	sub-7	5	background_review	False	2	1	1	0	pass	many_10mad_outliers	review	mad_only_review
background_review	B03211	sub-7	sub-7	5	background_review	False	2	1	1	0	pass	many_10mad_outliers	review	mad_only_review
background_review	B03212	sub-7	sub-7	5	background_review	False	2	2	0	0	pass	pass	include	no_review_flag
background_review	B03213	sub-7	sub-7	5	background_review	False	2	2	0	0	pass	pass	include	no_review_flag
background_review	B03214	sub-7	sub-7	5	background_review	False	2	2	0	0	pass	pass	include	no_review_flag
background_review	B03215	sub-7	sub-7	5	background_review	False	2	2	0	0	pass	pass	include	no_review_flag
background_review	B03216	sub-7	sub-7	5	background_review	False	2	1	1	0	pass	many_10mad_outliers	review	mad_only_review
background_review	B03217	sub-7	sub-7	5	background_review	False	2	0	2	0	pass	high_peak_to_peak;high_robust_range;many_10mad_outliers;many_abrupt_jumps;repeated_endpoints	review	targeted_review
background_review	B03218	sub-7	sub-7	5	background_review	False	2	0	2	0	pass	high_peak_to_peak;high_robust_range;many_10mad_outliers;repeated_endpoints	review	targeted_review
background_review	B03219	sub-7	sub-7	5	background_review	False	2	2	0	0	pass	pass	include	no_review_flag
background_review	B03220	sub-7	sub-7	5	background_review	False	2	2	0	0	pass	pass	include	no_review_flag
background_review	B03221	sub-7	sub-7	5	background_review	False	2	2	0	0	pass	pass	include	no_review_flag
background_review	B03222	sub-7	sub-7	5	background_review	False	2	2	0	0	pass	pass	include	no_review_flag
background_review	B03223	sub-7	sub-7	5	background_review	False	2	1	1	0	pass	many_10mad_outliers	review	mad_only_review
background_review	B03224	sub-7	sub-7	5	background_review	False	2	0	2	0	pass	many_10mad_outliers	review	mad_only_review
background_review	B03225	sub-7	sub-7	5	background_review	False	2	2	0	0	pass	pass	include	no_review_flag
background_review	B03226	sub-7	sub-7	5	background_review	False	2	0	2	0	pass	high_peak_to_peak;high_robust_range;many_10mad_outliers;many_abrupt_jumps;repeated_endpoints	review	targeted_review
background_review	B03227	sub-7	sub-7	5	background_review	False	2	2	0	0	pass	pass	include	no_review_flag
background_review	B03228	sub-7	sub-7	5	background_review	False	2	2	0	0	pass	pass	include	no_review_flag
background_review	B03229	sub-7	sub-7	5	background_review	False	2	1	1	0	pass	many_10mad_outliers	review	mad_only_review
background_review	B03230	sub-7	sub-7	5	background_review	False	2	1	1	0	pass	many_10mad_outliers	review	mad_only_review
background_review	B03231	sub-7	sub-7	5	background_review	False	2	0	2	0	pass	high_peak_to_peak;high_robust_range;many_10mad_outliers;many_abrupt_jumps;repeated_endpoints	review	targeted_review
background_review	B03232	sub-7	sub-7	5	background_review	False	2	0	2	0	pass	many_10mad_outliers	review	mad_only_review
background_review	B03233	sub-7	sub-7	5	background_review	False	2	0	2	0	pass	many_10mad_outliers	review	mad_only_review
background_review	B03234	sub-7	sub-7	5	background_review	False	2	2	0	0	pass	pass	include	no_review_flag
background_review	B03235	sub-7	sub-7	5	background_review	False	2	2	0	0	pass	pass	include	no_review_flag
background_review	B03236	sub-7	sub-7	5	background_review	False	2	2	0	0	pass	pass	include	no_review_flag
background_review	B03237	sub-7	sub-7	5	background_review	False	2	2	0	0	pass	pass	include	no_review_flag
background_review	B03238	sub-7	sub-7	5	background_review	False	2	2	0	0	pass	pass	include	no_review_flag
background_review	B03239	sub-7	sub-7	5	background_review	False	2	2	0	0	pass	pass	include	no_review_flag
background_review	B03240	sub-7	sub-7	5	background_review	False	2	0	2	0	pass	many_10mad_outliers	review	mad_only_review
background_review	B03241	sub-7	sub-7	5	background_review	False	2	0	2	0	pass	many_10mad_outliers	review	mad_only_review
background_review	B03242	sub-70	sub-70	35	background_review	False	2	2	0	0	pass	pass	include	no_review_flag
background_review	B03243	sub-70	sub-70	35	background_review	False	2	2	0	0	pass	pass	include	no_review_flag
background_review	B03244	sub-70	sub-70	35	background_review	False	2	2	0	0	pass	pass	include	no_review_flag
background_review	B03245	sub-70	sub-70	35	background_review	False	2	0	2	0	pass	many_10mad_outliers	review	mad_only_review
background_review	B03246	sub-70	sub-70	35	background_review	False	2	1	1	0	pass	many_10mad_outliers	review	mad_only_review
background_review	B03247	sub-70	sub-70	35	background_review	False	2	2	0	0	pass	pass	include	no_review_flag
background_review	B03248	sub-70	sub-70	35	background_review	False	2	0	2	0	pass	many_10mad_outliers	review	mad_only_review
background_review	B03249	sub-70	sub-70	35	background_review	False	2	1	1	0	pass	many_10mad_outliers	review	mad_only_review
background_review	B03250	sub-70	sub-70	35	background_review	False	2	1	1	0	pass	many_10mad_outliers	review	mad_only_review
background_review	B03251	sub-70	sub-70	35	background_review	False	2	1	1	0	pass	many_10mad_outliers	review	mad_only_review
background_review	B03252	sub-70	sub-70	35	background_review	False	2	0	2	0	pass	many_10mad_outliers	review	mad_only_review
background_review	B03253	sub-70	sub-70	35	background_review	False	2	2	0	0	pass	pass	include	no_review_flag
background_review	B03254	sub-70	sub-70	35	background_review	False	2	1	1	0	pass	many_10mad_outliers	review	mad_only_review
background_review	B03255	sub-70	sub-70	35	background_review	False	2	0	2	0	pass	many_10mad_outliers	review	mad_only_review
background_review	B03256	sub-70	sub-70	35	background_review	False	2	2	0	0	pass	pass	include	no_review_flag
background_review	B03257	sub-70	sub-70	35	background_review	False	2	2	0	0	pass	pass	include	no_review_flag
background_review	B03258	sub-70	sub-70	35	background_review	False	2	0	2	0	pass	many_10mad_outliers	review	mad_only_review
background_review	B03259	sub-70	sub-70	35	background_review	False	2	0	2	0	pass	many_10mad_outliers	review	mad_only_review
background_review	B03260	sub-70	sub-70	35	background_review	False	2	2	0	0	pass	pass	include	no_review_flag
background_review	B03261	sub-70	sub-70	35	background_review	False	2	0	2	0	pass	many_10mad_outliers	review	mad_only_review
background_review	B03262	sub-70	sub-70	35	background_review	False	2	2	0	0	pass	pass	include	no_review_flag
background_review	B03263	sub-70	sub-70	35	background_review	False	2	2	0	0	pass	pass	include	no_review_flag
background_review	B03264	sub-70	sub-70	35	background_review	False	2	2	0	0	pass	pass	include	no_review_flag
background_review	B03265	sub-70	sub-70	35	background_review	False	2	2	0	0	pass	pass	include	no_review_flag
background_review	B03266	sub-70	sub-70	35	background_review	False	2	2	0	0	pass	pass	include	no_review_flag
background_review	B03267	sub-70	sub-70	35	background_review	False	2	0	2	0	pass	many_10mad_outliers	review	mad_only_review
background_review	B03268	sub-70	sub-70	35	background_review	False	2	2	0	0	pass	pass	include	no_review_flag
background_review	B03269	sub-70	sub-70	35	background_review	False	2	2	0	0	pass	pass	include	no_review_flag
background_review	B03270	sub-70	sub-70	35	background_review	False	2	2	0	0	pass	pass	include	no_review_flag
background_review	B03271	sub-71	sub-71	36	background_review	False	2	1	1	0	pass	many_10mad_outliers	review	mad_only_review
background_review	B03272	sub-71	sub-71	36	background_review	False	2	0	2	0	pass	many_10mad_outliers	review	mad_only_review
background_review	B03273	sub-71	sub-71	36	background_review	False	2	1	1	0	pass	many_10mad_outliers	review	mad_only_review
background_review	B03274	sub-71	sub-71	36	background_review	False	2	2	0	0	pass	pass	include	no_review_flag
background_review	B03275	sub-71	sub-71	36	background_review	False	2	0	2	0	pass	many_10mad_outliers	review	mad_only_review
background_review	B03276	sub-71	sub-71	36	background_review	False	2	0	2	0	pass	many_10mad_outliers	review	mad_only_review
background_review	B03277	sub-71	sub-71	36	background_review	False	2	0	2	0	pass	many_10mad_outliers	review	mad_only_review
background_review	B03278	sub-71	sub-71	36	background_review	False	2	2	0	0	pass	pass	include	no_review_flag
background_review	B03279	sub-71	sub-71	36	background_review	False	2	1	1	0	pass	many_10mad_outliers	review	mad_only_review
background_review	B03280	sub-71	sub-71	36	background_review	False	2	1	1	0	pass	many_10mad_outliers	review	mad_only_review
background_review	B03281	sub-71	sub-71	36	background_review	False	2	1	1	0	pass	many_10mad_outliers	review	mad_only_review
background_review	B03282	sub-71	sub-71	36	background_review	False	2	2	0	0	pass	pass	include	no_review_flag
background_review	B03283	sub-71	sub-71	36	background_review	False	2	1	1	0	pass	many_10mad_outliers	review	mad_only_review
background_review	B03284	sub-71	sub-71	36	background_review	False	2	0	2	0	pass	many_10mad_outliers	review	mad_only_review
background_review	B03285	sub-71	sub-71	36	background_review	False	2	0	2	0	pass	many_10mad_outliers	review	mad_only_review
background_review	B03286	sub-71	sub-71	36	background_review	False	2	0	2	0	pass	many_10mad_outliers	review	mad_only_review
background_review	B03287	sub-71	sub-71	36	background_review	False	2	2	0	0	pass	pass	include	no_review_flag
background_review	B03288	sub-71	sub-71	36	background_review	False	2	1	1	0	pass	many_10mad_outliers	review	mad_only_review
background_review	B03289	sub-71	sub-71	36	background_review	False	2	2	0	0	pass	pass	include	no_review_flag
background_review	B03290	sub-71	sub-71	36	background_review	False	2	2	0	0	pass	pass	include	no_review_flag
background_review	B03291	sub-71	sub-71	36	background_review	False	2	0	2	0	pass	many_10mad_outliers	review	mad_only_review
background_review	B03292	sub-71	sub-71	36	background_review	False	2	0	2	0	pass	many_10mad_outliers	review	mad_only_review
background_review	B03293	sub-71	sub-71	36	background_review	False	2	0	2	0	pass	many_10mad_outliers	review	mad_only_review
background_review	B03294	sub-71	sub-71	36	background_review	False	2	0	2	0	pass	many_10mad_outliers	review	mad_only_review
background_review	B03295	sub-71	sub-71	36	background_review	False	2	2	0	0	pass	pass	include	no_review_flag
background_review	B03296	sub-71	sub-71	36	background_review	False	2	2	0	0	pass	pass	include	no_review_flag
background_review	B03297	sub-71	sub-71	36	background_review	False	2	2	0	0	pass	pass	include	no_review_flag
background_review	B03298	sub-71	sub-71	36	background_review	False	2	2	0	0	pass	pass	include	no_review_flag
background_review	B03299	sub-71	sub-71	36	background_review	False	2	1	1	0	pass	many_10mad_outliers	review	mad_only_review
background_review	B03300	sub-71	sub-71	36	background_review	False	2	2	0	0	pass	pass	include	no_review_flag
background_review	B03301	sub-72	sub-72	37	background_review	False	2	2	0	0	pass	pass	include	no_review_flag
background_review	B03302	sub-72	sub-72	37	background_review	False	2	0	2	0	pass	high_peak_to_peak;high_robust_range;many_10mad_outliers	review	targeted_review
background_review	B03303	sub-72	sub-72	37	background_review	False	2	2	0	0	pass	pass	include	no_review_flag
background_review	B03304	sub-72	sub-72	37	background_review	False	2	0	2	0	pass	high_robust_range;many_10mad_outliers	review	targeted_review
background_review	B03305	sub-72	sub-72	37	background_review	False	2	0	2	0	pass	many_10mad_outliers	review	mad_only_review
background_review	B03306	sub-72	sub-72	37	background_review	False	2	0	2	0	pass	high_peak_to_peak;high_robust_range;many_10mad_outliers;many_abrupt_jumps;repeated_endpoints	review	targeted_review
background_review	B03307	sub-72	sub-72	37	background_review	False	2	0	2	0	pass	many_10mad_outliers	review	mad_only_review
background_review	B03308	sub-72	sub-72	37	background_review	False	2	0	2	0	pass	high_peak_to_peak;high_robust_range;many_10mad_outliers	review	targeted_review
background_review	B03309	sub-72	sub-72	37	background_review	False	2	2	0	0	pass	pass	include	no_review_flag
background_review	B03310	sub-72	sub-72	37	background_review	False	2	2	0	0	pass	pass	include	no_review_flag
background_review	B03311	sub-72	sub-72	37	background_review	False	2	2	0	0	pass	pass	include	no_review_flag
background_review	B03312	sub-72	sub-72	37	background_review	False	2	1	1	0	pass	many_10mad_outliers	review	mad_only_review
background_review	B03313	sub-72	sub-72	37	background_review	False	2	0	2	0	pass	high_peak_to_peak;high_robust_range;many_10mad_outliers	review	targeted_review
background_review	B03314	sub-72	sub-72	37	background_review	False	2	0	2	0	pass	high_robust_range;many_10mad_outliers	review	targeted_review
background_review	B03315	sub-72	sub-72	37	background_review	False	2	2	0	0	pass	pass	include	no_review_flag
background_review	B03316	sub-72	sub-72	37	background_review	False	2	2	0	0	pass	pass	include	no_review_flag
background_review	B03317	sub-72	sub-72	37	background_review	False	2	2	0	0	pass	pass	include	no_review_flag
background_review	B03318	sub-72	sub-72	37	background_review	False	2	2	0	0	pass	pass	include	no_review_flag
background_review	B03319	sub-72	sub-72	37	background_review	False	2	2	0	0	pass	pass	include	no_review_flag
background_review	B03320	sub-72	sub-72	37	background_review	False	2	0	2	0	pass	high_peak_to_peak;high_robust_range;many_10mad_outliers	review	targeted_review
background_review	B03321	sub-72	sub-72	37	background_review	False	2	0	2	0	pass	high_peak_to_peak;high_robust_range;many_10mad_outliers;many_abrupt_jumps	review	targeted_review
background_review	B03322	sub-72	sub-72	37	background_review	False	2	0	2	0	pass	high_peak_to_peak;high_robust_range;many_10mad_outliers;many_abrupt_jumps;repeated_endpoints	review	targeted_review
background_review	B03323	sub-72	sub-72	37	background_review	False	2	1	1	0	pass	many_10mad_outliers	review	mad_only_review
background_review	B03324	sub-72	sub-72	37	background_review	False	2	2	0	0	pass	pass	include	no_review_flag
background_review	B03325	sub-72	sub-72	37	background_review	False	2	2	0	0	pass	pass	include	no_review_flag
background_review	B03326	sub-72	sub-72	37	background_review	False	2	2	0	0	pass	pass	include	no_review_flag
background_review	B03327	sub-72	sub-72	37	background_review	False	2	2	0	0	pass	pass	include	no_review_flag
background_review	B03328	sub-72	sub-72	37	background_review	False	2	2	0	0	pass	pass	include	no_review_flag
background_review	B03329	sub-72	sub-72	37	background_review	False	2	0	2	0	pass	many_10mad_outliers	review	mad_only_review
background_review	B03330	sub-72	sub-72	37	background_review	False	2	0	2	0	pass	many_10mad_outliers	review	mad_only_review
background_review	B03331	sub-73	sub-73	38	background_review	False	2	2	0	0	pass	pass	include	no_review_flag
background_review	B03332	sub-73	sub-73	38	background_review	False	2	0	2	0	pass	high_robust_range;many_10mad_outliers	review	targeted_review
background_review	B03333	sub-73	sub-73	38	background_review	False	2	2	0	0	pass	pass	include	no_review_flag
background_review	B03334	sub-73	sub-73	38	background_review	False	2	1	1	0	pass	many_10mad_outliers	review	mad_only_review
background_review	B03335	sub-73	sub-73	38	background_review	False	2	0	2	0	pass	high_robust_range;many_10mad_outliers	review	targeted_review
background_review	B03336	sub-73	sub-73	38	background_review	False	2	2	0	0	pass	pass	include	no_review_flag
background_review	B03337	sub-73	sub-73	38	background_review	False	2	2	0	0	pass	pass	include	no_review_flag
background_review	B03338	sub-73	sub-73	38	background_review	False	2	2	0	0	pass	pass	include	no_review_flag
background_review	B03339	sub-73	sub-73	38	background_review	False	2	2	0	0	pass	pass	include	no_review_flag
background_review	B03340	sub-73	sub-73	38	background_review	False	2	2	0	0	pass	pass	include	no_review_flag
background_review	B03341	sub-73	sub-73	38	background_review	False	2	2	0	0	pass	pass	include	no_review_flag
background_review	B03342	sub-73	sub-73	38	background_review	False	2	2	0	0	pass	pass	include	no_review_flag
background_review	B03343	sub-73	sub-73	38	background_review	False	2	2	0	0	pass	pass	include	no_review_flag
background_review	B03344	sub-73	sub-73	38	background_review	False	2	1	1	0	pass	many_10mad_outliers	review	mad_only_review
background_review	B03345	sub-73	sub-73	38	background_review	False	2	1	1	0	pass	many_10mad_outliers	review	mad_only_review
background_review	B03346	sub-73	sub-73	38	background_review	False	2	2	0	0	pass	pass	include	no_review_flag
background_review	B03347	sub-73	sub-73	38	background_review	False	2	2	0	0	pass	pass	include	no_review_flag
background_review	B03348	sub-73	sub-73	38	background_review	False	2	2	0	0	pass	pass	include	no_review_flag
background_review	B03349	sub-73	sub-73	38	background_review	False	2	2	0	0	pass	pass	include	no_review_flag
background_review	B03350	sub-73	sub-73	38	background_review	False	2	2	0	0	pass	pass	include	no_review_flag
background_review	B03351	sub-73	sub-73	38	background_review	False	2	1	1	0	pass	many_10mad_outliers	review	mad_only_review
background_review	B03352	sub-73	sub-73	38	background_review	False	2	0	2	0	pass	many_10mad_outliers	review	mad_only_review
background_review	B03353	sub-73	sub-73	38	background_review	False	2	0	2	0	pass	many_10mad_outliers	review	mad_only_review
background_review	B03354	sub-73	sub-73	38	background_review	False	2	2	0	0	pass	pass	include	no_review_flag
background_review	B03355	sub-73	sub-73	38	background_review	False	2	2	0	0	pass	pass	include	no_review_flag
background_review	B03356	sub-73	sub-73	38	background_review	False	2	2	0	0	pass	pass	include	no_review_flag
background_review	B03357	sub-73	sub-73	38	background_review	False	2	2	0	0	pass	pass	include	no_review_flag
background_review	B03358	sub-73	sub-73	38	background_review	False	2	2	0	0	pass	pass	include	no_review_flag
background_review	B03359	sub-73	sub-73	38	background_review	False	2	2	0	0	pass	pass	include	no_review_flag
background_review	B03360	sub-73	sub-73	38	background_review	False	2	2	0	0	pass	pass	include	no_review_flag
background_review	B03361	sub-73	sub-73	38	background_review	False	2	2	0	0	pass	pass	include	no_review_flag
background_review	B03362	sub-73	sub-73	38	background_review	False	2	2	0	0	pass	pass	include	no_review_flag
background_review	B03363	sub-73	sub-73	38	background_review	False	2	2	0	0	pass	pass	include	no_review_flag
background_review	B03364	sub-73	sub-73	38	background_review	False	2	2	0	0	pass	pass	include	no_review_flag
background_review	B03365	sub-73	sub-73	38	background_review	False	2	2	0	0	pass	pass	include	no_review_flag
background_review	B03366	sub-73	sub-73	38	background_review	False	2	1	1	0	pass	many_10mad_outliers	review	mad_only_review
background_review	B03367	sub-73	sub-73	38	background_review	False	2	1	1	0	pass	many_10mad_outliers	review	mad_only_review
background_review	B03368	sub-74	sub-74	39	background_review	False	2	2	0	0	pass	pass	include	no_review_flag
background_review	B03369	sub-74	sub-74	39	background_review	False	2	2	0	0	pass	pass	include	no_review_flag
background_review	B03370	sub-74	sub-74	39	background_review	False	2	2	0	0	pass	pass	include	no_review_flag
background_review	B03371	sub-74	sub-74	39	background_review	False	2	2	0	0	pass	pass	include	no_review_flag
background_review	B03372	sub-74	sub-74	39	background_review	False	2	2	0	0	pass	pass	include	no_review_flag
background_review	B03373	sub-74	sub-74	39	background_review	False	2	2	0	0	pass	pass	include	no_review_flag
background_review	B03374	sub-74	sub-74	39	background_review	False	2	2	0	0	pass	pass	include	no_review_flag
background_review	B03375	sub-74	sub-74	39	background_review	False	2	2	0	0	pass	pass	include	no_review_flag
background_review	B03376	sub-74	sub-74	39	background_review	False	2	2	0	0	pass	pass	include	no_review_flag
background_review	B03377	sub-74	sub-74	39	background_review	False	2	2	0	0	pass	pass	include	no_review_flag
background_review	B03378	sub-74	sub-74	39	background_review	False	2	2	0	0	pass	pass	include	no_review_flag
background_review	B03379	sub-74	sub-74	39	background_review	False	2	2	0	0	pass	pass	include	no_review_flag
background_review	B03380	sub-74	sub-74	39	background_review	False	2	2	0	0	pass	pass	include	no_review_flag
background_review	B03381	sub-74	sub-74	39	background_review	False	2	2	0	0	pass	pass	include	no_review_flag
background_review	B03382	sub-74	sub-74	39	background_review	False	2	2	0	0	pass	pass	include	no_review_flag
background_review	B03383	sub-74	sub-74	39	background_review	False	2	2	0	0	pass	pass	include	no_review_flag
background_review	B03384	sub-74	sub-74	39	background_review	False	2	2	0	0	pass	pass	include	no_review_flag
background_review	B03385	sub-74	sub-74	39	background_review	False	2	2	0	0	pass	pass	include	no_review_flag
background_review	B03386	sub-74	sub-74	39	background_review	False	2	2	0	0	pass	pass	include	no_review_flag
background_review	B03387	sub-74	sub-74	39	background_review	False	2	2	0	0	pass	pass	include	no_review_flag
background_review	B03388	sub-74	sub-74	39	background_review	False	2	2	0	0	pass	pass	include	no_review_flag
background_review	B03389	sub-74	sub-74	39	background_review	False	2	2	0	0	pass	pass	include	no_review_flag
background_review	B03390	sub-74	sub-74	39	background_review	False	2	2	0	0	pass	pass	include	no_review_flag
background_review	B03391	sub-74	sub-74	39	background_review	False	2	2	0	0	pass	pass	include	no_review_flag
background_review	B03392	sub-74	sub-74	39	background_review	False	2	2	0	0	pass	pass	include	no_review_flag
background_review	B03393	sub-74	sub-74	39	background_review	False	2	2	0	0	pass	pass	include	no_review_flag
background_review	B03394	sub-74	sub-74	39	background_review	False	2	1	1	0	pass	many_10mad_outliers	review	mad_only_review
background_review	B03395	sub-74	sub-74	39	background_review	False	2	2	0	0	pass	pass	include	no_review_flag
background_review	B03396	sub-74	sub-74	39	background_review	False	2	2	0	0	pass	pass	include	no_review_flag
background_review	B03397	sub-74	sub-74	39	background_review	False	2	2	0	0	pass	pass	include	no_review_flag
background_review	B03398	sub-74	sub-74	39	background_review	False	2	2	0	0	pass	pass	include	no_review_flag
background_review	B03399	sub-74	sub-74	39	background_review	False	2	2	0	0	pass	pass	include	no_review_flag
background_review	B03400	sub-74	sub-74	39	background_review	False	2	2	0	0	pass	pass	include	no_review_flag
background_review	B03401	sub-74	sub-74	39	background_review	False	2	2	0	0	pass	pass	include	no_review_flag
background_review	B03402	sub-74	sub-74	39	background_review	False	2	2	0	0	pass	pass	include	no_review_flag
background_review	B03403	sub-74	sub-74	39	background_review	False	2	0	2	0	pass	many_10mad_outliers	review	mad_only_review
background_review	B03404	sub-74	sub-74	39	background_review	False	2	0	2	0	pass	many_10mad_outliers	review	mad_only_review
background_review	B03405	sub-75	sub-75	40	background_review	False	2	2	0	0	pass	pass	include	no_review_flag
background_review	B03406	sub-75	sub-75	40	background_review	False	2	2	0	0	pass	pass	include	no_review_flag
background_review	B03407	sub-75	sub-75	40	background_review	False	2	2	0	0	pass	pass	include	no_review_flag
background_review	B03408	sub-75	sub-75	40	background_review	False	2	1	1	0	pass	many_10mad_outliers	review	mad_only_review
background_review	B03409	sub-75	sub-75	40	background_review	False	2	0	2	0	pass	many_10mad_outliers	review	mad_only_review
background_review	B03410	sub-75	sub-75	40	background_review	False	2	0	2	0	pass	high_peak_to_peak;high_robust_range;many_10mad_outliers;many_abrupt_jumps	review	targeted_review
background_review	B03411	sub-75	sub-75	40	background_review	False	2	2	0	0	pass	pass	include	no_review_flag
background_review	B03412	sub-75	sub-75	40	background_review	False	2	2	0	0	pass	pass	include	no_review_flag
background_review	B03413	sub-75	sub-75	40	background_review	False	2	2	0	0	pass	pass	include	no_review_flag
background_review	B03414	sub-75	sub-75	40	background_review	False	2	2	0	0	pass	pass	include	no_review_flag
background_review	B03415	sub-75	sub-75	40	background_review	False	2	2	0	0	pass	pass	include	no_review_flag
background_review	B03416	sub-75	sub-75	40	background_review	False	2	1	1	0	pass	many_10mad_outliers	review	mad_only_review
background_review	B03417	sub-75	sub-75	40	background_review	False	2	0	2	0	pass	many_10mad_outliers	review	mad_only_review
background_review	B03418	sub-75	sub-75	40	background_review	False	2	2	0	0	pass	pass	include	no_review_flag
background_review	B03419	sub-75	sub-75	40	background_review	False	2	2	0	0	pass	pass	include	no_review_flag
background_review	B03420	sub-75	sub-75	40	background_review	False	2	2	0	0	pass	pass	include	no_review_flag
background_review	B03421	sub-75	sub-75	40	background_review	False	2	2	0	0	pass	pass	include	no_review_flag
background_review	B03422	sub-75	sub-75	40	background_review	False	2	2	0	0	pass	pass	include	no_review_flag
background_review	B03423	sub-75	sub-75	40	background_review	False	2	0	2	0	pass	many_10mad_outliers	review	mad_only_review
background_review	B03424	sub-75	sub-75	40	background_review	False	2	0	2	0	pass	high_peak_to_peak;high_robust_range;many_10mad_outliers;many_abrupt_jumps;repeated_endpoints	review	targeted_review
background_review	B03425	sub-75	sub-75	40	background_review	False	2	0	2	0	pass	high_peak_to_peak;high_robust_range;many_10mad_outliers;many_abrupt_jumps;repeated_endpoints	review	targeted_review
background_review	B03426	sub-75	sub-75	40	background_review	False	2	0	2	0	pass	many_10mad_outliers	review	mad_only_review
background_review	B03427	sub-75	sub-75	40	background_review	False	2	2	0	0	pass	pass	include	no_review_flag
background_review	B03428	sub-75	sub-75	40	background_review	False	2	2	0	0	pass	pass	include	no_review_flag
background_review	B03429	sub-75	sub-75	40	background_review	False	2	2	0	0	pass	pass	include	no_review_flag
background_review	B03430	sub-75	sub-75	40	background_review	False	2	2	0	0	pass	pass	include	no_review_flag
background_review	B03431	sub-75	sub-75	40	background_review	False	2	1	1	0	pass	many_10mad_outliers	review	mad_only_review
background_review	B03432	sub-75	sub-75	40	background_review	False	2	2	0	0	pass	pass	include	no_review_flag
background_review	B03433	sub-75	sub-75	40	background_review	False	2	2	0	0	pass	pass	include	no_review_flag
background_review	B03434	sub-76	sub-76	41	background_review	False	2	2	0	0	pass	pass	include	no_review_flag
background_review	B03435	sub-76	sub-76	41	background_review	False	2	2	0	0	pass	pass	include	no_review_flag
background_review	B03436	sub-76	sub-76	41	background_review	False	2	2	0	0	pass	pass	include	no_review_flag
background_review	B03437	sub-76	sub-76	41	background_review	False	2	2	0	0	pass	pass	include	no_review_flag
background_review	B03438	sub-76	sub-76	41	background_review	False	2	1	1	0	pass	high_peak_to_peak;high_robust_range;many_abrupt_jumps	review	targeted_review
background_review	B03439	sub-76	sub-76	41	background_review	False	2	1	1	0	pass	high_peak_to_peak;high_robust_range;many_abrupt_jumps	review	targeted_review
background_review	B03440	sub-76	sub-76	41	background_review	False	2	2	0	0	pass	pass	include	no_review_flag
background_review	B03441	sub-76	sub-76	41	background_review	False	2	2	0	0	pass	pass	include	no_review_flag
background_review	B03442	sub-76	sub-76	41	background_review	False	2	2	0	0	pass	pass	include	no_review_flag
background_review	B03443	sub-76	sub-76	41	background_review	False	2	2	0	0	pass	pass	include	no_review_flag
background_review	B03444	sub-76	sub-76	41	background_review	False	2	2	0	0	pass	pass	include	no_review_flag
background_review	B03445	sub-76	sub-76	41	background_review	False	2	2	0	0	pass	pass	include	no_review_flag
background_review	B03446	sub-76	sub-76	41	background_review	False	2	1	1	0	pass	many_10mad_outliers	review	mad_only_review
background_review	B03447	sub-76	sub-76	41	background_review	False	2	2	0	0	pass	pass	include	no_review_flag
background_review	B03448	sub-76	sub-76	41	background_review	False	2	2	0	0	pass	pass	include	no_review_flag
background_review	B03449	sub-76	sub-76	41	background_review	False	2	2	0	0	pass	pass	include	no_review_flag
background_review	B03450	sub-76	sub-76	41	background_review	False	2	2	0	0	pass	pass	include	no_review_flag
background_review	B03451	sub-76	sub-76	41	background_review	False	2	2	0	0	pass	pass	include	no_review_flag
background_review	B03452	sub-76	sub-76	41	background_review	False	2	2	0	0	pass	pass	include	no_review_flag
background_review	B03453	sub-76	sub-76	41	background_review	False	2	2	0	0	pass	pass	include	no_review_flag
background_review	B03454	sub-76	sub-76	41	background_review	False	2	2	0	0	pass	pass	include	no_review_flag
background_review	B03455	sub-76	sub-76	41	background_review	False	2	2	0	0	pass	pass	include	no_review_flag
background_review	B03456	sub-76	sub-76	41	background_review	False	2	2	0	0	pass	pass	include	no_review_flag
background_review	B03457	sub-76	sub-76	41	background_review	False	2	2	0	0	pass	pass	include	no_review_flag
background_review	B03458	sub-76	sub-76	41	background_review	False	2	2	0	0	pass	pass	include	no_review_flag
background_review	B03459	sub-76	sub-76	41	background_review	False	2	2	0	0	pass	pass	include	no_review_flag
background_review	B03460	sub-76	sub-76	41	background_review	False	2	2	0	0	pass	pass	include	no_review_flag
background_review	B03461	sub-76	sub-76	41	background_review	False	2	2	0	0	pass	pass	include	no_review_flag
background_review	B03462	sub-76	sub-76	41	background_review	False	2	2	0	0	pass	pass	include	no_review_flag
background_review	B03463	sub-76	sub-76	41	background_review	False	2	2	0	0	pass	pass	include	no_review_flag
background_review	B03464	sub-76	sub-76	41	background_review	False	2	2	0	0	pass	pass	include	no_review_flag
background_review	B03465	sub-76	sub-76	41	background_review	False	2	2	0	0	pass	pass	include	no_review_flag
background_review	B03466	sub-76	sub-76	41	background_review	False	2	2	0	0	pass	pass	include	no_review_flag
background_review	B03467	sub-76	sub-76	41	background_review	False	2	2	0	0	pass	pass	include	no_review_flag
background_review	B03468	sub-76	sub-76	41	background_review	False	2	0	2	0	pass	many_10mad_outliers	review	mad_only_review
background_review	B03469	sub-76	sub-76	41	background_review	False	2	1	1	0	pass	many_10mad_outliers	review	mad_only_review
background_review	B03470	sub-77	sub-77	42	background_review	False	2	0	2	0	pass	high_robust_range;many_10mad_outliers	review	targeted_review
background_review	B03471	sub-77	sub-77	42	background_review	False	2	0	2	0	pass	many_10mad_outliers	review	mad_only_review
background_review	B03472	sub-77	sub-77	42	background_review	False	2	2	0	0	pass	pass	include	no_review_flag
background_review	B03473	sub-77	sub-77	42	background_review	False	2	2	0	0	pass	pass	include	no_review_flag
background_review	B03474	sub-77	sub-77	42	background_review	False	2	0	2	0	pass	many_10mad_outliers	review	mad_only_review
background_review	B03475	sub-77	sub-77	42	background_review	False	2	0	2	0	pass	high_peak_to_peak;high_robust_range;many_10mad_outliers;many_abrupt_jumps	review	targeted_review
background_review	B03476	sub-77	sub-77	42	background_review	False	2	0	2	0	pass	high_robust_range;many_10mad_outliers	review	targeted_review
background_review	B03477	sub-77	sub-77	42	background_review	False	2	0	2	0	pass	high_robust_range;many_10mad_outliers	review	targeted_review
background_review	B03478	sub-77	sub-77	42	background_review	False	2	2	0	0	pass	pass	include	no_review_flag
background_review	B03479	sub-77	sub-77	42	background_review	False	2	2	0	0	pass	pass	include	no_review_flag
background_review	B03480	sub-77	sub-77	42	background_review	False	2	2	0	0	pass	pass	include	no_review_flag
background_review	B03481	sub-77	sub-77	42	background_review	False	2	2	0	0	pass	pass	include	no_review_flag
background_review	B03482	sub-77	sub-77	42	background_review	False	2	2	0	0	pass	pass	include	no_review_flag
background_review	B03483	sub-77	sub-77	42	background_review	False	2	2	0	0	pass	pass	include	no_review_flag
background_review	B03484	sub-77	sub-77	42	background_review	False	2	2	0	0	pass	pass	include	no_review_flag
background_review	B03485	sub-77	sub-77	42	background_review	False	2	1	1	0	pass	many_10mad_outliers	review	mad_only_review
background_review	B03486	sub-77	sub-77	42	background_review	False	2	2	0	0	pass	pass	include	no_review_flag
background_review	B03487	sub-77	sub-77	42	background_review	False	2	2	0	0	pass	pass	include	no_review_flag
background_review	B03488	sub-77	sub-77	42	background_review	False	2	1	1	0	pass	high_peak_to_peak;high_robust_range;many_abrupt_jumps	review	targeted_review
background_review	B03489	sub-77	sub-77	42	background_review	False	2	1	1	0	pass	high_peak_to_peak;high_robust_range;many_abrupt_jumps	review	targeted_review
background_review	B03490	sub-77	sub-77	42	background_review	False	2	0	2	0	pass	many_10mad_outliers	review	mad_only_review
background_review	B03491	sub-77	sub-77	42	background_review	False	2	2	0	0	pass	pass	include	no_review_flag
background_review	B03492	sub-77	sub-77	42	background_review	False	2	2	0	0	pass	pass	include	no_review_flag
background_review	B03493	sub-77	sub-77	42	background_review	False	2	2	0	0	pass	pass	include	no_review_flag
background_review	B03494	sub-77	sub-77	42	background_review	False	2	2	0	0	pass	pass	include	no_review_flag
background_review	B03495	sub-77	sub-77	42	background_review	False	2	0	2	0	pass	high_robust_range;many_10mad_outliers	review	targeted_review
background_review	B03496	sub-77	sub-77	42	background_review	False	2	0	2	0	pass	many_10mad_outliers	review	mad_only_review
background_review	B03497	sub-77	sub-77	42	background_review	False	2	0	2	0	pass	many_10mad_outliers	review	mad_only_review
background_review	B03498	sub-77	sub-77	42	background_review	False	2	0	2	0	pass	many_10mad_outliers	review	mad_only_review
background_review	B03499	sub-77	sub-77	42	background_review	False	2	2	0	0	pass	pass	include	no_review_flag
background_review	B03500	sub-77	sub-77	42	background_review	False	2	2	0	0	pass	pass	include	no_review_flag
background_review	B03501	sub-77	sub-77	42	background_review	False	2	1	1	0	pass	high_peak_to_peak;high_robust_range;many_abrupt_jumps	review	targeted_review
background_review	B03502	sub-77	sub-77	42	background_review	False	2	1	1	0	pass	high_peak_to_peak;high_robust_range;many_abrupt_jumps	review	targeted_review
background_review	B03503	sub-77	sub-77	42	background_review	False	2	0	2	0	pass	many_10mad_outliers	review	mad_only_review
background_review	B03504	sub-77	sub-77	42	background_review	False	2	0	2	0	pass	many_10mad_outliers	review	mad_only_review
background_review	B03505	sub-77	sub-77	42	background_review	False	2	0	2	0	pass	high_peak_to_peak;high_robust_range;many_10mad_outliers	review	targeted_review
background_review	B03506	sub-77	sub-77	42	background_review	False	2	0	2	0	pass	high_peak_to_peak;high_robust_range;many_10mad_outliers	review	targeted_review
background_review	B03507	sub-78	sub-78	43	background_review	False	2	2	0	0	pass	pass	include	no_review_flag
background_review	B03508	sub-78	sub-78	43	background_review	False	2	2	0	0	pass	pass	include	no_review_flag
background_review	B03509	sub-78	sub-78	43	background_review	False	2	2	0	0	pass	pass	include	no_review_flag
background_review	B03510	sub-78	sub-78	43	background_review	False	2	0	2	0	pass	high_peak_to_peak;high_robust_range;many_10mad_outliers;repeated_endpoints	review	targeted_review
background_review	B03511	sub-78	sub-78	43	background_review	False	2	2	0	0	pass	pass	include	no_review_flag
background_review	B03512	sub-78	sub-78	43	background_review	False	2	0	2	0	pass	high_robust_range;many_10mad_outliers	review	targeted_review
background_review	B03513	sub-78	sub-78	43	background_review	False	2	2	0	0	pass	pass	include	no_review_flag
background_review	B03514	sub-78	sub-78	43	background_review	False	2	2	0	0	pass	pass	include	no_review_flag
background_review	B03515	sub-78	sub-78	43	background_review	False	2	1	1	0	pass	many_10mad_outliers	review	mad_only_review
background_review	B03516	sub-78	sub-78	43	background_review	False	2	1	1	0	pass	many_10mad_outliers	review	mad_only_review
background_review	B03517	sub-78	sub-78	43	background_review	False	2	1	1	0	pass	many_10mad_outliers	review	mad_only_review
background_review	B03518	sub-78	sub-78	43	background_review	False	2	1	1	0	pass	many_10mad_outliers	review	mad_only_review
background_review	B03519	sub-78	sub-78	43	background_review	False	2	2	0	0	pass	pass	include	no_review_flag
background_review	B03520	sub-78	sub-78	43	background_review	False	2	2	0	0	pass	pass	include	no_review_flag
background_review	B03521	sub-78	sub-78	43	background_review	False	2	2	0	0	pass	pass	include	no_review_flag
background_review	B03522	sub-78	sub-78	43	background_review	False	2	1	1	0	pass	many_10mad_outliers	review	mad_only_review
background_review	B03523	sub-78	sub-78	43	background_review	False	2	0	2	0	pass	high_peak_to_peak;high_robust_range;many_10mad_outliers;repeated_endpoints	review	targeted_review
background_review	B03524	sub-78	sub-78	43	background_review	False	2	1	1	0	pass	many_10mad_outliers	review	mad_only_review
background_review	B03525	sub-78	sub-78	43	background_review	False	2	1	1	0	pass	many_10mad_outliers	review	mad_only_review
background_review	B03526	sub-78	sub-78	43	background_review	False	2	0	2	0	pass	high_peak_to_peak;high_robust_range;many_10mad_outliers;repeated_endpoints	review	targeted_review
background_review	B03527	sub-78	sub-78	43	background_review	False	2	2	0	0	pass	pass	include	no_review_flag
background_review	B03528	sub-78	sub-78	43	background_review	False	2	1	1	0	pass	many_10mad_outliers	review	mad_only_review
background_review	B03529	sub-78	sub-78	43	background_review	False	2	2	0	0	pass	pass	include	no_review_flag
background_review	B03530	sub-78	sub-78	43	background_review	False	2	2	0	0	pass	pass	include	no_review_flag
background_review	B03531	sub-78	sub-78	43	background_review	False	2	2	0	0	pass	pass	include	no_review_flag
background_review	B03532	sub-78	sub-78	43	background_review	False	2	2	0	0	pass	pass	include	no_review_flag
background_review	B03533	sub-78	sub-78	43	background_review	False	2	2	0	0	pass	pass	include	no_review_flag
background_review	B03534	sub-78	sub-78	43	background_review	False	2	2	0	0	pass	pass	include	no_review_flag
background_review	B03535	sub-78	sub-78	43	background_review	False	2	0	2	0	pass	many_10mad_outliers	review	mad_only_review
background_review	B03536	sub-78	sub-78	43	background_review	False	2	0	2	0	pass	many_10mad_outliers	review	mad_only_review
background_review	B03537	sub-78	sub-78	43	background_review	False	2	2	0	0	pass	pass	include	no_review_flag
background_review	B03538	sub-78	sub-78	43	background_review	False	2	2	0	0	pass	pass	include	no_review_flag
background_review	B03539	sub-78	sub-78	43	background_review	False	2	1	1	0	pass	many_10mad_outliers	review	mad_only_review
background_review	B03540	sub-78	sub-78	43	background_review	False	2	1	1	0	pass	many_10mad_outliers	review	mad_only_review
background_review	B03541	sub-78	sub-78	43	background_review	False	2	2	0	0	pass	pass	include	no_review_flag
background_review	B03542	sub-78	sub-78	43	background_review	False	2	2	0	0	pass	pass	include	no_review_flag
background_review	B03543	sub-78	sub-78	43	background_review	False	2	2	0	0	pass	pass	include	no_review_flag
background_review	B03544	sub-78	sub-78	43	background_review	False	2	2	0	0	pass	pass	include	no_review_flag
background_review	B03545	sub-78	sub-78	43	background_review	False	2	1	1	0	pass	high_peak_to_peak;high_robust_range;many_10mad_outliers	review	targeted_review
background_review	B03546	sub-78	sub-78	43	background_review	False	2	1	1	0	pass	high_robust_range;many_10mad_outliers	review	targeted_review
background_review	B03547	sub-79	sub-79	44	background_review	False	2	0	2	0	pass	many_10mad_outliers	review	mad_only_review
background_review	B03548	sub-79	sub-79	44	background_review	False	2	0	2	0	pass	many_10mad_outliers	review	mad_only_review
background_review	B03549	sub-79	sub-79	44	background_review	False	2	1	1	0	pass	many_10mad_outliers	review	mad_only_review
background_review	B03550	sub-79	sub-79	44	background_review	False	2	2	0	0	pass	pass	include	no_review_flag
background_review	B03551	sub-79	sub-79	44	background_review	False	2	2	0	0	pass	pass	include	no_review_flag
background_review	B03552	sub-79	sub-79	44	background_review	False	2	1	1	0	pass	many_10mad_outliers	review	mad_only_review
background_review	B03553	sub-79	sub-79	44	background_review	False	2	2	0	0	pass	pass	include	no_review_flag
background_review	B03554	sub-79	sub-79	44	background_review	False	2	1	1	0	pass	many_10mad_outliers	review	mad_only_review
background_review	B03555	sub-79	sub-79	44	background_review	False	2	0	2	0	pass	many_10mad_outliers	review	mad_only_review
background_review	B03556	sub-79	sub-79	44	background_review	False	2	1	1	0	pass	many_10mad_outliers	review	mad_only_review
background_review	B03557	sub-79	sub-79	44	background_review	False	2	2	0	0	pass	pass	include	no_review_flag
background_review	B03558	sub-79	sub-79	44	background_review	False	2	2	0	0	pass	pass	include	no_review_flag
background_review	B03559	sub-79	sub-79	44	background_review	False	2	2	0	0	pass	pass	include	no_review_flag
background_review	B03560	sub-79	sub-79	44	background_review	False	2	1	1	0	pass	many_10mad_outliers	review	mad_only_review
background_review	B03561	sub-79	sub-79	44	background_review	False	2	0	2	0	pass	many_10mad_outliers	review	mad_only_review
background_review	B03562	sub-79	sub-79	44	background_review	False	2	2	0	0	pass	pass	include	no_review_flag
background_review	B03563	sub-79	sub-79	44	background_review	False	2	2	0	0	pass	pass	include	no_review_flag
background_review	B03564	sub-79	sub-79	44	background_review	False	2	0	2	0	pass	many_10mad_outliers	review	mad_only_review
background_review	B03565	sub-79	sub-79	44	background_review	False	2	2	0	0	pass	pass	include	no_review_flag
background_review	B03566	sub-79	sub-79	44	background_review	False	2	1	1	0	pass	many_10mad_outliers	review	mad_only_review
background_review	B03567	sub-79	sub-79	44	background_review	False	2	2	0	0	pass	pass	include	no_review_flag
background_review	B03568	sub-79	sub-79	44	background_review	False	2	2	0	0	pass	pass	include	no_review_flag
background_review	B03569	sub-79	sub-79	44	background_review	False	2	2	0	0	pass	pass	include	no_review_flag
background_review	B03570	sub-79	sub-79	44	background_review	False	2	2	0	0	pass	pass	include	no_review_flag
background_review	B03571	sub-79	sub-79	44	background_review	False	2	2	0	0	pass	pass	include	no_review_flag
background_review	B03572	sub-79	sub-79	44	background_review	False	2	2	0	0	pass	pass	include	no_review_flag
background_review	B03573	sub-79	sub-79	44	background_review	False	2	2	0	0	pass	pass	include	no_review_flag
background_review	B03574	sub-79	sub-79	44	background_review	False	2	2	0	0	pass	pass	include	no_review_flag
background_review	B03575	sub-79	sub-79	44	background_review	False	2	1	1	0	pass	many_10mad_outliers	review	mad_only_review
background_review	B03576	sub-79	sub-79	44	background_review	False	2	0	2	0	pass	many_10mad_outliers	review	mad_only_review
background_review	B03577	sub-79	sub-79	44	background_review	False	2	1	1	0	pass	many_10mad_outliers	review	mad_only_review
background_review	B03578	sub-79	sub-79	44	background_review	False	2	0	2	0	pass	many_10mad_outliers	review	mad_only_review
background_review	B03579	sub-8	sub-8	6	background_review	False	2	2	0	0	pass	pass	include	no_review_flag
background_review	B03580	sub-8	sub-8	6	background_review	False	2	2	0	0	pass	pass	include	no_review_flag
background_review	B03581	sub-8	sub-8	6	background_review	False	2	2	0	0	pass	pass	include	no_review_flag
background_review	B03582	sub-8	sub-8	6	background_review	False	2	2	0	0	pass	pass	include	no_review_flag
background_review	B03583	sub-8	sub-8	6	background_review	False	2	2	0	0	pass	pass	include	no_review_flag
background_review	B03584	sub-8	sub-8	6	background_review	False	2	2	0	0	pass	pass	include	no_review_flag
background_review	B03585	sub-8	sub-8	6	background_review	False	2	2	0	0	pass	pass	include	no_review_flag
background_review	B03586	sub-8	sub-8	6	background_review	False	2	2	0	0	pass	pass	include	no_review_flag
background_review	B03587	sub-8	sub-8	6	background_review	False	2	2	0	0	pass	pass	include	no_review_flag
background_review	B03588	sub-8	sub-8	6	background_review	False	2	2	0	0	pass	pass	include	no_review_flag
background_review	B03589	sub-8	sub-8	6	background_review	False	2	0	2	0	pass	many_10mad_outliers	review	mad_only_review
background_review	B03590	sub-8	sub-8	6	background_review	False	2	2	0	0	pass	pass	include	no_review_flag
background_review	B03591	sub-8	sub-8	6	background_review	False	2	2	0	0	pass	pass	include	no_review_flag
background_review	B03592	sub-8	sub-8	6	background_review	False	2	2	0	0	pass	pass	include	no_review_flag
background_review	B03593	sub-8	sub-8	6	background_review	False	2	2	0	0	pass	pass	include	no_review_flag
background_review	B03594	sub-8	sub-8	6	background_review	False	2	2	0	0	pass	pass	include	no_review_flag
background_review	B03595	sub-8	sub-8	6	background_review	False	2	0	2	0	pass	many_10mad_outliers	review	mad_only_review
background_review	B03596	sub-8	sub-8	6	background_review	False	2	2	0	0	pass	pass	include	no_review_flag
background_review	B03597	sub-8	sub-8	6	background_review	False	2	2	0	0	pass	pass	include	no_review_flag
background_review	B03598	sub-8	sub-8	6	background_review	False	2	2	0	0	pass	pass	include	no_review_flag
background_review	B03599	sub-8	sub-8	6	background_review	False	2	2	0	0	pass	pass	include	no_review_flag
background_review	B03600	sub-8	sub-8	6	background_review	False	2	2	0	0	pass	pass	include	no_review_flag
background_review	B03601	sub-8	sub-8	6	background_review	False	2	2	0	0	pass	pass	include	no_review_flag
background_review	B03602	sub-8	sub-8	6	background_review	False	2	2	0	0	pass	pass	include	no_review_flag
background_review	B03603	sub-8	sub-8	6	background_review	False	2	2	0	0	pass	pass	include	no_review_flag
background_review	B03604	sub-8	sub-8	6	background_review	False	2	2	0	0	pass	pass	include	no_review_flag
background_review	B03605	sub-8	sub-8	6	background_review	False	2	2	0	0	pass	pass	include	no_review_flag
background_review	B03606	sub-8	sub-8	6	background_review	False	2	2	0	0	pass	pass	include	no_review_flag
background_review	B03607	sub-8	sub-8	6	background_review	False	2	2	0	0	pass	pass	include	no_review_flag
background_review	B03608	sub-8	sub-8	6	background_review	False	2	2	0	0	pass	pass	include	no_review_flag
background_review	B03609	sub-8	sub-8	6	background_review	False	2	2	0	0	pass	pass	include	no_review_flag
background_review	B03610	sub-8	sub-8	6	background_review	False	2	0	2	0	pass	many_10mad_outliers	review	mad_only_review
background_review	B03611	sub-80	sub-80	45	background_review	False	2	2	0	0	pass	pass	include	no_review_flag
background_review	B03612	sub-80	sub-80	45	background_review	False	2	2	0	0	pass	pass	include	no_review_flag
background_review	B03613	sub-80	sub-80	45	background_review	False	2	2	0	0	pass	pass	include	no_review_flag
background_review	B03614	sub-80	sub-80	45	background_review	False	2	2	0	0	pass	pass	include	no_review_flag
background_review	B03615	sub-80	sub-80	45	background_review	False	2	0	2	0	pass	many_10mad_outliers	review	mad_only_review
background_review	B03616	sub-80	sub-80	45	background_review	False	2	1	1	0	pass	many_10mad_outliers	review	mad_only_review
background_review	B03617	sub-80	sub-80	45	background_review	False	2	1	1	0	pass	many_10mad_outliers	review	mad_only_review
background_review	B03618	sub-80	sub-80	45	background_review	False	2	2	0	0	pass	pass	include	no_review_flag
background_review	B03619	sub-80	sub-80	45	background_review	False	2	2	0	0	pass	pass	include	no_review_flag
background_review	B03620	sub-80	sub-80	45	background_review	False	2	2	0	0	pass	pass	include	no_review_flag
background_review	B03621	sub-80	sub-80	45	background_review	False	2	2	0	0	pass	pass	include	no_review_flag
background_review	B03622	sub-80	sub-80	45	background_review	False	2	2	0	0	pass	pass	include	no_review_flag
background_review	B03623	sub-80	sub-80	45	background_review	False	2	2	0	0	pass	pass	include	no_review_flag
background_review	B03624	sub-80	sub-80	45	background_review	False	2	2	0	0	pass	pass	include	no_review_flag
background_review	B03625	sub-80	sub-80	45	background_review	False	2	2	0	0	pass	pass	include	no_review_flag
background_review	B03626	sub-80	sub-80	45	background_review	False	2	2	0	0	pass	pass	include	no_review_flag
background_review	B03627	sub-80	sub-80	45	background_review	False	2	2	0	0	pass	pass	include	no_review_flag
background_review	B03628	sub-80	sub-80	45	background_review	False	2	2	0	0	pass	pass	include	no_review_flag
background_review	B03629	sub-80	sub-80	45	background_review	False	2	2	0	0	pass	pass	include	no_review_flag
background_review	B03630	sub-80	sub-80	45	background_review	False	2	2	0	0	pass	pass	include	no_review_flag
background_review	B03631	sub-80	sub-80	45	background_review	False	2	2	0	0	pass	pass	include	no_review_flag
background_review	B03632	sub-80	sub-80	45	background_review	False	2	2	0	0	pass	pass	include	no_review_flag
background_review	B03633	sub-80	sub-80	45	background_review	False	2	2	0	0	pass	pass	include	no_review_flag
background_review	B03634	sub-80	sub-80	45	background_review	False	2	1	1	0	pass	many_10mad_outliers	review	mad_only_review
background_review	B03635	sub-80	sub-80	45	background_review	False	2	2	0	0	pass	pass	include	no_review_flag
background_review	B03636	sub-80	sub-80	45	background_review	False	2	2	0	0	pass	pass	include	no_review_flag
background_review	B03637	sub-80	sub-80	45	background_review	False	2	2	0	0	pass	pass	include	no_review_flag
background_review	B03638	sub-80	sub-80	45	background_review	False	2	2	0	0	pass	pass	include	no_review_flag
background_review	B03639	sub-80	sub-80	45	background_review	False	2	2	0	0	pass	pass	include	no_review_flag
background_review	B03640	sub-80	sub-80	45	background_review	False	2	2	0	0	pass	pass	include	no_review_flag
background_review	B03641	sub-80	sub-80	45	background_review	False	2	2	0	0	pass	pass	include	no_review_flag
background_review	B03642	sub-80	sub-80	45	background_review	False	2	2	0	0	pass	pass	include	no_review_flag
background_review	B03643	sub-80	sub-80	45	background_review	False	2	2	0	0	pass	pass	include	no_review_flag
background_review	B03644	sub-80	sub-80	45	background_review	False	2	2	0	0	pass	pass	include	no_review_flag
background_review	B03645	sub-80	sub-80	45	background_review	False	2	2	0	0	pass	pass	include	no_review_flag
background_review	B03646	sub-80	sub-80	45	background_review	False	2	2	0	0	pass	pass	include	no_review_flag
background_review	B03647	sub-80	sub-80	45	background_review	False	2	2	0	0	pass	pass	include	no_review_flag
background_review	B03648	sub-81	sub-81	46	background_review	False	2	2	0	0	pass	pass	include	no_review_flag
background_review	B03649	sub-81	sub-81	46	background_review	False	2	2	0	0	pass	pass	include	no_review_flag
background_review	B03650	sub-81	sub-81	46	background_review	False	2	2	0	0	pass	pass	include	no_review_flag
background_review	B03651	sub-81	sub-81	46	background_review	False	2	0	2	0	pass	many_10mad_outliers	review	mad_only_review
background_review	B03652	sub-81	sub-81	46	background_review	False	2	0	2	0	pass	many_10mad_outliers	review	mad_only_review
background_review	B03653	sub-81	sub-81	46	background_review	False	2	0	2	0	pass	many_10mad_outliers	review	mad_only_review
background_review	B03654	sub-81	sub-81	46	background_review	False	2	1	1	0	pass	many_10mad_outliers	review	mad_only_review
background_review	B03655	sub-81	sub-81	46	background_review	False	2	0	2	0	pass	many_10mad_outliers	review	mad_only_review
background_review	B03656	sub-81	sub-81	46	background_review	False	2	2	0	0	pass	pass	include	no_review_flag
background_review	B03657	sub-81	sub-81	46	background_review	False	2	2	0	0	pass	pass	include	no_review_flag
background_review	B03658	sub-81	sub-81	46	background_review	False	2	2	0	0	pass	pass	include	no_review_flag
background_review	B03659	sub-81	sub-81	46	background_review	False	2	1	1	0	pass	many_10mad_outliers	review	mad_only_review
background_review	B03660	sub-81	sub-81	46	background_review	False	2	0	2	0	pass	many_10mad_outliers	review	mad_only_review
background_review	B03661	sub-81	sub-81	46	background_review	False	2	2	0	0	pass	pass	include	no_review_flag
background_review	B03662	sub-81	sub-81	46	background_review	False	2	0	2	0	pass	many_10mad_outliers	review	mad_only_review
background_review	B03663	sub-81	sub-81	46	background_review	False	2	2	0	0	pass	pass	include	no_review_flag
background_review	B03664	sub-81	sub-81	46	background_review	False	2	2	0	0	pass	pass	include	no_review_flag
background_review	B03665	sub-81	sub-81	46	background_review	False	2	2	0	0	pass	pass	include	no_review_flag
background_review	B03666	sub-81	sub-81	46	background_review	False	2	2	0	0	pass	pass	include	no_review_flag
background_review	B03667	sub-81	sub-81	46	background_review	False	2	2	0	0	pass	pass	include	no_review_flag
background_review	B03668	sub-81	sub-81	46	background_review	False	2	2	0	0	pass	pass	include	no_review_flag
background_review	B03669	sub-81	sub-81	46	background_review	False	2	2	0	0	pass	pass	include	no_review_flag
background_review	B03670	sub-81	sub-81	46	background_review	False	2	1	1	0	pass	many_10mad_outliers	review	mad_only_review
background_review	B03671	sub-81	sub-81	46	background_review	False	2	1	1	0	pass	many_10mad_outliers	review	mad_only_review
background_review	B03672	sub-81	sub-81	46	background_review	False	2	2	0	0	pass	pass	include	no_review_flag
background_review	B03673	sub-81	sub-81	46	background_review	False	2	2	0	0	pass	pass	include	no_review_flag
background_review	B03674	sub-81	sub-81	46	background_review	False	2	2	0	0	pass	pass	include	no_review_flag
background_review	B03675	sub-81	sub-81	46	background_review	False	2	2	0	0	pass	pass	include	no_review_flag
background_review	B03676	sub-81	sub-81	46	background_review	False	2	1	1	0	pass	many_10mad_outliers	review	mad_only_review
background_review	B03677	sub-81	sub-81	46	background_review	False	2	0	2	0	pass	many_10mad_outliers	review	mad_only_review
background_review	B03678	sub-82	sub-82	48	background_review	False	2	2	0	0	pass	pass	include	no_review_flag
background_review	B03679	sub-82	sub-82	48	background_review	False	2	0	2	0	pass	high_robust_range;many_10mad_outliers	review	targeted_review
background_review	B03680	sub-82	sub-82	48	background_review	False	2	2	0	0	pass	pass	include	no_review_flag
background_review	B03681	sub-82	sub-82	48	background_review	False	2	1	1	0	pass	many_10mad_outliers	review	mad_only_review
background_review	B03682	sub-82	sub-82	48	background_review	False	2	2	0	0	pass	pass	include	no_review_flag
background_review	B03683	sub-82	sub-82	48	background_review	False	2	2	0	0	pass	pass	include	no_review_flag
background_review	B03684	sub-82	sub-82	48	background_review	False	2	2	0	0	pass	pass	include	no_review_flag
background_review	B03685	sub-82	sub-82	48	background_review	False	2	2	0	0	pass	pass	include	no_review_flag
background_review	B03686	sub-82	sub-82	48	background_review	False	2	2	0	0	pass	pass	include	no_review_flag
background_review	B03687	sub-82	sub-82	48	background_review	False	2	2	0	0	pass	pass	include	no_review_flag
background_review	B03688	sub-82	sub-82	48	background_review	False	2	2	0	0	pass	pass	include	no_review_flag
background_review	B03689	sub-82	sub-82	48	background_review	False	2	1	1	0	pass	high_robust_range;many_abrupt_jumps	review	targeted_review
background_review	B03690	sub-82	sub-82	48	background_review	False	2	0	2	0	pass	high_robust_range;many_10mad_outliers	review	targeted_review
background_review	B03691	sub-82	sub-82	48	background_review	False	2	1	1	0	pass	many_10mad_outliers	review	mad_only_review
background_review	B03692	sub-82	sub-82	48	background_review	False	2	2	0	0	pass	pass	include	no_review_flag
background_review	B03693	sub-82	sub-82	48	background_review	False	2	2	0	0	pass	pass	include	no_review_flag
background_review	B03694	sub-82	sub-82	48	background_review	False	2	2	0	0	pass	pass	include	no_review_flag
background_review	B03695	sub-82	sub-82	48	background_review	False	2	2	0	0	pass	pass	include	no_review_flag
background_review	B03696	sub-82	sub-82	48	background_review	False	2	2	0	0	pass	pass	include	no_review_flag
background_review	B03697	sub-82	sub-82	48	background_review	False	2	2	0	0	pass	pass	include	no_review_flag
background_review	B03698	sub-82	sub-82	48	background_review	False	2	2	0	0	pass	pass	include	no_review_flag
background_review	B03699	sub-82	sub-82	48	background_review	False	2	2	0	0	pass	pass	include	no_review_flag
background_review	B03700	sub-82	sub-82	48	background_review	False	2	1	1	0	pass	many_10mad_outliers	review	mad_only_review
background_review	B03701	sub-82	sub-82	48	background_review	False	2	0	2	0	pass	high_robust_range;many_10mad_outliers	review	targeted_review
background_review	B03702	sub-82	sub-82	48	background_review	False	2	0	2	0	pass	many_10mad_outliers	review	mad_only_review
background_review	B03703	sub-82	sub-82	48	background_review	False	2	2	0	0	pass	pass	include	no_review_flag
background_review	B03704	sub-82	sub-82	48	background_review	False	2	2	0	0	pass	pass	include	no_review_flag
background_review	B03705	sub-82	sub-82	48	background_review	False	2	2	0	0	pass	pass	include	no_review_flag
background_review	B03706	sub-82	sub-82	48	background_review	False	2	2	0	0	pass	pass	include	no_review_flag
background_review	B03707	sub-82	sub-82	48	background_review	False	2	2	0	0	pass	pass	include	no_review_flag
background_review	B03708	sub-82	sub-82	48	background_review	False	2	2	0	0	pass	pass	include	no_review_flag
background_review	B03709	sub-82	sub-82	48	background_review	False	2	2	0	0	pass	pass	include	no_review_flag
background_review	B03710	sub-82	sub-82	48	background_review	False	2	0	2	0	pass	many_10mad_outliers	review	mad_only_review
background_review	B03711	sub-83	sub-83	50	background_review	False	2	1	1	0	pass	many_10mad_outliers	review	mad_only_review
background_review	B03712	sub-83	sub-83	50	background_review	False	2	1	1	0	pass	many_10mad_outliers	review	mad_only_review
background_review	B03713	sub-83	sub-83	50	background_review	False	2	0	2	0	pass	many_10mad_outliers	review	mad_only_review
background_review	B03714	sub-83	sub-83	50	background_review	False	2	2	0	0	pass	pass	include	no_review_flag
background_review	B03715	sub-83	sub-83	50	background_review	False	2	1	1	0	pass	many_10mad_outliers	review	mad_only_review
background_review	B03716	sub-83	sub-83	50	background_review	False	2	1	1	0	pass	many_10mad_outliers	review	mad_only_review
background_review	B03717	sub-83	sub-83	50	background_review	False	2	2	0	0	pass	pass	include	no_review_flag
background_review	B03718	sub-83	sub-83	50	background_review	False	2	1	1	0	pass	many_10mad_outliers	review	mad_only_review
background_review	B03719	sub-83	sub-83	50	background_review	False	2	0	2	0	pass	many_10mad_outliers	review	mad_only_review
background_review	B03720	sub-83	sub-83	50	background_review	False	2	0	2	0	pass	many_10mad_outliers	review	mad_only_review
background_review	B03721	sub-83	sub-83	50	background_review	False	2	2	0	0	pass	pass	include	no_review_flag
background_review	B03722	sub-83	sub-83	50	background_review	False	2	2	0	0	pass	pass	include	no_review_flag
background_review	B03723	sub-83	sub-83	50	background_review	False	2	2	0	0	pass	pass	include	no_review_flag
background_review	B03724	sub-83	sub-83	50	background_review	False	2	1	1	0	pass	many_10mad_outliers	review	mad_only_review
background_review	B03725	sub-83	sub-83	50	background_review	False	2	1	1	0	pass	many_10mad_outliers	review	mad_only_review
background_review	B03726	sub-83	sub-83	50	background_review	False	2	2	0	0	pass	pass	include	no_review_flag
background_review	B03727	sub-83	sub-83	50	background_review	False	2	1	1	0	pass	many_10mad_outliers	review	mad_only_review
background_review	B03728	sub-83	sub-83	50	background_review	False	2	2	0	0	pass	pass	include	no_review_flag
background_review	B03729	sub-83	sub-83	50	background_review	False	2	2	0	0	pass	pass	include	no_review_flag
background_review	B03730	sub-83	sub-83	50	background_review	False	2	2	0	0	pass	pass	include	no_review_flag
background_review	B03731	sub-83	sub-83	50	background_review	False	2	1	1	0	pass	many_10mad_outliers	review	mad_only_review
background_review	B03732	sub-83	sub-83	50	background_review	False	2	1	1	0	pass	many_10mad_outliers	review	mad_only_review
background_review	B03733	sub-83	sub-83	50	background_review	False	2	1	1	0	pass	many_10mad_outliers	review	mad_only_review
background_review	B03734	sub-83	sub-83	50	background_review	False	2	0	2	0	pass	many_10mad_outliers	review	mad_only_review
background_review	B03735	sub-83	sub-83	50	background_review	False	2	2	0	0	pass	pass	include	no_review_flag
background_review	B03736	sub-83	sub-83	50	background_review	False	2	2	0	0	pass	pass	include	no_review_flag
background_review	B03737	sub-83	sub-83	50	background_review	False	2	2	0	0	pass	pass	include	no_review_flag
background_review	B03738	sub-83	sub-83	50	background_review	False	2	2	0	0	pass	pass	include	no_review_flag
background_review	B03739	sub-83	sub-83	50	background_review	False	2	2	0	0	pass	pass	include	no_review_flag
background_review	B03740	sub-83	sub-83	50	background_review	False	2	2	0	0	pass	pass	include	no_review_flag
background_review	B03741	sub-83	sub-83	50	background_review	False	2	0	2	0	pass	many_10mad_outliers	review	mad_only_review
background_review	B03742	sub-83	sub-83	50	background_review	False	2	0	2	0	pass	many_10mad_outliers	review	mad_only_review
background_review	B03743	sub-84	sub-84	51	background_review	False	2	1	1	0	pass	many_10mad_outliers	review	mad_only_review
background_review	B03744	sub-84	sub-84	51	background_review	False	2	1	1	0	pass	many_10mad_outliers	review	mad_only_review
background_review	B03745	sub-84	sub-84	51	background_review	False	2	1	1	0	pass	many_10mad_outliers	review	mad_only_review
background_review	B03746	sub-84	sub-84	51	background_review	False	2	2	0	0	pass	pass	include	no_review_flag
background_review	B03747	sub-84	sub-84	51	background_review	False	2	1	1	0	pass	many_10mad_outliers	review	mad_only_review
background_review	B03748	sub-84	sub-84	51	background_review	False	2	1	1	0	pass	many_10mad_outliers	review	mad_only_review
background_review	B03749	sub-84	sub-84	51	background_review	False	2	1	1	0	pass	many_10mad_outliers	review	mad_only_review
background_review	B03750	sub-84	sub-84	51	background_review	False	2	1	1	0	pass	many_10mad_outliers	review	mad_only_review
background_review	B03751	sub-84	sub-84	51	background_review	False	2	1	1	0	pass	many_10mad_outliers	review	mad_only_review
background_review	B03752	sub-84	sub-84	51	background_review	False	2	1	1	0	pass	many_10mad_outliers	review	mad_only_review
background_review	B03753	sub-84	sub-84	51	background_review	False	2	2	0	0	pass	pass	include	no_review_flag
background_review	B03754	sub-84	sub-84	51	background_review	False	2	0	2	0	pass	many_10mad_outliers	review	mad_only_review
background_review	B03755	sub-84	sub-84	51	background_review	False	2	2	0	0	pass	pass	include	no_review_flag
background_review	B03756	sub-84	sub-84	51	background_review	False	2	1	1	0	pass	many_10mad_outliers	review	mad_only_review
background_review	B03757	sub-84	sub-84	51	background_review	False	2	2	0	0	pass	pass	include	no_review_flag
background_review	B03758	sub-84	sub-84	51	background_review	False	2	1	1	0	pass	many_10mad_outliers	review	mad_only_review
background_review	B03759	sub-84	sub-84	51	background_review	False	2	2	0	0	pass	pass	include	no_review_flag
background_review	B03760	sub-84	sub-84	51	background_review	False	2	2	0	0	pass	pass	include	no_review_flag
background_review	B03761	sub-84	sub-84	51	background_review	False	2	2	0	0	pass	pass	include	no_review_flag
background_review	B03762	sub-84	sub-84	51	background_review	False	2	1	1	0	pass	many_10mad_outliers	review	mad_only_review
background_review	B03763	sub-84	sub-84	51	background_review	False	2	2	0	0	pass	pass	include	no_review_flag
background_review	B03764	sub-84	sub-84	51	background_review	False	2	1	1	0	pass	many_10mad_outliers	review	mad_only_review
background_review	B03765	sub-84	sub-84	51	background_review	False	2	1	1	0	pass	many_10mad_outliers	review	mad_only_review
background_review	B03766	sub-84	sub-84	51	background_review	False	2	1	1	0	pass	many_10mad_outliers	review	mad_only_review
background_review	B03767	sub-84	sub-84	51	background_review	False	2	1	1	0	pass	many_10mad_outliers	review	mad_only_review
background_review	B03768	sub-84	sub-84	51	background_review	False	2	2	0	0	pass	pass	include	no_review_flag
background_review	B03769	sub-84	sub-84	51	background_review	False	2	2	0	0	pass	pass	include	no_review_flag
background_review	B03770	sub-84	sub-84	51	background_review	False	2	2	0	0	pass	pass	include	no_review_flag
background_review	B03771	sub-84	sub-84	51	background_review	False	2	2	0	0	pass	pass	include	no_review_flag
background_review	B03772	sub-85	sub-85	52	background_review	False	2	2	0	0	pass	pass	include	no_review_flag
background_review	B03773	sub-85	sub-85	52	background_review	False	2	2	0	0	pass	pass	include	no_review_flag
background_review	B03774	sub-85	sub-85	52	background_review	False	2	2	0	0	pass	pass	include	no_review_flag
background_review	B03775	sub-85	sub-85	52	background_review	False	2	0	2	0	pass	many_10mad_outliers	review	mad_only_review
background_review	B03776	sub-85	sub-85	52	background_review	False	2	0	2	0	pass	many_10mad_outliers	review	mad_only_review
background_review	B03777	sub-85	sub-85	52	background_review	False	2	0	2	0	pass	many_10mad_outliers	review	mad_only_review
background_review	B03778	sub-85	sub-85	52	background_review	False	2	2	0	0	pass	pass	include	no_review_flag
background_review	B03779	sub-85	sub-85	52	background_review	False	2	2	0	0	pass	pass	include	no_review_flag
background_review	B03780	sub-85	sub-85	52	background_review	False	2	2	0	0	pass	pass	include	no_review_flag
background_review	B03781	sub-85	sub-85	52	background_review	False	2	2	0	0	pass	pass	include	no_review_flag
background_review	B03782	sub-85	sub-85	52	background_review	False	2	2	0	0	pass	pass	include	no_review_flag
background_review	B03783	sub-85	sub-85	52	background_review	False	2	2	0	0	pass	pass	include	no_review_flag
background_review	B03784	sub-85	sub-85	52	background_review	False	2	2	0	0	pass	pass	include	no_review_flag
background_review	B03785	sub-85	sub-85	52	background_review	False	2	1	1	0	pass	many_10mad_outliers	review	mad_only_review
background_review	B03786	sub-85	sub-85	52	background_review	False	2	0	2	0	pass	many_10mad_outliers	review	mad_only_review
background_review	B03787	sub-85	sub-85	52	background_review	False	2	0	2	0	pass	many_10mad_outliers	review	mad_only_review
background_review	B03788	sub-85	sub-85	52	background_review	False	2	2	0	0	pass	pass	include	no_review_flag
background_review	B03789	sub-85	sub-85	52	background_review	False	2	2	0	0	pass	pass	include	no_review_flag
background_review	B03790	sub-85	sub-85	52	background_review	False	2	2	0	0	pass	pass	include	no_review_flag
background_review	B03791	sub-85	sub-85	52	background_review	False	2	2	0	0	pass	pass	include	no_review_flag
background_review	B03792	sub-85	sub-85	52	background_review	False	2	0	2	0	pass	many_10mad_outliers	review	mad_only_review
background_review	B03793	sub-85	sub-85	52	background_review	False	2	2	0	0	pass	pass	include	no_review_flag
background_review	B03794	sub-85	sub-85	52	background_review	False	2	2	0	0	pass	pass	include	no_review_flag
background_review	B03795	sub-85	sub-85	52	background_review	False	2	2	0	0	pass	pass	include	no_review_flag
background_review	B03796	sub-85	sub-85	52	background_review	False	2	1	1	0	pass	many_10mad_outliers	review	mad_only_review
background_review	B03797	sub-85	sub-85	52	background_review	False	2	0	2	0	pass	many_10mad_outliers	review	mad_only_review
background_review	B03798	sub-85	sub-85	52	background_review	False	2	2	0	0	pass	pass	include	no_review_flag
background_review	B03799	sub-85	sub-85	52	background_review	False	2	0	2	0	pass	many_10mad_outliers	review	mad_only_review
background_review	B03800	sub-85	sub-85	52	background_review	False	2	0	2	0	pass	many_10mad_outliers	review	mad_only_review
background_review	B03801	sub-85	sub-85	52	background_review	False	2	2	0	0	pass	pass	include	no_review_flag
background_review	B03802	sub-85	sub-85	52	background_review	False	2	2	0	0	pass	pass	include	no_review_flag
background_review	B03803	sub-85	sub-85	52	background_review	False	2	2	0	0	pass	pass	include	no_review_flag
background_review	B03804	sub-85	sub-85	52	background_review	False	2	2	0	0	pass	pass	include	no_review_flag
background_review	B03805	sub-85	sub-85	52	background_review	False	2	2	0	0	pass	pass	include	no_review_flag
background_review	B03806	sub-85	sub-85	52	background_review	False	2	2	0	0	pass	pass	include	no_review_flag
background_review	B03807	sub-85	sub-85	52	background_review	False	2	0	2	0	pass	high_peak_to_peak;high_robust_range;many_10mad_outliers	review	targeted_review
background_review	B03808	sub-85	sub-85	52	background_review	False	2	0	2	0	pass	high_peak_to_peak;high_robust_range;many_10mad_outliers	review	targeted_review
background_review	B03809	sub-86	sub-86	53	background_review	False	2	2	0	0	pass	pass	include	no_review_flag
background_review	B03810	sub-86	sub-86	53	background_review	False	2	2	0	0	pass	pass	include	no_review_flag
background_review	B03811	sub-86	sub-86	53	background_review	False	2	2	0	0	pass	pass	include	no_review_flag
background_review	B03812	sub-86	sub-86	53	background_review	False	2	2	0	0	pass	pass	include	no_review_flag
background_review	B03813	sub-86	sub-86	53	background_review	False	2	2	0	0	pass	pass	include	no_review_flag
background_review	B03814	sub-86	sub-86	53	background_review	False	2	2	0	0	pass	pass	include	no_review_flag
background_review	B03815	sub-86	sub-86	53	background_review	False	2	2	0	0	pass	pass	include	no_review_flag
background_review	B03816	sub-86	sub-86	53	background_review	False	2	2	0	0	pass	pass	include	no_review_flag
background_review	B03817	sub-86	sub-86	53	background_review	False	2	2	0	0	pass	pass	include	no_review_flag
background_review	B03818	sub-86	sub-86	53	background_review	False	2	2	0	0	pass	pass	include	no_review_flag
background_review	B03819	sub-86	sub-86	53	background_review	False	2	2	0	0	pass	pass	include	no_review_flag
background_review	B03820	sub-86	sub-86	53	background_review	False	2	2	0	0	pass	pass	include	no_review_flag
background_review	B03821	sub-86	sub-86	53	background_review	False	2	0	2	0	pass	many_10mad_outliers	review	mad_only_review
background_review	B03822	sub-86	sub-86	53	background_review	False	2	2	0	0	pass	pass	include	no_review_flag
background_review	B03823	sub-86	sub-86	53	background_review	False	2	2	0	0	pass	pass	include	no_review_flag
background_review	B03824	sub-86	sub-86	53	background_review	False	2	0	2	0	pass	many_10mad_outliers	review	mad_only_review
background_review	B03825	sub-86	sub-86	53	background_review	False	2	2	0	0	pass	pass	include	no_review_flag
background_review	B03826	sub-86	sub-86	53	background_review	False	2	2	0	0	pass	pass	include	no_review_flag
background_review	B03827	sub-86	sub-86	53	background_review	False	2	2	0	0	pass	pass	include	no_review_flag
background_review	B03828	sub-86	sub-86	53	background_review	False	2	2	0	0	pass	pass	include	no_review_flag
background_review	B03829	sub-86	sub-86	53	background_review	False	2	2	0	0	pass	pass	include	no_review_flag
background_review	B03830	sub-86	sub-86	53	background_review	False	2	2	0	0	pass	pass	include	no_review_flag
background_review	B03831	sub-86	sub-86	53	background_review	False	2	2	0	0	pass	pass	include	no_review_flag
background_review	B03832	sub-86	sub-86	53	background_review	False	2	2	0	0	pass	pass	include	no_review_flag
background_review	B03833	sub-86	sub-86	53	background_review	False	2	2	0	0	pass	pass	include	no_review_flag
background_review	B03834	sub-86	sub-86	53	background_review	False	2	2	0	0	pass	pass	include	no_review_flag
background_review	B03835	sub-86	sub-86	53	background_review	False	2	2	0	0	pass	pass	include	no_review_flag
background_review	B03836	sub-86	sub-86	53	background_review	False	2	2	0	0	pass	pass	include	no_review_flag
background_review	B03837	sub-86	sub-86	53	background_review	False	2	2	0	0	pass	pass	include	no_review_flag
background_review	B03838	sub-86	sub-86	53	background_review	False	2	2	0	0	pass	pass	include	no_review_flag
background_review	B03839	sub-86	sub-86	53	background_review	False	2	2	0	0	pass	pass	include	no_review_flag
background_review	B03840	sub-86	sub-86	53	background_review	False	2	2	0	0	pass	pass	include	no_review_flag
background_review	B03841	sub-86	sub-86	53	background_review	False	2	2	0	0	pass	pass	include	no_review_flag
background_review	B03842	sub-86	sub-86	53	background_review	False	2	2	0	0	pass	pass	include	no_review_flag
background_review	B03843	sub-86	sub-86	53	background_review	False	2	0	2	0	pass	many_10mad_outliers	review	mad_only_review
background_review	B03844	sub-86	sub-86	53	background_review	False	2	0	2	0	pass	many_10mad_outliers	review	mad_only_review
background_review	B03845	sub-87	sub-87	54	background_review	False	2	2	0	0	pass	pass	include	no_review_flag
background_review	B03846	sub-87	sub-87	54	background_review	False	2	2	0	0	pass	pass	include	no_review_flag
background_review	B03847	sub-87	sub-87	54	background_review	False	2	2	0	0	pass	pass	include	no_review_flag
background_review	B03848	sub-87	sub-87	54	background_review	False	2	2	0	0	pass	pass	include	no_review_flag
background_review	B03849	sub-87	sub-87	54	background_review	False	2	2	0	0	pass	pass	include	no_review_flag
background_review	B03850	sub-87	sub-87	54	background_review	False	2	1	1	0	pass	many_10mad_outliers	review	mad_only_review
background_review	B03851	sub-87	sub-87	54	background_review	False	2	2	0	0	pass	pass	include	no_review_flag
background_review	B03852	sub-87	sub-87	54	background_review	False	2	2	0	0	pass	pass	include	no_review_flag
background_review	B03853	sub-87	sub-87	54	background_review	False	2	2	0	0	pass	pass	include	no_review_flag
background_review	B03854	sub-87	sub-87	54	background_review	False	2	1	1	0	pass	many_10mad_outliers	review	mad_only_review
background_review	B03855	sub-87	sub-87	54	background_review	False	2	1	1	0	pass	many_10mad_outliers	review	mad_only_review
background_review	B03856	sub-87	sub-87	54	background_review	False	2	2	0	0	pass	pass	include	no_review_flag
background_review	B03857	sub-87	sub-87	54	background_review	False	2	2	0	0	pass	pass	include	no_review_flag
background_review	B03858	sub-87	sub-87	54	background_review	False	2	2	0	0	pass	pass	include	no_review_flag
background_review	B03859	sub-87	sub-87	54	background_review	False	2	0	2	0	pass	many_10mad_outliers	review	mad_only_review
background_review	B03860	sub-87	sub-87	54	background_review	False	2	2	0	0	pass	pass	include	no_review_flag
background_review	B03861	sub-87	sub-87	54	background_review	False	2	2	0	0	pass	pass	include	no_review_flag
background_review	B03862	sub-87	sub-87	54	background_review	False	2	1	1	0	pass	many_10mad_outliers	review	mad_only_review
background_review	B03863	sub-87	sub-87	54	background_review	False	2	2	0	0	pass	pass	include	no_review_flag
background_review	B03864	sub-87	sub-87	54	background_review	False	2	2	0	0	pass	pass	include	no_review_flag
background_review	B03865	sub-87	sub-87	54	background_review	False	2	2	0	0	pass	pass	include	no_review_flag
background_review	B03866	sub-87	sub-87	54	background_review	False	2	2	0	0	pass	pass	include	no_review_flag
background_review	B03867	sub-87	sub-87	54	background_review	False	2	2	0	0	pass	pass	include	no_review_flag
background_review	B03868	sub-87	sub-87	54	background_review	False	2	2	0	0	pass	pass	include	no_review_flag
background_review	B03869	sub-87	sub-87	54	background_review	False	2	2	0	0	pass	pass	include	no_review_flag
background_review	B03870	sub-87	sub-87	54	background_review	False	2	2	0	0	pass	pass	include	no_review_flag
background_review	B03871	sub-87	sub-87	54	background_review	False	2	2	0	0	pass	pass	include	no_review_flag
background_review	B03872	sub-87	sub-87	54	background_review	False	2	2	0	0	pass	pass	include	no_review_flag
background_review	B03873	sub-87	sub-87	54	background_review	False	2	2	0	0	pass	pass	include	no_review_flag
background_review	B03874	sub-87	sub-87	54	background_review	False	2	1	1	0	pass	high_robust_range;many_10mad_outliers	review	targeted_review
background_review	B03875	sub-87	sub-87	54	background_review	False	2	0	2	0	pass	high_robust_range;many_10mad_outliers	review	targeted_review
background_review	B03876	sub-88	sub-88	55	background_review	False	2	2	0	0	pass	pass	include	no_review_flag
background_review	B03877	sub-88	sub-88	55	background_review	False	2	0	2	0	pass	many_10mad_outliers	review	mad_only_review
background_review	B03878	sub-88	sub-88	55	background_review	False	2	2	0	0	pass	pass	include	no_review_flag
background_review	B03879	sub-88	sub-88	55	background_review	False	2	1	1	0	pass	many_10mad_outliers	review	mad_only_review
background_review	B03880	sub-88	sub-88	55	background_review	False	2	0	2	0	pass	many_10mad_outliers	review	mad_only_review
background_review	B03881	sub-88	sub-88	55	background_review	False	2	0	2	0	pass	many_10mad_outliers	review	mad_only_review
background_review	B03882	sub-88	sub-88	55	background_review	False	2	0	2	0	pass	many_10mad_outliers	review	mad_only_review
background_review	B03883	sub-88	sub-88	55	background_review	False	2	2	0	0	pass	pass	include	no_review_flag
background_review	B03884	sub-88	sub-88	55	background_review	False	2	0	2	0	pass	many_10mad_outliers	review	mad_only_review
background_review	B03885	sub-88	sub-88	55	background_review	False	2	2	0	0	pass	pass	include	no_review_flag
background_review	B03886	sub-88	sub-88	55	background_review	False	2	2	0	0	pass	pass	include	no_review_flag
background_review	B03887	sub-88	sub-88	55	background_review	False	2	2	0	0	pass	pass	include	no_review_flag
background_review	B03888	sub-88	sub-88	55	background_review	False	2	2	0	0	pass	pass	include	no_review_flag
background_review	B03889	sub-88	sub-88	55	background_review	False	2	2	0	0	pass	pass	include	no_review_flag
background_review	B03890	sub-88	sub-88	55	background_review	False	2	2	0	0	pass	pass	include	no_review_flag
background_review	B03891	sub-88	sub-88	55	background_review	False	2	0	2	0	pass	many_10mad_outliers	review	mad_only_review
background_review	B03892	sub-88	sub-88	55	background_review	False	2	2	0	0	pass	pass	include	no_review_flag
background_review	B03893	sub-88	sub-88	55	background_review	False	2	0	2	0	pass	high_robust_range;many_10mad_outliers	review	targeted_review
background_review	B03894	sub-88	sub-88	55	background_review	False	2	1	1	0	pass	many_10mad_outliers	review	mad_only_review
background_review	B03895	sub-88	sub-88	55	background_review	False	2	0	2	0	pass	many_10mad_outliers	review	mad_only_review
background_review	B03896	sub-88	sub-88	55	background_review	False	2	0	2	0	pass	many_10mad_outliers	review	mad_only_review
background_review	B03897	sub-88	sub-88	55	background_review	False	2	2	0	0	pass	pass	include	no_review_flag
background_review	B03898	sub-88	sub-88	55	background_review	False	2	2	0	0	pass	pass	include	no_review_flag
background_review	B03899	sub-88	sub-88	55	background_review	False	2	2	0	0	pass	pass	include	no_review_flag
background_review	B03900	sub-88	sub-88	55	background_review	False	2	2	0	0	pass	pass	include	no_review_flag
background_review	B03901	sub-88	sub-88	55	background_review	False	2	0	2	0	pass	many_10mad_outliers	review	mad_only_review
background_review	B03902	sub-88	sub-88	55	background_review	False	2	0	2	0	pass	many_10mad_outliers	review	mad_only_review
background_review	B03903	sub-89	sub-89	56	background_review	False	2	0	2	0	pass	high_peak_to_peak;high_robust_range;many_10mad_outliers	review	targeted_review
background_review	B03904	sub-89	sub-89	56	background_review	False	2	0	2	0	pass	high_peak_to_peak;high_robust_range;many_10mad_outliers	review	targeted_review
background_review	B03905	sub-89	sub-89	56	background_review	False	2	2	0	0	pass	pass	include	no_review_flag
background_review	B03906	sub-89	sub-89	56	background_review	False	2	0	2	0	pass	many_10mad_outliers	review	mad_only_review
background_review	B03907	sub-89	sub-89	56	background_review	False	2	0	2	0	pass	many_10mad_outliers	review	mad_only_review
background_review	B03908	sub-89	sub-89	56	background_review	False	2	0	2	0	pass	many_10mad_outliers	review	mad_only_review
background_review	B03909	sub-89	sub-89	56	background_review	False	2	0	2	0	pass	many_10mad_outliers	review	mad_only_review
background_review	B03910	sub-89	sub-89	56	background_review	False	2	2	0	0	pass	pass	include	no_review_flag
background_review	B03911	sub-89	sub-89	56	background_review	False	2	0	2	0	pass	many_10mad_outliers	review	mad_only_review
background_review	B03912	sub-89	sub-89	56	background_review	False	2	0	2	0	pass	many_10mad_outliers	review	mad_only_review
background_review	B03913	sub-89	sub-89	56	background_review	False	2	2	0	0	pass	pass	include	no_review_flag
background_review	B03914	sub-89	sub-89	56	background_review	False	2	2	0	0	pass	pass	include	no_review_flag
background_review	B03915	sub-89	sub-89	56	background_review	False	2	2	0	0	pass	pass	include	no_review_flag
background_review	B03916	sub-89	sub-89	56	background_review	False	2	2	0	0	pass	pass	include	no_review_flag
background_review	B03917	sub-89	sub-89	56	background_review	False	2	2	0	0	pass	pass	include	no_review_flag
background_review	B03918	sub-89	sub-89	56	background_review	False	2	1	1	0	pass	many_10mad_outliers	review	mad_only_review
background_review	B03919	sub-89	sub-89	56	background_review	False	2	0	2	0	pass	high_peak_to_peak;high_robust_range;many_10mad_outliers	review	targeted_review
background_review	B03920	sub-89	sub-89	56	background_review	False	2	0	2	0	pass	many_10mad_outliers	review	mad_only_review
background_review	B03921	sub-89	sub-89	56	background_review	False	2	2	0	0	pass	pass	include	no_review_flag
background_review	B03922	sub-89	sub-89	56	background_review	False	2	2	0	0	pass	pass	include	no_review_flag
background_review	B03923	sub-89	sub-89	56	background_review	False	2	2	0	0	pass	pass	include	no_review_flag
background_review	B03924	sub-89	sub-89	56	background_review	False	2	2	0	0	pass	pass	include	no_review_flag
background_review	B03925	sub-89	sub-89	56	background_review	False	2	0	2	0	pass	many_10mad_outliers	review	mad_only_review
background_review	B03926	sub-89	sub-89	56	background_review	False	2	0	2	0	pass	many_10mad_outliers	review	mad_only_review
background_review	B03927	sub-89	sub-89	56	background_review	False	2	0	2	0	pass	many_10mad_outliers	review	mad_only_review
background_review	B03928	sub-89	sub-89	56	background_review	False	2	0	2	0	pass	many_10mad_outliers	review	mad_only_review
background_review	B03929	sub-89	sub-89	56	background_review	False	2	2	0	0	pass	pass	include	no_review_flag
background_review	B03930	sub-89	sub-89	56	background_review	False	2	2	0	0	pass	pass	include	no_review_flag
background_review	B03931	sub-89	sub-89	56	background_review	False	2	0	2	0	pass	high_peak_to_peak;high_robust_range;many_10mad_outliers	review	targeted_review
background_review	B03932	sub-89	sub-89	56	background_review	False	2	0	2	0	pass	high_robust_range;many_10mad_outliers	review	targeted_review
background_review	B03933	sub-89	sub-89	56	background_review	False	2	0	2	0	pass	many_10mad_outliers	review	mad_only_review
background_review	B03934	sub-89	sub-89	56	background_review	False	2	0	2	0	pass	high_peak_to_peak;high_robust_range;many_10mad_outliers	review	targeted_review
background_review	B03935	sub-89	sub-89	56	background_review	False	2	0	2	0	pass	high_peak_to_peak;high_robust_range;many_10mad_outliers	review	targeted_review
background_review	B03936	sub-89	sub-89	56	background_review	False	2	2	0	0	pass	pass	include	no_review_flag
background_review	B03937	sub-89	sub-89	56	background_review	False	2	2	0	0	pass	pass	include	no_review_flag
background_review	B03938	sub-89	sub-89	56	background_review	False	2	2	0	0	pass	pass	include	no_review_flag
background_review	B03939	sub-89	sub-89	56	background_review	False	2	2	0	0	pass	pass	include	no_review_flag
background_review	B03940	sub-89	sub-89	56	background_review	False	2	0	2	0	pass	high_robust_range;many_10mad_outliers	review	targeted_review
background_review	B03941	sub-89	sub-89	56	background_review	False	2	0	2	0	pass	high_robust_range;many_10mad_outliers	review	targeted_review
background_review	B03942	sub-9	sub-9	90	background_review	False	2	2	0	0	pass	pass	include	no_review_flag
background_review	B03943	sub-9	sub-9	90	background_review	False	2	2	0	0	pass	pass	include	no_review_flag
background_review	B03944	sub-9	sub-9	90	background_review	False	2	0	2	0	pass	many_10mad_outliers	review	mad_only_review
background_review	B03945	sub-9	sub-9	90	background_review	False	2	2	0	0	pass	pass	include	no_review_flag
background_review	B03946	sub-9	sub-9	90	background_review	False	2	0	2	0	pass	many_10mad_outliers	review	mad_only_review
background_review	B03947	sub-9	sub-9	90	background_review	False	2	0	2	0	pass	high_peak_to_peak;high_robust_range;many_10mad_outliers;repeated_endpoints	review	targeted_review
background_review	B03948	sub-9	sub-9	90	background_review	False	2	2	0	0	pass	pass	include	no_review_flag
background_review	B03949	sub-9	sub-9	90	background_review	False	2	2	0	0	pass	pass	include	no_review_flag
background_review	B03950	sub-9	sub-9	90	background_review	False	2	0	2	0	pass	many_10mad_outliers	review	mad_only_review
background_review	B03951	sub-9	sub-9	90	background_review	False	2	2	0	0	pass	pass	include	no_review_flag
background_review	B03952	sub-9	sub-9	90	background_review	False	2	2	0	0	pass	pass	include	no_review_flag
background_review	B03953	sub-9	sub-9	90	background_review	False	2	2	0	0	pass	pass	include	no_review_flag
background_review	B03954	sub-9	sub-9	90	background_review	False	2	2	0	0	pass	pass	include	no_review_flag
background_review	B03955	sub-9	sub-9	90	background_review	False	2	2	0	0	pass	pass	include	no_review_flag
background_review	B03956	sub-9	sub-9	90	background_review	False	2	0	2	0	pass	many_10mad_outliers	review	mad_only_review
background_review	B03957	sub-9	sub-9	90	background_review	False	2	1	1	0	pass	many_10mad_outliers	review	mad_only_review
background_review	B03958	sub-9	sub-9	90	background_review	False	2	2	0	0	pass	pass	include	no_review_flag
background_review	B03959	sub-9	sub-9	90	background_review	False	2	2	0	0	pass	pass	include	no_review_flag
background_review	B03960	sub-9	sub-9	90	background_review	False	2	2	0	0	pass	pass	include	no_review_flag
background_review	B03961	sub-9	sub-9	90	background_review	False	2	2	0	0	pass	pass	include	no_review_flag
background_review	B03962	sub-9	sub-9	90	background_review	False	2	2	0	0	pass	pass	include	no_review_flag
background_review	B03963	sub-9	sub-9	90	background_review	False	2	2	0	0	pass	pass	include	no_review_flag
background_review	B03964	sub-9	sub-9	90	background_review	False	2	2	0	0	pass	pass	include	no_review_flag
background_review	B03965	sub-9	sub-9	90	background_review	False	2	2	0	0	pass	pass	include	no_review_flag
background_review	B03966	sub-9	sub-9	90	background_review	False	2	2	0	0	pass	pass	include	no_review_flag
background_review	B03967	sub-9	sub-9	90	background_review	False	2	2	0	0	pass	pass	include	no_review_flag
background_review	B03968	sub-9	sub-9	90	background_review	False	2	0	2	0	pass	many_10mad_outliers	review	mad_only_review
background_review	B03969	sub-9	sub-9	90	background_review	False	2	2	0	0	pass	pass	include	no_review_flag
background_review	B03970	sub-9	sub-9	90	background_review	False	2	2	0	0	pass	pass	include	no_review_flag
background_review	B03971	sub-9	sub-9	90	background_review	False	2	2	0	0	pass	pass	include	no_review_flag
background_review	B03972	sub-9	sub-9	90	background_review	False	2	2	0	0	pass	pass	include	no_review_flag
background_review	B03973	sub-9	sub-9	90	background_review	False	2	2	0	0	pass	pass	include	no_review_flag
background_review	B03974	sub-9	sub-9	90	background_review	False	2	2	0	0	pass	pass	include	no_review_flag
background_review	B03975	sub-9	sub-9	90	background_review	False	2	2	0	0	pass	pass	include	no_review_flag
background_review	B03976	sub-9	sub-9	90	background_review	False	2	2	0	0	pass	pass	include	no_review_flag
background_review	B03977	sub-9	sub-9	90	background_review	False	2	2	0	0	pass	pass	include	no_review_flag
background_review	B03978	sub-9	sub-9	90	background_review	False	2	2	0	0	pass	pass	include	no_review_flag
background_review	B03979	sub-9	sub-9	90	background_review	False	2	0	2	0	pass	many_10mad_outliers	review	mad_only_review
background_review	B03980	sub-9	sub-9	90	background_review	False	2	0	2	0	pass	many_10mad_outliers	review	mad_only_review
background_review	B03981	sub-90	sub-90	57	background_review	False	2	2	0	0	pass	pass	include	no_review_flag
background_review	B03982	sub-90	sub-90	57	background_review	False	2	0	2	0	pass	many_10mad_outliers	review	mad_only_review
background_review	B03983	sub-90	sub-90	57	background_review	False	2	0	2	0	pass	many_10mad_outliers	review	mad_only_review
background_review	B03984	sub-90	sub-90	57	background_review	False	2	2	0	0	pass	pass	include	no_review_flag
background_review	B03985	sub-90	sub-90	57	background_review	False	2	1	1	0	pass	many_10mad_outliers	review	mad_only_review
background_review	B03986	sub-90	sub-90	57	background_review	False	2	2	0	0	pass	pass	include	no_review_flag
background_review	B03987	sub-90	sub-90	57	background_review	False	2	1	1	0	pass	many_10mad_outliers	review	mad_only_review
background_review	B03988	sub-90	sub-90	57	background_review	False	2	2	0	0	pass	pass	include	no_review_flag
background_review	B03989	sub-90	sub-90	57	background_review	False	2	0	2	0	pass	many_10mad_outliers	review	mad_only_review
background_review	B03990	sub-90	sub-90	57	background_review	False	2	0	2	0	pass	many_10mad_outliers	review	mad_only_review
background_review	B03991	sub-90	sub-90	57	background_review	False	2	0	2	0	pass	many_10mad_outliers	review	mad_only_review
background_review	B03992	sub-90	sub-90	57	background_review	False	2	2	0	0	pass	pass	include	no_review_flag
background_review	B03993	sub-90	sub-90	57	background_review	False	2	0	2	0	pass	many_10mad_outliers	review	mad_only_review
background_review	B03994	sub-90	sub-90	57	background_review	False	2	0	2	0	pass	many_10mad_outliers	review	mad_only_review
background_review	B03995	sub-90	sub-90	57	background_review	False	2	0	2	0	pass	many_10mad_outliers	review	mad_only_review
background_review	B03996	sub-90	sub-90	57	background_review	False	2	0	2	0	pass	many_10mad_outliers	review	mad_only_review
background_review	B03997	sub-90	sub-90	57	background_review	False	2	1	1	0	pass	many_10mad_outliers	review	mad_only_review
background_review	B03998	sub-90	sub-90	57	background_review	False	2	1	1	0	pass	many_10mad_outliers	review	mad_only_review
background_review	B03999	sub-90	sub-90	57	background_review	False	2	0	2	0	pass	many_10mad_outliers	review	mad_only_review
background_review	B04000	sub-90	sub-90	57	background_review	False	2	0	2	0	pass	many_10mad_outliers	review	mad_only_review
background_review	B04001	sub-90	sub-90	57	background_review	False	2	0	2	0	pass	many_10mad_outliers	review	mad_only_review
background_review	B04002	sub-90	sub-90	57	background_review	False	2	2	0	0	pass	pass	include	no_review_flag
background_review	B04003	sub-90	sub-90	57	background_review	False	2	2	0	0	pass	pass	include	no_review_flag
background_review	B04004	sub-90	sub-90	57	background_review	False	2	1	1	0	pass	many_10mad_outliers	review	mad_only_review
background_review	B04005	sub-90	sub-90	57	background_review	False	2	2	0	0	pass	pass	include	no_review_flag
background_review	B04006	sub-90	sub-90	57	background_review	False	2	0	2	0	pass	many_10mad_outliers	review	mad_only_review
background_review	B04007	sub-90	sub-90	57	background_review	False	2	0	2	0	pass	many_10mad_outliers	review	mad_only_review
background_review	B04008	sub-91	sub-91	58	background_review	False	2	2	0	0	pass	pass	include	no_review_flag
background_review	B04009	sub-91	sub-91	58	background_review	False	2	2	0	0	pass	pass	include	no_review_flag
background_review	B04010	sub-91	sub-91	58	background_review	False	2	2	0	0	pass	pass	include	no_review_flag
background_review	B04011	sub-91	sub-91	58	background_review	False	2	2	0	0	pass	pass	include	no_review_flag
background_review	B04012	sub-91	sub-91	58	background_review	False	2	2	0	0	pass	pass	include	no_review_flag
background_review	B04013	sub-91	sub-91	58	background_review	False	2	2	0	0	pass	pass	include	no_review_flag
background_review	B04014	sub-91	sub-91	58	background_review	False	2	2	0	0	pass	pass	include	no_review_flag
background_review	B04015	sub-91	sub-91	58	background_review	False	2	2	0	0	pass	pass	include	no_review_flag
background_review	B04016	sub-91	sub-91	58	background_review	False	2	1	1	0	pass	many_10mad_outliers	review	mad_only_review
background_review	B04017	sub-91	sub-91	58	background_review	False	2	2	0	0	pass	pass	include	no_review_flag
background_review	B04018	sub-91	sub-91	58	background_review	False	2	2	0	0	pass	pass	include	no_review_flag
background_review	B04019	sub-91	sub-91	58	background_review	False	2	2	0	0	pass	pass	include	no_review_flag
background_review	B04020	sub-91	sub-91	58	background_review	False	2	2	0	0	pass	pass	include	no_review_flag
background_review	B04021	sub-91	sub-91	58	background_review	False	2	2	0	0	pass	pass	include	no_review_flag
background_review	B04022	sub-91	sub-91	58	background_review	False	2	2	0	0	pass	pass	include	no_review_flag
background_review	B04023	sub-91	sub-91	58	background_review	False	2	2	0	0	pass	pass	include	no_review_flag
background_review	B04024	sub-91	sub-91	58	background_review	False	2	2	0	0	pass	pass	include	no_review_flag
background_review	B04025	sub-91	sub-91	58	background_review	False	2	2	0	0	pass	pass	include	no_review_flag
background_review	B04026	sub-91	sub-91	58	background_review	False	2	2	0	0	pass	pass	include	no_review_flag
background_review	B04027	sub-91	sub-91	58	background_review	False	2	2	0	0	pass	pass	include	no_review_flag
background_review	B04028	sub-91	sub-91	58	background_review	False	2	2	0	0	pass	pass	include	no_review_flag
background_review	B04029	sub-91	sub-91	58	background_review	False	2	2	0	0	pass	pass	include	no_review_flag
background_review	B04030	sub-91	sub-91	58	background_review	False	2	2	0	0	pass	pass	include	no_review_flag
background_review	B04031	sub-91	sub-91	58	background_review	False	2	2	0	0	pass	pass	include	no_review_flag
background_review	B04032	sub-91	sub-91	58	background_review	False	2	2	0	0	pass	pass	include	no_review_flag
background_review	B04033	sub-91	sub-91	58	background_review	False	2	1	1	0	pass	many_10mad_outliers	review	mad_only_review
background_review	B04034	sub-91	sub-91	58	background_review	False	2	2	0	0	pass	pass	include	no_review_flag
background_review	B04035	sub-91	sub-91	58	background_review	False	2	2	0	0	pass	pass	include	no_review_flag
background_review	B04036	sub-91	sub-91	58	background_review	False	2	2	0	0	pass	pass	include	no_review_flag
background_review	B04037	sub-91	sub-91	58	background_review	False	2	2	0	0	pass	pass	include	no_review_flag
background_review	B04038	sub-91	sub-91	58	background_review	False	2	2	0	0	pass	pass	include	no_review_flag
background_review	B04039	sub-91	sub-91	58	background_review	False	2	2	0	0	pass	pass	include	no_review_flag
background_review	B04040	sub-91	sub-91	58	background_review	False	2	2	0	0	pass	pass	include	no_review_flag
background_review	B04041	sub-91	sub-91	58	background_review	False	2	2	0	0	pass	pass	include	no_review_flag
background_review	B04042	sub-91	sub-91	58	background_review	False	2	0	2	0	pass	many_10mad_outliers	review	mad_only_review
background_review	B04043	sub-91	sub-91	58	background_review	False	2	0	2	0	pass	many_10mad_outliers	review	mad_only_review
background_review	B04044	sub-92	sub-92	59	background_review	False	2	2	0	0	pass	pass	include	no_review_flag
background_review	B04045	sub-92	sub-92	59	background_review	False	2	2	0	0	pass	pass	include	no_review_flag
background_review	B04046	sub-92	sub-92	59	background_review	False	2	2	0	0	pass	pass	include	no_review_flag
background_review	B04047	sub-92	sub-92	59	background_review	False	2	0	2	0	pass	many_10mad_outliers	review	mad_only_review
background_review	B04048	sub-92	sub-92	59	background_review	False	2	1	1	0	pass	many_10mad_outliers	review	mad_only_review
background_review	B04049	sub-92	sub-92	59	background_review	False	2	2	0	0	pass	pass	include	no_review_flag
background_review	B04050	sub-92	sub-92	59	background_review	False	2	2	0	0	pass	pass	include	no_review_flag
background_review	B04051	sub-92	sub-92	59	background_review	False	2	1	1	0	pass	many_10mad_outliers	review	mad_only_review
background_review	B04052	sub-92	sub-92	59	background_review	False	2	2	0	0	pass	pass	include	no_review_flag
background_review	B04053	sub-92	sub-92	59	background_review	False	2	2	0	0	pass	pass	include	no_review_flag
background_review	B04054	sub-92	sub-92	59	background_review	False	2	2	0	0	pass	pass	include	no_review_flag
background_review	B04055	sub-92	sub-92	59	background_review	False	2	2	0	0	pass	pass	include	no_review_flag
background_review	B04056	sub-92	sub-92	59	background_review	False	2	1	1	0	pass	many_10mad_outliers	review	mad_only_review
background_review	B04057	sub-92	sub-92	59	background_review	False	2	0	2	0	pass	many_10mad_outliers	review	mad_only_review
background_review	B04058	sub-92	sub-92	59	background_review	False	2	1	1	0	pass	many_10mad_outliers	review	mad_only_review
background_review	B04059	sub-92	sub-92	59	background_review	False	2	0	2	0	pass	many_10mad_outliers	review	mad_only_review
background_review	B04060	sub-92	sub-92	59	background_review	False	2	1	1	0	pass	many_10mad_outliers	review	mad_only_review
background_review	B04061	sub-92	sub-92	59	background_review	False	2	2	0	0	pass	pass	include	no_review_flag
background_review	B04062	sub-92	sub-92	59	background_review	False	2	2	0	0	pass	pass	include	no_review_flag
background_review	B04063	sub-92	sub-92	59	background_review	False	2	2	0	0	pass	pass	include	no_review_flag
background_review	B04064	sub-92	sub-92	59	background_review	False	2	2	0	0	pass	pass	include	no_review_flag
background_review	B04065	sub-92	sub-92	59	background_review	False	2	2	0	0	pass	pass	include	no_review_flag
background_review	B04066	sub-92	sub-92	59	background_review	False	2	2	0	0	pass	pass	include	no_review_flag
background_review	B04067	sub-92	sub-92	59	background_review	False	2	0	2	0	pass	many_10mad_outliers	review	mad_only_review
background_review	B04068	sub-92	sub-92	59	background_review	False	2	0	2	0	pass	many_10mad_outliers	review	mad_only_review
background_review	B04069	sub-92	sub-92	59	background_review	False	2	2	0	0	pass	pass	include	no_review_flag
background_review	B04070	sub-92	sub-92	59	background_review	False	2	2	0	0	pass	pass	include	no_review_flag
background_review	B04071	sub-92	sub-92	59	background_review	False	2	2	0	0	pass	pass	include	no_review_flag
background_review	B04072	sub-92	sub-92	59	background_review	False	2	2	0	0	pass	pass	include	no_review_flag
background_review	B04073	sub-92	sub-92	59	background_review	False	2	2	0	0	pass	pass	include	no_review_flag
background_review	B04074	sub-92	sub-92	59	background_review	False	2	0	2	0	pass	many_10mad_outliers	review	mad_only_review
background_review	B04075	sub-92	sub-92	59	background_review	False	2	2	0	0	pass	pass	include	no_review_flag
background_review	B04076	sub-92	sub-92	59	background_review	False	2	2	0	0	pass	pass	include	no_review_flag
background_review	B04077	sub-93	sub-93	60	background_review	False	2	2	0	0	pass	pass	include	no_review_flag
background_review	B04078	sub-93	sub-93	60	background_review	False	2	2	0	0	pass	pass	include	no_review_flag
background_review	B04079	sub-93	sub-93	60	background_review	False	2	2	0	0	pass	pass	include	no_review_flag
background_review	B04080	sub-93	sub-93	60	background_review	False	2	0	2	0	pass	many_10mad_outliers	review	mad_only_review
background_review	B04081	sub-93	sub-93	60	background_review	False	2	2	0	0	pass	pass	include	no_review_flag
background_review	B04082	sub-93	sub-93	60	background_review	False	2	2	0	0	pass	pass	include	no_review_flag
background_review	B04083	sub-93	sub-93	60	background_review	False	2	2	0	0	pass	pass	include	no_review_flag
background_review	B04084	sub-93	sub-93	60	background_review	False	2	2	0	0	pass	pass	include	no_review_flag
background_review	B04085	sub-93	sub-93	60	background_review	False	2	2	0	0	pass	pass	include	no_review_flag
background_review	B04086	sub-93	sub-93	60	background_review	False	2	0	2	0	pass	many_10mad_outliers	review	mad_only_review
background_review	B04087	sub-93	sub-93	60	background_review	False	2	2	0	0	pass	pass	include	no_review_flag
background_review	B04088	sub-93	sub-93	60	background_review	False	2	2	0	0	pass	pass	include	no_review_flag
background_review	B04089	sub-93	sub-93	60	background_review	False	2	2	0	0	pass	pass	include	no_review_flag
background_review	B04090	sub-93	sub-93	60	background_review	False	2	2	0	0	pass	pass	include	no_review_flag
background_review	B04091	sub-93	sub-93	60	background_review	False	2	2	0	0	pass	pass	include	no_review_flag
background_review	B04092	sub-93	sub-93	60	background_review	False	2	2	0	0	pass	pass	include	no_review_flag
background_review	B04093	sub-93	sub-93	60	background_review	False	2	2	0	0	pass	pass	include	no_review_flag
background_review	B04094	sub-93	sub-93	60	background_review	False	2	0	2	0	pass	many_10mad_outliers	review	mad_only_review
background_review	B04095	sub-93	sub-93	60	background_review	False	2	0	2	0	pass	many_10mad_outliers	review	mad_only_review
background_review	B04096	sub-93	sub-93	60	background_review	False	2	2	0	0	pass	pass	include	no_review_flag
background_review	B04097	sub-93	sub-93	60	background_review	False	2	2	0	0	pass	pass	include	no_review_flag
background_review	B04098	sub-93	sub-93	60	background_review	False	2	2	0	0	pass	pass	include	no_review_flag
background_review	B04099	sub-93	sub-93	60	background_review	False	2	2	0	0	pass	pass	include	no_review_flag
background_review	B04100	sub-93	sub-93	60	background_review	False	2	2	0	0	pass	pass	include	no_review_flag
background_review	B04101	sub-93	sub-93	60	background_review	False	2	2	0	0	pass	pass	include	no_review_flag
background_review	B04102	sub-93	sub-93	60	background_review	False	2	2	0	0	pass	pass	include	no_review_flag
background_review	B04103	sub-93	sub-93	60	background_review	False	2	2	0	0	pass	pass	include	no_review_flag
background_review	B04104	sub-93	sub-93	60	background_review	False	2	2	0	0	pass	pass	include	no_review_flag
background_review	B04105	sub-93	sub-93	60	background_review	False	2	2	0	0	pass	pass	include	no_review_flag
background_review	B04106	sub-93	sub-93	60	background_review	False	2	2	0	0	pass	pass	include	no_review_flag
background_review	B04107	sub-93	sub-93	60	background_review	False	2	2	0	0	pass	pass	include	no_review_flag
background_review	B04108	sub-93	sub-93	60	background_review	False	2	1	1	0	pass	many_10mad_outliers	review	mad_only_review
background_review	B04109	sub-93	sub-93	60	background_review	False	2	1	1	0	pass	many_10mad_outliers	review	mad_only_review
background_review	B04110	sub-93	sub-93	60	background_review	False	2	0	2	0	pass	many_10mad_outliers	review	mad_only_review
background_review	B04111	sub-93	sub-93	60	background_review	False	2	0	2	0	pass	many_10mad_outliers	review	mad_only_review
background_review	B04112	sub-94	sub-94	61	background_review	False	2	1	1	0	pass	many_10mad_outliers	review	mad_only_review
background_review	B04113	sub-94	sub-94	61	background_review	False	2	1	1	0	pass	many_10mad_outliers	review	mad_only_review
background_review	B04114	sub-94	sub-94	61	background_review	False	2	2	0	0	pass	pass	include	no_review_flag
background_review	B04115	sub-94	sub-94	61	background_review	False	2	2	0	0	pass	pass	include	no_review_flag
background_review	B04116	sub-94	sub-94	61	background_review	False	2	2	0	0	pass	pass	include	no_review_flag
background_review	B04117	sub-94	sub-94	61	background_review	False	2	0	2	0	pass	many_10mad_outliers	review	mad_only_review
background_review	B04118	sub-94	sub-94	61	background_review	False	2	2	0	0	pass	pass	include	no_review_flag
background_review	B04119	sub-94	sub-94	61	background_review	False	2	2	0	0	pass	pass	include	no_review_flag
background_review	B04120	sub-94	sub-94	61	background_review	False	2	2	0	0	pass	pass	include	no_review_flag
background_review	B04121	sub-94	sub-94	61	background_review	False	2	2	0	0	pass	pass	include	no_review_flag
background_review	B04122	sub-94	sub-94	61	background_review	False	2	0	2	0	pass	high_robust_range;many_10mad_outliers	review	targeted_review
background_review	B04123	sub-94	sub-94	61	background_review	False	2	0	2	0	pass	many_10mad_outliers	review	mad_only_review
background_review	B04124	sub-94	sub-94	61	background_review	False	2	0	2	0	pass	many_10mad_outliers	review	mad_only_review
background_review	B04125	sub-94	sub-94	61	background_review	False	2	1	1	0	pass	high_robust_range;many_10mad_outliers	review	targeted_review
background_review	B04126	sub-94	sub-94	61	background_review	False	2	2	0	0	pass	pass	include	no_review_flag
background_review	B04127	sub-94	sub-94	61	background_review	False	2	0	2	0	pass	many_10mad_outliers	review	mad_only_review
background_review	B04128	sub-94	sub-94	61	background_review	False	2	0	2	0	pass	many_10mad_outliers	review	mad_only_review
background_review	B04129	sub-94	sub-94	61	background_review	False	2	1	1	0	pass	many_10mad_outliers	review	mad_only_review
background_review	B04130	sub-94	sub-94	61	background_review	False	2	0	2	0	pass	high_robust_range;many_10mad_outliers	review	targeted_review
background_review	B04131	sub-94	sub-94	61	background_review	False	2	0	2	0	pass	many_10mad_outliers	review	mad_only_review
background_review	B04132	sub-94	sub-94	61	background_review	False	2	0	2	0	pass	high_robust_range;many_10mad_outliers	review	targeted_review
background_review	B04133	sub-94	sub-94	61	background_review	False	2	2	0	0	pass	pass	include	no_review_flag
background_review	B04134	sub-94	sub-94	61	background_review	False	2	1	1	0	pass	many_10mad_outliers	review	mad_only_review
background_review	B04135	sub-94	sub-94	61	background_review	False	2	1	1	0	pass	many_10mad_outliers	review	mad_only_review
background_review	B04136	sub-94	sub-94	61	background_review	False	2	1	1	0	pass	many_10mad_outliers	review	mad_only_review
background_review	B04137	sub-94	sub-94	61	background_review	False	2	2	0	0	pass	pass	include	no_review_flag
background_review	B04138	sub-94	sub-94	61	background_review	False	2	2	0	0	pass	pass	include	no_review_flag
background_review	B04139	sub-94	sub-94	61	background_review	False	2	1	1	0	pass	many_10mad_outliers	review	mad_only_review
background_review	B04140	sub-94	sub-94	61	background_review	False	2	1	1	0	pass	high_robust_range;many_10mad_outliers	review	targeted_review
background_review	B04141	sub-94	sub-94	61	background_review	False	2	0	2	0	pass	many_10mad_outliers	review	mad_only_review
background_review	B04142	sub-94	sub-94	61	background_review	False	2	0	2	0	pass	many_10mad_outliers	review	mad_only_review
background_review	B04143	sub-95	sub-95	62	background_review	False	2	2	0	0	pass	pass	include	no_review_flag
background_review	B04144	sub-95	sub-95	62	background_review	False	2	0	2	0	pass	many_10mad_outliers	review	mad_only_review
background_review	B04145	sub-95	sub-95	62	background_review	False	2	1	1	0	pass	many_10mad_outliers	review	mad_only_review
background_review	B04146	sub-95	sub-95	62	background_review	False	2	0	2	0	pass	many_10mad_outliers	review	mad_only_review
background_review	B04147	sub-95	sub-95	62	background_review	False	2	0	2	0	pass	many_10mad_outliers	review	mad_only_review
background_review	B04148	sub-95	sub-95	62	background_review	False	2	0	2	0	pass	many_10mad_outliers	review	mad_only_review
background_review	B04149	sub-95	sub-95	62	background_review	False	2	2	0	0	pass	pass	include	no_review_flag
background_review	B04150	sub-95	sub-95	62	background_review	False	2	0	2	0	pass	many_10mad_outliers	review	mad_only_review
background_review	B04151	sub-95	sub-95	62	background_review	False	2	1	1	0	pass	many_10mad_outliers	review	mad_only_review
background_review	B04152	sub-95	sub-95	62	background_review	False	2	2	0	0	pass	pass	include	no_review_flag
background_review	B04153	sub-95	sub-95	62	background_review	False	2	2	0	0	pass	pass	include	no_review_flag
background_review	B04154	sub-95	sub-95	62	background_review	False	2	2	0	0	pass	pass	include	no_review_flag
background_review	B04155	sub-95	sub-95	62	background_review	False	2	1	1	0	pass	many_10mad_outliers	review	mad_only_review
background_review	B04156	sub-95	sub-95	62	background_review	False	2	1	1	0	pass	many_10mad_outliers	review	mad_only_review
background_review	B04157	sub-95	sub-95	62	background_review	False	2	0	2	0	pass	many_10mad_outliers	review	mad_only_review
background_review	B04158	sub-95	sub-95	62	background_review	False	2	0	2	0	pass	many_10mad_outliers	review	mad_only_review
background_review	B04159	sub-95	sub-95	62	background_review	False	2	2	0	0	pass	pass	include	no_review_flag
background_review	B04160	sub-95	sub-95	62	background_review	False	2	2	0	0	pass	pass	include	no_review_flag
background_review	B04161	sub-95	sub-95	62	background_review	False	2	2	0	0	pass	pass	include	no_review_flag
background_review	B04162	sub-95	sub-95	62	background_review	False	2	2	0	0	pass	pass	include	no_review_flag
background_review	B04163	sub-95	sub-95	62	background_review	False	2	2	0	0	pass	pass	include	no_review_flag
background_review	B04164	sub-95	sub-95	62	background_review	False	2	1	1	0	pass	many_10mad_outliers	review	mad_only_review
background_review	B04165	sub-95	sub-95	62	background_review	False	2	1	1	0	pass	many_10mad_outliers	review	mad_only_review
background_review	B04166	sub-95	sub-95	62	background_review	False	2	1	1	0	pass	many_10mad_outliers	review	mad_only_review
background_review	B04167	sub-95	sub-95	62	background_review	False	2	0	2	0	pass	many_10mad_outliers	review	mad_only_review
background_review	B04168	sub-95	sub-95	62	background_review	False	2	0	2	0	pass	high_robust_range;many_10mad_outliers	review	targeted_review
background_review	B04169	sub-95	sub-95	62	background_review	False	2	2	0	0	pass	pass	include	no_review_flag
background_review	B04170	sub-95	sub-95	62	background_review	False	2	1	1	0	pass	many_10mad_outliers	review	mad_only_review
background_review	B04171	sub-95	sub-95	62	background_review	False	2	1	1	0	pass	many_10mad_outliers	review	mad_only_review
background_review	B04172	sub-95	sub-95	62	background_review	False	2	2	0	0	pass	pass	include	no_review_flag
background_review	B04173	sub-95	sub-95	62	background_review	False	2	2	0	0	pass	pass	include	no_review_flag
background_review	B04174	sub-95	sub-95	62	background_review	False	2	2	0	0	pass	pass	include	no_review_flag
background_review	B04175	sub-95	sub-95	62	background_review	False	2	2	0	0	pass	pass	include	no_review_flag
background_review	B04176	sub-95	sub-95	62	background_review	False	2	1	1	0	pass	many_10mad_outliers	review	mad_only_review
background_review	B04177	sub-95	sub-95	62	background_review	False	2	1	1	0	pass	many_10mad_outliers	review	mad_only_review
background_review	B04178	sub-95	sub-95	62	background_review	False	2	0	2	0	pass	high_robust_range;many_10mad_outliers	review	targeted_review
background_review	B04179	sub-95	sub-95	62	background_review	False	2	0	2	0	pass	high_robust_range;many_10mad_outliers	review	targeted_review
background_review	B04180	sub-96	sub-96	63	background_review	False	2	2	0	0	pass	pass	include	no_review_flag
background_review	B04181	sub-96	sub-96	63	background_review	False	2	2	0	0	pass	pass	include	no_review_flag
background_review	B04182	sub-96	sub-96	63	background_review	False	2	2	0	0	pass	pass	include	no_review_flag
background_review	B04183	sub-96	sub-96	63	background_review	False	2	2	0	0	pass	pass	include	no_review_flag
background_review	B04184	sub-96	sub-96	63	background_review	False	2	2	0	0	pass	pass	include	no_review_flag
background_review	B04185	sub-96	sub-96	63	background_review	False	2	2	0	0	pass	pass	include	no_review_flag
background_review	B04186	sub-96	sub-96	63	background_review	False	2	2	0	0	pass	pass	include	no_review_flag
background_review	B04187	sub-96	sub-96	63	background_review	False	2	0	2	0	pass	many_10mad_outliers	review	mad_only_review
background_review	B04188	sub-96	sub-96	63	background_review	False	2	2	0	0	pass	pass	include	no_review_flag
background_review	B04189	sub-96	sub-96	63	background_review	False	2	2	0	0	pass	pass	include	no_review_flag
background_review	B04190	sub-96	sub-96	63	background_review	False	2	2	0	0	pass	pass	include	no_review_flag
background_review	B04191	sub-96	sub-96	63	background_review	False	2	2	0	0	pass	pass	include	no_review_flag
background_review	B04192	sub-96	sub-96	63	background_review	False	2	2	0	0	pass	pass	include	no_review_flag
background_review	B04193	sub-96	sub-96	63	background_review	False	2	2	0	0	pass	pass	include	no_review_flag
background_review	B04194	sub-96	sub-96	63	background_review	False	2	0	2	0	pass	many_10mad_outliers	review	mad_only_review
background_review	B04195	sub-96	sub-96	63	background_review	False	2	2	0	0	pass	pass	include	no_review_flag
background_review	B04196	sub-96	sub-96	63	background_review	False	2	2	0	0	pass	pass	include	no_review_flag
background_review	B04197	sub-96	sub-96	63	background_review	False	2	2	0	0	pass	pass	include	no_review_flag
background_review	B04198	sub-96	sub-96	63	background_review	False	2	2	0	0	pass	pass	include	no_review_flag
background_review	B04199	sub-96	sub-96	63	background_review	False	2	2	0	0	pass	pass	include	no_review_flag
background_review	B04200	sub-96	sub-96	63	background_review	False	2	2	0	0	pass	pass	include	no_review_flag
background_review	B04201	sub-96	sub-96	63	background_review	False	2	1	1	0	pass	many_10mad_outliers	review	mad_only_review
background_review	B04202	sub-96	sub-96	63	background_review	False	2	0	2	0	pass	many_10mad_outliers	review	mad_only_review
background_review	B04203	sub-96	sub-96	63	background_review	False	2	0	2	0	pass	many_10mad_outliers	review	mad_only_review
background_review	B04204	sub-96	sub-96	63	background_review	False	2	2	0	0	pass	pass	include	no_review_flag
background_review	B04205	sub-96	sub-96	63	background_review	False	2	2	0	0	pass	pass	include	no_review_flag
background_review	B04206	sub-96	sub-96	63	background_review	False	2	2	0	0	pass	pass	include	no_review_flag
background_review	B04207	sub-96	sub-96	63	background_review	False	2	2	0	0	pass	pass	include	no_review_flag
background_review	B04208	sub-96	sub-96	63	background_review	False	2	0	2	0	pass	many_10mad_outliers	review	mad_only_review
background_review	B04209	sub-96	sub-96	63	background_review	False	2	0	2	0	pass	many_10mad_outliers	review	mad_only_review
background_review	B04210	sub-97	sub-97	64	background_review	False	2	2	0	0	pass	pass	include	no_review_flag
background_review	B04211	sub-97	sub-97	64	background_review	False	2	2	0	0	pass	pass	include	no_review_flag
background_review	B04212	sub-97	sub-97	64	background_review	False	2	2	0	0	pass	pass	include	no_review_flag
background_review	B04213	sub-97	sub-97	64	background_review	False	2	0	2	0	pass	many_10mad_outliers	review	mad_only_review
background_review	B04214	sub-97	sub-97	64	background_review	False	2	2	0	0	pass	pass	include	no_review_flag
background_review	B04215	sub-97	sub-97	64	background_review	False	2	2	0	0	pass	pass	include	no_review_flag
background_review	B04216	sub-97	sub-97	64	background_review	False	2	2	0	0	pass	pass	include	no_review_flag
background_review	B04217	sub-97	sub-97	64	background_review	False	2	1	1	0	pass	many_10mad_outliers	review	mad_only_review
background_review	B04218	sub-97	sub-97	64	background_review	False	2	2	0	0	pass	pass	include	no_review_flag
background_review	B04219	sub-97	sub-97	64	background_review	False	2	2	0	0	pass	pass	include	no_review_flag
background_review	B04220	sub-97	sub-97	64	background_review	False	2	2	0	0	pass	pass	include	no_review_flag
background_review	B04221	sub-97	sub-97	64	background_review	False	2	0	2	0	pass	many_10mad_outliers	review	mad_only_review
background_review	B04222	sub-97	sub-97	64	background_review	False	2	1	1	0	pass	many_10mad_outliers	review	mad_only_review
background_review	B04223	sub-97	sub-97	64	background_review	False	2	0	2	0	pass	many_10mad_outliers	review	mad_only_review
background_review	B04224	sub-97	sub-97	64	background_review	False	2	2	0	0	pass	pass	include	no_review_flag
background_review	B04225	sub-97	sub-97	64	background_review	False	2	2	0	0	pass	pass	include	no_review_flag
background_review	B04226	sub-97	sub-97	64	background_review	False	2	2	0	0	pass	pass	include	no_review_flag
background_review	B04227	sub-97	sub-97	64	background_review	False	2	1	1	0	pass	many_10mad_outliers	review	mad_only_review
background_review	B04228	sub-97	sub-97	64	background_review	False	2	1	1	0	pass	many_10mad_outliers	review	mad_only_review
background_review	B04229	sub-97	sub-97	64	background_review	False	2	0	2	0	pass	many_10mad_outliers	review	mad_only_review
background_review	B04230	sub-97	sub-97	64	background_review	False	2	0	2	0	pass	many_10mad_outliers	review	mad_only_review
background_review	B04231	sub-97	sub-97	64	background_review	False	2	0	2	0	pass	many_10mad_outliers	review	mad_only_review
background_review	B04232	sub-97	sub-97	64	background_review	False	2	2	0	0	pass	pass	include	no_review_flag
background_review	B04233	sub-97	sub-97	64	background_review	False	2	2	0	0	pass	pass	include	no_review_flag
background_review	B04234	sub-97	sub-97	64	background_review	False	2	2	0	0	pass	pass	include	no_review_flag
background_review	B04235	sub-97	sub-97	64	background_review	False	2	2	0	0	pass	pass	include	no_review_flag
background_review	B04236	sub-97	sub-97	64	background_review	False	2	1	1	0	pass	many_10mad_outliers	review	mad_only_review
background_review	B04237	sub-97	sub-97	64	background_review	False	2	1	1	0	pass	many_10mad_outliers	review	mad_only_review
background_review	B04238	sub-98	sub-98	65	background_review	False	2	0	2	0	pass	many_10mad_outliers	review	mad_only_review
background_review	B04239	sub-98	sub-98	65	background_review	False	2	0	2	0	pass	many_10mad_outliers	review	mad_only_review
background_review	B04240	sub-98	sub-98	65	background_review	False	2	0	2	0	pass	many_10mad_outliers	review	mad_only_review
background_review	B04241	sub-98	sub-98	65	background_review	False	2	0	2	0	pass	many_10mad_outliers	review	mad_only_review
background_review	B04242	sub-98	sub-98	65	background_review	False	2	2	0	0	pass	pass	include	no_review_flag
background_review	B04243	sub-98	sub-98	65	background_review	False	2	2	0	0	pass	pass	include	no_review_flag
background_review	B04244	sub-98	sub-98	65	background_review	False	2	2	0	0	pass	pass	include	no_review_flag
background_review	B04245	sub-98	sub-98	65	background_review	False	2	2	0	0	pass	pass	include	no_review_flag
background_review	B04246	sub-98	sub-98	65	background_review	False	2	0	2	0	pass	many_10mad_outliers	review	mad_only_review
background_review	B04247	sub-98	sub-98	65	background_review	False	2	2	0	0	pass	pass	include	no_review_flag
background_review	B04248	sub-98	sub-98	65	background_review	False	2	0	2	0	pass	many_10mad_outliers	review	mad_only_review
background_review	B04249	sub-98	sub-98	65	background_review	False	2	0	2	0	pass	many_10mad_outliers	review	mad_only_review
background_review	B04250	sub-98	sub-98	65	background_review	False	2	2	0	0	pass	pass	include	no_review_flag
background_review	B04251	sub-98	sub-98	65	background_review	False	2	2	0	0	pass	pass	include	no_review_flag
background_review	B04252	sub-98	sub-98	65	background_review	False	2	2	0	0	pass	pass	include	no_review_flag
background_review	B04253	sub-98	sub-98	65	background_review	False	2	2	0	0	pass	pass	include	no_review_flag
background_review	B04254	sub-98	sub-98	65	background_review	False	2	0	2	0	pass	many_10mad_outliers	review	mad_only_review
background_review	B04255	sub-98	sub-98	65	background_review	False	2	1	1	0	pass	many_10mad_outliers	review	mad_only_review
background_review	B04256	sub-98	sub-98	65	background_review	False	2	2	0	0	pass	pass	include	no_review_flag
background_review	B04257	sub-98	sub-98	65	background_review	False	2	0	2	0	pass	many_10mad_outliers	review	mad_only_review
background_review	B04258	sub-98	sub-98	65	background_review	False	2	0	2	0	pass	many_10mad_outliers	review	mad_only_review
background_review	B04259	sub-98	sub-98	65	background_review	False	2	2	0	0	pass	pass	include	no_review_flag
background_review	B04260	sub-98	sub-98	65	background_review	False	2	0	2	0	pass	many_10mad_outliers	review	mad_only_review
background_review	B04261	sub-98	sub-98	65	background_review	False	2	2	0	0	pass	pass	include	no_review_flag
background_review	B04262	sub-98	sub-98	65	background_review	False	2	2	0	0	pass	pass	include	no_review_flag
background_review	B04263	sub-98	sub-98	65	background_review	False	2	2	0	0	pass	pass	include	no_review_flag
background_review	B04264	sub-98	sub-98	65	background_review	False	2	2	0	0	pass	pass	include	no_review_flag
background_review	B04265	sub-98	sub-98	65	background_review	False	2	2	0	0	pass	pass	include	no_review_flag
background_review	B04266	sub-98	sub-98	65	background_review	False	2	2	0	0	pass	pass	include	no_review_flag
background_review	B04267	sub-98	sub-98	65	background_review	False	2	2	0	0	pass	pass	include	no_review_flag
background_review	B04268	sub-98	sub-98	65	background_review	False	2	2	0	0	pass	pass	include	no_review_flag
background_review	B04269	sub-99	sub-99	66	background_review	False	2	2	0	0	pass	pass	include	no_review_flag
background_review	B04270	sub-99	sub-99	66	background_review	False	2	2	0	0	pass	pass	include	no_review_flag
background_review	B04271	sub-99	sub-99	66	background_review	False	2	2	0	0	pass	pass	include	no_review_flag
background_review	B04272	sub-99	sub-99	66	background_review	False	2	1	1	0	pass	many_10mad_outliers	review	mad_only_review
background_review	B04273	sub-99	sub-99	66	background_review	False	2	1	1	0	pass	many_10mad_outliers	review	mad_only_review
background_review	B04274	sub-99	sub-99	66	background_review	False	2	0	2	0	pass	many_10mad_outliers	review	mad_only_review
background_review	B04275	sub-99	sub-99	66	background_review	False	2	0	2	0	pass	many_10mad_outliers	review	mad_only_review
background_review	B04276	sub-99	sub-99	66	background_review	False	2	1	1	0	pass	many_10mad_outliers	review	mad_only_review
background_review	B04277	sub-99	sub-99	66	background_review	False	2	0	2	0	pass	many_10mad_outliers	review	mad_only_review
background_review	B04278	sub-99	sub-99	66	background_review	False	2	2	0	0	pass	pass	include	no_review_flag
background_review	B04279	sub-99	sub-99	66	background_review	False	2	2	0	0	pass	pass	include	no_review_flag
background_review	B04280	sub-99	sub-99	66	background_review	False	2	2	0	0	pass	pass	include	no_review_flag
background_review	B04281	sub-99	sub-99	66	background_review	False	2	2	0	0	pass	pass	include	no_review_flag
background_review	B04282	sub-99	sub-99	66	background_review	False	2	2	0	0	pass	pass	include	no_review_flag
background_review	B04283	sub-99	sub-99	66	background_review	False	2	0	2	0	pass	many_10mad_outliers	review	mad_only_review
background_review	B04284	sub-99	sub-99	66	background_review	False	2	1	1	0	pass	many_10mad_outliers	review	mad_only_review
background_review	B04285	sub-99	sub-99	66	background_review	False	2	2	0	0	pass	pass	include	no_review_flag
background_review	B04286	sub-99	sub-99	66	background_review	False	2	2	0	0	pass	pass	include	no_review_flag
background_review	B04287	sub-99	sub-99	66	background_review	False	2	2	0	0	pass	pass	include	no_review_flag
background_review	B04288	sub-99	sub-99	66	background_review	False	2	2	0	0	pass	pass	include	no_review_flag
background_review	B04289	sub-99	sub-99	66	background_review	False	2	2	0	0	pass	pass	include	no_review_flag
background_review	B04290	sub-99	sub-99	66	background_review	False	2	2	0	0	pass	pass	include	no_review_flag
background_review	B04291	sub-99	sub-99	66	background_review	False	2	2	0	0	pass	pass	include	no_review_flag
background_review	B04292	sub-99	sub-99	66	background_review	False	2	0	2	0	pass	many_10mad_outliers	review	mad_only_review
background_review	B04293	sub-99	sub-99	66	background_review	False	2	0	2	0	pass	high_peak_to_peak;high_robust_range;many_10mad_outliers	review	targeted_review
background_review	B04294	sub-99	sub-99	66	background_review	False	2	0	2	0	pass	many_10mad_outliers	review	mad_only_review
background_review	B04295	sub-99	sub-99	66	background_review	False	2	2	0	0	pass	pass	include	no_review_flag
background_review	B04296	sub-99	sub-99	66	background_review	False	2	2	0	0	pass	pass	include	no_review_flag
background_review	B04297	sub-99	sub-99	66	background_review	False	2	2	0	0	pass	pass	include	no_review_flag
background_review	B04298	sub-99	sub-99	66	background_review	False	2	2	0	0	pass	pass	include	no_review_flag
background_review	B04299	sub-99	sub-99	66	background_review	False	2	2	0	0	pass	pass	include	no_review_flag
background_review	B04300	sub-99	sub-99	66	background_review	False	2	2	0	0	pass	pass	include	no_review_flag
background_review	B04301	sub-99	sub-99	66	background_review	False	2	0	2	0	pass	many_10mad_outliers	review	mad_only_review
background_review	B04302	sub-99	sub-99	66	background_review	False	2	0	2	0	pass	many_10mad_outliers	review	mad_only_review
transition	T0001	sub-1	sub-1	89	REM_to_Wake	True	2	0	0	2	constant_signal;flatline_at_least_5_sec;near_flat_robust_range	repeated_endpoints	exclude	critical_exclusion
transition	T0002	sub-1	sub-1	89	REM_to_Wake	True	2	0	0	2	constant_signal;flatline_at_least_5_sec;near_flat_robust_range	repeated_endpoints	exclude	critical_exclusion
transition	T0003	sub-1	sub-1	89	REM_to_Wake	True	2	0	0	2	constant_signal;flatline_at_least_5_sec;near_flat_robust_range	repeated_endpoints	exclude	critical_exclusion
transition	T0004	sub-1	sub-1	89	REM_to_Wake	True	2	0	0	2	constant_signal;flatline_at_least_5_sec;near_flat_robust_range	repeated_endpoints	exclude	critical_exclusion
transition	T0005	sub-1	sub-1	89	REM_to_Wake	True	2	0	0	2	constant_signal;flatline_at_least_5_sec;near_flat_robust_range	repeated_endpoints	exclude	critical_exclusion
transition	T0377	sub-100	sub-100	67	REM_to_Wake	True	2	0	2	0	pass	many_10mad_outliers	review	mad_only_review
transition	T0378	sub-100	sub-100	67	REM_to_Wake	True	2	0	2	0	pass	high_robust_range;many_10mad_outliers	review	targeted_review
transition	T0379	sub-100	sub-100	67	Wake_to_REM	False	2	0	2	0	pass	high_robust_range;many_10mad_outliers	review	targeted_review
transition	T0380	sub-100	sub-100	67	REM_to_Wake	True	2	1	1	0	pass	many_10mad_outliers	review	mad_only_review
transition	T0381	sub-100	sub-100	67	REM_to_Wake	True	2	0	2	0	pass	many_10mad_outliers	review	mad_only_review
transition	T0382	sub-100	sub-100	67	Wake_to_REM	False	2	0	2	0	pass	many_10mad_outliers	review	mad_only_review
transition	T0383	sub-100	sub-100	67	REM_to_Wake	True	2	0	2	0	pass	many_10mad_outliers	review	mad_only_review
transition	T0384	sub-101	sub-101	68	REM_to_Wake	True	2	2	0	0	pass	pass	include	no_review_flag
transition	T0385	sub-101	sub-101	68	Wake_to_REM	False	2	2	0	0	pass	pass	include	no_review_flag
transition	T0386	sub-101	sub-101	68	REM_to_Wake	True	2	1	1	0	pass	many_10mad_outliers	review	mad_only_review
transition	T0387	sub-101	sub-101	68	Wake_to_REM	False	2	1	1	0	pass	many_10mad_outliers	review	mad_only_review
transition	T0388	sub-101	sub-101	68	REM_to_Wake	True	2	1	1	0	pass	many_10mad_outliers	review	mad_only_review
transition	T0389	sub-101	sub-101	68	REM_to_Wake	True	2	1	1	0	pass	many_10mad_outliers	review	mad_only_review
transition	T0390	sub-101	sub-101	68	Wake_to_REM	False	2	0	2	0	pass	many_10mad_outliers	review	mad_only_review
transition	T0391	sub-101	sub-101	68	REM_to_Wake	True	2	0	2	0	pass	many_10mad_outliers	review	mad_only_review
transition	T0392	sub-102	sub-102	69	REM_to_Wake	True	2	0	2	0	pass	many_10mad_outliers	review	mad_only_review
transition	T0393	sub-102	sub-102	69	Wake_to_REM	False	2	1	1	0	pass	many_10mad_outliers	review	mad_only_review
transition	T0394	sub-102	sub-102	69	REM_to_Wake	True	2	0	2	0	pass	many_10mad_outliers	review	mad_only_review
transition	T0395	sub-102	sub-102	69	REM_to_Wake	True	2	0	2	0	pass	many_10mad_outliers	review	mad_only_review
transition	T0396	sub-104	sub-104	72	REM_to_Wake	True	2	0	2	0	pass	many_10mad_outliers	review	mad_only_review
transition	T0397	sub-104	sub-104	72	REM_to_Wake	True	2	0	2	0	pass	high_peak_to_peak;high_robust_range;many_10mad_outliers	review	targeted_review
transition	T0398	sub-105	sub-105	73	REM_to_Wake	True	2	2	0	0	pass	pass	include	no_review_flag
transition	T0399	sub-105	sub-105	73	REM_to_Wake	True	2	0	2	0	pass	many_10mad_outliers	review	mad_only_review
transition	T0400	sub-105	sub-105	73	REM_to_Wake	True	2	0	2	0	pass	many_10mad_outliers	review	mad_only_review
transition	T0401	sub-106	sub-106	74	Wake_to_REM	False	2	1	1	0	pass	many_10mad_outliers	review	mad_only_review
transition	T0402	sub-106	sub-106	74	REM_to_Wake	True	2	0	2	0	pass	many_10mad_outliers	review	mad_only_review
transition	T0403	sub-107	sub-107	75	REM_to_Wake	True	2	0	2	0	pass	many_10mad_outliers	review	mad_only_review
transition	T0404	sub-108	sub-108	76	REM_to_Wake	True	2	0	2	0	pass	high_peak_to_peak;high_robust_range;many_10mad_outliers	review	targeted_review
transition	T0405	sub-108	sub-108	76	REM_to_Wake	True	2	0	2	0	pass	many_10mad_outliers	review	mad_only_review
transition	T0406	sub-108	sub-108	76	Wake_to_REM	False	2	1	1	0	pass	many_10mad_outliers	review	mad_only_review
transition	T0407	sub-109	sub-109	96	REM_to_Wake	True	2	2	0	0	pass	pass	include	no_review_flag
transition	T0408	sub-109	sub-109	96	REM_to_Wake	True	2	2	0	0	pass	pass	include	no_review_flag
transition	T0409	sub-109	sub-109	96	Wake_to_REM	False	2	2	0	0	pass	pass	include	no_review_flag
transition	T0410	sub-109	sub-109	96	REM_to_Wake	True	2	0	2	0	pass	many_10mad_outliers	review	mad_only_review
transition	T0411	sub-109	sub-109	96	REM_to_Wake	True	2	0	2	0	pass	many_10mad_outliers	review	mad_only_review
transition	T0412	sub-109	sub-109	96	REM_to_Wake	True	2	2	0	0	pass	pass	include	no_review_flag
transition	T0036	sub-11	sub-11	8	REM_to_Wake	True	2	0	2	0	pass	high_peak_to_peak;high_robust_range;many_10mad_outliers	review	targeted_review
transition	T0037	sub-11	sub-11	8	REM_to_Wake	True	2	1	1	0	pass	high_peak_to_peak;high_robust_range;many_abrupt_jumps;repeated_endpoints	review	targeted_review
transition	T0038	sub-11	sub-11	8	Wake_to_REM	False	2	1	1	0	pass	high_peak_to_peak;high_robust_range;many_abrupt_jumps;repeated_endpoints	review	targeted_review
transition	T0413	sub-110	sub-110	96	REM_to_Wake	True	2	0	2	0	pass	high_peak_to_peak;high_robust_range;many_10mad_outliers;repeated_endpoints	review	targeted_review
transition	T0414	sub-110	sub-110	96	REM_to_Wake	True	2	1	1	0	pass	high_peak_to_peak;high_robust_range;many_10mad_outliers;repeated_endpoints	review	targeted_review
transition	T0415	sub-110	sub-110	96	REM_to_Wake	True	2	0	2	0	pass	high_peak_to_peak;high_robust_range;many_10mad_outliers;repeated_endpoints	review	targeted_review
transition	T0416	sub-110	sub-110	96	REM_to_Wake	True	2	0	2	0	pass	high_peak_to_peak;high_robust_range;many_10mad_outliers;repeated_endpoints	review	targeted_review
transition	T0417	sub-111	sub-111	96	REM_to_Wake	True	2	2	0	0	pass	pass	include	no_review_flag
transition	T0418	sub-111	sub-111	96	Wake_to_REM	False	2	2	0	0	pass	pass	include	no_review_flag
transition	T0419	sub-111	sub-111	96	REM_to_Wake	True	2	2	0	0	pass	pass	include	no_review_flag
transition	T0420	sub-111	sub-111	96	REM_to_Wake	True	2	2	0	0	pass	pass	include	no_review_flag
transition	T0421	sub-111	sub-111	96	REM_to_Wake	True	2	0	2	0	pass	many_10mad_outliers	review	mad_only_review
transition	T0422	sub-111	sub-111	96	REM_to_Wake	True	2	0	2	0	pass	many_10mad_outliers	review	mad_only_review
transition	T0423	sub-112	sub-112	97	REM_to_Wake	True	2	0	2	0	pass	many_10mad_outliers	review	mad_only_review
transition	T0424	sub-112	sub-112	97	REM_to_Wake	True	2	2	0	0	pass	pass	include	no_review_flag
transition	T0425	sub-112	sub-112	97	Wake_to_REM	False	2	2	0	0	pass	pass	include	no_review_flag
transition	T0426	sub-112	sub-112	97	REM_to_Wake	True	2	0	2	0	pass	many_10mad_outliers	review	mad_only_review
transition	T0427	sub-113	sub-113	97	REM_to_Wake	True	2	0	2	0	pass	many_10mad_outliers	review	mad_only_review
transition	T0428	sub-113	sub-113	97	Wake_to_REM	False	2	0	2	0	pass	many_10mad_outliers	review	mad_only_review
transition	T0429	sub-113	sub-113	97	REM_to_Wake	True	2	2	0	0	pass	pass	include	no_review_flag
transition	T0430	sub-114	sub-114	97	REM_to_Wake	True	2	1	1	0	pass	many_10mad_outliers	review	mad_only_review
transition	T0431	sub-115	sub-115	98	REM_to_Wake	True	2	2	0	0	pass	pass	include	no_review_flag
transition	T0432	sub-116	sub-116	98	REM_to_Wake	True	2	0	2	0	pass	many_10mad_outliers	review	mad_only_review
transition	T0433	sub-116	sub-116	98	REM_to_Wake	True	2	0	2	0	pass	high_robust_range;many_10mad_outliers	review	targeted_review
transition	T0434	sub-116	sub-116	98	Wake_to_REM	False	2	0	2	0	pass	high_robust_range;many_10mad_outliers	review	targeted_review
transition	T0435	sub-117	sub-117	98	REM_to_Wake	True	2	2	0	0	pass	pass	include	no_review_flag
transition	T0436	sub-117	sub-117	98	Wake_to_REM	False	2	2	0	0	pass	pass	include	no_review_flag
transition	T0437	sub-117	sub-117	98	REM_to_Wake	True	2	2	0	0	pass	pass	include	no_review_flag
transition	T0438	sub-117	sub-117	98	Wake_to_REM	False	2	1	1	0	pass	many_10mad_outliers	review	mad_only_review
transition	T0439	sub-117	sub-117	98	REM_to_Wake	True	2	0	2	0	pass	many_10mad_outliers	review	mad_only_review
transition	T0440	sub-117	sub-117	98	Wake_to_REM	False	2	0	2	0	pass	many_10mad_outliers	review	mad_only_review
transition	T0441	sub-117	sub-117	98	REM_to_Wake	True	2	0	2	0	pass	many_10mad_outliers	review	mad_only_review
transition	T0442	sub-117	sub-117	98	REM_to_Wake	True	2	0	2	0	pass	high_peak_to_peak;many_10mad_outliers	review	targeted_review
transition	T0443	sub-118	sub-118	99	REM_to_Wake	True	2	0	2	0	pass	many_10mad_outliers	review	mad_only_review
transition	T0444	sub-118	sub-118	99	Wake_to_REM	False	2	0	2	0	pass	many_10mad_outliers	review	mad_only_review
transition	T0445	sub-118	sub-118	99	REM_to_Wake	True	2	0	2	0	pass	many_10mad_outliers	review	mad_only_review
transition	T0446	sub-119	sub-119	99	REM_to_Wake	True	2	0	2	0	pass	many_10mad_outliers	review	mad_only_review
transition	T0447	sub-119	sub-119	99	REM_to_Wake	True	2	0	2	0	pass	many_10mad_outliers	review	mad_only_review
transition	T0448	sub-119	sub-119	99	REM_to_Wake	True	2	0	2	0	pass	many_10mad_outliers	review	mad_only_review
transition	T0039	sub-12	sub-12	92	REM_to_Wake	True	2	2	0	0	pass	pass	include	no_review_flag
transition	T0040	sub-12	sub-12	92	REM_to_Wake	True	2	0	2	0	pass	many_10mad_outliers	review	mad_only_review
transition	T0041	sub-12	sub-12	92	REM_to_Wake	True	2	2	0	0	pass	pass	include	no_review_flag
transition	T0042	sub-12	sub-12	92	REM_to_Wake	True	2	0	2	0	pass	many_10mad_outliers	review	mad_only_review
transition	T0043	sub-12	sub-12	92	Wake_to_REM	False	2	0	2	0	pass	many_10mad_outliers	review	mad_only_review
transition	T0044	sub-12	sub-12	92	REM_to_Wake	True	2	0	2	0	pass	many_10mad_outliers	review	mad_only_review
transition	T0045	sub-12	sub-12	92	REM_to_Wake	True	2	0	2	0	pass	many_10mad_outliers	review	mad_only_review
transition	T0046	sub-12	sub-12	92	REM_to_Wake	True	2	0	2	0	pass	many_10mad_outliers	review	mad_only_review
transition	T0047	sub-12	sub-12	92	REM_to_Wake	True	2	0	2	0	pass	many_10mad_outliers	review	mad_only_review
transition	T0048	sub-12	sub-12	92	Wake_to_REM	False	2	0	2	0	pass	many_10mad_outliers	review	mad_only_review
transition	T0049	sub-12	sub-12	92	REM_to_Wake	True	2	0	2	0	pass	many_10mad_outliers	review	mad_only_review
transition	T0449	sub-120	sub-120	99	REM_to_Wake	True	2	2	0	0	pass	pass	include	no_review_flag
transition	T0450	sub-120	sub-120	99	Wake_to_REM	False	2	2	0	0	pass	pass	include	no_review_flag
transition	T0451	sub-120	sub-120	99	REM_to_Wake	True	2	0	2	0	pass	many_10mad_outliers	review	mad_only_review
transition	T0452	sub-120	sub-120	99	Wake_to_REM	False	2	0	2	0	pass	many_10mad_outliers	review	mad_only_review
transition	T0453	sub-120	sub-120	99	REM_to_Wake	True	2	0	0	2	flatline_at_least_5_sec	high_robust_range;many_10mad_outliers;repeated_endpoints	exclude	critical_exclusion
transition	T0454	sub-121	sub-121	100	REM_to_Wake	True	2	0	2	0	pass	high_peak_to_peak;high_robust_range;many_10mad_outliers;many_abrupt_jumps	review	targeted_review
transition	T0455	sub-123	sub-123	102	REM_to_Wake	True	2	0	2	0	pass	many_10mad_outliers	review	mad_only_review
transition	T0456	sub-123	sub-123	102	REM_to_Wake	True	2	0	2	0	pass	many_10mad_outliers	review	mad_only_review
transition	T0457	sub-123	sub-123	102	Wake_to_REM	False	2	0	2	0	pass	many_10mad_outliers	review	mad_only_review
transition	T0458	sub-124	sub-124	15	REM_to_Wake	True	2	2	0	0	pass	pass	include	no_review_flag
transition	T0459	sub-124	sub-124	15	REM_to_Wake	True	2	0	2	0	pass	many_10mad_outliers	review	mad_only_review
transition	T0460	sub-124	sub-124	15	Wake_to_REM	False	2	0	2	0	pass	many_10mad_outliers	review	mad_only_review
transition	T0461	sub-124	sub-124	15	REM_to_Wake	True	2	0	2	0	pass	many_10mad_outliers	review	mad_only_review
transition	T0462	sub-124	sub-124	15	Wake_to_REM	False	2	0	2	0	pass	many_10mad_outliers	review	mad_only_review
transition	T0463	sub-124	sub-124	15	REM_to_Wake	True	2	0	2	0	pass	many_10mad_outliers	review	mad_only_review
transition	T0464	sub-125	sub-125	104	REM_to_Wake	True	2	1	1	0	pass	many_10mad_outliers	review	mad_only_review
transition	T0465	sub-125	sub-125	104	REM_to_Wake	True	2	0	2	0	pass	many_10mad_outliers	review	mad_only_review
transition	T0466	sub-125	sub-125	104	REM_to_Wake	True	2	0	2	0	pass	many_10mad_outliers	review	mad_only_review
transition	T0467	sub-126	sub-126	106	REM_to_Wake	True	2	0	2	0	pass	many_10mad_outliers	review	mad_only_review
transition	T0468	sub-126	sub-126	106	REM_to_Wake	True	2	0	2	0	pass	high_peak_to_peak;high_robust_range;many_10mad_outliers;many_abrupt_jumps;repeated_endpoints	review	targeted_review
transition	T0469	sub-126	sub-126	106	REM_to_Wake	True	2	1	1	0	pass	high_peak_to_peak;high_robust_range;many_10mad_outliers;many_abrupt_jumps;repeated_endpoints	review	targeted_review
transition	T0470	sub-126	sub-126	106	REM_to_Wake	True	2	1	1	0	pass	high_peak_to_peak;high_robust_range;many_10mad_outliers;repeated_endpoints	review	targeted_review
transition	T0471	sub-126	sub-126	106	Wake_to_REM	False	2	1	1	0	pass	high_peak_to_peak;high_robust_range;many_10mad_outliers;repeated_endpoints	review	targeted_review
transition	T0472	sub-126	sub-126	106	REM_to_Wake	True	2	0	2	0	pass	high_peak_to_peak;high_robust_range;many_10mad_outliers;repeated_endpoints	review	targeted_review
transition	T0473	sub-126	sub-126	106	Wake_to_REM	False	2	0	2	0	pass	high_peak_to_peak;high_robust_range;many_10mad_outliers;repeated_endpoints	review	targeted_review
transition	T0474	sub-126	sub-126	106	REM_to_Wake	True	2	0	2	0	pass	high_peak_to_peak;high_robust_range;many_10mad_outliers;repeated_endpoints	review	targeted_review
transition	T0475	sub-127	sub-127	107	REM_to_Wake	True	2	0	2	0	pass	many_10mad_outliers	review	mad_only_review
transition	T0476	sub-128	sub-128	108	REM_to_Wake	True	2	2	0	0	pass	pass	include	no_review_flag
transition	T0050	sub-14	sub-14	9	REM_to_Wake	True	2	0	2	0	pass	many_10mad_outliers	review	mad_only_review
transition	T0051	sub-14	sub-14	9	REM_to_Wake	True	2	0	2	0	pass	many_10mad_outliers	review	mad_only_review
transition	T0052	sub-14	sub-14	9	REM_to_Wake	True	2	0	2	0	pass	many_10mad_outliers	review	mad_only_review
transition	T0053	sub-14	sub-14	9	REM_to_Wake	True	2	0	0	2	flatline_at_least_5_sec	high_robust_range;repeated_endpoints	exclude	critical_exclusion
transition	T0054	sub-15	sub-15	10	REM_to_Wake	True	2	0	2	0	pass	many_10mad_outliers	review	mad_only_review
transition	T0055	sub-15	sub-15	10	Wake_to_REM	False	2	0	2	0	pass	many_10mad_outliers	review	mad_only_review
transition	T0056	sub-15	sub-15	10	REM_to_Wake	True	2	0	2	0	pass	many_10mad_outliers	review	mad_only_review
transition	T0057	sub-15	sub-15	10	Wake_to_REM	False	2	0	2	0	pass	many_10mad_outliers	review	mad_only_review
transition	T0058	sub-15	sub-15	10	REM_to_Wake	True	2	0	2	0	pass	many_10mad_outliers	review	mad_only_review
transition	T0059	sub-16	sub-16	11	REM_to_Wake	True	2	0	2	0	pass	many_10mad_outliers	review	mad_only_review
transition	T0060	sub-16	sub-16	11	Wake_to_REM	False	2	0	2	0	pass	many_10mad_outliers	review	mad_only_review
transition	T0061	sub-16	sub-16	11	REM_to_Wake	True	2	0	2	0	pass	many_10mad_outliers	review	mad_only_review
transition	T0062	sub-16	sub-16	11	Wake_to_REM	False	2	0	2	0	pass	many_10mad_outliers	review	mad_only_review
transition	T0063	sub-16	sub-16	11	REM_to_Wake	True	2	1	1	0	pass	many_10mad_outliers	review	mad_only_review
transition	T0064	sub-16	sub-16	11	Wake_to_REM	False	2	1	1	0	pass	many_10mad_outliers	review	mad_only_review
transition	T0065	sub-16	sub-16	11	REM_to_Wake	True	2	2	0	0	pass	pass	include	no_review_flag
transition	T0066	sub-16	sub-16	11	Wake_to_REM	False	2	1	1	0	pass	many_10mad_outliers	review	mad_only_review
transition	T0067	sub-16	sub-16	11	REM_to_Wake	True	2	1	1	0	pass	many_10mad_outliers	review	mad_only_review
transition	T0068	sub-16	sub-16	11	Wake_to_REM	False	2	1	1	0	pass	many_10mad_outliers	review	mad_only_review
transition	T0069	sub-16	sub-16	11	REM_to_Wake	True	2	0	2	0	pass	many_10mad_outliers	review	mad_only_review
transition	T0070	sub-16	sub-16	11	Wake_to_REM	False	2	0	2	0	pass	many_10mad_outliers	review	mad_only_review
transition	T0071	sub-16	sub-16	11	REM_to_Wake	True	2	0	2	0	pass	high_robust_range;many_10mad_outliers	review	targeted_review
transition	T0072	sub-17	sub-17	92	REM_to_Wake	True	2	2	0	0	pass	pass	include	no_review_flag
transition	T0073	sub-17	sub-17	92	REM_to_Wake	True	2	0	2	0	pass	many_10mad_outliers	review	mad_only_review
transition	T0074	sub-17	sub-17	92	REM_to_Wake	True	2	0	2	0	pass	many_10mad_outliers	review	mad_only_review
transition	T0075	sub-17	sub-17	92	REM_to_Wake	True	2	0	2	0	pass	many_10mad_outliers	review	mad_only_review
transition	T0076	sub-17	sub-17	92	Wake_to_REM	False	2	0	2	0	pass	many_10mad_outliers	review	mad_only_review
transition	T0077	sub-17	sub-17	92	REM_to_Wake	True	2	0	2	0	pass	high_robust_range;many_10mad_outliers	review	targeted_review
transition	T0078	sub-17	sub-17	92	Wake_to_REM	False	2	0	2	0	pass	high_robust_range;many_10mad_outliers	review	targeted_review
transition	T0079	sub-17	sub-17	92	REM_to_Wake	True	2	0	2	0	pass	many_10mad_outliers	review	mad_only_review
transition	T0080	sub-17	sub-17	92	Wake_to_REM	False	2	0	2	0	pass	many_10mad_outliers	review	mad_only_review
transition	T0081	sub-17	sub-17	92	REM_to_Wake	True	2	0	2	0	pass	many_10mad_outliers	review	mad_only_review
transition	T0082	sub-17	sub-17	92	REM_to_Wake	True	2	0	2	0	pass	many_10mad_outliers	review	mad_only_review
transition	T0083	sub-17	sub-17	92	Wake_to_REM	False	2	0	2	0	pass	many_10mad_outliers	review	mad_only_review
transition	T0084	sub-17	sub-17	92	REM_to_Wake	True	2	0	2	0	pass	many_10mad_outliers	review	mad_only_review
transition	T0085	sub-17	sub-17	92	REM_to_Wake	True	2	0	2	0	pass	many_10mad_outliers	review	mad_only_review
transition	T0086	sub-17	sub-17	92	Wake_to_REM	False	2	0	2	0	pass	many_10mad_outliers	review	mad_only_review
transition	T0087	sub-17	sub-17	92	REM_to_Wake	True	2	0	2	0	pass	many_10mad_outliers	review	mad_only_review
transition	T0088	sub-18	sub-18	12	REM_to_Wake	True	2	0	2	0	pass	many_10mad_outliers	review	mad_only_review
transition	T0089	sub-18	sub-18	12	REM_to_Wake	True	2	2	0	0	pass	pass	include	no_review_flag
transition	T0090	sub-18	sub-18	12	Wake_to_REM	False	2	2	0	0	pass	pass	include	no_review_flag
transition	T0091	sub-18	sub-18	12	REM_to_Wake	True	2	2	0	0	pass	pass	include	no_review_flag
transition	T0092	sub-18	sub-18	12	REM_to_Wake	True	2	0	2	0	pass	many_10mad_outliers	review	mad_only_review
transition	T0093	sub-18	sub-18	12	REM_to_Wake	True	2	0	2	0	pass	many_10mad_outliers	review	mad_only_review
transition	T0094	sub-18	sub-18	12	REM_to_Wake	True	2	2	0	0	pass	pass	include	no_review_flag
transition	T0095	sub-18	sub-18	12	REM_to_Wake	True	2	0	2	0	pass	many_10mad_outliers	review	mad_only_review
transition	T0096	sub-18	sub-18	12	REM_to_Wake	True	2	2	0	0	pass	pass	include	no_review_flag
transition	T0097	sub-18	sub-18	12	Wake_to_REM	False	2	2	0	0	pass	pass	include	no_review_flag
transition	T0098	sub-18	sub-18	12	REM_to_Wake	True	2	2	0	0	pass	pass	include	no_review_flag
transition	T0099	sub-19	sub-19	93	REM_to_Wake	True	2	0	2	0	pass	high_peak_to_peak;high_robust_range;many_10mad_outliers;many_abrupt_jumps	review	targeted_review
transition	T0100	sub-19	sub-19	93	REM_to_Wake	True	2	1	1	0	pass	high_robust_range;many_10mad_outliers	review	targeted_review
transition	T0006	sub-2	sub-2	89	REM_to_Wake	True	2	0	2	0	pass	many_10mad_outliers	review	mad_only_review
transition	T0007	sub-2	sub-2	89	Wake_to_REM	False	2	0	2	0	pass	many_10mad_outliers	review	mad_only_review
transition	T0008	sub-2	sub-2	89	REM_to_Wake	True	2	0	2	0	pass	many_10mad_outliers	review	mad_only_review
transition	T0009	sub-2	sub-2	89	REM_to_Wake	True	2	0	2	0	pass	many_10mad_outliers	review	mad_only_review
transition	T0010	sub-2	sub-2	89	REM_to_Wake	True	2	2	0	0	pass	pass	include	no_review_flag
transition	T0011	sub-2	sub-2	89	Wake_to_REM	False	2	2	0	0	pass	pass	include	no_review_flag
transition	T0012	sub-2	sub-2	89	REM_to_Wake	True	2	2	0	0	pass	pass	include	no_review_flag
transition	T0013	sub-2	sub-2	89	REM_to_Wake	True	2	2	0	0	pass	pass	include	no_review_flag
transition	T0014	sub-2	sub-2	89	REM_to_Wake	True	2	2	0	0	pass	pass	include	no_review_flag
transition	T0101	sub-20	sub-20	13	REM_to_Wake	True	2	0	2	0	pass	many_10mad_outliers	review	mad_only_review
transition	T0102	sub-20	sub-20	13	REM_to_Wake	True	2	0	2	0	pass	many_10mad_outliers	review	mad_only_review
transition	T0103	sub-21	sub-21	93	REM_to_Wake	True	2	0	2	0	pass	high_peak_to_peak;high_robust_range;many_10mad_outliers	review	targeted_review
transition	T0104	sub-22	sub-22	14	REM_to_Wake	True	2	1	1	0	pass	high_peak_to_peak;high_robust_range;many_10mad_outliers;many_abrupt_jumps	review	targeted_review
transition	T0105	sub-22	sub-22	14	Wake_to_REM	False	2	1	1	0	pass	high_peak_to_peak;high_robust_range;many_10mad_outliers;many_abrupt_jumps	review	targeted_review
transition	T0106	sub-22	sub-22	14	REM_to_Wake	True	2	1	1	0	pass	many_10mad_outliers	review	mad_only_review
transition	T0107	sub-23	sub-23	15	REM_to_Wake	True	2	0	2	0	pass	many_10mad_outliers	review	mad_only_review
transition	T0108	sub-23	sub-23	15	REM_to_Wake	True	2	0	0	2	constant_signal;flatline_at_least_5_sec;near_flat_robust_range	repeated_endpoints	exclude	critical_exclusion
transition	T0109	sub-24	sub-24	16	REM_to_Wake	True	2	2	0	0	pass	pass	include	no_review_flag
transition	T0110	sub-24	sub-24	16	REM_to_Wake	True	2	1	1	0	pass	many_10mad_outliers	review	mad_only_review
transition	T0111	sub-25	sub-25	17	REM_to_Wake	True	2	0	2	0	pass	many_10mad_outliers	review	mad_only_review
transition	T0112	sub-25	sub-25	17	REM_to_Wake	True	2	0	2	0	pass	many_10mad_outliers	review	mad_only_review
transition	T0113	sub-25	sub-25	17	Wake_to_REM	False	2	0	2	0	pass	many_10mad_outliers	review	mad_only_review
transition	T0114	sub-25	sub-25	17	REM_to_Wake	True	2	2	0	0	pass	pass	include	no_review_flag
transition	T0115	sub-26	sub-26	18	REM_to_Wake	True	2	1	1	0	pass	many_10mad_outliers	review	mad_only_review
transition	T0116	sub-26	sub-26	18	REM_to_Wake	True	2	0	2	0	pass	many_10mad_outliers	review	mad_only_review
transition	T0117	sub-27	sub-27	19	REM_to_Wake	True	2	1	1	0	pass	many_10mad_outliers	review	mad_only_review
transition	T0118	sub-27	sub-27	19	REM_to_Wake	True	2	0	2	0	pass	many_10mad_outliers	review	mad_only_review
transition	T0119	sub-27	sub-27	19	REM_to_Wake	True	2	0	2	0	pass	many_10mad_outliers	review	mad_only_review
transition	T0120	sub-27	sub-27	19	REM_to_Wake	True	2	0	2	0	pass	high_robust_range;many_10mad_outliers	review	targeted_review
transition	T0121	sub-28	sub-28	20	REM_to_Wake	True	2	2	0	0	pass	pass	include	no_review_flag
transition	T0122	sub-29	sub-29	21	REM_to_Wake	True	2	1	1	0	pass	high_peak_to_peak;high_robust_range;many_10mad_outliers	review	targeted_review
transition	T0123	sub-29	sub-29	21	REM_to_Wake	True	2	0	2	0	pass	high_peak_to_peak;high_robust_range;many_10mad_outliers	review	targeted_review
transition	T0124	sub-29	sub-29	21	REM_to_Wake	True	2	0	2	0	pass	high_peak_to_peak;many_10mad_outliers	review	targeted_review
transition	T0015	sub-3	sub-3	1	REM_to_Wake	True	2	0	2	0	pass	many_10mad_outliers	review	mad_only_review
transition	T0016	sub-3	sub-3	1	REM_to_Wake	True	2	0	2	0	pass	many_10mad_outliers	review	mad_only_review
transition	T0017	sub-3	sub-3	1	REM_to_Wake	True	2	0	2	0	pass	high_peak_to_peak;high_robust_range;many_10mad_outliers	review	targeted_review
transition	T0018	sub-3	sub-3	1	Wake_to_REM	False	2	0	2	0	pass	high_peak_to_peak;high_robust_range;many_10mad_outliers	review	targeted_review
transition	T0019	sub-3	sub-3	1	REM_to_Wake	True	2	0	2	0	pass	many_10mad_outliers	review	mad_only_review
transition	T0020	sub-3	sub-3	1	Wake_to_REM	False	2	0	2	0	pass	many_10mad_outliers	review	mad_only_review
transition	T0021	sub-3	sub-3	1	REM_to_Wake	True	2	0	2	0	pass	many_10mad_outliers	review	mad_only_review
transition	T0125	sub-30	sub-30	94	REM_to_Wake	True	2	0	2	0	pass	many_10mad_outliers	review	mad_only_review
transition	T0126	sub-30	sub-30	94	REM_to_Wake	True	2	0	2	0	pass	many_10mad_outliers	review	mad_only_review
transition	T0127	sub-30	sub-30	94	REM_to_Wake	True	2	0	2	0	pass	high_peak_to_peak;high_robust_range;many_10mad_outliers	review	targeted_review
transition	T0128	sub-32	sub-32	83	REM_to_Wake	True	2	0	2	0	pass	many_10mad_outliers	review	mad_only_review
transition	T0129	sub-32	sub-32	83	Wake_to_REM	False	2	0	2	0	pass	many_10mad_outliers	review	mad_only_review
transition	T0130	sub-32	sub-32	83	REM_to_Wake	True	2	0	2	0	pass	many_10mad_outliers	review	mad_only_review
transition	T0131	sub-32	sub-32	83	Wake_to_REM	False	2	0	2	0	pass	many_10mad_outliers	review	mad_only_review
transition	T0132	sub-32	sub-32	83	REM_to_Wake	True	2	0	2	0	pass	many_10mad_outliers	review	mad_only_review
transition	T0133	sub-33	sub-33	84	REM_to_Wake	True	2	2	0	0	pass	pass	include	no_review_flag
transition	T0134	sub-33	sub-33	84	REM_to_Wake	True	2	2	0	0	pass	pass	include	no_review_flag
transition	T0135	sub-33	sub-33	84	REM_to_Wake	True	2	1	1	0	pass	many_10mad_outliers	review	mad_only_review
transition	T0136	sub-33	sub-33	84	REM_to_Wake	True	2	0	2	0	pass	many_10mad_outliers	review	mad_only_review
transition	T0137	sub-33	sub-33	84	REM_to_Wake	True	2	0	2	0	pass	many_10mad_outliers	review	mad_only_review
transition	T0138	sub-33	sub-33	84	REM_to_Wake	True	2	2	0	0	pass	pass	include	no_review_flag
transition	T0139	sub-33	sub-33	84	REM_to_Wake	True	2	2	0	0	pass	pass	include	no_review_flag
transition	T0140	sub-33	sub-33	84	REM_to_Wake	True	2	0	2	0	pass	many_10mad_outliers	review	mad_only_review
transition	T0141	sub-36	sub-36	84	REM_to_Wake	True	2	2	0	0	pass	pass	include	no_review_flag
transition	T0142	sub-36	sub-36	84	REM_to_Wake	True	2	2	0	0	pass	pass	include	no_review_flag
transition	T0143	sub-36	sub-36	84	REM_to_Wake	True	2	2	0	0	pass	pass	include	no_review_flag
transition	T0144	sub-36	sub-36	84	Wake_to_REM	False	2	2	0	0	pass	pass	include	no_review_flag
transition	T0145	sub-36	sub-36	84	REM_to_Wake	True	2	2	0	0	pass	pass	include	no_review_flag
transition	T0146	sub-36	sub-36	84	REM_to_Wake	True	2	2	0	0	pass	pass	include	no_review_flag
transition	T0147	sub-36	sub-36	84	REM_to_Wake	True	2	2	0	0	pass	pass	include	no_review_flag
transition	T0148	sub-36	sub-36	84	REM_to_Wake	True	2	0	0	2	constant_signal;flatline_at_least_5_sec;near_flat_robust_range	repeated_endpoints	exclude	critical_exclusion
transition	T0149	sub-37	sub-37	86	REM_to_Wake	True	2	0	2	0	pass	high_robust_range;many_10mad_outliers	review	targeted_review
transition	T0150	sub-37	sub-37	86	REM_to_Wake	True	2	0	2	0	pass	many_10mad_outliers	review	mad_only_review
transition	T0151	sub-37	sub-37	86	REM_to_Wake	True	2	2	0	0	pass	pass	include	no_review_flag
transition	T0152	sub-37	sub-37	86	REM_to_Wake	True	2	0	2	0	pass	high_robust_range;many_10mad_outliers	review	targeted_review
transition	T0153	sub-38	sub-38	87	REM_to_Wake	True	2	0	2	0	pass	high_peak_to_peak;high_robust_range;many_10mad_outliers;repeated_endpoints	review	targeted_review
transition	T0154	sub-39	sub-39	85	REM_to_Wake	True	2	0	2	0	pass	high_robust_range;many_10mad_outliers	review	targeted_review
transition	T0022	sub-4	sub-4	2	REM_to_Wake	True	2	1	1	0	pass	many_10mad_outliers	review	mad_only_review
transition	T0023	sub-4	sub-4	2	REM_to_Wake	True	2	2	0	0	pass	pass	include	no_review_flag
transition	T0155	sub-40	sub-40	86	REM_to_Wake	True	2	0	2	0	pass	many_10mad_outliers	review	mad_only_review
transition	T0156	sub-40	sub-40	86	REM_to_Wake	True	2	2	0	0	pass	pass	include	no_review_flag
transition	T0157	sub-41	sub-41	83	REM_to_Wake	True	2	0	2	0	pass	many_10mad_outliers	review	mad_only_review
transition	T0158	sub-41	sub-41	83	REM_to_Wake	True	2	0	2	0	pass	many_10mad_outliers	review	mad_only_review
transition	T0159	sub-41	sub-41	83	REM_to_Wake	True	2	1	1	0	pass	many_10mad_outliers	review	mad_only_review
transition	T0160	sub-41	sub-41	83	REM_to_Wake	True	2	0	2	0	pass	many_10mad_outliers	review	mad_only_review
transition	T0161	sub-41	sub-41	83	Wake_to_REM	False	2	0	2	0	pass	many_10mad_outliers	review	mad_only_review
transition	T0162	sub-41	sub-41	83	REM_to_Wake	True	2	0	2	0	pass	many_10mad_outliers	review	mad_only_review
transition	T0163	sub-42	sub-42	84	REM_to_Wake	True	2	2	0	0	pass	pass	include	no_review_flag
transition	T0164	sub-42	sub-42	84	REM_to_Wake	True	2	2	0	0	pass	pass	include	no_review_flag
transition	T0165	sub-42	sub-42	84	REM_to_Wake	True	2	2	0	0	pass	pass	include	no_review_flag
transition	T0166	sub-42	sub-42	84	Wake_to_REM	False	2	2	0	0	pass	pass	include	no_review_flag
transition	T0167	sub-42	sub-42	84	REM_to_Wake	True	2	2	0	0	pass	pass	include	no_review_flag
transition	T0168	sub-42	sub-42	84	REM_to_Wake	True	2	2	0	0	pass	pass	include	no_review_flag
transition	T0169	sub-42	sub-42	84	Wake_to_REM	False	2	2	0	0	pass	pass	include	no_review_flag
transition	T0170	sub-42	sub-42	84	REM_to_Wake	True	2	1	1	0	pass	many_10mad_outliers	review	mad_only_review
transition	T0171	sub-43	sub-43	87	REM_to_Wake	True	2	0	0	2	flatline_at_least_5_sec	high_robust_range;many_10mad_outliers;repeated_endpoints	exclude	critical_exclusion
transition	T0172	sub-44	sub-44	23	REM_to_Wake	True	2	2	0	0	pass	pass	include	no_review_flag
transition	T0173	sub-44	sub-44	23	REM_to_Wake	True	2	0	0	2	flatline_at_least_5_sec	high_robust_range;repeated_endpoints	exclude	critical_exclusion
transition	T0174	sub-45	sub-45	24	REM_to_Wake	True	2	0	2	0	pass	many_10mad_outliers	review	mad_only_review
transition	T0175	sub-46	sub-46	26	REM_to_Wake	True	2	1	1	0	pass	many_10mad_outliers	review	mad_only_review
transition	T0176	sub-46	sub-46	26	Wake_to_REM	False	2	1	1	0	pass	many_10mad_outliers	review	mad_only_review
transition	T0177	sub-46	sub-46	26	REM_to_Wake	True	2	1	1	0	pass	many_10mad_outliers	review	mad_only_review
transition	T0178	sub-46	sub-46	26	REM_to_Wake	True	2	0	2	0	pass	many_10mad_outliers	review	mad_only_review
transition	T0179	sub-46	sub-46	26	Wake_to_REM	False	2	0	2	0	pass	many_10mad_outliers	review	mad_only_review
transition	T0180	sub-46	sub-46	26	REM_to_Wake	True	2	1	1	0	pass	many_10mad_outliers	review	mad_only_review
transition	T0181	sub-48	sub-48	28	REM_to_Wake	True	2	0	2	0	pass	high_peak_to_peak;high_robust_range;many_10mad_outliers	review	targeted_review
transition	T0182	sub-49	sub-49	29	REM_to_Wake	True	2	1	1	0	pass	many_10mad_outliers	review	mad_only_review
transition	T0183	sub-49	sub-49	29	REM_to_Wake	True	2	0	2	0	pass	many_10mad_outliers	review	mad_only_review
transition	T0024	sub-5	sub-5	3	REM_to_Wake	True	2	0	2	0	pass	many_10mad_outliers	review	mad_only_review
transition	T0025	sub-5	sub-5	3	Wake_to_REM	False	2	0	2	0	pass	many_10mad_outliers	review	mad_only_review
transition	T0026	sub-5	sub-5	3	REM_to_Wake	True	2	0	2	0	pass	many_10mad_outliers	review	mad_only_review
transition	T0027	sub-5	sub-5	3	REM_to_Wake	True	2	0	2	0	pass	many_10mad_outliers	review	mad_only_review
transition	T0028	sub-5	sub-5	3	Wake_to_REM	False	2	0	2	0	pass	many_10mad_outliers	review	mad_only_review
transition	T0029	sub-5	sub-5	3	REM_to_Wake	True	2	0	2	0	pass	many_10mad_outliers	review	mad_only_review
transition	T0184	sub-50	sub-50	88	Wake_to_REM	False	2	1	1	0	pass	many_10mad_outliers	review	mad_only_review
transition	T0185	sub-50	sub-50	88	REM_to_Wake	True	2	0	2	0	pass	many_10mad_outliers	review	mad_only_review
transition	T0186	sub-51	sub-51	30	REM_to_Wake	True	2	0	2	0	pass	many_10mad_outliers	review	mad_only_review
transition	T0187	sub-51	sub-51	30	REM_to_Wake	True	2	0	2	0	pass	many_10mad_outliers	review	mad_only_review
transition	T0188	sub-51	sub-51	30	Wake_to_REM	False	2	0	2	0	pass	many_10mad_outliers	review	mad_only_review
transition	T0189	sub-51	sub-51	30	REM_to_Wake	True	2	1	1	0	pass	many_10mad_outliers	review	mad_only_review
transition	T0190	sub-51	sub-51	30	Wake_to_REM	False	2	1	1	0	pass	many_10mad_outliers	review	mad_only_review
transition	T0191	sub-51	sub-51	30	REM_to_Wake	True	2	0	2	0	pass	high_robust_range;many_10mad_outliers	review	targeted_review
transition	T0192	sub-51	sub-51	30	REM_to_Wake	True	2	0	2	0	pass	many_10mad_outliers	review	mad_only_review
transition	T0193	sub-52	sub-52	31	REM_to_Wake	True	2	2	0	0	pass	pass	include	no_review_flag
transition	T0194	sub-52	sub-52	31	REM_to_Wake	True	2	1	1	0	pass	many_10mad_outliers	review	mad_only_review
transition	T0195	sub-52	sub-52	31	REM_to_Wake	True	2	2	0	0	pass	pass	include	no_review_flag
transition	T0196	sub-52	sub-52	31	REM_to_Wake	True	2	0	2	0	pass	many_10mad_outliers	review	mad_only_review
transition	T0197	sub-53	sub-53	88	REM_to_Wake	True	2	0	2	0	pass	many_10mad_outliers	review	mad_only_review
transition	T0198	sub-53	sub-53	88	Wake_to_REM	False	2	0	2	0	pass	many_10mad_outliers	review	mad_only_review
transition	T0199	sub-53	sub-53	88	REM_to_Wake	True	2	2	0	0	pass	pass	include	no_review_flag
transition	T0200	sub-53	sub-53	88	REM_to_Wake	True	2	1	1	0	pass	many_10mad_outliers	review	mad_only_review
transition	T0201	sub-53	sub-53	88	Wake_to_REM	False	2	1	1	0	pass	many_10mad_outliers	review	mad_only_review
transition	T0202	sub-53	sub-53	88	REM_to_Wake	True	2	1	1	0	pass	many_10mad_outliers	review	mad_only_review
transition	T0203	sub-54	sub-54	88	REM_to_Wake	True	2	0	2	0	pass	many_10mad_outliers	review	mad_only_review
transition	T0204	sub-54	sub-54	88	REM_to_Wake	True	2	0	2	0	pass	many_10mad_outliers	review	mad_only_review
transition	T0205	sub-54	sub-54	88	Wake_to_REM	False	2	0	2	0	pass	many_10mad_outliers	review	mad_only_review
transition	T0206	sub-54	sub-54	88	REM_to_Wake	True	2	1	1	0	pass	many_10mad_outliers	review	mad_only_review
transition	T0207	sub-55	sub-55	77	REM_to_Wake	True	2	0	2	0	pass	many_10mad_outliers	review	mad_only_review
transition	T0208	sub-55	sub-55	77	REM_to_Wake	True	2	0	2	0	pass	high_peak_to_peak;high_robust_range;many_10mad_outliers	review	targeted_review
transition	T0209	sub-55	sub-55	77	REM_to_Wake	True	2	0	0	2	constant_signal;flatline_at_least_5_sec;near_flat_robust_range	repeated_endpoints	exclude	critical_exclusion
transition	T0210	sub-55	sub-55	77	REM_to_Wake	True	2	0	0	2	constant_signal;flatline_at_least_5_sec;near_flat_robust_range	repeated_endpoints	exclude	critical_exclusion
transition	T0211	sub-56	sub-56	78	REM_to_Wake	True	2	0	2	0	pass	many_10mad_outliers	review	mad_only_review
transition	T0212	sub-56	sub-56	78	Wake_to_REM	False	2	0	2	0	pass	many_10mad_outliers	review	mad_only_review
transition	T0213	sub-56	sub-56	78	REM_to_Wake	True	2	1	1	0	pass	many_10mad_outliers	review	mad_only_review
transition	T0214	sub-56	sub-56	78	REM_to_Wake	True	2	1	1	0	pass	high_robust_range;many_abrupt_jumps	review	targeted_review
transition	T0215	sub-56	sub-56	78	Wake_to_REM	False	2	1	1	0	pass	high_robust_range;many_10mad_outliers;many_abrupt_jumps	review	targeted_review
transition	T0216	sub-56	sub-56	78	REM_to_Wake	True	2	1	1	0	pass	high_robust_range;many_10mad_outliers;many_abrupt_jumps	review	targeted_review
transition	T0217	sub-56	sub-56	78	Wake_to_REM	False	2	1	1	0	pass	many_10mad_outliers	review	mad_only_review
transition	T0218	sub-56	sub-56	78	REM_to_Wake	True	2	2	0	0	pass	pass	include	no_review_flag
transition	T0219	sub-56	sub-56	78	Wake_to_REM	False	2	2	0	0	pass	pass	include	no_review_flag
transition	T0220	sub-57	sub-57	77	REM_to_Wake	True	2	0	2	0	pass	high_peak_to_peak;high_robust_range;many_10mad_outliers;many_abrupt_jumps;repeated_endpoints	review	targeted_review
transition	T0221	sub-57	sub-57	77	Wake_to_REM	False	2	0	2	0	pass	high_peak_to_peak;high_robust_range;many_10mad_outliers;many_abrupt_jumps;repeated_endpoints	review	targeted_review
transition	T0222	sub-57	sub-57	77	REM_to_Wake	True	2	0	2	0	pass	many_10mad_outliers	review	mad_only_review
transition	T0223	sub-57	sub-57	77	REM_to_Wake	True	2	0	2	0	pass	high_peak_to_peak;high_robust_range;many_10mad_outliers;many_abrupt_jumps;repeated_endpoints	review	targeted_review
transition	T0224	sub-57	sub-57	77	Wake_to_REM	False	2	0	2	0	pass	high_peak_to_peak;high_robust_range;many_10mad_outliers;many_abrupt_jumps;repeated_endpoints	review	targeted_review
transition	T0225	sub-57	sub-57	77	REM_to_Wake	True	2	0	2	0	pass	high_peak_to_peak;high_robust_range;many_10mad_outliers;repeated_endpoints	review	targeted_review
transition	T0226	sub-58	sub-58	78	REM_to_Wake	True	2	0	2	0	pass	high_peak_to_peak;high_robust_range;many_10mad_outliers	review	targeted_review
transition	T0227	sub-58	sub-58	78	REM_to_Wake	True	2	0	2	0	pass	many_10mad_outliers	review	mad_only_review
transition	T0228	sub-58	sub-58	78	Wake_to_REM	False	2	0	2	0	pass	many_10mad_outliers	review	mad_only_review
transition	T0229	sub-58	sub-58	78	REM_to_Wake	True	2	1	1	0	pass	many_10mad_outliers	review	mad_only_review
transition	T0230	sub-58	sub-58	78	Wake_to_REM	False	2	1	1	0	pass	many_10mad_outliers	review	mad_only_review
transition	T0231	sub-58	sub-58	78	REM_to_Wake	True	2	2	0	0	pass	pass	include	no_review_flag
transition	T0232	sub-58	sub-58	78	REM_to_Wake	True	2	2	0	0	pass	pass	include	no_review_flag
transition	T0233	sub-58	sub-58	78	Wake_to_REM	False	2	2	0	0	pass	pass	include	no_review_flag
transition	T0234	sub-58	sub-58	78	REM_to_Wake	True	2	0	0	2	flatline_at_least_5_sec	high_robust_range;many_10mad_outliers;repeated_endpoints	exclude	critical_exclusion
transition	T0235	sub-59	sub-59	79	REM_to_Wake	True	2	0	2	0	pass	high_peak_to_peak;high_robust_range;many_10mad_outliers	review	targeted_review
transition	T0236	sub-59	sub-59	79	REM_to_Wake	True	2	0	2	0	pass	many_10mad_outliers	review	mad_only_review
transition	T0237	sub-59	sub-59	79	REM_to_Wake	True	2	1	1	0	pass	many_10mad_outliers	review	mad_only_review
transition	T0238	sub-59	sub-59	79	Wake_to_REM	False	2	0	2	0	pass	many_10mad_outliers	review	mad_only_review
transition	T0239	sub-59	sub-59	79	REM_to_Wake	True	2	2	0	0	pass	pass	include	no_review_flag
transition	T0240	sub-59	sub-59	79	Wake_to_REM	False	2	2	0	0	pass	pass	include	no_review_flag
transition	T0241	sub-59	sub-59	79	REM_to_Wake	True	2	1	1	0	pass	many_10mad_outliers	review	mad_only_review
transition	T0242	sub-59	sub-59	79	Wake_to_REM	False	2	1	1	0	pass	many_10mad_outliers	review	mad_only_review
transition	T0030	sub-6	sub-6	4	REM_to_Wake	True	2	2	0	0	pass	pass	include	no_review_flag
transition	T0243	sub-61	sub-61	79	REM_to_Wake	True	2	0	2	0	pass	high_peak_to_peak;high_robust_range;many_10mad_outliers	review	targeted_review
transition	T0244	sub-61	sub-61	79	REM_to_Wake	True	2	1	1	0	pass	high_peak_to_peak;high_robust_range;many_10mad_outliers;many_abrupt_jumps;repeated_endpoints	review	targeted_review
transition	T0245	sub-61	sub-61	79	REM_to_Wake	True	2	0	2	0	pass	high_peak_to_peak;high_robust_range;many_10mad_outliers;many_abrupt_jumps;repeated_endpoints	review	targeted_review
transition	T0246	sub-61	sub-61	79	Wake_to_REM	False	2	0	2	0	pass	high_peak_to_peak;high_robust_range;many_10mad_outliers;many_abrupt_jumps;repeated_endpoints	review	targeted_review
transition	T0247	sub-61	sub-61	79	REM_to_Wake	True	2	0	2	0	pass	high_peak_to_peak;high_robust_range;many_10mad_outliers;many_abrupt_jumps;repeated_endpoints	review	targeted_review
transition	T0248	sub-61	sub-61	79	Wake_to_REM	False	2	0	2	0	pass	high_peak_to_peak;high_robust_range;many_10mad_outliers;many_abrupt_jumps;repeated_endpoints	review	targeted_review
transition	T0249	sub-61	sub-61	79	REM_to_Wake	True	2	1	1	0	pass	high_robust_range;many_10mad_outliers	review	targeted_review
transition	T0250	sub-61	sub-61	79	Wake_to_REM	False	2	1	1	0	pass	high_robust_range;many_10mad_outliers	review	targeted_review
transition	T0251	sub-62	sub-62	80	REM_to_Wake	True	2	1	1	0	pass	many_10mad_outliers	review	mad_only_review
transition	T0252	sub-62	sub-62	80	REM_to_Wake	True	2	0	2	0	pass	many_10mad_outliers	review	mad_only_review
transition	T0253	sub-63	sub-63	81	REM_to_Wake	True	2	1	1	0	pass	many_10mad_outliers	review	mad_only_review
transition	T0254	sub-64	sub-64	82	REM_to_Wake	True	2	2	0	0	pass	pass	include	no_review_flag
transition	T0255	sub-64	sub-64	82	Wake_to_REM	False	2	2	0	0	pass	pass	include	no_review_flag
transition	T0256	sub-64	sub-64	82	REM_to_Wake	True	2	1	1	0	pass	many_10mad_outliers	review	mad_only_review
transition	T0257	sub-65	sub-65	81	REM_to_Wake	True	2	0	2	0	pass	high_peak_to_peak;many_10mad_outliers;many_abrupt_jumps	review	targeted_review
transition	T0258	sub-66	sub-66	82	REM_to_Wake	True	2	0	2	0	pass	many_10mad_outliers	review	mad_only_review
transition	T0259	sub-66	sub-66	82	REM_to_Wake	True	2	0	2	0	pass	many_10mad_outliers	review	mad_only_review
transition	T0260	sub-67	sub-67	32	REM_to_Wake	True	2	2	0	0	pass	pass	include	no_review_flag
transition	T0261	sub-67	sub-67	32	REM_to_Wake	True	2	1	1	0	pass	many_10mad_outliers	review	mad_only_review
transition	T0262	sub-67	sub-67	32	REM_to_Wake	True	2	1	1	0	pass	many_10mad_outliers	review	mad_only_review
transition	T0263	sub-67	sub-67	32	REM_to_Wake	True	2	1	1	0	pass	many_10mad_outliers	review	mad_only_review
transition	T0264	sub-67	sub-67	32	REM_to_Wake	True	2	1	1	0	pass	high_peak_to_peak;high_robust_range;many_10mad_outliers;repeated_endpoints	review	targeted_review
transition	T0265	sub-67	sub-67	32	Wake_to_REM	False	2	1	1	0	pass	high_peak_to_peak;high_robust_range;many_10mad_outliers;repeated_endpoints	review	targeted_review
transition	T0266	sub-67	sub-67	32	REM_to_Wake	True	2	1	1	0	pass	many_10mad_outliers	review	mad_only_review
transition	T0267	sub-67	sub-67	32	Wake_to_REM	False	2	1	1	0	pass	many_10mad_outliers	review	mad_only_review
transition	T0268	sub-68	sub-68	33	REM_to_Wake	True	2	1	1	0	pass	many_10mad_outliers	review	mad_only_review
transition	T0269	sub-68	sub-68	33	REM_to_Wake	True	2	0	2	0	pass	many_10mad_outliers	review	mad_only_review
transition	T0270	sub-69	sub-69	34	REM_to_Wake	True	2	0	2	0	pass	high_peak_to_peak;high_robust_range;many_10mad_outliers	review	targeted_review
transition	T0031	sub-7	sub-7	5	REM_to_Wake	True	2	1	1	0	pass	high_peak_to_peak;high_robust_range;many_10mad_outliers;repeated_endpoints	review	targeted_review
transition	T0032	sub-7	sub-7	5	REM_to_Wake	True	2	0	2	0	pass	high_peak_to_peak;high_robust_range;many_10mad_outliers;many_abrupt_jumps;repeated_endpoints	review	targeted_review
transition	T0033	sub-7	sub-7	5	Wake_to_REM	False	2	0	2	0	pass	high_peak_to_peak;high_robust_range;many_10mad_outliers;many_abrupt_jumps;repeated_endpoints	review	targeted_review
transition	T0034	sub-7	sub-7	5	REM_to_Wake	True	2	0	2	0	pass	high_peak_to_peak;high_robust_range;many_10mad_outliers;many_abrupt_jumps;repeated_endpoints	review	targeted_review
transition	T0271	sub-70	sub-70	35	REM_to_Wake	True	2	0	2	0	pass	many_10mad_outliers	review	mad_only_review
transition	T0272	sub-70	sub-70	35	REM_to_Wake	True	2	0	2	0	pass	many_10mad_outliers	review	mad_only_review
transition	T0273	sub-71	sub-71	36	REM_to_Wake	True	2	1	1	0	pass	many_10mad_outliers	review	mad_only_review
transition	T0274	sub-71	sub-71	36	REM_to_Wake	True	2	0	2	0	pass	many_10mad_outliers	review	mad_only_review
transition	T0275	sub-71	sub-71	36	REM_to_Wake	True	2	0	2	0	pass	many_10mad_outliers	review	mad_only_review
transition	T0276	sub-71	sub-71	36	Wake_to_REM	False	2	0	2	0	pass	many_10mad_outliers	review	mad_only_review
transition	T0277	sub-72	sub-72	37	REM_to_Wake	True	2	0	2	0	pass	high_peak_to_peak;high_robust_range;many_10mad_outliers	review	targeted_review
transition	T0278	sub-72	sub-72	37	REM_to_Wake	True	2	0	2	0	pass	high_robust_range;many_10mad_outliers;many_abrupt_jumps	review	targeted_review
transition	T0279	sub-73	sub-73	38	REM_to_Wake	True	2	0	2	0	pass	many_10mad_outliers	review	mad_only_review
transition	T0280	sub-74	sub-74	39	REM_to_Wake	True	2	2	0	0	pass	pass	include	no_review_flag
transition	T0281	sub-74	sub-74	39	REM_to_Wake	True	2	2	0	0	pass	pass	include	no_review_flag
transition	T0282	sub-75	sub-75	40	REM_to_Wake	True	2	0	2	0	pass	high_peak_to_peak;high_robust_range;many_10mad_outliers;many_abrupt_jumps;repeated_endpoints	review	targeted_review
transition	T0283	sub-75	sub-75	40	Wake_to_REM	False	2	0	2	0	pass	high_peak_to_peak;high_robust_range;many_10mad_outliers;many_abrupt_jumps;repeated_endpoints	review	targeted_review
transition	T0284	sub-75	sub-75	40	REM_to_Wake	True	2	0	2	0	pass	high_robust_range;many_10mad_outliers	review	targeted_review
transition	T0285	sub-76	sub-76	41	REM_to_Wake	True	2	1	1	0	pass	high_peak_to_peak;high_robust_range;many_abrupt_jumps;repeated_endpoints	review	targeted_review
transition	T0286	sub-76	sub-76	41	REM_to_Wake	True	2	0	2	0	pass	high_peak_to_peak;high_robust_range;many_10mad_outliers;many_abrupt_jumps;repeated_endpoints	review	targeted_review
transition	T0287	sub-77	sub-77	42	REM_to_Wake	True	2	0	2	0	pass	high_peak_to_peak;many_10mad_outliers	review	targeted_review
transition	T0288	sub-77	sub-77	42	Wake_to_REM	False	2	0	2	0	pass	many_10mad_outliers	review	mad_only_review
transition	T0289	sub-77	sub-77	42	REM_to_Wake	True	2	0	2	0	pass	high_robust_range;many_10mad_outliers	review	targeted_review
transition	T0290	sub-77	sub-77	42	REM_to_Wake	True	2	0	0	2	constant_signal;flatline_at_least_5_sec;near_flat_robust_range	repeated_endpoints	exclude	critical_exclusion
transition	T0291	sub-78	sub-78	43	REM_to_Wake	True	2	0	2	0	pass	many_10mad_outliers	review	mad_only_review
transition	T0292	sub-78	sub-78	43	Wake_to_REM	False	2	0	2	0	pass	many_10mad_outliers	review	mad_only_review
transition	T0293	sub-78	sub-78	43	REM_to_Wake	True	2	0	2	0	pass	many_10mad_outliers	review	mad_only_review
transition	T0294	sub-81	sub-81	46	REM_to_Wake	True	2	0	2	0	pass	high_robust_range;many_10mad_outliers	review	targeted_review
transition	T0295	sub-81	sub-81	46	Wake_to_REM	False	2	0	2	0	pass	high_robust_range;many_10mad_outliers	review	targeted_review
transition	T0296	sub-81	sub-81	46	REM_to_Wake	True	2	0	2	0	pass	many_10mad_outliers	review	mad_only_review
transition	T0297	sub-81	sub-81	46	Wake_to_REM	False	2	0	2	0	pass	many_10mad_outliers	review	mad_only_review
transition	T0298	sub-81	sub-81	46	REM_to_Wake	True	2	0	2	0	pass	many_10mad_outliers	review	mad_only_review
transition	T0299	sub-81	sub-81	46	Wake_to_REM	False	2	0	2	0	pass	many_10mad_outliers	review	mad_only_review
transition	T0300	sub-81	sub-81	46	REM_to_Wake	True	2	0	2	0	pass	high_peak_to_peak;high_robust_range;many_10mad_outliers	review	targeted_review
transition	T0301	sub-81	sub-81	46	Wake_to_REM	False	2	0	2	0	pass	high_peak_to_peak;high_robust_range;many_10mad_outliers	review	targeted_review
transition	T0302	sub-81	sub-81	46	REM_to_Wake	True	2	0	2	0	pass	high_peak_to_peak;high_robust_range;many_10mad_outliers	review	targeted_review
transition	T0303	sub-81	sub-81	46	REM_to_Wake	True	2	2	0	0	pass	pass	include	no_review_flag
transition	T0304	sub-81	sub-81	46	REM_to_Wake	True	2	1	1	0	pass	many_10mad_outliers	review	mad_only_review
transition	T0305	sub-81	sub-81	46	REM_to_Wake	True	2	1	1	0	pass	many_10mad_outliers	review	mad_only_review
transition	T0306	sub-81	sub-81	46	Wake_to_REM	False	2	0	2	0	pass	many_10mad_outliers	review	mad_only_review
transition	T0307	sub-82	sub-82	48	REM_to_Wake	True	2	0	2	0	pass	high_robust_range;many_10mad_outliers;many_abrupt_jumps	review	targeted_review
transition	T0308	sub-82	sub-82	48	REM_to_Wake	True	2	0	2	0	pass	high_peak_to_peak;high_robust_range;many_10mad_outliers	review	targeted_review
transition	T0309	sub-83	sub-83	50	REM_to_Wake	True	2	0	2	0	pass	many_10mad_outliers	review	mad_only_review
transition	T0310	sub-84	sub-84	51	REM_to_Wake	True	2	2	0	0	pass	pass	include	no_review_flag
transition	T0311	sub-85	sub-85	52	REM_to_Wake	True	2	0	2	0	pass	many_10mad_outliers	review	mad_only_review
transition	T0312	sub-85	sub-85	52	REM_to_Wake	True	2	0	2	0	pass	many_10mad_outliers	review	mad_only_review
transition	T0313	sub-85	sub-85	52	REM_to_Wake	True	2	0	2	0	pass	many_10mad_outliers	review	mad_only_review
transition	T0314	sub-85	sub-85	52	REM_to_Wake	True	2	0	2	0	pass	many_10mad_outliers	review	mad_only_review
transition	T0315	sub-85	sub-85	52	REM_to_Wake	True	2	1	1	0	pass	many_10mad_outliers	review	mad_only_review
transition	T0316	sub-87	sub-87	54	REM_to_Wake	True	2	1	1	0	pass	high_peak_to_peak;high_robust_range;many_10mad_outliers;repeated_endpoints	review	targeted_review
transition	T0317	sub-87	sub-87	54	REM_to_Wake	True	2	2	0	0	pass	pass	include	no_review_flag
transition	T0035	sub-9	sub-9	90	REM_to_Wake	True	2	0	2	0	pass	high_peak_to_peak;high_robust_range;many_10mad_outliers;repeated_endpoints	review	targeted_review
transition	T0318	sub-90	sub-90	57	REM_to_Wake	True	2	0	2	0	pass	many_10mad_outliers	review	mad_only_review
transition	T0319	sub-90	sub-90	57	REM_to_Wake	True	2	2	0	0	pass	pass	include	no_review_flag
transition	T0320	sub-90	sub-90	57	REM_to_Wake	True	2	1	1	0	pass	many_10mad_outliers	review	mad_only_review
transition	T0321	sub-90	sub-90	57	Wake_to_REM	False	2	1	1	0	pass	many_10mad_outliers	review	mad_only_review
transition	T0322	sub-90	sub-90	57	REM_to_Wake	True	2	1	1	0	pass	many_10mad_outliers	review	mad_only_review
transition	T0323	sub-90	sub-90	57	Wake_to_REM	False	2	2	0	0	pass	pass	include	no_review_flag
transition	T0324	sub-90	sub-90	57	REM_to_Wake	True	2	2	0	0	pass	pass	include	no_review_flag
transition	T0325	sub-91	sub-91	58	REM_to_Wake	True	2	2	0	0	pass	pass	include	no_review_flag
transition	T0326	sub-91	sub-91	58	Wake_to_REM	False	2	2	0	0	pass	pass	include	no_review_flag
transition	T0327	sub-91	sub-91	58	REM_to_Wake	True	2	2	0	0	pass	pass	include	no_review_flag
transition	T0328	sub-91	sub-91	58	REM_to_Wake	True	2	1	1	0	pass	many_10mad_outliers	review	mad_only_review
transition	T0329	sub-91	sub-91	58	Wake_to_REM	False	2	1	1	0	pass	many_10mad_outliers	review	mad_only_review
transition	T0330	sub-91	sub-91	58	REM_to_Wake	True	2	2	0	0	pass	pass	include	no_review_flag
transition	T0331	sub-91	sub-91	58	Wake_to_REM	False	2	2	0	0	pass	pass	include	no_review_flag
transition	T0332	sub-91	sub-91	58	REM_to_Wake	True	2	1	1	0	pass	many_10mad_outliers	review	mad_only_review
transition	T0333	sub-92	sub-92	59	REM_to_Wake	True	2	1	1	0	pass	many_10mad_outliers	review	mad_only_review
transition	T0334	sub-92	sub-92	59	REM_to_Wake	True	2	2	0	0	pass	pass	include	no_review_flag
transition	T0335	sub-92	sub-92	59	Wake_to_REM	False	2	2	0	0	pass	pass	include	no_review_flag
transition	T0336	sub-92	sub-92	59	REM_to_Wake	True	2	1	1	0	pass	many_10mad_outliers	review	mad_only_review
transition	T0337	sub-92	sub-92	59	Wake_to_REM	False	2	1	1	0	pass	many_10mad_outliers	review	mad_only_review
transition	T0338	sub-93	sub-93	60	REM_to_Wake	True	2	0	2	0	pass	many_10mad_outliers	review	mad_only_review
transition	T0339	sub-93	sub-93	60	REM_to_Wake	True	2	0	2	0	pass	many_10mad_outliers	review	mad_only_review
transition	T0340	sub-93	sub-93	60	Wake_to_REM	False	2	0	2	0	pass	many_10mad_outliers	review	mad_only_review
transition	T0341	sub-93	sub-93	60	REM_to_Wake	True	2	0	2	0	pass	many_10mad_outliers	review	mad_only_review
transition	T0342	sub-94	sub-94	61	REM_to_Wake	True	2	0	2	0	pass	high_peak_to_peak;high_robust_range;many_10mad_outliers	review	targeted_review
transition	T0343	sub-94	sub-94	61	REM_to_Wake	True	2	0	2	0	pass	high_robust_range;many_10mad_outliers	review	targeted_review
transition	T0344	sub-95	sub-95	62	REM_to_Wake	True	2	2	0	0	pass	pass	include	no_review_flag
transition	T0345	sub-95	sub-95	62	REM_to_Wake	True	2	2	0	0	pass	pass	include	no_review_flag
transition	T0346	sub-95	sub-95	62	REM_to_Wake	True	2	0	2	0	pass	high_peak_to_peak;high_robust_range;many_10mad_outliers	review	targeted_review
transition	T0347	sub-95	sub-95	62	REM_to_Wake	True	2	2	0	0	pass	pass	include	no_review_flag
transition	T0348	sub-95	sub-95	62	Wake_to_REM	False	2	2	0	0	pass	pass	include	no_review_flag
transition	T0349	sub-95	sub-95	62	REM_to_Wake	True	2	0	2	0	pass	many_10mad_outliers	review	mad_only_review
transition	T0350	sub-95	sub-95	62	Wake_to_REM	False	2	0	2	0	pass	many_10mad_outliers	review	mad_only_review
transition	T0351	sub-95	sub-95	62	REM_to_Wake	True	2	0	2	0	pass	high_robust_range;many_10mad_outliers	review	targeted_review
transition	T0352	sub-96	sub-96	63	REM_to_Wake	True	2	1	1	0	pass	many_10mad_outliers	review	mad_only_review
transition	T0353	sub-96	sub-96	63	REM_to_Wake	True	2	0	2	0	pass	many_10mad_outliers	review	mad_only_review
transition	T0354	sub-96	sub-96	63	REM_to_Wake	True	2	0	2	0	pass	many_10mad_outliers	review	mad_only_review
transition	T0355	sub-96	sub-96	63	Wake_to_REM	False	2	0	2	0	pass	many_10mad_outliers	review	mad_only_review
transition	T0356	sub-96	sub-96	63	REM_to_Wake	True	2	0	2	0	pass	many_10mad_outliers	review	mad_only_review
transition	T0357	sub-97	sub-97	64	REM_to_Wake	True	2	0	2	0	pass	many_10mad_outliers	review	mad_only_review
transition	T0358	sub-97	sub-97	64	REM_to_Wake	True	2	0	2	0	pass	many_10mad_outliers	review	mad_only_review
transition	T0359	sub-97	sub-97	64	REM_to_Wake	True	2	0	2	0	pass	many_10mad_outliers	review	mad_only_review
transition	T0360	sub-97	sub-97	64	Wake_to_REM	False	2	2	0	0	pass	pass	include	no_review_flag
transition	T0361	sub-97	sub-97	64	REM_to_Wake	True	2	2	0	0	pass	pass	include	no_review_flag
transition	T0362	sub-97	sub-97	64	Wake_to_REM	False	2	2	0	0	pass	pass	include	no_review_flag
transition	T0363	sub-97	sub-97	64	Wake_to_REM	False	2	0	2	0	pass	many_10mad_outliers	review	mad_only_review
transition	T0364	sub-97	sub-97	64	REM_to_Wake	True	2	0	2	0	pass	many_10mad_outliers	review	mad_only_review
transition	T0365	sub-98	sub-98	65	REM_to_Wake	True	2	0	2	0	pass	many_10mad_outliers	review	mad_only_review
transition	T0366	sub-98	sub-98	65	REM_to_Wake	True	2	0	2	0	pass	many_10mad_outliers	review	mad_only_review
transition	T0367	sub-98	sub-98	65	Wake_to_REM	False	2	0	2	0	pass	many_10mad_outliers	review	mad_only_review
transition	T0368	sub-98	sub-98	65	REM_to_Wake	True	2	0	2	0	pass	many_10mad_outliers	review	mad_only_review
transition	T0369	sub-98	sub-98	65	Wake_to_REM	False	2	0	2	0	pass	many_10mad_outliers	review	mad_only_review
transition	T0370	sub-98	sub-98	65	REM_to_Wake	True	2	0	2	0	pass	many_10mad_outliers	review	mad_only_review
transition	T0371	sub-98	sub-98	65	REM_to_Wake	True	2	0	2	0	pass	many_10mad_outliers	review	mad_only_review
transition	T0372	sub-98	sub-98	65	REM_to_Wake	True	2	0	2	0	pass	many_10mad_outliers	review	mad_only_review
transition	T0373	sub-98	sub-98	65	Wake_to_REM	False	2	0	2	0	pass	many_10mad_outliers	review	mad_only_review
transition	T0374	sub-98	sub-98	65	REM_to_Wake	True	2	0	2	0	pass	many_10mad_outliers	review	mad_only_review
transition	T0375	sub-98	sub-98	65	Wake_to_REM	False	2	0	2	0	pass	many_10mad_outliers	review	mad_only_review
transition	T0376	sub-98	sub-98	65	Wake_to_REM	False	2	0	2	0	pass	many_10mad_outliers	review	mad_only_review
