relative_path	bytes	sha256
derived/paired_enriched_feature_pruning_nested_v0.1/models/h2/f0_l2/outer_1_inner_2_c1_v0.1.json.gz	3045	da36bbbcc875ec09ce438f03f0b4f506b12404e901e92379b0fb6b61c4ac8206
derived/paired_enriched_feature_pruning_nested_v0.1/models/h2/f0_l2/outer_1_inner_3_c1_v0.1.json.gz	3053	ee892c4eb569d50d8cec30cfccc84b6d4d667875b22d3a7598ab05793d40ce37
derived/paired_enriched_feature_pruning_nested_v0.1/models/h2/f0_l2/outer_1_inner_4_c1_v0.1.json.gz	3044	a206725583b2e4a2f57163c5b1cacedec3fc4f96f19db848bd8addcc499b7c07
derived/paired_enriched_feature_pruning_nested_v0.1/models/h2/f0_l2/outer_1_inner_5_c1_v0.1.json.gz	3045	0140e21225da0fa5d2fc8e1dc80702f0983a4f6f61dc57a3b9a4eb5778e584e1
derived/paired_enriched_feature_pruning_nested_v0.1/models/h2/f0_l2/outer_1_outer_final_c1_v0.1.json.gz	3055	7d3780a181aa68a8aefd5f836fdca284696851eec2517ff8ad72516d2b92c835
derived/paired_enriched_feature_pruning_nested_v0.1/models/h2/f0_l2/outer_2_inner_1_c1_v0.1.json.gz	3045	da36bbbcc875ec09ce438f03f0b4f506b12404e901e92379b0fb6b61c4ac8206
derived/paired_enriched_feature_pruning_nested_v0.1/models/h2/f0_l2/outer_2_inner_3_c1_v0.1.json.gz	3039	e115ba475958dc35178b545f912c224d676176633635568a8aea385254ea1980
derived/paired_enriched_feature_pruning_nested_v0.1/models/h2/f0_l2/outer_2_inner_4_c1_v0.1.json.gz	3058	489190a21ddc816dbd54c2e6714166bdff48e066ed94dd99e1b60142b8e81aaa
derived/paired_enriched_feature_pruning_nested_v0.1/models/h2/f0_l2/outer_2_inner_5_c1_v0.1.json.gz	3065	954121aa1841a4f6598b9571cf6fba444482c6b9982987c3ef89d9a4d39c777a
derived/paired_enriched_feature_pruning_nested_v0.1/models/h2/f0_l2/outer_2_outer_final_c1_v0.1.json.gz	3056	5bbad20d73b8347df242880946d7b34598949f552ad28d4250350657834fc3ce
derived/paired_enriched_feature_pruning_nested_v0.1/models/h2/f0_l2/outer_3_inner_1_c1_v0.1.json.gz	3053	ee892c4eb569d50d8cec30cfccc84b6d4d667875b22d3a7598ab05793d40ce37
derived/paired_enriched_feature_pruning_nested_v0.1/models/h2/f0_l2/outer_3_inner_2_c1_v0.1.json.gz	3039	e115ba475958dc35178b545f912c224d676176633635568a8aea385254ea1980
derived/paired_enriched_feature_pruning_nested_v0.1/models/h2/f0_l2/outer_3_inner_4_c1_v0.1.json.gz	3053	f3f32be5cb2e82a7e9aed84db6f897fe96a10731dd5ad9ec8ea72e76e4aa6f12
derived/paired_enriched_feature_pruning_nested_v0.1/models/h2/f0_l2/outer_3_inner_5_c1_v0.1.json.gz	3055	daf945b4eed0e47a6d93a89a089d2af09d7e7f5466ff004fa9dd1acfc74bdbd8
derived/paired_enriched_feature_pruning_nested_v0.1/models/h2/f0_l2/outer_3_outer_final_c1_v0.1.json.gz	3056	38045015f78b0f3a047f28706889f079f3576daab769d600af73f4b0479e1f9b
derived/paired_enriched_feature_pruning_nested_v0.1/models/h2/f0_l2/outer_4_inner_1_c1_v0.1.json.gz	3044	a206725583b2e4a2f57163c5b1cacedec3fc4f96f19db848bd8addcc499b7c07
derived/paired_enriched_feature_pruning_nested_v0.1/models/h2/f0_l2/outer_4_inner_2_c1_v0.1.json.gz	3058	489190a21ddc816dbd54c2e6714166bdff48e066ed94dd99e1b60142b8e81aaa
derived/paired_enriched_feature_pruning_nested_v0.1/models/h2/f0_l2/outer_4_inner_3_c1_v0.1.json.gz	3053	f3f32be5cb2e82a7e9aed84db6f897fe96a10731dd5ad9ec8ea72e76e4aa6f12
derived/paired_enriched_feature_pruning_nested_v0.1/models/h2/f0_l2/outer_4_inner_5_c1_v0.1.json.gz	3058	420746024f7e50088f1f0f9e5c567f8353bfd42959b26039f734605c90702fd5
derived/paired_enriched_feature_pruning_nested_v0.1/models/h2/f0_l2/outer_4_outer_final_c1_v0.1.json.gz	3043	1b2e6eae4c9d27e4bd2eb2300c6bec08dc36d94c19ac5b625e88ea5566e448c3
derived/paired_enriched_feature_pruning_nested_v0.1/models/h2/f0_l2/outer_5_inner_1_c1_v0.1.json.gz	3045	0140e21225da0fa5d2fc8e1dc80702f0983a4f6f61dc57a3b9a4eb5778e584e1
derived/paired_enriched_feature_pruning_nested_v0.1/models/h2/f0_l2/outer_5_inner_2_c1_v0.1.json.gz	3065	954121aa1841a4f6598b9571cf6fba444482c6b9982987c3ef89d9a4d39c777a
derived/paired_enriched_feature_pruning_nested_v0.1/models/h2/f0_l2/outer_5_inner_3_c1_v0.1.json.gz	3055	daf945b4eed0e47a6d93a89a089d2af09d7e7f5466ff004fa9dd1acfc74bdbd8
derived/paired_enriched_feature_pruning_nested_v0.1/models/h2/f0_l2/outer_5_inner_4_c1_v0.1.json.gz	3058	420746024f7e50088f1f0f9e5c567f8353bfd42959b26039f734605c90702fd5
derived/paired_enriched_feature_pruning_nested_v0.1/models/h2/f0_l2/outer_5_outer_final_c1_v0.1.json.gz	3064	b6a56bf544f208cd4df5f64ebd0f5ca19ad25cf9510bd00564449e74078aeed3
derived/paired_enriched_feature_pruning_nested_v0.1/models/h2/f1_en/outer_1_inner_2_c0p01_v0.1.json.gz	9302	d48c15412d2a59b2179fbbce447aaed84ca494818b6f21dab6c122c6313e4f1a
derived/paired_enriched_feature_pruning_nested_v0.1/models/h2/f1_en/outer_1_inner_2_c0p1_v0.1.json.gz	10154	0e84fc6498efbc329a57d60aa65595ff820b7fde43ea4e851dd8edfc056f6103
derived/paired_enriched_feature_pruning_nested_v0.1/models/h2/f1_en/outer_1_inner_2_c1_v0.1.json.gz	11202	33426cd8e49d1a9b54366a6e73156f21c6e8d605ee28c2a4fa7cfbf9360dda28
derived/paired_enriched_feature_pruning_nested_v0.1/models/h2/f1_en/outer_1_inner_3_c0p01_v0.1.json.gz	9099	d9109b6fb197b18769cd6603592dc7956050da56f0f49a456cd06c10a1ae86f0
derived/paired_enriched_feature_pruning_nested_v0.1/models/h2/f1_en/outer_1_inner_3_c0p1_v0.1.json.gz	9897	07e7954a956375227919617a588d2129ec7622b336604a0d11136d1af310a193
derived/paired_enriched_feature_pruning_nested_v0.1/models/h2/f1_en/outer_1_inner_3_c1_v0.1.json.gz	11178	eadea2fca8bb18c73facc525831753371e0022b35fa6732bf3518fd966858c7c
derived/paired_enriched_feature_pruning_nested_v0.1/models/h2/f1_en/outer_1_inner_4_c0p01_v0.1.json.gz	9306	f09714c74e2fa0e7a94b3b9082524b47f0d6768a11ac690a60d5782450ffd08d
derived/paired_enriched_feature_pruning_nested_v0.1/models/h2/f1_en/outer_1_inner_4_c0p1_v0.1.json.gz	10084	ce2d59f17cb1870a174987599303355ebdfdef3e6b29e5d2e38e6971f503de75
derived/paired_enriched_feature_pruning_nested_v0.1/models/h2/f1_en/outer_1_inner_4_c1_v0.1.json.gz	11435	2d1d9ff86a4eec865ca9022cf1ffc3536415f3978fe0305cb7da1738d09a7ee9
derived/paired_enriched_feature_pruning_nested_v0.1/models/h2/f1_en/outer_1_inner_5_c0p01_v0.1.json.gz	9378	90f05f6a0a0aa76858247a889e90ce9011ebde944a38f95cd8eac9ea3c09357a
derived/paired_enriched_feature_pruning_nested_v0.1/models/h2/f1_en/outer_1_inner_5_c0p1_v0.1.json.gz	10311	fd2040f7c9b48b0cd3b7bae83a8d7d360f0f7a250ba68903c70744fe5777c8a2
derived/paired_enriched_feature_pruning_nested_v0.1/models/h2/f1_en/outer_1_inner_5_c1_v0.1.json.gz	11451	eb5f7f32dc029c1b521a25d134eb7916aa638b31d3a993edba3ca865d604bd00
derived/paired_enriched_feature_pruning_nested_v0.1/models/h2/f1_en/outer_1_outer_final_c0p1_v0.1.json.gz	10250	88a31cbefc0650d97e31421cb2ec6e17ca03fe0bc1b59bbc75f07674c6b13d00
derived/paired_enriched_feature_pruning_nested_v0.1/models/h2/f1_en/outer_2_inner_1_c0p01_v0.1.json.gz	9302	d48c15412d2a59b2179fbbce447aaed84ca494818b6f21dab6c122c6313e4f1a
derived/paired_enriched_feature_pruning_nested_v0.1/models/h2/f1_en/outer_2_inner_1_c0p1_v0.1.json.gz	10154	0e84fc6498efbc329a57d60aa65595ff820b7fde43ea4e851dd8edfc056f6103
derived/paired_enriched_feature_pruning_nested_v0.1/models/h2/f1_en/outer_2_inner_1_c1_v0.1.json.gz	11202	33426cd8e49d1a9b54366a6e73156f21c6e8d605ee28c2a4fa7cfbf9360dda28
derived/paired_enriched_feature_pruning_nested_v0.1/models/h2/f1_en/outer_2_inner_3_c0p01_v0.1.json.gz	8981	a98aa426cd0cf9ca17365aa6fc0e5ee1964c1e2e2dd4e36387991cc094c298b5
derived/paired_enriched_feature_pruning_nested_v0.1/models/h2/f1_en/outer_2_inner_3_c0p1_v0.1.json.gz	9610	e86b246ee04495145943a5ed6b982af9b72f559d29245b38a455d50de65fc6a1
derived/paired_enriched_feature_pruning_nested_v0.1/models/h2/f1_en/outer_2_inner_3_c1_v0.1.json.gz	10488	57ff6fafe0c5229ec53cd899c3db62b06d08f870bfa6b34138486ababca5ee43
derived/paired_enriched_feature_pruning_nested_v0.1/models/h2/f1_en/outer_2_inner_4_c0p01_v0.1.json.gz	8857	a1980a9dba37d41bbd4d28306f98b2527ac4ce0820c0942099c934f79cf70c38
derived/paired_enriched_feature_pruning_nested_v0.1/models/h2/f1_en/outer_2_inner_4_c0p1_v0.1.json.gz	9455	89810bd8c8908dd4449c2a50b38c9dcf16dff9f82d99656c312057692ee05f21
derived/paired_enriched_feature_pruning_nested_v0.1/models/h2/f1_en/outer_2_inner_4_c1_v0.1.json.gz	10615	8e2f064ee94180e90e5bc8085957401b58de718f7dff1842468ce8047ffecf1c
derived/paired_enriched_feature_pruning_nested_v0.1/models/h2/f1_en/outer_2_inner_5_c0p01_v0.1.json.gz	8916	f5fdc241b47921369af52ef693672000e42852810c646b7f6c74b4c33f7d55e1
derived/paired_enriched_feature_pruning_nested_v0.1/models/h2/f1_en/outer_2_inner_5_c0p1_v0.1.json.gz	9646	f396812c80d8c0f17f940dfe58767a3bbc2b677343c52016551b2addb575f56e
derived/paired_enriched_feature_pruning_nested_v0.1/models/h2/f1_en/outer_2_inner_5_c1_v0.1.json.gz	10784	4b404015fc059a0353faea6fcbe98e9344a8744ebd3d6b13d8242fff6e591bc6
derived/paired_enriched_feature_pruning_nested_v0.1/models/h2/f1_en/outer_2_outer_final_c0p1_v0.1.json.gz	9916	5896a0d81f662c3eae79a2cb2fecd550053682e9d0cf44a642f0948100cc107d
derived/paired_enriched_feature_pruning_nested_v0.1/models/h2/f1_en/outer_3_inner_1_c0p01_v0.1.json.gz	9099	d9109b6fb197b18769cd6603592dc7956050da56f0f49a456cd06c10a1ae86f0
derived/paired_enriched_feature_pruning_nested_v0.1/models/h2/f1_en/outer_3_inner_1_c0p1_v0.1.json.gz	9897	07e7954a956375227919617a588d2129ec7622b336604a0d11136d1af310a193
derived/paired_enriched_feature_pruning_nested_v0.1/models/h2/f1_en/outer_3_inner_1_c1_v0.1.json.gz	11178	eadea2fca8bb18c73facc525831753371e0022b35fa6732bf3518fd966858c7c
derived/paired_enriched_feature_pruning_nested_v0.1/models/h2/f1_en/outer_3_inner_2_c0p01_v0.1.json.gz	8981	a98aa426cd0cf9ca17365aa6fc0e5ee1964c1e2e2dd4e36387991cc094c298b5
derived/paired_enriched_feature_pruning_nested_v0.1/models/h2/f1_en/outer_3_inner_2_c0p1_v0.1.json.gz	9610	e86b246ee04495145943a5ed6b982af9b72f559d29245b38a455d50de65fc6a1
derived/paired_enriched_feature_pruning_nested_v0.1/models/h2/f1_en/outer_3_inner_2_c1_v0.1.json.gz	10488	57ff6fafe0c5229ec53cd899c3db62b06d08f870bfa6b34138486ababca5ee43
derived/paired_enriched_feature_pruning_nested_v0.1/models/h2/f1_en/outer_3_inner_4_c0p01_v0.1.json.gz	8814	2f843fd135e30c39490ffb5108aae45d9006aaa354d487fe6416aa6d0de2a729
derived/paired_enriched_feature_pruning_nested_v0.1/models/h2/f1_en/outer_3_inner_4_c0p1_v0.1.json.gz	9509	5a46b3328141e61ce288bbf74b4b36b7a23111ecc3be28559f26bf11d37f4b7e
derived/paired_enriched_feature_pruning_nested_v0.1/models/h2/f1_en/outer_3_inner_4_c1_v0.1.json.gz	10823	fa38b864a909da588cf0329ebc6d4a2bfb1f864917dadda80d91a4ec78355c18
derived/paired_enriched_feature_pruning_nested_v0.1/models/h2/f1_en/outer_3_inner_5_c0p01_v0.1.json.gz	8935	34bddf74c93f6c8a48c8fc4942c4fa993c367f4b46813e34ff7929e81d492410
derived/paired_enriched_feature_pruning_nested_v0.1/models/h2/f1_en/outer_3_inner_5_c0p1_v0.1.json.gz	9683	cc1894dc990f2e0409321d2024d34e68e0fcf4ef095f4aba25660984297080cb
derived/paired_enriched_feature_pruning_nested_v0.1/models/h2/f1_en/outer_3_inner_5_c1_v0.1.json.gz	10932	52ec2e6b51ff1955e0a7e357ee5a5813f16427258feb2fedad82a00d3737f113
derived/paired_enriched_feature_pruning_nested_v0.1/models/h2/f1_en/outer_3_outer_final_c0p1_v0.1.json.gz	9693	706429220dd721c4cc685fc09d91b3bba2567ef75e9010c47ad9420fb61a4fc9
derived/paired_enriched_feature_pruning_nested_v0.1/models/h2/f1_en/outer_4_inner_1_c0p01_v0.1.json.gz	9306	f09714c74e2fa0e7a94b3b9082524b47f0d6768a11ac690a60d5782450ffd08d
derived/paired_enriched_feature_pruning_nested_v0.1/models/h2/f1_en/outer_4_inner_1_c0p1_v0.1.json.gz	10084	ce2d59f17cb1870a174987599303355ebdfdef3e6b29e5d2e38e6971f503de75
derived/paired_enriched_feature_pruning_nested_v0.1/models/h2/f1_en/outer_4_inner_1_c1_v0.1.json.gz	11435	2d1d9ff86a4eec865ca9022cf1ffc3536415f3978fe0305cb7da1738d09a7ee9
derived/paired_enriched_feature_pruning_nested_v0.1/models/h2/f1_en/outer_4_inner_2_c0p01_v0.1.json.gz	8857	a1980a9dba37d41bbd4d28306f98b2527ac4ce0820c0942099c934f79cf70c38
derived/paired_enriched_feature_pruning_nested_v0.1/models/h2/f1_en/outer_4_inner_2_c0p1_v0.1.json.gz	9455	89810bd8c8908dd4449c2a50b38c9dcf16dff9f82d99656c312057692ee05f21
derived/paired_enriched_feature_pruning_nested_v0.1/models/h2/f1_en/outer_4_inner_2_c1_v0.1.json.gz	10615	8e2f064ee94180e90e5bc8085957401b58de718f7dff1842468ce8047ffecf1c
derived/paired_enriched_feature_pruning_nested_v0.1/models/h2/f1_en/outer_4_inner_3_c0p01_v0.1.json.gz	8814	2f843fd135e30c39490ffb5108aae45d9006aaa354d487fe6416aa6d0de2a729
derived/paired_enriched_feature_pruning_nested_v0.1/models/h2/f1_en/outer_4_inner_3_c0p1_v0.1.json.gz	9509	5a46b3328141e61ce288bbf74b4b36b7a23111ecc3be28559f26bf11d37f4b7e
derived/paired_enriched_feature_pruning_nested_v0.1/models/h2/f1_en/outer_4_inner_3_c1_v0.1.json.gz	10823	fa38b864a909da588cf0329ebc6d4a2bfb1f864917dadda80d91a4ec78355c18
derived/paired_enriched_feature_pruning_nested_v0.1/models/h2/f1_en/outer_4_inner_5_c0p01_v0.1.json.gz	8844	f7363c7dfe70433b34f48e531fa7f5ff41a890da65c0b9018639e9b5e22aba92
derived/paired_enriched_feature_pruning_nested_v0.1/models/h2/f1_en/outer_4_inner_5_c0p1_v0.1.json.gz	9802	b404793cfd916ce0b2496e5118f34c7fa90214c695da774d97e45b4e1efb008f
derived/paired_enriched_feature_pruning_nested_v0.1/models/h2/f1_en/outer_4_inner_5_c1_v0.1.json.gz	10977	ef9fc7fd65c523b50ecf96d19df2361192f66cdadc6ed60ea5bbcbe5424845a9
derived/paired_enriched_feature_pruning_nested_v0.1/models/h2/f1_en/outer_4_outer_final_c0p1_v0.1.json.gz	9742	f3a2bea3c50ce2bb0174e5569febc92a7f71bb46ad01c527825222c89df0df86
derived/paired_enriched_feature_pruning_nested_v0.1/models/h2/f1_en/outer_5_inner_1_c0p01_v0.1.json.gz	9378	90f05f6a0a0aa76858247a889e90ce9011ebde944a38f95cd8eac9ea3c09357a
derived/paired_enriched_feature_pruning_nested_v0.1/models/h2/f1_en/outer_5_inner_1_c0p1_v0.1.json.gz	10311	fd2040f7c9b48b0cd3b7bae83a8d7d360f0f7a250ba68903c70744fe5777c8a2
derived/paired_enriched_feature_pruning_nested_v0.1/models/h2/f1_en/outer_5_inner_1_c1_v0.1.json.gz	11451	eb5f7f32dc029c1b521a25d134eb7916aa638b31d3a993edba3ca865d604bd00
derived/paired_enriched_feature_pruning_nested_v0.1/models/h2/f1_en/outer_5_inner_2_c0p01_v0.1.json.gz	8916	f5fdc241b47921369af52ef693672000e42852810c646b7f6c74b4c33f7d55e1
derived/paired_enriched_feature_pruning_nested_v0.1/models/h2/f1_en/outer_5_inner_2_c0p1_v0.1.json.gz	9646	f396812c80d8c0f17f940dfe58767a3bbc2b677343c52016551b2addb575f56e
derived/paired_enriched_feature_pruning_nested_v0.1/models/h2/f1_en/outer_5_inner_2_c1_v0.1.json.gz	10784	4b404015fc059a0353faea6fcbe98e9344a8744ebd3d6b13d8242fff6e591bc6
derived/paired_enriched_feature_pruning_nested_v0.1/models/h2/f1_en/outer_5_inner_3_c0p01_v0.1.json.gz	8935	34bddf74c93f6c8a48c8fc4942c4fa993c367f4b46813e34ff7929e81d492410
derived/paired_enriched_feature_pruning_nested_v0.1/models/h2/f1_en/outer_5_inner_3_c0p1_v0.1.json.gz	9683	cc1894dc990f2e0409321d2024d34e68e0fcf4ef095f4aba25660984297080cb
derived/paired_enriched_feature_pruning_nested_v0.1/models/h2/f1_en/outer_5_inner_3_c1_v0.1.json.gz	10932	52ec2e6b51ff1955e0a7e357ee5a5813f16427258feb2fedad82a00d3737f113
derived/paired_enriched_feature_pruning_nested_v0.1/models/h2/f1_en/outer_5_inner_4_c0p01_v0.1.json.gz	8844	f7363c7dfe70433b34f48e531fa7f5ff41a890da65c0b9018639e9b5e22aba92
derived/paired_enriched_feature_pruning_nested_v0.1/models/h2/f1_en/outer_5_inner_4_c0p1_v0.1.json.gz	9802	b404793cfd916ce0b2496e5118f34c7fa90214c695da774d97e45b4e1efb008f
derived/paired_enriched_feature_pruning_nested_v0.1/models/h2/f1_en/outer_5_inner_4_c1_v0.1.json.gz	10977	ef9fc7fd65c523b50ecf96d19df2361192f66cdadc6ed60ea5bbcbe5424845a9
derived/paired_enriched_feature_pruning_nested_v0.1/models/h2/f1_en/outer_5_outer_final_c0p1_v0.1.json.gz	9964	2262b0f8f10b76496b4bb5a77d91859c80d9d54b3774fe4f4d141b91dd7dfc98
derived/paired_enriched_feature_pruning_nested_v0.1/models/h2/f1_l2/outer_1_inner_2_c1_v0.1.json.gz	12983	dc4bdc9dbee5bcd0f893d6cb12d4cb02ca3a78fd0b5c6caa3f0ae8d6d030ab36
derived/paired_enriched_feature_pruning_nested_v0.1/models/h2/f1_l2/outer_1_inner_3_c1_v0.1.json.gz	12988	1ee9963539c5c72219a405b8cf8422a5e0a87dda663e00c9d941d7905b2757b7
derived/paired_enriched_feature_pruning_nested_v0.1/models/h2/f1_l2/outer_1_inner_4_c1_v0.1.json.gz	13055	51b0d7111cfcf84762f397ff2aff7b5aa483a003316d91184d1c417fa132699f
derived/paired_enriched_feature_pruning_nested_v0.1/models/h2/f1_l2/outer_1_inner_5_c1_v0.1.json.gz	13014	8ce51d89be6de042bcdd9c21f9c26af56e3f0f4c3b88e8bb237e1ab4357c077d
derived/paired_enriched_feature_pruning_nested_v0.1/models/h2/f1_l2/outer_1_outer_final_c1_v0.1.json.gz	13023	b98404746802776a5bbd089bb37a5d0275190b7fd54df99399bbe66cc5dcf112
derived/paired_enriched_feature_pruning_nested_v0.1/models/h2/f1_l2/outer_2_inner_1_c1_v0.1.json.gz	12983	dc4bdc9dbee5bcd0f893d6cb12d4cb02ca3a78fd0b5c6caa3f0ae8d6d030ab36
derived/paired_enriched_feature_pruning_nested_v0.1/models/h2/f1_l2/outer_2_inner_3_c1_v0.1.json.gz	13006	7df69794ccb82e93516020912ddeb7cfa891e3c18bdc66f80f6e2635042cc82b
derived/paired_enriched_feature_pruning_nested_v0.1/models/h2/f1_l2/outer_2_inner_4_c1_v0.1.json.gz	12999	5dcd10f1237ca8dcc2a6e652945ae35d9859baf07eeb0b70252471767b170cd0
derived/paired_enriched_feature_pruning_nested_v0.1/models/h2/f1_l2/outer_2_inner_5_c1_v0.1.json.gz	13024	3fa17105c07da0ffa7d3e439fa7371b9c2646ac7fd5123bec21769301c3c5a33
derived/paired_enriched_feature_pruning_nested_v0.1/models/h2/f1_l2/outer_2_outer_final_c1_v0.1.json.gz	13006	a3afee0d4b63c1fc0facdb24a9d9d6830ae50bea6db04ca4f85fbceb6c2e378a
derived/paired_enriched_feature_pruning_nested_v0.1/models/h2/f1_l2/outer_3_inner_1_c1_v0.1.json.gz	12988	1ee9963539c5c72219a405b8cf8422a5e0a87dda663e00c9d941d7905b2757b7
derived/paired_enriched_feature_pruning_nested_v0.1/models/h2/f1_l2/outer_3_inner_2_c1_v0.1.json.gz	13006	7df69794ccb82e93516020912ddeb7cfa891e3c18bdc66f80f6e2635042cc82b
derived/paired_enriched_feature_pruning_nested_v0.1/models/h2/f1_l2/outer_3_inner_4_c1_v0.1.json.gz	13011	9d71a342edc37a3357d1115b8d9934926add32a77dce900bd5d77ae8758e2d2e
derived/paired_enriched_feature_pruning_nested_v0.1/models/h2/f1_l2/outer_3_inner_5_c1_v0.1.json.gz	13049	fe0b02c40d6eb3da3bffecd81b22498cd51e1e64980b6311e5a4cac8f1c44bd7
derived/paired_enriched_feature_pruning_nested_v0.1/models/h2/f1_l2/outer_3_outer_final_c1_v0.1.json.gz	12941	31a9ffad644fcb0cee4ed599b9b11d442f8725260a2b22491814400779b8c730
derived/paired_enriched_feature_pruning_nested_v0.1/models/h2/f1_l2/outer_4_inner_1_c1_v0.1.json.gz	13055	51b0d7111cfcf84762f397ff2aff7b5aa483a003316d91184d1c417fa132699f
derived/paired_enriched_feature_pruning_nested_v0.1/models/h2/f1_l2/outer_4_inner_2_c1_v0.1.json.gz	12999	5dcd10f1237ca8dcc2a6e652945ae35d9859baf07eeb0b70252471767b170cd0
derived/paired_enriched_feature_pruning_nested_v0.1/models/h2/f1_l2/outer_4_inner_3_c1_v0.1.json.gz	13011	9d71a342edc37a3357d1115b8d9934926add32a77dce900bd5d77ae8758e2d2e
derived/paired_enriched_feature_pruning_nested_v0.1/models/h2/f1_l2/outer_4_inner_5_c1_v0.1.json.gz	13000	d4a10a54f36e1580ef7c585a7a1ce679bfc4cd0abc4813e78f25acda8b82dd24
derived/paired_enriched_feature_pruning_nested_v0.1/models/h2/f1_l2/outer_4_outer_final_c1_v0.1.json.gz	12998	b40e31ae08a8b75ad76ea502ffb37c30ccc17426a45a1c9c61ee1e331a5e53a1
derived/paired_enriched_feature_pruning_nested_v0.1/models/h2/f1_l2/outer_5_inner_1_c1_v0.1.json.gz	13014	8ce51d89be6de042bcdd9c21f9c26af56e3f0f4c3b88e8bb237e1ab4357c077d
derived/paired_enriched_feature_pruning_nested_v0.1/models/h2/f1_l2/outer_5_inner_2_c1_v0.1.json.gz	13024	3fa17105c07da0ffa7d3e439fa7371b9c2646ac7fd5123bec21769301c3c5a33
derived/paired_enriched_feature_pruning_nested_v0.1/models/h2/f1_l2/outer_5_inner_3_c1_v0.1.json.gz	13049	fe0b02c40d6eb3da3bffecd81b22498cd51e1e64980b6311e5a4cac8f1c44bd7
derived/paired_enriched_feature_pruning_nested_v0.1/models/h2/f1_l2/outer_5_inner_4_c1_v0.1.json.gz	13000	d4a10a54f36e1580ef7c585a7a1ce679bfc4cd0abc4813e78f25acda8b82dd24
derived/paired_enriched_feature_pruning_nested_v0.1/models/h2/f1_l2/outer_5_outer_final_c1_v0.1.json.gz	13038	04b20b14144d993aca7ab7453c1528709d0e3bd739f3485f2404b445175e7bb3
derived/paired_enriched_feature_pruning_nested_v0.1/models/p2/f0_l2/outer_1_inner_2_c1_v0.1.json.gz	3055	124fc603ebf1d71b7dd8d724291498d59ecaf3cc4a660cb46a1fa4e3451b4ce1
derived/paired_enriched_feature_pruning_nested_v0.1/models/p2/f0_l2/outer_1_inner_3_c1_v0.1.json.gz	3052	97b1b0bc53a0e0a5b2b95de883253cb9fc7750f3f020c9ed3af4d82bc1fe69a3
derived/paired_enriched_feature_pruning_nested_v0.1/models/p2/f0_l2/outer_1_inner_4_c1_v0.1.json.gz	3055	9d457aa9e8e6161dc03a80501050563957cc81d2192813ddab2b067d35d652e6
derived/paired_enriched_feature_pruning_nested_v0.1/models/p2/f0_l2/outer_1_inner_5_c1_v0.1.json.gz	3062	e207b8a7fa207b321eda5d1622733c80874e16b0507308bb3b67b48c1026b935
derived/paired_enriched_feature_pruning_nested_v0.1/models/p2/f0_l2/outer_1_outer_final_c1_v0.1.json.gz	3060	06b37ebcab267b21c9d3590ecc9c97bd06712d7e3f0dacf79b21dc23c8eabd62
derived/paired_enriched_feature_pruning_nested_v0.1/models/p2/f0_l2/outer_2_inner_1_c1_v0.1.json.gz	3055	124fc603ebf1d71b7dd8d724291498d59ecaf3cc4a660cb46a1fa4e3451b4ce1
derived/paired_enriched_feature_pruning_nested_v0.1/models/p2/f0_l2/outer_2_inner_3_c1_v0.1.json.gz	3047	bce4a7d4e5070f9f1e87bcc45cd1ce3fa02a4dc1202b201990a43933737d7dfe
derived/paired_enriched_feature_pruning_nested_v0.1/models/p2/f0_l2/outer_2_inner_4_c1_v0.1.json.gz	3058	db477188d75bbaa28f681d1379e69e022ae6f53c8f4d8fc8e98f64f94aa7c743
derived/paired_enriched_feature_pruning_nested_v0.1/models/p2/f0_l2/outer_2_inner_5_c1_v0.1.json.gz	3045	26dec3eb1feb8feb902330c4d3274ac2068d0874cca50d60a031e43d8b9b7216
derived/paired_enriched_feature_pruning_nested_v0.1/models/p2/f0_l2/outer_2_outer_final_c1_v0.1.json.gz	3038	a2900a61be401b5df8b443494e1fcaa3b6ad24f91405142b3de59b5537ffe77a
derived/paired_enriched_feature_pruning_nested_v0.1/models/p2/f0_l2/outer_3_inner_1_c1_v0.1.json.gz	3052	97b1b0bc53a0e0a5b2b95de883253cb9fc7750f3f020c9ed3af4d82bc1fe69a3
derived/paired_enriched_feature_pruning_nested_v0.1/models/p2/f0_l2/outer_3_inner_2_c1_v0.1.json.gz	3047	bce4a7d4e5070f9f1e87bcc45cd1ce3fa02a4dc1202b201990a43933737d7dfe
derived/paired_enriched_feature_pruning_nested_v0.1/models/p2/f0_l2/outer_3_inner_4_c1_v0.1.json.gz	3056	b64689935e238e1c5e5583484920435373f7b8a338963f5a8b46a5ecff10abfa
derived/paired_enriched_feature_pruning_nested_v0.1/models/p2/f0_l2/outer_3_inner_5_c1_v0.1.json.gz	3046	72c74ffb04c7f74c67101366cb4fdfe2f6351fbfe84616060ccb4bab60df9c66
derived/paired_enriched_feature_pruning_nested_v0.1/models/p2/f0_l2/outer_3_outer_final_c1_v0.1.json.gz	3030	32834dc3a951cbd07b9a2bc6a57a6fddb22795e7edb5e1154d0e03aed33d1772
derived/paired_enriched_feature_pruning_nested_v0.1/models/p2/f0_l2/outer_4_inner_1_c1_v0.1.json.gz	3055	9d457aa9e8e6161dc03a80501050563957cc81d2192813ddab2b067d35d652e6
derived/paired_enriched_feature_pruning_nested_v0.1/models/p2/f0_l2/outer_4_inner_2_c1_v0.1.json.gz	3058	db477188d75bbaa28f681d1379e69e022ae6f53c8f4d8fc8e98f64f94aa7c743
derived/paired_enriched_feature_pruning_nested_v0.1/models/p2/f0_l2/outer_4_inner_3_c1_v0.1.json.gz	3056	b64689935e238e1c5e5583484920435373f7b8a338963f5a8b46a5ecff10abfa
derived/paired_enriched_feature_pruning_nested_v0.1/models/p2/f0_l2/outer_4_inner_5_c1_v0.1.json.gz	3059	f07deb3e93899e5ae21f5b1c457bb21c24f232f81c4164018bcaab8edf35b8b6
derived/paired_enriched_feature_pruning_nested_v0.1/models/p2/f0_l2/outer_4_outer_final_c1_v0.1.json.gz	3063	2b8722671804bc7e4f5f33773b3d63d874a978948a45949e8331572c255d5bad
derived/paired_enriched_feature_pruning_nested_v0.1/models/p2/f0_l2/outer_5_inner_1_c1_v0.1.json.gz	3062	e207b8a7fa207b321eda5d1622733c80874e16b0507308bb3b67b48c1026b935
derived/paired_enriched_feature_pruning_nested_v0.1/models/p2/f0_l2/outer_5_inner_2_c1_v0.1.json.gz	3045	26dec3eb1feb8feb902330c4d3274ac2068d0874cca50d60a031e43d8b9b7216
derived/paired_enriched_feature_pruning_nested_v0.1/models/p2/f0_l2/outer_5_inner_3_c1_v0.1.json.gz	3046	72c74ffb04c7f74c67101366cb4fdfe2f6351fbfe84616060ccb4bab60df9c66
derived/paired_enriched_feature_pruning_nested_v0.1/models/p2/f0_l2/outer_5_inner_4_c1_v0.1.json.gz	3059	f07deb3e93899e5ae21f5b1c457bb21c24f232f81c4164018bcaab8edf35b8b6
derived/paired_enriched_feature_pruning_nested_v0.1/models/p2/f0_l2/outer_5_outer_final_c1_v0.1.json.gz	3055	26a6a5d8f816a7cd234530981ca6b8f6c22f89d37b51780a16872407724de019
derived/paired_enriched_feature_pruning_nested_v0.1/models/p2/f1_en/outer_1_inner_2_c0p01_v0.1.json.gz	9120	9b793e942bc57b3764c2fc09a02ae1941d8cf382b166d928f257d462fdc7c63c
derived/paired_enriched_feature_pruning_nested_v0.1/models/p2/f1_en/outer_1_inner_2_c0p1_v0.1.json.gz	9794	1f2aee42e57b0e876c55da37a9926eeefbf17da17c05b0fc84636cdb027d6148
derived/paired_enriched_feature_pruning_nested_v0.1/models/p2/f1_en/outer_1_inner_2_c1_v0.1.json.gz	10848	e697d80a3a52dd6342fa863b99c900dec679b6b0b2c5b13679ca5bdb72485acb
derived/paired_enriched_feature_pruning_nested_v0.1/models/p2/f1_en/outer_1_inner_3_c0p01_v0.1.json.gz	9235	ede66f0bad7614df3c4ecf739fff1fcc0ca71db8e75361ecc1808965bee4b441
derived/paired_enriched_feature_pruning_nested_v0.1/models/p2/f1_en/outer_1_inner_3_c0p1_v0.1.json.gz	9901	a042d5bf728f27edd9c19335686db9e777d6cff65636b4c37a020f81ef3968fe
derived/paired_enriched_feature_pruning_nested_v0.1/models/p2/f1_en/outer_1_inner_3_c1_v0.1.json.gz	10863	ae359f6ebd5c2aaad6cf8c5a4cdb7740ebb2ec781e7c95298e25a8ededd74522
derived/paired_enriched_feature_pruning_nested_v0.1/models/p2/f1_en/outer_1_inner_4_c0p01_v0.1.json.gz	9082	4a0440a6906e2a4c39f9150c1b2d799dca6287a411f58efc1ea9bbd4f5e98aa3
derived/paired_enriched_feature_pruning_nested_v0.1/models/p2/f1_en/outer_1_inner_4_c0p1_v0.1.json.gz	9780	fc8d8944212057339e4853b79cd4b3a3581df5e055b26a978ffe1e24e7a50387
derived/paired_enriched_feature_pruning_nested_v0.1/models/p2/f1_en/outer_1_inner_4_c1_v0.1.json.gz	11045	04fe4f3ab995a692a74f88c31f0b6c22722715a1539bd8dcbcc3eeed7129cc1d
derived/paired_enriched_feature_pruning_nested_v0.1/models/p2/f1_en/outer_1_inner_5_c0p01_v0.1.json.gz	9155	5d4ba23124f570dd2a49bd6810f680c85a00ea2b4aac990c96b19c56a0f9b3eb
derived/paired_enriched_feature_pruning_nested_v0.1/models/p2/f1_en/outer_1_inner_5_c0p1_v0.1.json.gz	9921	e61fbf95de651b80d479674c4fb4cb64c3d24ee6d414da6036350fdad411754a
derived/paired_enriched_feature_pruning_nested_v0.1/models/p2/f1_en/outer_1_inner_5_c1_v0.1.json.gz	11102	1b055a0f33a1cf40d033c4383237aba04ae8ffce3c2d9118a5a21da4a0d4a4f0
derived/paired_enriched_feature_pruning_nested_v0.1/models/p2/f1_en/outer_1_outer_final_c1_v0.1.json.gz	11280	e5c68d30fd1162bb393727c499487da12b3868154bcb5456f804d4531032f825
derived/paired_enriched_feature_pruning_nested_v0.1/models/p2/f1_en/outer_2_inner_1_c0p01_v0.1.json.gz	9120	9b793e942bc57b3764c2fc09a02ae1941d8cf382b166d928f257d462fdc7c63c
derived/paired_enriched_feature_pruning_nested_v0.1/models/p2/f1_en/outer_2_inner_1_c0p1_v0.1.json.gz	9794	1f2aee42e57b0e876c55da37a9926eeefbf17da17c05b0fc84636cdb027d6148
derived/paired_enriched_feature_pruning_nested_v0.1/models/p2/f1_en/outer_2_inner_1_c1_v0.1.json.gz	10848	e697d80a3a52dd6342fa863b99c900dec679b6b0b2c5b13679ca5bdb72485acb
derived/paired_enriched_feature_pruning_nested_v0.1/models/p2/f1_en/outer_2_inner_3_c0p01_v0.1.json.gz	9389	ec7b764d395e44584b91a4cf5a4f9ab552670f78c52be84629dba2293df19617
derived/paired_enriched_feature_pruning_nested_v0.1/models/p2/f1_en/outer_2_inner_3_c0p1_v0.1.json.gz	10121	ac2c99bb2df18512a989b758e38a8f40d40177130b9524e9185a495c16fd9440
derived/paired_enriched_feature_pruning_nested_v0.1/models/p2/f1_en/outer_2_inner_3_c1_v0.1.json.gz	11209	c909760ef93ecb7420efd9334ef89d1a1c563585359c1fa853cdf87a3a4e17be
derived/paired_enriched_feature_pruning_nested_v0.1/models/p2/f1_en/outer_2_inner_4_c0p01_v0.1.json.gz	9100	eafc1d147d1fedee1af472eee7a483d5ec9b44abbf44317632f4ab95b0580a73
derived/paired_enriched_feature_pruning_nested_v0.1/models/p2/f1_en/outer_2_inner_4_c0p1_v0.1.json.gz	9749	0ba974531035c7054dc9d6314efe760bd4c53a0b87c250f49b63628e2128ef0d
derived/paired_enriched_feature_pruning_nested_v0.1/models/p2/f1_en/outer_2_inner_4_c1_v0.1.json.gz	10939	338902336e8cf1137ce2ae7d5765913044817df586dd42aee2d36c014b63fd7b
derived/paired_enriched_feature_pruning_nested_v0.1/models/p2/f1_en/outer_2_inner_5_c0p01_v0.1.json.gz	9230	18e6d9136dfec4f6bcc0ee4d332e523406f75f076d8b3bf1d48fb2bf79d4af1f
derived/paired_enriched_feature_pruning_nested_v0.1/models/p2/f1_en/outer_2_inner_5_c0p1_v0.1.json.gz	9883	09d4817c324b6bc0ba03a61ed4abd6115e4fdc8ef118e1809bb940c8e3fa6d47
derived/paired_enriched_feature_pruning_nested_v0.1/models/p2/f1_en/outer_2_inner_5_c1_v0.1.json.gz	11013	3f2ef269d061748548a0237bc898478b0e3f7f80e653a3d761671582019fadba
derived/paired_enriched_feature_pruning_nested_v0.1/models/p2/f1_en/outer_2_outer_final_c0p1_v0.1.json.gz	9997	a7bb611535f68fc3f18c6633673a2c1edca3cecdd80287e9a3b38906d3020cfa
derived/paired_enriched_feature_pruning_nested_v0.1/models/p2/f1_en/outer_3_inner_1_c0p01_v0.1.json.gz	9235	ede66f0bad7614df3c4ecf739fff1fcc0ca71db8e75361ecc1808965bee4b441
derived/paired_enriched_feature_pruning_nested_v0.1/models/p2/f1_en/outer_3_inner_1_c0p1_v0.1.json.gz	9901	a042d5bf728f27edd9c19335686db9e777d6cff65636b4c37a020f81ef3968fe
derived/paired_enriched_feature_pruning_nested_v0.1/models/p2/f1_en/outer_3_inner_1_c1_v0.1.json.gz	10863	ae359f6ebd5c2aaad6cf8c5a4cdb7740ebb2ec781e7c95298e25a8ededd74522
derived/paired_enriched_feature_pruning_nested_v0.1/models/p2/f1_en/outer_3_inner_2_c0p01_v0.1.json.gz	9389	ec7b764d395e44584b91a4cf5a4f9ab552670f78c52be84629dba2293df19617
derived/paired_enriched_feature_pruning_nested_v0.1/models/p2/f1_en/outer_3_inner_2_c0p1_v0.1.json.gz	10121	ac2c99bb2df18512a989b758e38a8f40d40177130b9524e9185a495c16fd9440
derived/paired_enriched_feature_pruning_nested_v0.1/models/p2/f1_en/outer_3_inner_2_c1_v0.1.json.gz	11209	c909760ef93ecb7420efd9334ef89d1a1c563585359c1fa853cdf87a3a4e17be
derived/paired_enriched_feature_pruning_nested_v0.1/models/p2/f1_en/outer_3_inner_4_c0p01_v0.1.json.gz	9337	2f747741f73013cd3d4b9c0aa9b2ed7a1b8a4d2766667fa2f938dcb7641ae25f
derived/paired_enriched_feature_pruning_nested_v0.1/models/p2/f1_en/outer_3_inner_4_c0p1_v0.1.json.gz	9989	df962ded7931c50a70a74f68a28037714729e4c7b1a86e757304317fb745509a
derived/paired_enriched_feature_pruning_nested_v0.1/models/p2/f1_en/outer_3_inner_4_c1_v0.1.json.gz	11278	c9ae88b990c71ad5822bdfe62cea760aab55dfe729e6935d4e843afe023daffd
derived/paired_enriched_feature_pruning_nested_v0.1/models/p2/f1_en/outer_3_inner_5_c0p01_v0.1.json.gz	9366	12ad453f44e7ada474b3b17d45d6b752ea7ace64c3c29c616e2b29fbccfdeae8
derived/paired_enriched_feature_pruning_nested_v0.1/models/p2/f1_en/outer_3_inner_5_c0p1_v0.1.json.gz	9936	c43039878a985d3e1b598401c568bee471727832ac63c76f07cad7fe508a3d81
derived/paired_enriched_feature_pruning_nested_v0.1/models/p2/f1_en/outer_3_inner_5_c1_v0.1.json.gz	11189	07b3c26bebaa8502111e294e4d0cc7b98a884da923e770a3197320d7c2bbfeb1
derived/paired_enriched_feature_pruning_nested_v0.1/models/p2/f1_en/outer_3_outer_final_c0p1_v0.1.json.gz	10132	cf58173ad6c670fc22169980beb1f3baf262ecb42b05ebb71479736e254147f9
derived/paired_enriched_feature_pruning_nested_v0.1/models/p2/f1_en/outer_4_inner_1_c0p01_v0.1.json.gz	9082	4a0440a6906e2a4c39f9150c1b2d799dca6287a411f58efc1ea9bbd4f5e98aa3
derived/paired_enriched_feature_pruning_nested_v0.1/models/p2/f1_en/outer_4_inner_1_c0p1_v0.1.json.gz	9780	fc8d8944212057339e4853b79cd4b3a3581df5e055b26a978ffe1e24e7a50387
derived/paired_enriched_feature_pruning_nested_v0.1/models/p2/f1_en/outer_4_inner_1_c1_v0.1.json.gz	11045	04fe4f3ab995a692a74f88c31f0b6c22722715a1539bd8dcbcc3eeed7129cc1d
derived/paired_enriched_feature_pruning_nested_v0.1/models/p2/f1_en/outer_4_inner_2_c0p01_v0.1.json.gz	9100	eafc1d147d1fedee1af472eee7a483d5ec9b44abbf44317632f4ab95b0580a73
derived/paired_enriched_feature_pruning_nested_v0.1/models/p2/f1_en/outer_4_inner_2_c0p1_v0.1.json.gz	9749	0ba974531035c7054dc9d6314efe760bd4c53a0b87c250f49b63628e2128ef0d
derived/paired_enriched_feature_pruning_nested_v0.1/models/p2/f1_en/outer_4_inner_2_c1_v0.1.json.gz	10939	338902336e8cf1137ce2ae7d5765913044817df586dd42aee2d36c014b63fd7b
derived/paired_enriched_feature_pruning_nested_v0.1/models/p2/f1_en/outer_4_inner_3_c0p01_v0.1.json.gz	9337	2f747741f73013cd3d4b9c0aa9b2ed7a1b8a4d2766667fa2f938dcb7641ae25f
derived/paired_enriched_feature_pruning_nested_v0.1/models/p2/f1_en/outer_4_inner_3_c0p1_v0.1.json.gz	9989	df962ded7931c50a70a74f68a28037714729e4c7b1a86e757304317fb745509a
derived/paired_enriched_feature_pruning_nested_v0.1/models/p2/f1_en/outer_4_inner_3_c1_v0.1.json.gz	11278	c9ae88b990c71ad5822bdfe62cea760aab55dfe729e6935d4e843afe023daffd
derived/paired_enriched_feature_pruning_nested_v0.1/models/p2/f1_en/outer_4_inner_5_c0p01_v0.1.json.gz	9153	b70175b96343494a1764e29470930ecbc1ee7f5c97262e4536258ee8774c4e39
derived/paired_enriched_feature_pruning_nested_v0.1/models/p2/f1_en/outer_4_inner_5_c0p1_v0.1.json.gz	9782	1c5374a02393db31ca0922c53ea3584ac7dad6c18c1efb3d5b3c2ccc1c4ab613
derived/paired_enriched_feature_pruning_nested_v0.1/models/p2/f1_en/outer_4_inner_5_c1_v0.1.json.gz	11058	67440e7eb29cfe93a3c3e72cd4b00776e4f8a17bd4b00111441ffb4d2e4346fc
derived/paired_enriched_feature_pruning_nested_v0.1/models/p2/f1_en/outer_4_outer_final_c0p1_v0.1.json.gz	10064	797c56ab3c31eff194ccb9811149993012ad13ff947ad6b756154a9a9f437b77
derived/paired_enriched_feature_pruning_nested_v0.1/models/p2/f1_en/outer_5_inner_1_c0p01_v0.1.json.gz	9155	5d4ba23124f570dd2a49bd6810f680c85a00ea2b4aac990c96b19c56a0f9b3eb
derived/paired_enriched_feature_pruning_nested_v0.1/models/p2/f1_en/outer_5_inner_1_c0p1_v0.1.json.gz	9921	e61fbf95de651b80d479674c4fb4cb64c3d24ee6d414da6036350fdad411754a
derived/paired_enriched_feature_pruning_nested_v0.1/models/p2/f1_en/outer_5_inner_1_c1_v0.1.json.gz	11102	1b055a0f33a1cf40d033c4383237aba04ae8ffce3c2d9118a5a21da4a0d4a4f0
derived/paired_enriched_feature_pruning_nested_v0.1/models/p2/f1_en/outer_5_inner_2_c0p01_v0.1.json.gz	9230	18e6d9136dfec4f6bcc0ee4d332e523406f75f076d8b3bf1d48fb2bf79d4af1f
derived/paired_enriched_feature_pruning_nested_v0.1/models/p2/f1_en/outer_5_inner_2_c0p1_v0.1.json.gz	9883	09d4817c324b6bc0ba03a61ed4abd6115e4fdc8ef118e1809bb940c8e3fa6d47
derived/paired_enriched_feature_pruning_nested_v0.1/models/p2/f1_en/outer_5_inner_2_c1_v0.1.json.gz	11013	3f2ef269d061748548a0237bc898478b0e3f7f80e653a3d761671582019fadba
derived/paired_enriched_feature_pruning_nested_v0.1/models/p2/f1_en/outer_5_inner_3_c0p01_v0.1.json.gz	9366	12ad453f44e7ada474b3b17d45d6b752ea7ace64c3c29c616e2b29fbccfdeae8
derived/paired_enriched_feature_pruning_nested_v0.1/models/p2/f1_en/outer_5_inner_3_c0p1_v0.1.json.gz	9936	c43039878a985d3e1b598401c568bee471727832ac63c76f07cad7fe508a3d81
derived/paired_enriched_feature_pruning_nested_v0.1/models/p2/f1_en/outer_5_inner_3_c1_v0.1.json.gz	11189	07b3c26bebaa8502111e294e4d0cc7b98a884da923e770a3197320d7c2bbfeb1
derived/paired_enriched_feature_pruning_nested_v0.1/models/p2/f1_en/outer_5_inner_4_c0p01_v0.1.json.gz	9153	b70175b96343494a1764e29470930ecbc1ee7f5c97262e4536258ee8774c4e39
derived/paired_enriched_feature_pruning_nested_v0.1/models/p2/f1_en/outer_5_inner_4_c0p1_v0.1.json.gz	9782	1c5374a02393db31ca0922c53ea3584ac7dad6c18c1efb3d5b3c2ccc1c4ab613
derived/paired_enriched_feature_pruning_nested_v0.1/models/p2/f1_en/outer_5_inner_4_c1_v0.1.json.gz	11058	67440e7eb29cfe93a3c3e72cd4b00776e4f8a17bd4b00111441ffb4d2e4346fc
derived/paired_enriched_feature_pruning_nested_v0.1/models/p2/f1_en/outer_5_outer_final_c0p1_v0.1.json.gz	9978	610f653a6b07cf48670c15d87d799a9eeb9625c0810cbb744971c5d56e55855a
derived/paired_enriched_feature_pruning_nested_v0.1/models/p2/f1_l2/outer_1_inner_2_c1_v0.1.json.gz	13035	51493e2fd78dfc7b60e56690a435d496004d40cf6343987d12f75d219088f29a
derived/paired_enriched_feature_pruning_nested_v0.1/models/p2/f1_l2/outer_1_inner_3_c1_v0.1.json.gz	13059	e35b961dfa6d89414d7ba982cb4a132628079bf7b46153228f5d3132d6914661
derived/paired_enriched_feature_pruning_nested_v0.1/models/p2/f1_l2/outer_1_inner_4_c1_v0.1.json.gz	13036	0eb6326541109fe51b53291bb1ee562400baf39488d04ed81c82fb41be6bb667
derived/paired_enriched_feature_pruning_nested_v0.1/models/p2/f1_l2/outer_1_inner_5_c1_v0.1.json.gz	13056	5f0d82f12fd565f2bfca83c346f33761e803927f7588273e66120ef9e9b1f624
derived/paired_enriched_feature_pruning_nested_v0.1/models/p2/f1_l2/outer_1_outer_final_c1_v0.1.json.gz	13069	5313b3bfe60c98bf91b52c6c583e3167279aa8200b7247685fe28768a6802875
derived/paired_enriched_feature_pruning_nested_v0.1/models/p2/f1_l2/outer_2_inner_1_c1_v0.1.json.gz	13035	51493e2fd78dfc7b60e56690a435d496004d40cf6343987d12f75d219088f29a
derived/paired_enriched_feature_pruning_nested_v0.1/models/p2/f1_l2/outer_2_inner_3_c1_v0.1.json.gz	13037	f35f012f41d18a77112fdce03c1d9e5ba98afd13823e3124eb57ce085a6a9a0b
derived/paired_enriched_feature_pruning_nested_v0.1/models/p2/f1_l2/outer_2_inner_4_c1_v0.1.json.gz	13040	1077cbc559c078125d802d5b805bfefef847e07830732ab56799858a5fea526c
derived/paired_enriched_feature_pruning_nested_v0.1/models/p2/f1_l2/outer_2_inner_5_c1_v0.1.json.gz	13067	5a5b4a85b7f12811b328d4912218370e21b7f050354e4085abcb03c0462ed523
derived/paired_enriched_feature_pruning_nested_v0.1/models/p2/f1_l2/outer_2_outer_final_c1_v0.1.json.gz	13056	c743aa6a886ba4c9dee163e5a95dc00787ad1c544e50bde83c3a72ad5b932afa
derived/paired_enriched_feature_pruning_nested_v0.1/models/p2/f1_l2/outer_3_inner_1_c1_v0.1.json.gz	13059	e35b961dfa6d89414d7ba982cb4a132628079bf7b46153228f5d3132d6914661
derived/paired_enriched_feature_pruning_nested_v0.1/models/p2/f1_l2/outer_3_inner_2_c1_v0.1.json.gz	13037	f35f012f41d18a77112fdce03c1d9e5ba98afd13823e3124eb57ce085a6a9a0b
derived/paired_enriched_feature_pruning_nested_v0.1/models/p2/f1_l2/outer_3_inner_4_c1_v0.1.json.gz	13050	feed27e9c98d48817f42b6006854f9178ff08db9d574b848470ae7fbff2f0dae
derived/paired_enriched_feature_pruning_nested_v0.1/models/p2/f1_l2/outer_3_inner_5_c1_v0.1.json.gz	13039	73514fcb9aa571cf93e1d9ad4a4559519ee12b53cab58968d6230952c2b39eb2
derived/paired_enriched_feature_pruning_nested_v0.1/models/p2/f1_l2/outer_3_outer_final_c1_v0.1.json.gz	13064	102b7eb147615ec767fb52d8c5858cd3cc3658cfcf07641b32689aaa516bd47d
derived/paired_enriched_feature_pruning_nested_v0.1/models/p2/f1_l2/outer_4_inner_1_c1_v0.1.json.gz	13036	0eb6326541109fe51b53291bb1ee562400baf39488d04ed81c82fb41be6bb667
derived/paired_enriched_feature_pruning_nested_v0.1/models/p2/f1_l2/outer_4_inner_2_c1_v0.1.json.gz	13040	1077cbc559c078125d802d5b805bfefef847e07830732ab56799858a5fea526c
derived/paired_enriched_feature_pruning_nested_v0.1/models/p2/f1_l2/outer_4_inner_3_c1_v0.1.json.gz	13050	feed27e9c98d48817f42b6006854f9178ff08db9d574b848470ae7fbff2f0dae
derived/paired_enriched_feature_pruning_nested_v0.1/models/p2/f1_l2/outer_4_inner_5_c1_v0.1.json.gz	13028	e49867dd5dccdea24ed4c436e0a6df05ab8172e045f51a008333186d1c71f8c8
derived/paired_enriched_feature_pruning_nested_v0.1/models/p2/f1_l2/outer_4_outer_final_c1_v0.1.json.gz	13061	c58da9f8f3977eae169cec2b45ed2d07a378a327f6e338547ea3e63c6814efb4
derived/paired_enriched_feature_pruning_nested_v0.1/models/p2/f1_l2/outer_5_inner_1_c1_v0.1.json.gz	13056	5f0d82f12fd565f2bfca83c346f33761e803927f7588273e66120ef9e9b1f624
derived/paired_enriched_feature_pruning_nested_v0.1/models/p2/f1_l2/outer_5_inner_2_c1_v0.1.json.gz	13067	5a5b4a85b7f12811b328d4912218370e21b7f050354e4085abcb03c0462ed523
derived/paired_enriched_feature_pruning_nested_v0.1/models/p2/f1_l2/outer_5_inner_3_c1_v0.1.json.gz	13039	73514fcb9aa571cf93e1d9ad4a4559519ee12b53cab58968d6230952c2b39eb2
derived/paired_enriched_feature_pruning_nested_v0.1/models/p2/f1_l2/outer_5_inner_4_c1_v0.1.json.gz	13028	e49867dd5dccdea24ed4c436e0a6df05ab8172e045f51a008333186d1c71f8c8
derived/paired_enriched_feature_pruning_nested_v0.1/models/p2/f1_l2/outer_5_outer_final_c1_v0.1.json.gz	13014	d6efccd2f18b1d8c59570b4b673e693535458920b7d05c5c50a1f0847277dbfa
derived/paired_enriched_feature_pruning_nested_v0.1/recording_features/h2/sub-100_features_v0.1.npz	167086	d48346689c4c0ea9517434fec9e316c33c957bdd698cacee6792ca8b3d6b63ae
derived/paired_enriched_feature_pruning_nested_v0.1/recording_features/h2/sub-101_features_v0.1.npz	156128	1b7451aaeafb5c4aa98ee633504b4106d97bb4ef5eee6d93e67bde45f13e1b7d
derived/paired_enriched_feature_pruning_nested_v0.1/recording_features/h2/sub-103_features_v0.1.npz	143079	7c21da3f7515d841ee5ed470752263df791609f7d9c5deb0a8ddea3f9e9a6644
derived/paired_enriched_feature_pruning_nested_v0.1/recording_features/h2/sub-104_features_v0.1.npz	140458	0b1289b09c24e6a745456936ec3d7cd9ade2cd02dd9139c9a90b39745dcaa327
derived/paired_enriched_feature_pruning_nested_v0.1/recording_features/h2/sub-107_features_v0.1.npz	158684	3ca084c1cf3c17be614ec20ce0defe2d9fa4e2414d96902c39e3a47a143a6b1c
derived/paired_enriched_feature_pruning_nested_v0.1/recording_features/h2/sub-108_features_v0.1.npz	166312	c1217973e6e8323571c0e9bb721994b7a7f96e591c792bacdc615d22b3e9e999
derived/paired_enriched_feature_pruning_nested_v0.1/recording_features/h2/sub-109_features_v0.1.npz	139490	f749b64e0ab56a3f226705420fb2fca9ee16d4050634f3f7ead714df78f42e41
derived/paired_enriched_feature_pruning_nested_v0.1/recording_features/h2/sub-10_features_v0.1.npz	165894	8ffa7b12f27255a66acb3fdb937211553bad92e5d876a2c1de76af0f607e6a0f
derived/paired_enriched_feature_pruning_nested_v0.1/recording_features/h2/sub-110_features_v0.1.npz	158593	2a33676ca5cf65220c50eade5d7e6c58b398781bc2137fa385906ddd118c198c
derived/paired_enriched_feature_pruning_nested_v0.1/recording_features/h2/sub-111_features_v0.1.npz	159774	0cedcc1e9aed3cd40013ab5913391f0f688a069bdba6e93db558f4dad2b576e5
derived/paired_enriched_feature_pruning_nested_v0.1/recording_features/h2/sub-115_features_v0.1.npz	141980	65990dea9f12218afe0bb78124e02ffff81cbc708d19d7bbd35b015de4736609
derived/paired_enriched_feature_pruning_nested_v0.1/recording_features/h2/sub-116_features_v0.1.npz	143916	8b3412a66322ae6622756ade47b9c35c2ff418c8392b8e8a2347280063143928
derived/paired_enriched_feature_pruning_nested_v0.1/recording_features/h2/sub-117_features_v0.1.npz	132412	99d57e529cfa53f8f401821cfed6e83b18731a335ba12fabf8ac2f7447055fd9
derived/paired_enriched_feature_pruning_nested_v0.1/recording_features/h2/sub-118_features_v0.1.npz	147964	7c801fe79a8f946a6c1cc4ef005c89fccb7b209cde2611d520463aaaeacf5917
derived/paired_enriched_feature_pruning_nested_v0.1/recording_features/h2/sub-119_features_v0.1.npz	150084	bbd109faba28b8382283fb30f9677cc176a9a4304f5d2528684efe40184c14ea
derived/paired_enriched_feature_pruning_nested_v0.1/recording_features/h2/sub-11_features_v0.1.npz	159304	e55550310992dd0c0ffbf387dc69cf33b365cf8c9518b8cccff2b311a13b6327
derived/paired_enriched_feature_pruning_nested_v0.1/recording_features/h2/sub-120_features_v0.1.npz	131303	d2090eea4836a08ce52b9b4d903a1722b0a30d46359ce35911f0685e26abefbb
derived/paired_enriched_feature_pruning_nested_v0.1/recording_features/h2/sub-121_features_v0.1.npz	149775	f3bd6785a8357bc19dee5fee2bfe1284900e7d5c2d46400aac27d740879bc2d3
derived/paired_enriched_feature_pruning_nested_v0.1/recording_features/h2/sub-122_features_v0.1.npz	146400	0811ef742dfebcba61a072be261799d3c221faea45bafcb29b0976ae33572d64
derived/paired_enriched_feature_pruning_nested_v0.1/recording_features/h2/sub-125_features_v0.1.npz	162885	ebf3fffb2aa272f9ed188beb37b95728fd29893292a22ac218540ac8caa4444a
derived/paired_enriched_feature_pruning_nested_v0.1/recording_features/h2/sub-128_features_v0.1.npz	137471	31df2e2b6931186fce7905e3e133529d59a16c3b8504bfa227bab331398dbe74
derived/paired_enriched_feature_pruning_nested_v0.1/recording_features/h2/sub-12_features_v0.1.npz	167965	453934e0e3f6ef183f5f3604b1bf10dac154e7508db020d052c29375a3ffa9d1
derived/paired_enriched_feature_pruning_nested_v0.1/recording_features/h2/sub-13_features_v0.1.npz	78300	c053452cfd369a6addb72f08005c095e35cf735b68881426ce31f135350ca98f
derived/paired_enriched_feature_pruning_nested_v0.1/recording_features/h2/sub-14_features_v0.1.npz	178325	9d97ac534e3c2b7f7bf2dfa4e1bf7c4aeff3e1f49ed643a304638b9d02323dfd
derived/paired_enriched_feature_pruning_nested_v0.1/recording_features/h2/sub-15_features_v0.1.npz	182741	970490a2599ba43926f1db51873d663f84eb8c2db65a1fcf4c4a84f556382450
derived/paired_enriched_feature_pruning_nested_v0.1/recording_features/h2/sub-16_features_v0.1.npz	171261	24770b91e4adb4713b5e1cd78e2b48d0c4dc9f476bc4827967fdd71c5b7646fb
derived/paired_enriched_feature_pruning_nested_v0.1/recording_features/h2/sub-17_features_v0.1.npz	164295	fa4f88622cddc3e3c4d55c2d6a4be7e1a1f228a97ea0ba199c63578041b87b58
derived/paired_enriched_feature_pruning_nested_v0.1/recording_features/h2/sub-19_features_v0.1.npz	169337	7c1842ec375c06c0a14859e9ec075601ee7dd128599ce4c6ccea3d4382e1eba6
derived/paired_enriched_feature_pruning_nested_v0.1/recording_features/h2/sub-20_features_v0.1.npz	172659	b06e5e095d5e3093a4d86861268f1ba6525ec7cf7af25fe0f14eb490b0718fc1
derived/paired_enriched_feature_pruning_nested_v0.1/recording_features/h2/sub-21_features_v0.1.npz	174086	b55bf95e37d6aa4c6b508458e6837b50c8529beee479b335286153ed25362af9
derived/paired_enriched_feature_pruning_nested_v0.1/recording_features/h2/sub-22_features_v0.1.npz	173889	63388d41f8843e9cd40040527134c4c16aa4e5fbb4b53af6cc76bdfcbadf8750
derived/paired_enriched_feature_pruning_nested_v0.1/recording_features/h2/sub-24_features_v0.1.npz	146724	f29d0bc9f4cd07eaa5edd990a7d7a8081b32b02d8f9454220906f5a648b8c693
derived/paired_enriched_feature_pruning_nested_v0.1/recording_features/h2/sub-27_features_v0.1.npz	159021	fde3e5a2a3bcaab5b2d09a6988519db1d13a0237b9632bfd944b6e97e970d09e
derived/paired_enriched_feature_pruning_nested_v0.1/recording_features/h2/sub-28_features_v0.1.npz	140417	04b7c5334b5a390269a267332e5cc6f3548b70565808316e175c9eb7cdd0fea3
derived/paired_enriched_feature_pruning_nested_v0.1/recording_features/h2/sub-29_features_v0.1.npz	185304	7ab8624ea6c200a608ac94558d4e2aae7df92faa462e65092274772f2c38fee7
derived/paired_enriched_feature_pruning_nested_v0.1/recording_features/h2/sub-30_features_v0.1.npz	139469	17f5be313cdacecf3caf1b3a3c189198efb3c2d2e01f9ee0f60c899c1ba210cf
derived/paired_enriched_feature_pruning_nested_v0.1/recording_features/h2/sub-31_features_v0.1.npz	142085	1c29374d1b204b582d9827bcd5ef0bb1c02fb163db3e1dd8a793d54ba44ad811
derived/paired_enriched_feature_pruning_nested_v0.1/recording_features/h2/sub-33_features_v0.1.npz	145678	9b4f05b00fae513f91b2650d15e069f7ac525f006070e85b4c43050bd107bcec
derived/paired_enriched_feature_pruning_nested_v0.1/recording_features/h2/sub-36_features_v0.1.npz	147876	1ce46ac187dcd297833c80ef3ed875a635be2431fa71e06cac720acda9840c5b
derived/paired_enriched_feature_pruning_nested_v0.1/recording_features/h2/sub-38_features_v0.1.npz	141282	db0afe399745d4b7fa2744100a27f05fac3f88b82288ed210ee25c43e72753a7
derived/paired_enriched_feature_pruning_nested_v0.1/recording_features/h2/sub-39_features_v0.1.npz	150570	8fc0d44b853ebf9bbc315002136811b41d31a86e08274daa0ce554434a5e5e59
derived/paired_enriched_feature_pruning_nested_v0.1/recording_features/h2/sub-3_features_v0.1.npz	165029	662d658dfc302f5a4870ddcb7edf2e2e0c03d4d3a38933f6682e7854b3c3a2d5
derived/paired_enriched_feature_pruning_nested_v0.1/recording_features/h2/sub-42_features_v0.1.npz	148985	85c5bbd6b309931ddaa762be8ee9b389ce561035e13cf5f9a89a59b93e731686
derived/paired_enriched_feature_pruning_nested_v0.1/recording_features/h2/sub-43_features_v0.1.npz	137675	4e5168b8f56ef123c107d3433e35f086e7ef89ee0fa9eb89ed5a7836dba113b5
derived/paired_enriched_feature_pruning_nested_v0.1/recording_features/h2/sub-45_features_v0.1.npz	137321	e2c042b43d52eec177a6c97c1fc4d58b105b0f6fa31fb7eed66f9bdcc24b14a2
derived/paired_enriched_feature_pruning_nested_v0.1/recording_features/h2/sub-47_features_v0.1.npz	132678	b7b3d5a3fef62a416c90841ab43fef1e02a722ab44c52b966261b84ebe55e51d
derived/paired_enriched_feature_pruning_nested_v0.1/recording_features/h2/sub-49_features_v0.1.npz	146634	85c8552743d477fee533d7a437b2f553fbea30002a6e5f95f1fa18d104097215
derived/paired_enriched_feature_pruning_nested_v0.1/recording_features/h2/sub-52_features_v0.1.npz	153436	4c6159a1ba116ba41634be39e4c5ff8c493ee1abd81e8b114f15100651528c92
derived/paired_enriched_feature_pruning_nested_v0.1/recording_features/h2/sub-56_features_v0.1.npz	159829	b9ad5738a84cd6aa9202556970882b4d550277256fda735eebfbdf28213f5b48
derived/paired_enriched_feature_pruning_nested_v0.1/recording_features/h2/sub-58_features_v0.1.npz	167414	4857ae6dd91dd60655afbe547937bbc5116ae97dfe29ac9545307d336a6018d6
derived/paired_enriched_feature_pruning_nested_v0.1/recording_features/h2/sub-59_features_v0.1.npz	163065	37be6ec73242eb514caabe564add0c2569279d518c9bfab56d25945bcc2817f4
derived/paired_enriched_feature_pruning_nested_v0.1/recording_features/h2/sub-60_features_v0.1.npz	145848	4a3990949533da72df9510b49fe46f166b3348806b6fa416a163abde4d0660f1
derived/paired_enriched_feature_pruning_nested_v0.1/recording_features/h2/sub-61_features_v0.1.npz	157900	e768c8b2143610e7e55835222e4ca6ca5be6c27553e91661fb4816413b0c45fb
derived/paired_enriched_feature_pruning_nested_v0.1/recording_features/h2/sub-62_features_v0.1.npz	160222	a5c25941728e1e978e4edd1955507be761f37df0e6e0647e9400236531145a52
derived/paired_enriched_feature_pruning_nested_v0.1/recording_features/h2/sub-63_features_v0.1.npz	146934	20bfbfc5a0f14e9274f42a6939e367d3043d659686ac6730f090529d8763fac4
derived/paired_enriched_feature_pruning_nested_v0.1/recording_features/h2/sub-64_features_v0.1.npz	147143	d62375d4e4de4945e16b77abf8c881989920f9a632fa789b7430c23a52214561
derived/paired_enriched_feature_pruning_nested_v0.1/recording_features/h2/sub-65_features_v0.1.npz	149474	a595a929a10b9b19e64ac001827de3a90ffa672a4b6828d49e9786ff2f78ce9b
derived/paired_enriched_feature_pruning_nested_v0.1/recording_features/h2/sub-66_features_v0.1.npz	174597	3cd2c20deabe7e5aa55783f0cc9d52c734b81e29b24ef49a4c710e5598f0b282
derived/paired_enriched_feature_pruning_nested_v0.1/recording_features/h2/sub-67_features_v0.1.npz	153858	b1bc4f169067c0826a875af726196f0947c3e57f8feb596aaab9432d10a3d063
derived/paired_enriched_feature_pruning_nested_v0.1/recording_features/h2/sub-68_features_v0.1.npz	143399	aef65a41871a56607c1e5c2260e9970a42730f10e4072b0c21574ca9aa8df07e
derived/paired_enriched_feature_pruning_nested_v0.1/recording_features/h2/sub-69_features_v0.1.npz	167210	3808c9ab959b231926308e4b401b5b32b0d47d7c5b8086910f2794427c872e5c
derived/paired_enriched_feature_pruning_nested_v0.1/recording_features/h2/sub-70_features_v0.1.npz	147522	49b58fbc79259845d9f5eaa521fb134065ec98f7ee522558e6fedccbdea379c7
derived/paired_enriched_feature_pruning_nested_v0.1/recording_features/h2/sub-71_features_v0.1.npz	174622	98ed92b08e1faad2c40f5d981cc551868a68646881323943149c4a3dc6384060
derived/paired_enriched_feature_pruning_nested_v0.1/recording_features/h2/sub-73_features_v0.1.npz	140095	1b5dd17d70ca3f8b650b2826cdc6a5579831ec8cde276ba18a0bbb39450468bb
derived/paired_enriched_feature_pruning_nested_v0.1/recording_features/h2/sub-74_features_v0.1.npz	161765	4ebf850ed9fce94a0b3fc5dd284702579e4e15e6a5eb582020fd776da3ae6c28
derived/paired_enriched_feature_pruning_nested_v0.1/recording_features/h2/sub-77_features_v0.1.npz	153935	62da71fb0c3c233ec7fdb5c10bc11a2edb1fad6914e612a46643dd96906c1aed
derived/paired_enriched_feature_pruning_nested_v0.1/recording_features/h2/sub-78_features_v0.1.npz	147111	f998e7a967bb6b9efd8486cf4bffa92293976c91ad4060c665307cc8d2b8d240
derived/paired_enriched_feature_pruning_nested_v0.1/recording_features/h2/sub-80_features_v0.1.npz	136470	371d7ac272572142d1bf8a8a940fd8cdd959321edd7a7b3c36be7ba63c67bc17
derived/paired_enriched_feature_pruning_nested_v0.1/recording_features/h2/sub-81_features_v0.1.npz	151172	c298bad834dc193d7f4af687133740d252e2f1d3ab95eddac026f7f42edcc87f
derived/paired_enriched_feature_pruning_nested_v0.1/recording_features/h2/sub-83_features_v0.1.npz	150630	5fa9802fcb5a277e2f91cb590dbe1c3171e5ff849d5acdda6bf8fc1428ae5f20
derived/paired_enriched_feature_pruning_nested_v0.1/recording_features/h2/sub-84_features_v0.1.npz	158809	cbb513bfc8ddbd9200a6153cf314d867763cba2ebdd9177dd9148e9fc64957e1
derived/paired_enriched_feature_pruning_nested_v0.1/recording_features/h2/sub-86_features_v0.1.npz	157576	092bfa529c7dc54acf684d91f79588c9d36004c208f230ffd288ca2708d0e898
derived/paired_enriched_feature_pruning_nested_v0.1/recording_features/h2/sub-87_features_v0.1.npz	158742	bbfc43aed594359cc94d0f66426c422c43a57eaf6603506b6f6acf195e8b754c
derived/paired_enriched_feature_pruning_nested_v0.1/recording_features/h2/sub-8_features_v0.1.npz	69070	df8dbe334c3ac97e3f73415b314dfda4d924c432e8dcff983641056067845156
derived/paired_enriched_feature_pruning_nested_v0.1/recording_features/h2/sub-91_features_v0.1.npz	170054	25a9c54c5459e95f17db9a5a0dddf0b5fe8df99c08792bac66347b0f7a348526
derived/paired_enriched_feature_pruning_nested_v0.1/recording_features/h2/sub-92_features_v0.1.npz	164070	7c6b5d326c9acfcae8846a9644e894d570c5ee19ff1436aa6c34a3352bfba639
derived/paired_enriched_feature_pruning_nested_v0.1/recording_features/h2/sub-93_features_v0.1.npz	146062	a89737e3d64d472248de33b1510163741bfae5f17d5ee4bc6ee161934f4e82b5
derived/paired_enriched_feature_pruning_nested_v0.1/recording_features/h2/sub-94_features_v0.1.npz	165047	fa4a7ee9b4cb75fa4ebc148471dcf4f3c6f79f8544db5e33f93366126c079115
derived/paired_enriched_feature_pruning_nested_v0.1/recording_features/h2/sub-95_features_v0.1.npz	163534	ed367a2fce7e93f7765391e946819fb21764826d9a96cd0784d379774721f097
derived/paired_enriched_feature_pruning_nested_v0.1/recording_features/h2/sub-96_features_v0.1.npz	151656	8d399ebe39e55e54c505fb375634bcc88438cec13501e87ff0355e3c2b3dd6b3
derived/paired_enriched_feature_pruning_nested_v0.1/recording_features/h2/sub-98_features_v0.1.npz	150443	05b0b61fe3d10853fb1c930afdbe8bff39cb86e2d69cfbc2941c74a8729aad0a
derived/paired_enriched_feature_pruning_nested_v0.1/recording_features/h2/sub-99_features_v0.1.npz	172772	09958799fb874513d655e428f4ce8b8c7b227fc6ca4ea3042af672d37edf710f
derived/paired_enriched_feature_pruning_nested_v0.1/recording_features/p2/sub-100_features_v0.1.npz	166626	97aa97cc547ea5bd00cc57e2fecce12f38692f0674b4aae0d9282622eba9bbd3
derived/paired_enriched_feature_pruning_nested_v0.1/recording_features/p2/sub-101_features_v0.1.npz	156614	3bdb2e733e2001e14c531ca08e51058574ccb4a344b65430cbb3b7a6418b370b
derived/paired_enriched_feature_pruning_nested_v0.1/recording_features/p2/sub-103_features_v0.1.npz	144000	5375f6fbd77f6836f9a5a1bb6a3bb4d63c05196f3c736a63fed2c528b28cf5d7
derived/paired_enriched_feature_pruning_nested_v0.1/recording_features/p2/sub-104_features_v0.1.npz	140265	179299f995a2e0b13c1c118ae88c344df605050e7c62b53da9cc7324f11025d9
derived/paired_enriched_feature_pruning_nested_v0.1/recording_features/p2/sub-107_features_v0.1.npz	157838	9b9b888c2ec91167a39b3a3afcaa1a59043ba5466d7f290f8755797c0bff8a30
derived/paired_enriched_feature_pruning_nested_v0.1/recording_features/p2/sub-108_features_v0.1.npz	165991	d48bf89ea6824d3a3cc4ad42e00d6fd14a8e12b5f5128e4f3102f83535420a85
derived/paired_enriched_feature_pruning_nested_v0.1/recording_features/p2/sub-109_features_v0.1.npz	139462	5567cd6e84137181912dcde99ea378b339e6e15dfda68b6dbbd54b9d85a9c746
derived/paired_enriched_feature_pruning_nested_v0.1/recording_features/p2/sub-10_features_v0.1.npz	164790	79914cd4520db1d32fe7e0a72faf123138b90da83007791271a882f95c34a639
derived/paired_enriched_feature_pruning_nested_v0.1/recording_features/p2/sub-110_features_v0.1.npz	157997	46ef4e7fbb1ca43668652ed73cee6b547a960f28af3bcc81bbaef3ab9e2e77aa
derived/paired_enriched_feature_pruning_nested_v0.1/recording_features/p2/sub-111_features_v0.1.npz	159082	2dda41f8ca750277b67300ea3f6afd269fb8b3689469b5714f22010e1726d86c
derived/paired_enriched_feature_pruning_nested_v0.1/recording_features/p2/sub-115_features_v0.1.npz	142235	39077293c8ceff3e57c36dcb90ccc5e0ec2236fff07968f4b4e7c951aa6899fd
derived/paired_enriched_feature_pruning_nested_v0.1/recording_features/p2/sub-116_features_v0.1.npz	144173	978861ede199f12fd8ab86ea1c42ab7429991e5319ebbc3f112ed5eee1715818
derived/paired_enriched_feature_pruning_nested_v0.1/recording_features/p2/sub-117_features_v0.1.npz	132396	8f53810dbf5eeec53b00dabb07abb7df05228ad1a295ba3f4e327b68f1a2dfc9
derived/paired_enriched_feature_pruning_nested_v0.1/recording_features/p2/sub-118_features_v0.1.npz	148045	8159d82b5daccf806693737129ff4d7e69e89f2e896f6099c4c9854770cab2b6
derived/paired_enriched_feature_pruning_nested_v0.1/recording_features/p2/sub-119_features_v0.1.npz	149417	5591bbc4a6baf1be84690f3c03ec9d97f1c6f7d55266aa93e4f1ad174a17d9a2
derived/paired_enriched_feature_pruning_nested_v0.1/recording_features/p2/sub-11_features_v0.1.npz	163720	40043136c78ba18328112c637136cd76781eabafaa2da43883c10a8de7d359e7
derived/paired_enriched_feature_pruning_nested_v0.1/recording_features/p2/sub-120_features_v0.1.npz	131608	58ef605e08b931eb6ea6e28d55d683feeb6c32515fa27e323594086ebf1f4f3e
derived/paired_enriched_feature_pruning_nested_v0.1/recording_features/p2/sub-121_features_v0.1.npz	149194	cc1f801d1230d2cf3afb1448b3676c68c3058b1a3edb6fd77f481760fd2f4b08
derived/paired_enriched_feature_pruning_nested_v0.1/recording_features/p2/sub-122_features_v0.1.npz	147004	1836ed4bd350577d30bf21e2e24982f2f3adb169cbb2e865e3fe17f3ac3341f0
derived/paired_enriched_feature_pruning_nested_v0.1/recording_features/p2/sub-125_features_v0.1.npz	163172	1253810c14d0d809f7b5da9d8b1be87f61f7b18275f83216cc08e55c0eee431c
derived/paired_enriched_feature_pruning_nested_v0.1/recording_features/p2/sub-128_features_v0.1.npz	137416	a093a039cf170005495ac0ea254dcabfca5c0adbe5f0f1f0bd69d410410248b7
derived/paired_enriched_feature_pruning_nested_v0.1/recording_features/p2/sub-12_features_v0.1.npz	167535	9d7dbb8d8e593da9fe05cdab486fd72b20f68537e17200684e1799e58bf39c06
derived/paired_enriched_feature_pruning_nested_v0.1/recording_features/p2/sub-13_features_v0.1.npz	165503	ddc5122ac32912ed4c74995fd9f6b572cd894c4c83031c37dd355ccf991d945f
derived/paired_enriched_feature_pruning_nested_v0.1/recording_features/p2/sub-14_features_v0.1.npz	177869	3aa7eb2068d063c219b1a4ae98b7e0b1860bc28f0d11ba8d386e22def2ca2621
derived/paired_enriched_feature_pruning_nested_v0.1/recording_features/p2/sub-15_features_v0.1.npz	183219	ea6cbd9d51e767cb7957c1f2ea2ad93d75ef9fd5e9f7ef836f7618cc31525554
derived/paired_enriched_feature_pruning_nested_v0.1/recording_features/p2/sub-16_features_v0.1.npz	171728	14fa067ee2deb535e88ff579c10bc8a1186c6f33d8a12781fe67dbffd84acae8
derived/paired_enriched_feature_pruning_nested_v0.1/recording_features/p2/sub-17_features_v0.1.npz	163940	5c97187cbd4d103e2f65d452bfa0be134fa52575beafa20fe9bcacf727de3bb7
derived/paired_enriched_feature_pruning_nested_v0.1/recording_features/p2/sub-19_features_v0.1.npz	168684	0f4f5bb997001773180c65e37576db3321dc9d84169ce937522bf68021ce22bf
derived/paired_enriched_feature_pruning_nested_v0.1/recording_features/p2/sub-20_features_v0.1.npz	175188	2446e25b4f173d124e2ce5803932ecb65455f002db26cd3aa6f4d8db0745a808
derived/paired_enriched_feature_pruning_nested_v0.1/recording_features/p2/sub-21_features_v0.1.npz	173214	86274f1a47684ab506fc664b56a50ab8ddbd5d6f85373fa8dc2df7920d586f38
derived/paired_enriched_feature_pruning_nested_v0.1/recording_features/p2/sub-22_features_v0.1.npz	173503	f6f4ba68ca59b733709a300baea242714885254e388b6322c5c55a43d43e0986
derived/paired_enriched_feature_pruning_nested_v0.1/recording_features/p2/sub-24_features_v0.1.npz	155541	569c22b49633a454d3445a9dc34f444712aa190c336659d2e426469689c31c0d
derived/paired_enriched_feature_pruning_nested_v0.1/recording_features/p2/sub-27_features_v0.1.npz	159182	402413d633bbfe5f97bbfe9f7adb9ff5d61d05c67b3cbe8f2223c24b275f5d99
derived/paired_enriched_feature_pruning_nested_v0.1/recording_features/p2/sub-28_features_v0.1.npz	143918	dc04230cd936ca90bd262cdc89389324a881a5e52c3116c9964c7f766b63c2eb
derived/paired_enriched_feature_pruning_nested_v0.1/recording_features/p2/sub-29_features_v0.1.npz	184528	efe7347cde6d18f82acd6f09c7a7ce5f9f7c1476f321e4e4d43a9ea2a4466c64
derived/paired_enriched_feature_pruning_nested_v0.1/recording_features/p2/sub-30_features_v0.1.npz	139482	580c6dbe7cb90861c425a152628a69039a453e2bad8bfe7477224b05095a2c3c
derived/paired_enriched_feature_pruning_nested_v0.1/recording_features/p2/sub-31_features_v0.1.npz	142473	069e75f197f338e2dc05b476b846a372507d54de0111a3a41935d4f3bdc037a6
derived/paired_enriched_feature_pruning_nested_v0.1/recording_features/p2/sub-33_features_v0.1.npz	146304	0493dd84f4debf84143ee605ae1929c5cafbbe18f474e9d7ac134fd4bac508cc
derived/paired_enriched_feature_pruning_nested_v0.1/recording_features/p2/sub-36_features_v0.1.npz	149026	ee4570b5cd4c45cd2652b0a2c1035e310fe1c9ace4643b579a7e840852600b76
derived/paired_enriched_feature_pruning_nested_v0.1/recording_features/p2/sub-38_features_v0.1.npz	142267	d1f73b477a6791d8bc02942e24f53ef0655a32b8a5f0b74e9db71f63dc6216c1
derived/paired_enriched_feature_pruning_nested_v0.1/recording_features/p2/sub-39_features_v0.1.npz	150555	cc479e234810276364a46f2e0948c4acee5e35f671b9524fc5a2680d62f8f5b4
derived/paired_enriched_feature_pruning_nested_v0.1/recording_features/p2/sub-3_features_v0.1.npz	165474	26db985d44a473e544cf854971f15cb481db509c7da70b4a4cc6eaef7bdad4b6
derived/paired_enriched_feature_pruning_nested_v0.1/recording_features/p2/sub-42_features_v0.1.npz	146710	5059ab1a7409cee571ea3ed22c822bb03d54ac5bb08f7b85390208cf8684865e
derived/paired_enriched_feature_pruning_nested_v0.1/recording_features/p2/sub-43_features_v0.1.npz	137413	bddd97c0886aac629f9ee7385df63c36348d22b9627300ae3e7daaa402ca8ccd
derived/paired_enriched_feature_pruning_nested_v0.1/recording_features/p2/sub-45_features_v0.1.npz	137232	ed17bb975c6c899887f321e02f1d2a792ca643a0aaacbecf25c074a8a8623515
derived/paired_enriched_feature_pruning_nested_v0.1/recording_features/p2/sub-47_features_v0.1.npz	133325	2ccaafb3fcc3ad5b279a8faeced8626097fc642fee162ffeaab03954608ef895
derived/paired_enriched_feature_pruning_nested_v0.1/recording_features/p2/sub-49_features_v0.1.npz	149893	acc1d36751db504454c6d44fce84ac3fe47f9fc9de88f416859bdf175e73dcdb
derived/paired_enriched_feature_pruning_nested_v0.1/recording_features/p2/sub-52_features_v0.1.npz	153774	4c1b27c97098c35b528cc212d4f86a77c2266093ce15a3f83bd60fe3c956a8b4
derived/paired_enriched_feature_pruning_nested_v0.1/recording_features/p2/sub-56_features_v0.1.npz	158802	caf8ba6bbb5cde3d77fd922dc687c6fa22b910b727aa29015159a4d2723c12c0
derived/paired_enriched_feature_pruning_nested_v0.1/recording_features/p2/sub-58_features_v0.1.npz	166615	ba2a11db50823500f409e9276254ebd53e8a74c1069c24e462786ec612ae1ca5
derived/paired_enriched_feature_pruning_nested_v0.1/recording_features/p2/sub-59_features_v0.1.npz	172480	b7ae7e9a58560cebeed06bed394f6539ea18b97e2691c8d129eecaf1397fa37a
derived/paired_enriched_feature_pruning_nested_v0.1/recording_features/p2/sub-60_features_v0.1.npz	145630	5b68a2b541d9d98aa5431d45a76db24e9065701b95a8c1d59830a7493e32082f
derived/paired_enriched_feature_pruning_nested_v0.1/recording_features/p2/sub-61_features_v0.1.npz	158372	ff39d2a47ef18205c411ef2f17b6233cd19d517d169a380e0e0e5ba5b764b782
derived/paired_enriched_feature_pruning_nested_v0.1/recording_features/p2/sub-62_features_v0.1.npz	163583	93e0edaf12a642eb9913e139eac5c83863de62ab26787c6c62e67fca3bc8e102
derived/paired_enriched_feature_pruning_nested_v0.1/recording_features/p2/sub-63_features_v0.1.npz	146987	4be9f881d3a745c605bb543a5295366d78a68616f9cf6c81b4eb7ae4aa11cc12
derived/paired_enriched_feature_pruning_nested_v0.1/recording_features/p2/sub-64_features_v0.1.npz	146313	54b03c8af3fad916013cbea08e72c0c51ca821a67c6a81e13bfdbad41ea678c2
derived/paired_enriched_feature_pruning_nested_v0.1/recording_features/p2/sub-65_features_v0.1.npz	149429	d1d8ed5dd38b645e05e7e17222b7f21a6cc352ed3b59486a5ca0411600f192f2
derived/paired_enriched_feature_pruning_nested_v0.1/recording_features/p2/sub-66_features_v0.1.npz	179297	5624ce1f07bbf075f2fea26fa350c6c28de50265d661a80eddb61aa883ba3f71
derived/paired_enriched_feature_pruning_nested_v0.1/recording_features/p2/sub-67_features_v0.1.npz	153758	5d3c61d4c2ce6bd02b618100a9fff7929a63fc30782ca940ab02a58bb0d29862
derived/paired_enriched_feature_pruning_nested_v0.1/recording_features/p2/sub-68_features_v0.1.npz	143969	cc25bc9c4d8dc84120066d4c76acb5f389636e49204c85a84feb12df176a55aa
derived/paired_enriched_feature_pruning_nested_v0.1/recording_features/p2/sub-69_features_v0.1.npz	167208	822dc6ee54350ba15f29d4e50d70e0ec8f3b38dfeb28846f152b5b5e4a86226e
derived/paired_enriched_feature_pruning_nested_v0.1/recording_features/p2/sub-70_features_v0.1.npz	146094	26ad4055d060feef9737557fafad2a645636d1f05eabbcbbad15804db3e84fc0
derived/paired_enriched_feature_pruning_nested_v0.1/recording_features/p2/sub-71_features_v0.1.npz	185559	71829d8b7677fc08afd4dada57029d4b0a5d50b9a4feaa6d2af41cd482ee3037
derived/paired_enriched_feature_pruning_nested_v0.1/recording_features/p2/sub-73_features_v0.1.npz	139955	850eb5374277174da6b6e84d325e4b2c38d007ebe3313de4c470d6accba7970d
derived/paired_enriched_feature_pruning_nested_v0.1/recording_features/p2/sub-74_features_v0.1.npz	161314	0566f7afcaca5bec03de95a9632637354b6d97e3dc5d5bd664aed4b099a4e483
derived/paired_enriched_feature_pruning_nested_v0.1/recording_features/p2/sub-77_features_v0.1.npz	179487	9c63cebe4adfbdaa20e0a17e8cb4e52bfd8be0064d8002b26fcfda8e53097bb2
derived/paired_enriched_feature_pruning_nested_v0.1/recording_features/p2/sub-78_features_v0.1.npz	147422	543e194596d62969efcac1be3d6209c47deaa782e44b000441cd0301d114c09c
derived/paired_enriched_feature_pruning_nested_v0.1/recording_features/p2/sub-80_features_v0.1.npz	136460	5bd9547082b24696db28583a11237860bc77a524742570f5a64a74ee07244b33
derived/paired_enriched_feature_pruning_nested_v0.1/recording_features/p2/sub-81_features_v0.1.npz	150017	257f7492e138ed3764c4fc47a08d6d91eb48bdccbfae2f4fbc28ca0bde38ad31
derived/paired_enriched_feature_pruning_nested_v0.1/recording_features/p2/sub-83_features_v0.1.npz	150369	1f0463b86a24cae6764fab8e744d4f41d406c76b7a2c31a01006d80c156d7c66
derived/paired_enriched_feature_pruning_nested_v0.1/recording_features/p2/sub-84_features_v0.1.npz	169621	45c126894cb225d5d17bdc239ab91eba71b7f811ac60c899c9f754e2853c11a1
derived/paired_enriched_feature_pruning_nested_v0.1/recording_features/p2/sub-86_features_v0.1.npz	157124	8afd1b6a148f3bd84620ede3307be96e8c7a2321dedb4c888c9d6ad53cfb3cc4
derived/paired_enriched_feature_pruning_nested_v0.1/recording_features/p2/sub-87_features_v0.1.npz	159258	109769425c1c84efa1d9728f2ff4b9321076bb05838c1f009ef0af15dafa5536
derived/paired_enriched_feature_pruning_nested_v0.1/recording_features/p2/sub-8_features_v0.1.npz	68767	650f150ce60a1f0cc5c763f27e4892b090bf413e019695cb86cf5748c160a5b6
derived/paired_enriched_feature_pruning_nested_v0.1/recording_features/p2/sub-91_features_v0.1.npz	168925	8cd94c43bc5a53e384d581f99a5026621678f7cf910bcfb8574649b9e4c9109b
derived/paired_enriched_feature_pruning_nested_v0.1/recording_features/p2/sub-92_features_v0.1.npz	164449	a8f736d7b609fc91e08a048e16fcfa26ef93df2f367902da88d885ee80b53a04
derived/paired_enriched_feature_pruning_nested_v0.1/recording_features/p2/sub-93_features_v0.1.npz	145832	5f47f0947ea0946669dfdbad5f5b53c0401455bd742747ecbe52ade36b1a9aee
derived/paired_enriched_feature_pruning_nested_v0.1/recording_features/p2/sub-94_features_v0.1.npz	166680	1cbcb6131527e6f62f50f67c86285afd148d3e138769c6f3ff22df30590c3c62
derived/paired_enriched_feature_pruning_nested_v0.1/recording_features/p2/sub-95_features_v0.1.npz	162971	e208c9e762c984445a72b1450adebfa81810d91192eaa6a399c3fdf0b4ca814d
derived/paired_enriched_feature_pruning_nested_v0.1/recording_features/p2/sub-96_features_v0.1.npz	161280	c0fe42a72cb52b5e5e0d1575dbe3cd6b055637ec2af87573d9eda4f594bcd44b
derived/paired_enriched_feature_pruning_nested_v0.1/recording_features/p2/sub-98_features_v0.1.npz	150422	6f037c1bbf9dcd10e4415fead1d77805345e16296e25dcd7afdb9f09c840c759
derived/paired_enriched_feature_pruning_nested_v0.1/recording_features/p2/sub-99_features_v0.1.npz	175748	2b3cf348cdd35a6a35d037beaa4908ff3d7525a07d82993ac7f17ba6ec8b97f8
derived/paired_enriched_feature_pruning_nested_v0.1/scores/h2/f0_l2/outer_1_inner_2_c1_v0.1.tsv.gz	184809	f01556b5018fdb76d6ddb611bd984f9f4877da5488d08f44a7e6b230a85ec212
derived/paired_enriched_feature_pruning_nested_v0.1/scores/h2/f0_l2/outer_1_inner_3_c1_v0.1.tsv.gz	197791	e3afad6dc86c219092d57a277d66b1195d93958fd3e9fc55fe254f48daccf449
derived/paired_enriched_feature_pruning_nested_v0.1/scores/h2/f0_l2/outer_1_inner_4_c1_v0.1.tsv.gz	209673	53c9e0df6e64cc40e9a0122489abde2ea8fb9777eec4973bc3c638c602d75860
derived/paired_enriched_feature_pruning_nested_v0.1/scores/h2/f0_l2/outer_1_inner_5_c1_v0.1.tsv.gz	205078	e53b8a8cc18c4d732607547868fc8e738ca73fe8264bfa12565de916ab87a7f2
derived/paired_enriched_feature_pruning_nested_v0.1/scores/h2/f0_l2/outer_1_outer_final_c1_v0.1.tsv.gz	194653	eb0682063c94a2b8dcba9863f668cc3dff826218ef3954a3cc111c342ef60ea1
derived/paired_enriched_feature_pruning_nested_v0.1/scores/h2/f0_l2/outer_2_inner_1_c1_v0.1.tsv.gz	194094	b1055ed8d8c1c40d22404dccca49b13c631cc7472ef9364143f79b1c16f4c02c
derived/paired_enriched_feature_pruning_nested_v0.1/scores/h2/f0_l2/outer_2_inner_3_c1_v0.1.tsv.gz	196820	dd94b9a3ecfd035682b817e4afbb748433833fb5ca7768ea44a94cf575e7d267
derived/paired_enriched_feature_pruning_nested_v0.1/scores/h2/f0_l2/outer_2_inner_4_c1_v0.1.tsv.gz	206562	72a1367a5f26b9c7227f9c5c76d0ba0c4072463215bb7f5b509fe1deb9ce7c5d
derived/paired_enriched_feature_pruning_nested_v0.1/scores/h2/f0_l2/outer_2_inner_5_c1_v0.1.tsv.gz	204400	9a6b45a837b4b86da51058ebd06eb6a2e591efe54e1b3c0632e4ede3c6f707d4
derived/paired_enriched_feature_pruning_nested_v0.1/scores/h2/f0_l2/outer_2_outer_final_c1_v0.1.tsv.gz	184167	2d30572a7a9ce745e1a5486b96e6d186c2ed255b56e28c0c144f981c904b7a0b
derived/paired_enriched_feature_pruning_nested_v0.1/scores/h2/f0_l2/outer_3_inner_1_c1_v0.1.tsv.gz	193436	0fc39cdcadc1ce5ba0ee737d4128a76382d5134553c05e3c01913914981ea54f
derived/paired_enriched_feature_pruning_nested_v0.1/scores/h2/f0_l2/outer_3_inner_2_c1_v0.1.tsv.gz	183050	94dc29aeea074f207cf3e2db758001fad179291bd24a8369b11e908bdc5e5c0c
derived/paired_enriched_feature_pruning_nested_v0.1/scores/h2/f0_l2/outer_3_inner_4_c1_v0.1.tsv.gz	207489	ec676016c26e4bd9bf3707e67c1ad8b7459c7fa9cc8a284ae578be8df95def6e
derived/paired_enriched_feature_pruning_nested_v0.1/scores/h2/f0_l2/outer_3_inner_5_c1_v0.1.tsv.gz	204171	82f603a5e8dc98ad2fdb04d59a0285ac064cd4753a86cf93163376d66f5d2472
derived/paired_enriched_feature_pruning_nested_v0.1/scores/h2/f0_l2/outer_3_outer_final_c1_v0.1.tsv.gz	198260	c69a187ce17e4496d1e78a3df41de3b1456db08164f153a684a85fe64ad407f6
derived/paired_enriched_feature_pruning_nested_v0.1/scores/h2/f0_l2/outer_4_inner_1_c1_v0.1.tsv.gz	194519	f43f067e979c311de1782120e413d84b4e1cf60bdbe9c7953ebf3e958e84c3db
derived/paired_enriched_feature_pruning_nested_v0.1/scores/h2/f0_l2/outer_4_inner_2_c1_v0.1.tsv.gz	183924	09e45b1036560686c2143d3d43b3687d3fac150fbc4549a7644822c70fd1ba01
derived/paired_enriched_feature_pruning_nested_v0.1/scores/h2/f0_l2/outer_4_inner_3_c1_v0.1.tsv.gz	198078	dae3d3884da4de9a0f785c88a348718667c9e8e746587fd00098453b891a39d8
derived/paired_enriched_feature_pruning_nested_v0.1/scores/h2/f0_l2/outer_4_inner_5_c1_v0.1.tsv.gz	204593	a7b628dbb6a84645325a2af0026a29560f94fc50e612a0366849d6940f48c3aa
derived/paired_enriched_feature_pruning_nested_v0.1/scores/h2/f0_l2/outer_4_outer_final_c1_v0.1.tsv.gz	208335	a1aa8895b0d96a6b8564c213497156bbdfc875199c68396146754ba7d15bcc46
derived/paired_enriched_feature_pruning_nested_v0.1/scores/h2/f0_l2/outer_5_inner_1_c1_v0.1.tsv.gz	193383	0eb34e1f86acf36721cf5a8245734cb878afaacbed5e3944ed5970c1e1bb94d8
derived/paired_enriched_feature_pruning_nested_v0.1/scores/h2/f0_l2/outer_5_inner_2_c1_v0.1.tsv.gz	183600	b5e111c03a020a4c1f6ae0330106533e8a191175f9993dc6d38209e4e1b1fb38
derived/paired_enriched_feature_pruning_nested_v0.1/scores/h2/f0_l2/outer_5_inner_3_c1_v0.1.tsv.gz	197363	4beb698dcc4bd7b2e42c42bf9d53e26f3cc33df100a250551afd7ac9834bdaf3
derived/paired_enriched_feature_pruning_nested_v0.1/scores/h2/f0_l2/outer_5_inner_4_c1_v0.1.tsv.gz	206233	2920fc4cf9ffa8335752e4348baef65e830f74dd6535360fb8f85e43acf67db3
derived/paired_enriched_feature_pruning_nested_v0.1/scores/h2/f0_l2/outer_5_outer_final_c1_v0.1.tsv.gz	205263	66c6f4422cdfcb3c98f67f63f58d826040903e58dcef0de0695a1e8e098df496
derived/paired_enriched_feature_pruning_nested_v0.1/scores/h2/f1_en/outer_1_inner_2_c0p01_v0.1.tsv.gz	112064	26e1fb5465e40423db509014ff25a2e8bcc9e11f81de65f90cd75d85855a09cb
derived/paired_enriched_feature_pruning_nested_v0.1/scores/h2/f1_en/outer_1_inner_2_c0p1_v0.1.tsv.gz	116703	ae996c154e5a5388bdeda6edd0a587900e44af2ffd6a75610621789352f5fa1b
derived/paired_enriched_feature_pruning_nested_v0.1/scores/h2/f1_en/outer_1_inner_2_c1_v0.1.tsv.gz	119381	636fdd4c76b7be134ff59091bf1e5c092d6511869111d7c0931eaa8a9ab3640b
derived/paired_enriched_feature_pruning_nested_v0.1/scores/h2/f1_en/outer_1_inner_3_c0p01_v0.1.tsv.gz	120410	e645330b910fdc897bcf29516e052911a6d81a62f2846a11e5a96adf2bbbebba
derived/paired_enriched_feature_pruning_nested_v0.1/scores/h2/f1_en/outer_1_inner_3_c0p1_v0.1.tsv.gz	125340	a1765c5ce5944bd5efc1af3a198eabcf69755a57e2492439ac2b308d18985f53
derived/paired_enriched_feature_pruning_nested_v0.1/scores/h2/f1_en/outer_1_inner_3_c1_v0.1.tsv.gz	129784	061748e94cd18835c7598f16dede2741e56f3c807f99192809ece5b0942cea67
derived/paired_enriched_feature_pruning_nested_v0.1/scores/h2/f1_en/outer_1_inner_4_c0p01_v0.1.tsv.gz	126733	459cd88c2af42310bd3d33ce218465569b7bd0c9323c378ab05a136d79cfb320
derived/paired_enriched_feature_pruning_nested_v0.1/scores/h2/f1_en/outer_1_inner_4_c0p1_v0.1.tsv.gz	132158	a8db0cabd490a33bfa87ad215384d3f3b60e9ff58abe75092d2b5786567035e1
derived/paired_enriched_feature_pruning_nested_v0.1/scores/h2/f1_en/outer_1_inner_4_c1_v0.1.tsv.gz	136067	86592b2bc81aca8cb410dab246075a400a3de1388f92c1df624143ba170986ca
derived/paired_enriched_feature_pruning_nested_v0.1/scores/h2/f1_en/outer_1_inner_5_c0p01_v0.1.tsv.gz	124911	d26e7a58ffea9997837e3d9755c943d07d11700c6518cb70987edad992f61752
derived/paired_enriched_feature_pruning_nested_v0.1/scores/h2/f1_en/outer_1_inner_5_c0p1_v0.1.tsv.gz	130431	0bf37c6644abdcbd88752ac3726462e0c01f23b7a819938b9dc920c1cb1c62bb
derived/paired_enriched_feature_pruning_nested_v0.1/scores/h2/f1_en/outer_1_inner_5_c1_v0.1.tsv.gz	134535	b061fe7cc91f43d43fa6161327769ae5be435bbb4534dbb0d96b882042f117d8
derived/paired_enriched_feature_pruning_nested_v0.1/scores/h2/f1_en/outer_1_outer_final_c0p1_v0.1.tsv.gz	122381	03c9ced19548d93d3768b1430857bb30517ccfedbf89a394b9a221b10bef5016
derived/paired_enriched_feature_pruning_nested_v0.1/scores/h2/f1_en/outer_2_inner_1_c0p01_v0.1.tsv.gz	117357	4f7e392944150670b271ad9fdd35c5449cdb1e4b2db96a97501de4fa0fdecb66
derived/paired_enriched_feature_pruning_nested_v0.1/scores/h2/f1_en/outer_2_inner_1_c0p1_v0.1.tsv.gz	122192	9b6a0c2625201597a951337f3e96a3cdcb4f8df5a7f2625ee99abc2acf8c76e7
derived/paired_enriched_feature_pruning_nested_v0.1/scores/h2/f1_en/outer_2_inner_1_c1_v0.1.tsv.gz	125037	75975c9f544fe419f0acd646e607ac04814c7a058e4677f4d774f45daa234f3d
derived/paired_enriched_feature_pruning_nested_v0.1/scores/h2/f1_en/outer_2_inner_3_c0p01_v0.1.tsv.gz	120561	fe05e1e4f3a4e8b52267c60479ddd5fcca120fd6aa773a0662d14e6b31430a83
derived/paired_enriched_feature_pruning_nested_v0.1/scores/h2/f1_en/outer_2_inner_3_c0p1_v0.1.tsv.gz	126649	100efc7306bc9f3060f3165c42061d4cb6211add07900023065febeb1a7fa28c
derived/paired_enriched_feature_pruning_nested_v0.1/scores/h2/f1_en/outer_2_inner_3_c1_v0.1.tsv.gz	129539	f077c59f0a9549edd02a551f47b43836aa7ecd2b4ac09b4e78e489d24c104fa8
derived/paired_enriched_feature_pruning_nested_v0.1/scores/h2/f1_en/outer_2_inner_4_c0p01_v0.1.tsv.gz	126647	1beab975990b409d68d566bf54a15e7ed5d3eef67d5103c5ad9a1008425d6fa7
derived/paired_enriched_feature_pruning_nested_v0.1/scores/h2/f1_en/outer_2_inner_4_c0p1_v0.1.tsv.gz	132761	a6d69a1990e8f06c9cbe1fc97d1391e8dd8330cda558b9859d86fd8cbcb90bd8
derived/paired_enriched_feature_pruning_nested_v0.1/scores/h2/f1_en/outer_2_inner_4_c1_v0.1.tsv.gz	136749	43d1dbed4415e1943f8b91e3817177cab4aee48e1280e57c2c04f012bcc18db4
derived/paired_enriched_feature_pruning_nested_v0.1/scores/h2/f1_en/outer_2_inner_5_c0p01_v0.1.tsv.gz	124914	be496894b92a9d7e51a94b1a98dcb2fb46b6b8708f04565370598ab44cde79f1
derived/paired_enriched_feature_pruning_nested_v0.1/scores/h2/f1_en/outer_2_inner_5_c0p1_v0.1.tsv.gz	130362	a95d0aa465988e88f215eab93944c14dfda69cae5037fe119759e7af4089f266
derived/paired_enriched_feature_pruning_nested_v0.1/scores/h2/f1_en/outer_2_inner_5_c1_v0.1.tsv.gz	134888	094d1a15531a9384904d3bcda69f422237072c1c848595b9eb56c5664ae69da4
derived/paired_enriched_feature_pruning_nested_v0.1/scores/h2/f1_en/outer_2_outer_final_c0p1_v0.1.tsv.gz	117237	b287b8322c6f02a7e65a64d7142f2ef1036585519427da25988fc26cde8c86fa
derived/paired_enriched_feature_pruning_nested_v0.1/scores/h2/f1_en/outer_3_inner_1_c0p01_v0.1.tsv.gz	117576	fa45bb709891484e2c8065915373fe25db10ff06b94087abfee3e89f422baf50
derived/paired_enriched_feature_pruning_nested_v0.1/scores/h2/f1_en/outer_3_inner_1_c0p1_v0.1.tsv.gz	122319	0868d66408f1dc30456dd9895fdde3427a4e2425c8f365d52d20ca6e77c44f5e
derived/paired_enriched_feature_pruning_nested_v0.1/scores/h2/f1_en/outer_3_inner_1_c1_v0.1.tsv.gz	125709	6f8d541d53d66539c7a93f621fbf786e365b9412650a7c4344922b3b9e5172bf
derived/paired_enriched_feature_pruning_nested_v0.1/scores/h2/f1_en/outer_3_inner_2_c0p01_v0.1.tsv.gz	112464	39fce82c8dd67195286fcbb5abaed7b166b2f699833abdcdef70b23166639f55
derived/paired_enriched_feature_pruning_nested_v0.1/scores/h2/f1_en/outer_3_inner_2_c0p1_v0.1.tsv.gz	117001	ede3a59c7ca1a3abe9ad40382aa7a5a655705950f209f79c5dff3e48bf934621
derived/paired_enriched_feature_pruning_nested_v0.1/scores/h2/f1_en/outer_3_inner_2_c1_v0.1.tsv.gz	119763	7126c0fa3e5ba833b393d31f0fae839027d3323a6376bc2c196bb31ed014b219
derived/paired_enriched_feature_pruning_nested_v0.1/scores/h2/f1_en/outer_3_inner_4_c0p01_v0.1.tsv.gz	126474	052048d3c7173cee482201ce9b9c5129dcd26f7e2b20e1454eda133eacdd6ae1
derived/paired_enriched_feature_pruning_nested_v0.1/scores/h2/f1_en/outer_3_inner_4_c0p1_v0.1.tsv.gz	132717	790f0853b96dbcd6796570229a3f8654421badf26b2a6d286ba60eb289e08f2d
derived/paired_enriched_feature_pruning_nested_v0.1/scores/h2/f1_en/outer_3_inner_4_c1_v0.1.tsv.gz	136455	d2d19b1e3b8378a76440f04e10c8386b2c579b5e1f4241a084170a85dfa4306b
derived/paired_enriched_feature_pruning_nested_v0.1/scores/h2/f1_en/outer_3_inner_5_c0p01_v0.1.tsv.gz	125098	f7d07eb23d92be8397ac1080a76aee6a4daaba407b8cda804c2279ddc6b2f31a
derived/paired_enriched_feature_pruning_nested_v0.1/scores/h2/f1_en/outer_3_inner_5_c0p1_v0.1.tsv.gz	130409	051779862d7c189f862d6b0ce7d23ee7d7c12b2ad0c2b78b30ac89b2328c6b28
derived/paired_enriched_feature_pruning_nested_v0.1/scores/h2/f1_en/outer_3_inner_5_c1_v0.1.tsv.gz	134531	06d114fbfac8c30fcc96fc3f3f3c9afa5aea9b99407831886d14808cdcb060a9
derived/paired_enriched_feature_pruning_nested_v0.1/scores/h2/f1_en/outer_3_outer_final_c0p1_v0.1.tsv.gz	126277	2a9814c11caa8d5f1ed40511535926e14b57c74b10958d77f9ab45275321cc48
derived/paired_enriched_feature_pruning_nested_v0.1/scores/h2/f1_en/outer_4_inner_1_c0p01_v0.1.tsv.gz	117441	f148b597398d0c48b4af82470e29574440f9936dc7946f0a44b456e50459b0e4
derived/paired_enriched_feature_pruning_nested_v0.1/scores/h2/f1_en/outer_4_inner_1_c0p1_v0.1.tsv.gz	122117	2af6985f133e6bc9259ceb30ca3fe703ee4de79bfd000c6a37430a624c1cb9b7
derived/paired_enriched_feature_pruning_nested_v0.1/scores/h2/f1_en/outer_4_inner_1_c1_v0.1.tsv.gz	126054	661638fb755e3e9857db14681985a1f0a320cf940fc8bdc04e08b0d5d7007132
derived/paired_enriched_feature_pruning_nested_v0.1/scores/h2/f1_en/outer_4_inner_2_c0p01_v0.1.tsv.gz	112172	1ade7cb895d4d2e7e6701ca52759d6c0111f05ea1a4f659c5c13e203438f7399
derived/paired_enriched_feature_pruning_nested_v0.1/scores/h2/f1_en/outer_4_inner_2_c0p1_v0.1.tsv.gz	116790	95594571481482938e401df6e093aa52eb2f03b5b504e7267cac8b4c072e3d58
derived/paired_enriched_feature_pruning_nested_v0.1/scores/h2/f1_en/outer_4_inner_2_c1_v0.1.tsv.gz	119959	4aac7f1f0668b705cf75b2fa72eec73bc1f4566811fe5293474f95df2bd7e273
derived/paired_enriched_feature_pruning_nested_v0.1/scores/h2/f1_en/outer_4_inner_3_c0p01_v0.1.tsv.gz	120195	1c23577f8a276909b5b92b49e077f73ae7b4f6d36ac51b073c22e677adb476e4
derived/paired_enriched_feature_pruning_nested_v0.1/scores/h2/f1_en/outer_4_inner_3_c0p1_v0.1.tsv.gz	125828	8089b628d9632292bb1c972decd181c434421a02eab55df68a5f101eba2a5aad
derived/paired_enriched_feature_pruning_nested_v0.1/scores/h2/f1_en/outer_4_inner_3_c1_v0.1.tsv.gz	129749	b33b8f3fdce7cbfd70ad26e08b541c7683f2b8b857833d338f3846856e4b0c1e
derived/paired_enriched_feature_pruning_nested_v0.1/scores/h2/f1_en/outer_4_inner_5_c0p01_v0.1.tsv.gz	124951	a90a0cd154bf786f49529d79b4771e8326a4c0eb48433afb988816fb7913d348
derived/paired_enriched_feature_pruning_nested_v0.1/scores/h2/f1_en/outer_4_inner_5_c0p1_v0.1.tsv.gz	130155	52c02dca4a15af0da3082b9420e508870f5b92f9b9969b44b3e699aaf009ad56
derived/paired_enriched_feature_pruning_nested_v0.1/scores/h2/f1_en/outer_4_inner_5_c1_v0.1.tsv.gz	133694	847ab45bc247e628b145347e9e488ca0270ca00e67c6e1b6547cf111fbdc8813
derived/paired_enriched_feature_pruning_nested_v0.1/scores/h2/f1_en/outer_4_outer_final_c0p1_v0.1.tsv.gz	132782	d6d4115d0ca15383133f269b40df8d841b8c93d4ef4ee081d99b1b5110a65b7b
derived/paired_enriched_feature_pruning_nested_v0.1/scores/h2/f1_en/outer_5_inner_1_c0p01_v0.1.tsv.gz	117628	63d7ac36e4d959e690ed0768c28e5184784d48bb8d608b2aed4dc67f1ad2e319
derived/paired_enriched_feature_pruning_nested_v0.1/scores/h2/f1_en/outer_5_inner_1_c0p1_v0.1.tsv.gz	122240	7b0994884e3c481c92e3e4e8a7dd8540c941cda1eaa503d45619b88fdf6f7b64
derived/paired_enriched_feature_pruning_nested_v0.1/scores/h2/f1_en/outer_5_inner_1_c1_v0.1.tsv.gz	125710	92ea372b758d74c87b69545432286ad7e354707aa6680f0a97a8a845818d8ced
derived/paired_enriched_feature_pruning_nested_v0.1/scores/h2/f1_en/outer_5_inner_2_c0p01_v0.1.tsv.gz	112452	92ba34cc680182a770fa0361c3092aad545b8d667475831bb560691163f5ee99
derived/paired_enriched_feature_pruning_nested_v0.1/scores/h2/f1_en/outer_5_inner_2_c0p1_v0.1.tsv.gz	116684	b1df1ec2cf10d7119789c0bd5d6791e9cdc79f0c0c793e02f5ed68eabfa2ac30
derived/paired_enriched_feature_pruning_nested_v0.1/scores/h2/f1_en/outer_5_inner_2_c1_v0.1.tsv.gz	120825	c3145ff2e8d8c459ecaf324180c499059fa7fe70515374e933f7d5d0cc4b762a
derived/paired_enriched_feature_pruning_nested_v0.1/scores/h2/f1_en/outer_5_inner_3_c0p01_v0.1.tsv.gz	120456	74dbe3c957b8216e13a1cd9b20d85791d397db01e13105abc7e0d15a63dfe997
derived/paired_enriched_feature_pruning_nested_v0.1/scores/h2/f1_en/outer_5_inner_3_c0p1_v0.1.tsv.gz	125826	be99a2f4007c1d8df8c342c24597bcb26a6c3b58653e2ce0075145305d6e00da
derived/paired_enriched_feature_pruning_nested_v0.1/scores/h2/f1_en/outer_5_inner_3_c1_v0.1.tsv.gz	129753	369be5c39f1666715104bb012a3ec220f9b0d47b9aec5ec7760b8466a621db7f
derived/paired_enriched_feature_pruning_nested_v0.1/scores/h2/f1_en/outer_5_inner_4_c0p01_v0.1.tsv.gz	126862	9c6cb6c768453288397236c62c3a76e9c19099ce350e55592686afa5e5662084
derived/paired_enriched_feature_pruning_nested_v0.1/scores/h2/f1_en/outer_5_inner_4_c0p1_v0.1.tsv.gz	132091	eaf1cd53a11c275934c452d9d153deb5b63add7ca72f4e33e2ab8b10092a9227
derived/paired_enriched_feature_pruning_nested_v0.1/scores/h2/f1_en/outer_5_inner_4_c1_v0.1.tsv.gz	135876	5166d15636a54e711c326e3262a68f73d99575f76b165ea4a93a82b32a2e2fc7
derived/paired_enriched_feature_pruning_nested_v0.1/scores/h2/f1_en/outer_5_outer_final_c0p1_v0.1.tsv.gz	130722	84e6de36e345f6ab2f53fbcc563eac035b1d80f9a00ba4d2dae86f29cf8937b0
derived/paired_enriched_feature_pruning_nested_v0.1/scores/h2/f1_l2/outer_1_inner_2_c1_v0.1.tsv.gz	187379	0f9e94b5a459aa00a6b3c700cb25fd3e32ab5ed379483edd0beaaa4ecc92a419
derived/paired_enriched_feature_pruning_nested_v0.1/scores/h2/f1_l2/outer_1_inner_3_c1_v0.1.tsv.gz	202732	f3c1eeeb3817b989af7429da46ed1081d8c10f4055a6edf0d2a32e95ffc2b8c7
derived/paired_enriched_feature_pruning_nested_v0.1/scores/h2/f1_l2/outer_1_inner_4_c1_v0.1.tsv.gz	213287	258ded0d544c83e3039239a9e48aac775d2d5cb43204b8a3b7f9d6189082adbf
derived/paired_enriched_feature_pruning_nested_v0.1/scores/h2/f1_l2/outer_1_inner_5_c1_v0.1.tsv.gz	210483	0f6b90980cd211cb9e9af33a339e2486e25f793dd95e22534626b6b6a53ed182
derived/paired_enriched_feature_pruning_nested_v0.1/scores/h2/f1_l2/outer_1_outer_final_c1_v0.1.tsv.gz	200578	40cc8f20f73008465bda89fbb816921ab2bb0e5b112cdaec3e3aafdba90cd737
derived/paired_enriched_feature_pruning_nested_v0.1/scores/h2/f1_l2/outer_2_inner_1_c1_v0.1.tsv.gz	196147	e719044f4a39ae027d14be41173a7bb306cf3241d4964efd303ab797edadd061
derived/paired_enriched_feature_pruning_nested_v0.1/scores/h2/f1_l2/outer_2_inner_3_c1_v0.1.tsv.gz	202245	8777d78e28ac4d0f584a4fc0b50bde6d96454f4be64f0a2ba69666679940907b
derived/paired_enriched_feature_pruning_nested_v0.1/scores/h2/f1_l2/outer_2_inner_4_c1_v0.1.tsv.gz	213505	22d8f8d903b43566e8a5cb82f5f97c1de357463bafda1a789e22607397421c3d
derived/paired_enriched_feature_pruning_nested_v0.1/scores/h2/f1_l2/outer_2_inner_5_c1_v0.1.tsv.gz	210335	7de319e7c4d7082f1cd2a0672e9b99c461af3184563ecf42bcb39db8ab1abcd0
derived/paired_enriched_feature_pruning_nested_v0.1/scores/h2/f1_l2/outer_2_outer_final_c1_v0.1.tsv.gz	190252	98ab80e2b3d0f10efa64eea31268918f774a793fe42497513674074246c28273
derived/paired_enriched_feature_pruning_nested_v0.1/scores/h2/f1_l2/outer_3_inner_1_c1_v0.1.tsv.gz	197880	eee4cfe6800f80e499cee6ded2af8ce65b07d2171ce71f12705f885db08ad695
derived/paired_enriched_feature_pruning_nested_v0.1/scores/h2/f1_l2/outer_3_inner_2_c1_v0.1.tsv.gz	187548	36d88ba011335f8cd32513ebbc0f276295f4c0a4e2f2d221309e802e628647e3
derived/paired_enriched_feature_pruning_nested_v0.1/scores/h2/f1_l2/outer_3_inner_4_c1_v0.1.tsv.gz	213382	3d7f4563b2702faa74f683a37a8dab72ac1f7c9eeb96fc7ffc35a5a609694375
derived/paired_enriched_feature_pruning_nested_v0.1/scores/h2/f1_l2/outer_3_inner_5_c1_v0.1.tsv.gz	210444	7555f40f3849664ca90476f8836328bb3b28e6cbfeae18c508de07ee5cf10d20
derived/paired_enriched_feature_pruning_nested_v0.1/scores/h2/f1_l2/outer_3_outer_final_c1_v0.1.tsv.gz	205283	55a74a2d0275cf8379bd3d0cc7798f5ddb47061f27be669a3f667f008297f1e7
derived/paired_enriched_feature_pruning_nested_v0.1/scores/h2/f1_l2/outer_4_inner_1_c1_v0.1.tsv.gz	198307	fae49f3c3a7c02be5465536e626f2e9f9ebc50d5e3e43acec9e6e28ceb075a2b
derived/paired_enriched_feature_pruning_nested_v0.1/scores/h2/f1_l2/outer_4_inner_2_c1_v0.1.tsv.gz	187609	486d6ef974ad9e4cfbf0774459a3eb2019743ebd910c7cc7b80375524a6434d1
derived/paired_enriched_feature_pruning_nested_v0.1/scores/h2/f1_l2/outer_4_inner_3_c1_v0.1.tsv.gz	202397	2c94f6f996a56bc458d9668baea23f2648dcdac86abb1bcbabd907729e015f08
derived/paired_enriched_feature_pruning_nested_v0.1/scores/h2/f1_l2/outer_4_inner_5_c1_v0.1.tsv.gz	209748	4dcacace204c36e259699f46d7a0338b8adad8303e919a23925c977b21640d41
derived/paired_enriched_feature_pruning_nested_v0.1/scores/h2/f1_l2/outer_4_outer_final_c1_v0.1.tsv.gz	216078	0956bad7a0566df9f3a8c755d9f01acb3664261a9246d6f91a53ae3912d14829
derived/paired_enriched_feature_pruning_nested_v0.1/scores/h2/f1_l2/outer_5_inner_1_c1_v0.1.tsv.gz	198003	0d49785ba12f65a5b8787d135096c569942198779480a5cf327e94342a16334a
derived/paired_enriched_feature_pruning_nested_v0.1/scores/h2/f1_l2/outer_5_inner_2_c1_v0.1.tsv.gz	188187	f26b0c0243fd14445b9829b6d5e7d5fcb8a36a6cce6800f8dc6dc0a96362c407
derived/paired_enriched_feature_pruning_nested_v0.1/scores/h2/f1_l2/outer_5_inner_3_c1_v0.1.tsv.gz	202378	c0b529db907012435fa8f994fc8b1c3c3c69c717b4e890cdebdb26fae4e96877
derived/paired_enriched_feature_pruning_nested_v0.1/scores/h2/f1_l2/outer_5_inner_4_c1_v0.1.tsv.gz	212631	030c8ee7e1f5cef772efe6916c4a783058ccc7d0f8b55528a8bbe8c193986c5f
derived/paired_enriched_feature_pruning_nested_v0.1/scores/h2/f1_l2/outer_5_outer_final_c1_v0.1.tsv.gz	212924	3b6dd00e98e87a9a6d7331a6dcc59469519b2df0b790bba89b3ad0c63b79a62c
derived/paired_enriched_feature_pruning_nested_v0.1/scores/p2/f0_l2/outer_1_inner_2_c1_v0.1.tsv.gz	190452	4aa03360ebe7ea070472430bd5cc2f36468cfa630c2ae28bb9a25fc6c1df16a3
derived/paired_enriched_feature_pruning_nested_v0.1/scores/p2/f0_l2/outer_1_inner_3_c1_v0.1.tsv.gz	202967	a94eed4e22db59a0e6ca7a6ee998c6fcea479d91bcedf3cfe3dbae1d3c7d58ef
derived/paired_enriched_feature_pruning_nested_v0.1/scores/p2/f0_l2/outer_1_inner_4_c1_v0.1.tsv.gz	212666	28372af429cbeb782fb581986235c0ea62f827a9d8debdfa7348bd8884e8383b
derived/paired_enriched_feature_pruning_nested_v0.1/scores/p2/f0_l2/outer_1_inner_5_c1_v0.1.tsv.gz	208479	2eb850711a8010bc767a9fb99846e3a1f79c9309724471a261fbbf6e2615deed
derived/paired_enriched_feature_pruning_nested_v0.1/scores/p2/f0_l2/outer_1_outer_final_c1_v0.1.tsv.gz	197129	83bb2a0b55855d6eb11c8d92c74e24f81e3ec8720ceb2afe74c405c98e8afa59
derived/paired_enriched_feature_pruning_nested_v0.1/scores/p2/f0_l2/outer_2_inner_1_c1_v0.1.tsv.gz	195186	17aed3e156b8e154140a5d53c70b98732eca02d4dc4a4b129bea27680c9427c8
derived/paired_enriched_feature_pruning_nested_v0.1/scores/p2/f0_l2/outer_2_inner_3_c1_v0.1.tsv.gz	202868	bc1dfc08824f00d5205b49fbf0abe372f5348e53f496cfe3358bfe0908e03fd1
derived/paired_enriched_feature_pruning_nested_v0.1/scores/p2/f0_l2/outer_2_inner_4_c1_v0.1.tsv.gz	211371	ca1f5f49ef8eddbe33072b99a0ff5124a959b6271ccf8e21b5397acbcc44eb0c
derived/paired_enriched_feature_pruning_nested_v0.1/scores/p2/f0_l2/outer_2_inner_5_c1_v0.1.tsv.gz	207096	d1f7730d7f062bbb9dc8ab91e774f54da0ea8669b22708f29921eb49e24e7297
derived/paired_enriched_feature_pruning_nested_v0.1/scores/p2/f0_l2/outer_2_outer_final_c1_v0.1.tsv.gz	191253	1c5d018cf9d26444e757196646e8740e1ee2fc48bc65fc338556fd53fcd5495c
derived/paired_enriched_feature_pruning_nested_v0.1/scores/p2/f0_l2/outer_3_inner_1_c1_v0.1.tsv.gz	196970	719d732d17c4d14f90e23a46029cbeb6e4db5e02d3f1bd1582e16b7974defe93
derived/paired_enriched_feature_pruning_nested_v0.1/scores/p2/f0_l2/outer_3_inner_2_c1_v0.1.tsv.gz	192204	4f85050b85dea755770f38c9203ad1b8f01a7ac45399d600e646f9fc6cf6ab26
derived/paired_enriched_feature_pruning_nested_v0.1/scores/p2/f0_l2/outer_3_inner_4_c1_v0.1.tsv.gz	213361	385d6336d120353a06f0ab224605a536896cc3547bea1dd9ffbf0f8aa26020d7
derived/paired_enriched_feature_pruning_nested_v0.1/scores/p2/f0_l2/outer_3_inner_5_c1_v0.1.tsv.gz	209398	2fac2f427987e8e331f0c4823bdf258b79baed93bafab06444ed5cb4f022fc9e
derived/paired_enriched_feature_pruning_nested_v0.1/scores/p2/f0_l2/outer_3_outer_final_c1_v0.1.tsv.gz	204761	8ec4dbe43c219ba4bc933f1ec171c06c6923c67461abda9afc6b8d9035a9f633
derived/paired_enriched_feature_pruning_nested_v0.1/scores/p2/f0_l2/outer_4_inner_1_c1_v0.1.tsv.gz	196581	86c2fa1954ab379b4a68fc547ce73692ebfa590af05d0145adb88de6d1159f63
derived/paired_enriched_feature_pruning_nested_v0.1/scores/p2/f0_l2/outer_4_inner_2_c1_v0.1.tsv.gz	191172	7a4e22b85e2ab2957259841d4f87b46fb385338bdeecd977146215c9d1beaf92
derived/paired_enriched_feature_pruning_nested_v0.1/scores/p2/f0_l2/outer_4_inner_3_c1_v0.1.tsv.gz	203586	06143f4bccfcdba5bbeed89fd36099e1b1664bfa6704cc54037038d5cb5b5138
derived/paired_enriched_feature_pruning_nested_v0.1/scores/p2/f0_l2/outer_4_inner_5_c1_v0.1.tsv.gz	209466	6a51ae2d7b845228decef57ee5817eef78807413df6e48df1ceb44a662d8a958
derived/paired_enriched_feature_pruning_nested_v0.1/scores/p2/f0_l2/outer_4_outer_final_c1_v0.1.tsv.gz	213886	644feb582620eafc9d95ba246b9e3dce626e33dd80afa899e5d7d286effa5ca5
derived/paired_enriched_feature_pruning_nested_v0.1/scores/p2/f0_l2/outer_5_inner_1_c1_v0.1.tsv.gz	195649	f1899dda4257baa1d8a388a6ff71c6b8fcf5df5d8535ed26dc1847b5242839a1
derived/paired_enriched_feature_pruning_nested_v0.1/scores/p2/f0_l2/outer_5_inner_2_c1_v0.1.tsv.gz	189675	5d401be895aae8b3a3b3650f10db034ee5c15cb47b8e8856b84e7e1cb201f76d
derived/paired_enriched_feature_pruning_nested_v0.1/scores/p2/f0_l2/outer_5_inner_3_c1_v0.1.tsv.gz	202648	55467376c679dee6f6630c0b04d7e050aaf61f0fde2ee611abfaa018c125c0ed
derived/paired_enriched_feature_pruning_nested_v0.1/scores/p2/f0_l2/outer_5_inner_4_c1_v0.1.tsv.gz	211851	aaf7d1edeaacc8c2e16f1a3bf5952a1f40d7a3c2b852432383a19d2947ebaa0b
derived/paired_enriched_feature_pruning_nested_v0.1/scores/p2/f0_l2/outer_5_outer_final_c1_v0.1.tsv.gz	209363	807832954b459aa48af2e5fd4e5f2d58406704df812215e0ab2b97b622578de4
derived/paired_enriched_feature_pruning_nested_v0.1/scores/p2/f1_en/outer_1_inner_2_c0p01_v0.1.tsv.gz	115002	c0ffd44c4fa14572e04da729204142acd8a28e36616e84271d62b7cc59bc2f7b
derived/paired_enriched_feature_pruning_nested_v0.1/scores/p2/f1_en/outer_1_inner_2_c0p1_v0.1.tsv.gz	120125	96073c708ffe2d42c8cc66f1813d005f1d9b2376e3b84e10bc5277636544d2a0
derived/paired_enriched_feature_pruning_nested_v0.1/scores/p2/f1_en/outer_1_inner_2_c1_v0.1.tsv.gz	124503	3b3a2d47f4a07ab7fb187da73295fce8c40c33d8e19d0356881c00c0f9562295
derived/paired_enriched_feature_pruning_nested_v0.1/scores/p2/f1_en/outer_1_inner_3_c0p01_v0.1.tsv.gz	122036	2e56a23bf6f4fc4c72ef8911daffc3f3bf2741328eaa43904f84d2d8f67f82dd
derived/paired_enriched_feature_pruning_nested_v0.1/scores/p2/f1_en/outer_1_inner_3_c0p1_v0.1.tsv.gz	128461	9d10f76915d1bee051dd62806a01514834ded3ebd24355824e136b5a3d960ef9
derived/paired_enriched_feature_pruning_nested_v0.1/scores/p2/f1_en/outer_1_inner_3_c1_v0.1.tsv.gz	131155	050d2f20de6b750b028f28fbebc7fa9eece41684d05f098d6b8c3a2b140df257
derived/paired_enriched_feature_pruning_nested_v0.1/scores/p2/f1_en/outer_1_inner_4_c0p01_v0.1.tsv.gz	127874	8149aba1cc65c65524f0ab8541d6e1c2921e193c71a4a7745572cf598c56c3e9
derived/paired_enriched_feature_pruning_nested_v0.1/scores/p2/f1_en/outer_1_inner_4_c0p1_v0.1.tsv.gz	133142	f3a54d34c599bf22b51fa54a2f35ef4a3a9fa514cb118267942ad90287f9b947
derived/paired_enriched_feature_pruning_nested_v0.1/scores/p2/f1_en/outer_1_inner_4_c1_v0.1.tsv.gz	137325	02d6027a1f0d566cdbcd6356e0daf37f6ec970ed934174db90364e2dd4e9f20b
derived/paired_enriched_feature_pruning_nested_v0.1/scores/p2/f1_en/outer_1_inner_5_c0p01_v0.1.tsv.gz	125728	fe45b57e517b5a3405b7b50de84c9f432dbc89ea8e1f9e6c6fbdaf6b91b0b903
derived/paired_enriched_feature_pruning_nested_v0.1/scores/p2/f1_en/outer_1_inner_5_c0p1_v0.1.tsv.gz	130554	7cfa1de7d6f5e34b68ddaf8e54393a0c61ff6db2dae98acffaea315a01ad255b
derived/paired_enriched_feature_pruning_nested_v0.1/scores/p2/f1_en/outer_1_inner_5_c1_v0.1.tsv.gz	135723	f78b88913b547f666c33b8c87eeff48380ab62b2450abcff5a0bcc02dd6c9b94
derived/paired_enriched_feature_pruning_nested_v0.1/scores/p2/f1_en/outer_1_outer_final_c1_v0.1.tsv.gz	129390	087259457d1a24e6fdc9ac446917a8c16e38b53a2565d0d424b0d4557ffa12a1
derived/paired_enriched_feature_pruning_nested_v0.1/scores/p2/f1_en/outer_2_inner_1_c0p01_v0.1.tsv.gz	117880	9d2551dac41e07aaba65caf524a781b512fd30e30cf922a06561d1c0b7260107
derived/paired_enriched_feature_pruning_nested_v0.1/scores/p2/f1_en/outer_2_inner_1_c0p1_v0.1.tsv.gz	123022	f7d570002af0f00d0f4fd0dc4d2112010124ad32038bb92a45aeadd0efb4a609
derived/paired_enriched_feature_pruning_nested_v0.1/scores/p2/f1_en/outer_2_inner_1_c1_v0.1.tsv.gz	127459	d144e406f292d0f6a2feb045f80140a6987e42def0b39efeedea8bbdd1002b69
derived/paired_enriched_feature_pruning_nested_v0.1/scores/p2/f1_en/outer_2_inner_3_c0p01_v0.1.tsv.gz	122137	b8eaaf1c8476a476f93c35b1d1c5367232eeda2405ebef743c4b3cbf2cf200a7
derived/paired_enriched_feature_pruning_nested_v0.1/scores/p2/f1_en/outer_2_inner_3_c0p1_v0.1.tsv.gz	127997	30fea927bf15e98aade0a8f5a2fdb182f9578e658026cc5e74f0d2b26d42f561
derived/paired_enriched_feature_pruning_nested_v0.1/scores/p2/f1_en/outer_2_inner_3_c1_v0.1.tsv.gz	130334	098a7d7d1b6d467584c5c06215d6f961c838a93fa868bcb49a6be562bdf1f7b4
derived/paired_enriched_feature_pruning_nested_v0.1/scores/p2/f1_en/outer_2_inner_4_c0p01_v0.1.tsv.gz	127790	e113e99827f874393dac0a21067ca3f19d3251aa561c7cf391236316dd49f469
derived/paired_enriched_feature_pruning_nested_v0.1/scores/p2/f1_en/outer_2_inner_4_c0p1_v0.1.tsv.gz	132815	beeebbfb6de34ed8372c83826a9b4a45e7f3c7268b2239102ab6a4ccb7ed1450
derived/paired_enriched_feature_pruning_nested_v0.1/scores/p2/f1_en/outer_2_inner_4_c1_v0.1.tsv.gz	137385	365dc11e0542a813f73398a24eb2b1e61d6f03c540380d455962f67ce2e67ab8
derived/paired_enriched_feature_pruning_nested_v0.1/scores/p2/f1_en/outer_2_inner_5_c0p01_v0.1.tsv.gz	125593	aa32db313312b682cb245e63f376d5f02b5df7bee59afbc143b10a4e8e746f23
derived/paired_enriched_feature_pruning_nested_v0.1/scores/p2/f1_en/outer_2_inner_5_c0p1_v0.1.tsv.gz	130837	a0214895fe154f9642eae45e1a55796864b05330941997e22f6a4df126370920
derived/paired_enriched_feature_pruning_nested_v0.1/scores/p2/f1_en/outer_2_inner_5_c1_v0.1.tsv.gz	135132	e5aabfeb1db507d3fb33815714b95004bb5bde2ddffefce4d01fed2e87481498
derived/paired_enriched_feature_pruning_nested_v0.1/scores/p2/f1_en/outer_2_outer_final_c0p1_v0.1.tsv.gz	120658	252e31bcb0475db9fbd84a51e2eba56577eca5a2f881a5fd3b4fb54a8694625d
derived/paired_enriched_feature_pruning_nested_v0.1/scores/p2/f1_en/outer_3_inner_1_c0p01_v0.1.tsv.gz	118675	9ca0589338c7f203d9a7e094f8378f0a420423c4befa419e85006b5ce306b03f
derived/paired_enriched_feature_pruning_nested_v0.1/scores/p2/f1_en/outer_3_inner_1_c0p1_v0.1.tsv.gz	124774	60810658b9e0ef26d983a493bcf7954df24fc60e3eaa75e584f6a2af44083334
derived/paired_enriched_feature_pruning_nested_v0.1/scores/p2/f1_en/outer_3_inner_1_c1_v0.1.tsv.gz	127463	680d5dea24c5c46daf3422589eeb2294a4db97ebf634ead9804b1ecc82736141
derived/paired_enriched_feature_pruning_nested_v0.1/scores/p2/f1_en/outer_3_inner_2_c0p01_v0.1.tsv.gz	115750	25eb4102013db6a6a9c51a48614a20edea9150dff61696d9bb284e6cee78d8e8
derived/paired_enriched_feature_pruning_nested_v0.1/scores/p2/f1_en/outer_3_inner_2_c0p1_v0.1.tsv.gz	121425	e592413eddd26642a1c9bb34070663fd6568ac0823608deca58cc317f06331e0
derived/paired_enriched_feature_pruning_nested_v0.1/scores/p2/f1_en/outer_3_inner_2_c1_v0.1.tsv.gz	123503	50f007cf0d076d6956c7d0968e19286d8d34d319f450885fe56574879e9cfe86
derived/paired_enriched_feature_pruning_nested_v0.1/scores/p2/f1_en/outer_3_inner_4_c0p01_v0.1.tsv.gz	128077	736e984eacdc47e3490d8cc5a47ae743826b13c24bfc673afb29b8073d50baf8
derived/paired_enriched_feature_pruning_nested_v0.1/scores/p2/f1_en/outer_3_inner_4_c0p1_v0.1.tsv.gz	133894	5b99dc7aa9b87a354ed4b69b03869a7a44803e4b008c0a1e6cf720c83a34df7f
derived/paired_enriched_feature_pruning_nested_v0.1/scores/p2/f1_en/outer_3_inner_4_c1_v0.1.tsv.gz	136822	f2f12c6256a9eaa229b89153540d22c931eb883727b3f92ec025748357b41374
derived/paired_enriched_feature_pruning_nested_v0.1/scores/p2/f1_en/outer_3_inner_5_c0p01_v0.1.tsv.gz	126349	25525f7a975a9486bf710978f1cc589616707987c0ad1b75717667df7ae029bd
derived/paired_enriched_feature_pruning_nested_v0.1/scores/p2/f1_en/outer_3_inner_5_c0p1_v0.1.tsv.gz	132100	0b67a7c5ea97c39d4059bad8329c172d45f194db86272f13377f1e33bcf69fdf
derived/paired_enriched_feature_pruning_nested_v0.1/scores/p2/f1_en/outer_3_inner_5_c1_v0.1.tsv.gz	135219	1e2ef8c80e88f58544ed37baf854a398a5363af6bb8fdb192ab3609448cb115f
derived/paired_enriched_feature_pruning_nested_v0.1/scores/p2/f1_en/outer_3_outer_final_c0p1_v0.1.tsv.gz	129290	cb8c3d5c8bd346c9e4b40eb860268c194a162d2feaf26bc6a3a92be0d2ca6f9a
derived/paired_enriched_feature_pruning_nested_v0.1/scores/p2/f1_en/outer_4_inner_1_c0p01_v0.1.tsv.gz	118668	2afc57966f5cdd54a08bcb797d5dae5f2d37de3c96b852d71ef6f1f94cfb0e88
derived/paired_enriched_feature_pruning_nested_v0.1/scores/p2/f1_en/outer_4_inner_1_c0p1_v0.1.tsv.gz	123453	680913c9f5db02364715d45f82de297340098113c1a178b3cc2b8d788024c43d
derived/paired_enriched_feature_pruning_nested_v0.1/scores/p2/f1_en/outer_4_inner_1_c1_v0.1.tsv.gz	127415	b20c78292d98535fc5544193c68c42eaf8bc7a55abfaf55e3a7b4431652baa15
derived/paired_enriched_feature_pruning_nested_v0.1/scores/p2/f1_en/outer_4_inner_2_c0p01_v0.1.tsv.gz	115706	d9cbc131550f52b0b23261a6e61bb6736132ac3e6ecb3d21251c36ba6516bfcb
derived/paired_enriched_feature_pruning_nested_v0.1/scores/p2/f1_en/outer_4_inner_2_c0p1_v0.1.tsv.gz	120324	13437fd4b37dad5c219441f735b78a70a44dcd4cd67ebb5dd4a8117d518ea16e
derived/paired_enriched_feature_pruning_nested_v0.1/scores/p2/f1_en/outer_4_inner_2_c1_v0.1.tsv.gz	124377	7d9a3e69dd4a2af1e01060d28454f5a35312d0932a02850cbd20de67adbe1bc0
derived/paired_enriched_feature_pruning_nested_v0.1/scores/p2/f1_en/outer_4_inner_3_c0p01_v0.1.tsv.gz	122395	770b6e6791f47ad34e0f35667d4df571feea9bc8982a03893c6da696ca6c05e6
derived/paired_enriched_feature_pruning_nested_v0.1/scores/p2/f1_en/outer_4_inner_3_c0p1_v0.1.tsv.gz	128168	d54633970477fea5a39d34200d7bee64abde5f77b8ba2bbf4dfea64b49de4500
derived/paired_enriched_feature_pruning_nested_v0.1/scores/p2/f1_en/outer_4_inner_3_c1_v0.1.tsv.gz	130906	23fb7810d6d6cbdb24e768f67d987a8e1c54f9723296b855a8a6ed3b80a40f4e
derived/paired_enriched_feature_pruning_nested_v0.1/scores/p2/f1_en/outer_4_inner_5_c0p01_v0.1.tsv.gz	126373	1c86166d98a6286ff48cfb159b7f2b516fa50dad7b7522ee3888c73c49283377
derived/paired_enriched_feature_pruning_nested_v0.1/scores/p2/f1_en/outer_4_inner_5_c0p1_v0.1.tsv.gz	131777	25efcd5e57fea9b1429f675028371625a925309ed745a100e58b372024cd72bf
derived/paired_enriched_feature_pruning_nested_v0.1/scores/p2/f1_en/outer_4_inner_5_c1_v0.1.tsv.gz	135571	ca36b9de34fcebecbfbdddc99b5ceae87aa077cbaa2333e36220fe0bc05f4c1d
derived/paired_enriched_feature_pruning_nested_v0.1/scores/p2/f1_en/outer_4_outer_final_c0p1_v0.1.tsv.gz	133812	5d15c364c572d88210e751c030b4e47b6d2b186ffbc389342304f63c374b83cf
derived/paired_enriched_feature_pruning_nested_v0.1/scores/p2/f1_en/outer_5_inner_1_c0p01_v0.1.tsv.gz	118222	c15e1448caf3557094babfe626ee6c9eb7c25558707dc53b1fc23ad78f1025a0
derived/paired_enriched_feature_pruning_nested_v0.1/scores/p2/f1_en/outer_5_inner_1_c0p1_v0.1.tsv.gz	123151	b468cdb6c99f1875957ae40614225995f86d651e3d0107ab5f20b5a71d0028bc
derived/paired_enriched_feature_pruning_nested_v0.1/scores/p2/f1_en/outer_5_inner_1_c1_v0.1.tsv.gz	127540	a46459bba4cb0fc2a045571401e757990125de16f42728cc977fd2f77d158ed8
derived/paired_enriched_feature_pruning_nested_v0.1/scores/p2/f1_en/outer_5_inner_2_c0p01_v0.1.tsv.gz	115283	e53c5c17036cd77d6373bf9013fbc4008417b28097d3d976512a495c88de7b1e
derived/paired_enriched_feature_pruning_nested_v0.1/scores/p2/f1_en/outer_5_inner_2_c0p1_v0.1.tsv.gz	119855	84ddbf1f7d29730f3c93ea07fb51001c9f87af9e8fad2596609e23eb33819770
derived/paired_enriched_feature_pruning_nested_v0.1/scores/p2/f1_en/outer_5_inner_2_c1_v0.1.tsv.gz	124065	30b66159da79fa98549a8de1053b2c4ac24d44982596661b35d1b63a8d028b24
derived/paired_enriched_feature_pruning_nested_v0.1/scores/p2/f1_en/outer_5_inner_3_c0p01_v0.1.tsv.gz	122262	025834827fd1529d26d018fc0e35d24326c8096ecad1a6e7931ec8767b8fd00f
derived/paired_enriched_feature_pruning_nested_v0.1/scores/p2/f1_en/outer_5_inner_3_c0p1_v0.1.tsv.gz	127859	fc5110fa20fdc3613607fc33301e61648c5ab7c0f5c37a751f9bac33f3ff53c0
derived/paired_enriched_feature_pruning_nested_v0.1/scores/p2/f1_en/outer_5_inner_3_c1_v0.1.tsv.gz	131014	3eb62c4457a90187fac4b7fda1609f57e29069b1e867089c8b78b3b226cc5d79
derived/paired_enriched_feature_pruning_nested_v0.1/scores/p2/f1_en/outer_5_inner_4_c0p01_v0.1.tsv.gz	128269	e9d40bd1f090f49c12a5628c717d4c9032ab1bb8da5bb3763d04047a74ebf2ba
derived/paired_enriched_feature_pruning_nested_v0.1/scores/p2/f1_en/outer_5_inner_4_c0p1_v0.1.tsv.gz	133540	29f4a05a6fc3107de7913915e7bb6596df80001910a10c61e3b332eb4b6b0c50
derived/paired_enriched_feature_pruning_nested_v0.1/scores/p2/f1_en/outer_5_inner_4_c1_v0.1.tsv.gz	137260	01597d7ed9afc9a1bf89dbdbf9d2c259f89d79a422f30b8086f3e2d78d4febd4
derived/paired_enriched_feature_pruning_nested_v0.1/scores/p2/f1_en/outer_5_outer_final_c0p1_v0.1.tsv.gz	131283	24ebd4a16bf53d5204be5f90d810df910dc733111c23a7fc4bb427761a6157a3
derived/paired_enriched_feature_pruning_nested_v0.1/scores/p2/f1_l2/outer_1_inner_2_c1_v0.1.tsv.gz	194669	35d8fb60b047165be516ce04b3549a2b555ff9d7144006ac6723d78f5cc9c6d5
derived/paired_enriched_feature_pruning_nested_v0.1/scores/p2/f1_l2/outer_1_inner_3_c1_v0.1.tsv.gz	205546	9bcb59282f0f7273505a6949248635830bd6af2b50ddeca7b08badd6f647d187
derived/paired_enriched_feature_pruning_nested_v0.1/scores/p2/f1_l2/outer_1_inner_4_c1_v0.1.tsv.gz	214746	df51b05c425147eb503fd093a782cad888af6b191e0596b3705a633b2e07dfb3
derived/paired_enriched_feature_pruning_nested_v0.1/scores/p2/f1_l2/outer_1_inner_5_c1_v0.1.tsv.gz	212581	d2c92998d7258a2c67c106100f0c6413af3592795f5e125aba2e708c23beffb7
derived/paired_enriched_feature_pruning_nested_v0.1/scores/p2/f1_l2/outer_1_outer_final_c1_v0.1.tsv.gz	203124	b44eadbbeb54e7b5b2acb62c4220d43a6880ee1d4682d161aba00c785d9df712
derived/paired_enriched_feature_pruning_nested_v0.1/scores/p2/f1_l2/outer_2_inner_1_c1_v0.1.tsv.gz	199343	ec099e577709c49bd72dab19dcf82db58e5189ae76ccdbf55274137ae7cdd12b
derived/paired_enriched_feature_pruning_nested_v0.1/scores/p2/f1_l2/outer_2_inner_3_c1_v0.1.tsv.gz	205306	59e3ebc673a507a4245d7170a229976860a5be6f9181031ab3462c7e973fb620
derived/paired_enriched_feature_pruning_nested_v0.1/scores/p2/f1_l2/outer_2_inner_4_c1_v0.1.tsv.gz	215048	6e48bf81a494b41febabc5b4c166c479cd6317910282e9a97eb8c5dccf1d6ca3
derived/paired_enriched_feature_pruning_nested_v0.1/scores/p2/f1_l2/outer_2_inner_5_c1_v0.1.tsv.gz	211914	240f5e010bcfacaae0d450daaa8fa5a531474418abc70506ade34b85f9b63b0e
derived/paired_enriched_feature_pruning_nested_v0.1/scores/p2/f1_l2/outer_2_outer_final_c1_v0.1.tsv.gz	197369	5860e3463b00da40c453f926af302041597ad3b1891255b242dc208790d446da
derived/paired_enriched_feature_pruning_nested_v0.1/scores/p2/f1_l2/outer_3_inner_1_c1_v0.1.tsv.gz	200040	bcd79a6c91ca8139a114588009b04fca2000b88e20e32a2a6aa1dfb7f89e335f
derived/paired_enriched_feature_pruning_nested_v0.1/scores/p2/f1_l2/outer_3_inner_2_c1_v0.1.tsv.gz	194790	45897b3a6e8887c282419d01661e32465661bdff276a64cacef1c1feb649987d
derived/paired_enriched_feature_pruning_nested_v0.1/scores/p2/f1_l2/outer_3_inner_4_c1_v0.1.tsv.gz	214871	6f09459edd697c3bf3936326a296c5d502cd5d819104eeefd9c6bdd1a3b99f37
derived/paired_enriched_feature_pruning_nested_v0.1/scores/p2/f1_l2/outer_3_inner_5_c1_v0.1.tsv.gz	212412	3ae74a3a56081395f4d2474e9e890c4e09592d82bb68afe74328ec1aa7d0ac30
derived/paired_enriched_feature_pruning_nested_v0.1/scores/p2/f1_l2/outer_3_outer_final_c1_v0.1.tsv.gz	208794	0a4210f56257ffea23dd1b17eecd5dddbe9282f104606ddf18ebe8d904e80f16
derived/paired_enriched_feature_pruning_nested_v0.1/scores/p2/f1_l2/outer_4_inner_1_c1_v0.1.tsv.gz	199685	d7cdf84a7687c8d30df4cb2dbecba2eb6fc6d253346266e8e70bb1b065c4a29f
derived/paired_enriched_feature_pruning_nested_v0.1/scores/p2/f1_l2/outer_4_inner_2_c1_v0.1.tsv.gz	194709	7649c0b12021f36d2837f23a5b2956cb3f2b2f224bbf7b2c7947c530d1ec395d
derived/paired_enriched_feature_pruning_nested_v0.1/scores/p2/f1_l2/outer_4_inner_3_c1_v0.1.tsv.gz	205722	bcc6242d234774968fa5bb00268aac5426b3f6243bf440bc51bfa9e45662af45
derived/paired_enriched_feature_pruning_nested_v0.1/scores/p2/f1_l2/outer_4_inner_5_c1_v0.1.tsv.gz	212085	ba0bc37d7fcc64b9e38da79af1dc316bc7b77980eb1dce0ab316b052ab82c00a
derived/paired_enriched_feature_pruning_nested_v0.1/scores/p2/f1_l2/outer_4_outer_final_c1_v0.1.tsv.gz	218360	044056079734aac8082f1b0dcf114326a645618d44c540684d14204aec7e2ab5
derived/paired_enriched_feature_pruning_nested_v0.1/scores/p2/f1_l2/outer_5_inner_1_c1_v0.1.tsv.gz	200510	145809c773c43ae1a9fc489ac1302552032b3c2637dc0c43d13e59d5665ab2ff
derived/paired_enriched_feature_pruning_nested_v0.1/scores/p2/f1_l2/outer_5_inner_2_c1_v0.1.tsv.gz	194371	8711fcc63f9e925a956b333a1bf0467cb0c6c979a2e50ed876eebda5f7c6f57c
derived/paired_enriched_feature_pruning_nested_v0.1/scores/p2/f1_l2/outer_5_inner_3_c1_v0.1.tsv.gz	205709	b7bd6ddb782ff7203c772c5bd7fe507d03f718a39f9f722fa4d49c95578ce24a
derived/paired_enriched_feature_pruning_nested_v0.1/scores/p2/f1_l2/outer_5_inner_4_c1_v0.1.tsv.gz	215040	dbe69aeca39b6e45b680844128bbe865ae155b987f1672366249a27dd4e245db
derived/paired_enriched_feature_pruning_nested_v0.1/scores/p2/f1_l2/outer_5_outer_final_c1_v0.1.tsv.gz	215153	9aae11c6b8d2117ba8efcb07dadca52655532982bd422194707f9906f6258d7b
