modality	pipeline	partition	membership	tolerance_sec	pid	recordings	reference_events	predicted_events	true_positive	false_positive	false_negative	ignored_predictions	supported_hours	precision	recall	f1	false_alarms_per_hour
P2	P2-F0-L2	train_nested_oof	primary	15.0	1	1	4	9	2	6	2	1	8.25	0.25	0.5	0.3333333333333333	0.7272727272727273
P2	P2-F0-L2	train_nested_oof	primary	15.0	6	1	0	3	0	3	0	0	3.35	0.0		0.0	0.8955223880597015
P2	P2-F0-L2	train_nested_oof	primary	15.0	8	1	0	4	0	2	0	2	8.083333333333334	0.0		0.0	0.24742268041237112
P2	P2-F0-L2	train_nested_oof	primary	15.0	9	1	3	7	2	5	1	0	8.725	0.2857142857142857	0.6666666666666666	0.4	0.5730659025787966
P2	P2-F0-L2	train_nested_oof	primary	15.0	10	1	3	1	0	1	3	0	8.991666666666667	0.0	0.0	0.0	0.11121408711770157
P2	P2-F0-L2	train_nested_oof	primary	15.0	11	1	6	2	0	1	6	1	8.408333333333333	0.0	0.0	0.0	0.11892963330029732
P2	P2-F0-L2	train_nested_oof	primary	15.0	13	1	2	4	1	3	1	0	8.675	0.25	0.5	0.3333333333333333	0.34582132564841495
P2	P2-F0-L2	train_nested_oof	primary	15.0	14	1	1	0	0	0	1	0	8.558333333333334		0.0	0.0	0.0
P2	P2-F0-L2	train_nested_oof	primary	15.0	16	1	2	2	0	2	2	0	7.716666666666667	0.0	0.0	0.0	0.25917926565874727
P2	P2-F0-L2	train_nested_oof	primary	15.0	19	1	3	8	2	6	1	0	7.875	0.25	0.6666666666666666	0.36363636363636365	0.7619047619047619
P2	P2-F0-L2	train_nested_oof	primary	15.0	20	1	1	1	0	1	1	0	7.1	0.0	0.0	0.0	0.14084507042253522
P2	P2-F0-L2	train_nested_oof	primary	15.0	21	1	0	5	0	4	0	1	9.175	0.0		0.0	0.435967302452316
P2	P2-F0-L2	train_nested_oof	primary	15.0	24	1	1	16	1	15	0	0	6.716666666666667	0.0625	1.0	0.11764705882352941	2.2332506203473943
P2	P2-F0-L2	train_nested_oof	primary	15.0	29	1	2	5	1	4	1	0	7.458333333333333	0.2	0.5	0.2857142857142857	0.5363128491620112
P2	P2-F0-L2	train_nested_oof	primary	15.0	31	1	3	1	0	1	3	0	7.633333333333334	0.0	0.0	0.0	0.13100436681222707
P2	P2-F0-L2	train_nested_oof	primary	15.0	32	1	5	22	4	17	1	1	7.641666666666667	0.19047619047619047	0.8	0.3076923076923077	2.2246455834242096
P2	P2-F0-L2	train_nested_oof	primary	15.0	33	1	2	13	2	11	0	0	7.041666666666667	0.15384615384615385	1.0	0.26666666666666666	1.5621301775147929
P2	P2-F0-L2	train_nested_oof	primary	15.0	34	1	0	3	0	2	0	1	8.3	0.0		0.0	0.24096385542168672
P2	P2-F0-L2	train_nested_oof	primary	15.0	35	1	2	1	0	1	2	0	7.225	0.0	0.0	0.0	0.1384083044982699
P2	P2-F0-L2	train_nested_oof	primary	15.0	36	1	3	14	1	13	2	0	9.225	0.07142857142857142	0.3333333333333333	0.11764705882352941	1.4092140921409215
P2	P2-F0-L2	train_nested_oof	primary	15.0	38	1	1	4	0	4	1	0	6.858333333333333	0.0	0.0	0.0	0.583232077764277
P2	P2-F0-L2	train_nested_oof	primary	15.0	39	1	2	3	0	3	2	0	8.016666666666667	0.0	0.0	0.0	0.3742203742203742
P2	P2-F0-L2	train_nested_oof	primary	15.0	42	1	0	13	0	12	0	1	8.925	0.0		0.0	1.3445378151260503
P2	P2-F0-L2	train_nested_oof	primary	15.0	43	1	2	1	1	0	1	0	7.275	1.0	0.5	0.6666666666666666	0.0
P2	P2-F0-L2	train_nested_oof	primary	15.0	45	1	0	3	0	3	0	0	6.775	0.0		0.0	0.44280442804428044
P2	P2-F0-L2	train_nested_oof	primary	15.0	46	1	5	5	1	3	4	1	7.483333333333333	0.25	0.2	0.2222222222222222	0.40089086859688194
P2	P2-F0-L2	train_nested_oof	primary	15.0	50	1	1	5	0	5	1	0	7.375	0.0	0.0	0.0	0.6779661016949152
P2	P2-F0-L2	train_nested_oof	primary	15.0	51	1	1	1	0	1	1	0	8.416666666666666	0.0	0.0	0.0	0.11881188118811882
P2	P2-F0-L2	train_nested_oof	primary	15.0	53	1	0	2	0	2	0	0	7.808333333333334	0.0		0.0	0.256136606189968
P2	P2-F0-L2	train_nested_oof	primary	15.0	54	1	1	7	1	5	0	1	7.916666666666667	0.16666666666666666	1.0	0.2857142857142857	0.631578947368421
P2	P2-F0-L2	train_nested_oof	primary	15.0	58	1	5	0	0	0	5	0	8.45		0.0	0.0	0.0
P2	P2-F0-L2	train_nested_oof	primary	15.0	59	1	3	11	2	9	1	0	8.175	0.18181818181818182	0.6666666666666666	0.2857142857142857	1.1009174311926604
P2	P2-F0-L2	train_nested_oof	primary	15.0	60	1	3	2	0	2	3	0	7.258333333333334	0.0	0.0	0.0	0.2755453501722158
P2	P2-F0-L2	train_nested_oof	primary	15.0	61	1	0	4	0	2	0	2	8.316666666666666	0.0		0.0	0.2404809619238477
P2	P2-F0-L2	train_nested_oof	primary	15.0	62	1	4	4	0	4	4	0	8.133333333333333	0.0	0.0	0.0	0.49180327868852464
P2	P2-F0-L2	train_nested_oof	primary	15.0	63	1	4	33	2	31	2	0	8.033333333333333	0.06060606060606061	0.5	0.10810810810810811	3.858921161825726
P2	P2-F0-L2	train_nested_oof	primary	15.0	65	1	7	28	5	23	2	0	7.45	0.17857142857142858	0.7142857142857143	0.2857142857142857	3.087248322147651
P2	P2-F0-L2	train_nested_oof	primary	15.0	66	1	0	1	0	1	0	0	8.708333333333334	0.0		0.0	0.11483253588516745
P2	P2-F0-L2	train_nested_oof	primary	15.0	67	1	4	10	3	6	1	1	8.241666666666667	0.3333333333333333	0.75	0.46153846153846156	0.7280080889787663
P2	P2-F0-L2	train_nested_oof	primary	15.0	68	1	5	2	0	2	5	0	7.733333333333333	0.0	0.0	0.0	0.25862068965517243
P2	P2-F0-L2	train_nested_oof	primary	15.0	71	1	0	9	0	9	0	0	7.091666666666667	0.0		0.0	1.2690951821386605
P2	P2-F0-L2	train_nested_oof	primary	15.0	72	1	1	3	0	2	1	1	6.933333333333334	0.0	0.0	0.0	0.28846153846153844
P2	P2-F0-L2	train_nested_oof	primary	15.0	75	1	1	15	0	15	1	0	7.875	0.0	0.0	0.0	1.9047619047619047
P2	P2-F0-L2	train_nested_oof	primary	15.0	76	1	1	33	1	31	0	1	8.058333333333334	0.03125	1.0	0.06060606060606061	3.8469493278179936
P2	P2-F0-L2	train_nested_oof	primary	15.0	78	2	7	23	4	18	3	1	16.241666666666667	0.18181818181818182	0.5714285714285714	0.27586206896551724	1.108260646485377
P2	P2-F0-L2	train_nested_oof	primary	15.0	79	2	4	21	4	14	0	3	16.35	0.2222222222222222	1.0	0.36363636363636365	0.856269113149847
P2	P2-F0-L2	train_nested_oof	primary	15.0	80	2	2	5	1	4	1	0	15.274999999999999	0.2	0.5	0.2857142857142857	0.2618657937806874
P2	P2-F0-L2	train_nested_oof	primary	15.0	81	2	1	20	1	19	0	0	14.666666666666668	0.05	1.0	0.09523809523809523	1.2954545454545454
P2	P2-F0-L2	train_nested_oof	primary	15.0	82	2	4	7	3	4	1	0	16.066666666666666	0.42857142857142855	0.75	0.5454545454545454	0.24896265560165975
P2	P2-F0-L2	train_nested_oof	primary	15.0	84	3	20	28	8	20	12	0	22.03333333333333	0.2857142857142857	0.4	0.3333333333333333	0.9077155824508322
P2	P2-F0-L2	train_nested_oof	primary	15.0	85	1	0	2	0	2	0	0	7.383333333333334	0.0		0.0	0.27088036117381487
P2	P2-F0-L2	train_nested_oof	primary	15.0	87	3	0	7	0	7	0	0	20.333333333333336	0.0		0.0	0.34426229508196715
P2	P2-F0-L2	train_nested_oof	primary	15.0	91	2	0	2	0	2	0	0	16.46666666666667	0.0		0.0	0.12145748987854249
P2	P2-F0-L2	train_nested_oof	primary	15.0	92	2	19	3	1	2	18	0	16.325000000000003	0.3333333333333333	0.05263157894736842	0.09090909090909091	0.12251148545176108
P2	P2-F0-L2	train_nested_oof	primary	15.0	93	2	0	20	0	20	0	0	17.008333333333333	0.0		0.0	1.175894169524743
P2	P2-F0-L2	train_nested_oof	primary	15.0	94	1	2	6	2	4	0	0	6.891666666666667	0.3333333333333333	1.0	0.5	0.5804111245465539
P2	P2-F0-L2	train_nested_oof	primary	15.0	95	1	0	0	0	0	0	0	7.025				0.0
P2	P2-F0-L2	train_nested_oof	primary	15.0	96	3	10	19	1	18	9	0	22.8	0.05263157894736842	0.1	0.06896551724137931	0.7894736842105263
P2	P2-F0-L2	train_nested_oof	primary	15.0	98	3	6	17	1	14	5	2	20.616666666666667	0.06666666666666667	0.16666666666666666	0.09523809523809523	0.6790622473726758
P2	P2-F0-L2	train_nested_oof	primary	15.0	99	3	7	4	2	2	5	0	21.2	0.5	0.2857142857142857	0.36363636363636365	0.09433962264150944
P2	P2-F0-L2	train_nested_oof	primary	15.0	100	1	0	3	0	3	0	0	7.383333333333334	0.0		0.0	0.4063205417607223
P2	P2-F0-L2	train_nested_oof	primary	15.0	101	1	0	2	0	2	0	0	7.241666666666666	0.0		0.0	0.27617951668584584
P2	P2-F0-L2	train_nested_oof	primary	15.0	104	1	3	10	2	8	1	0	8.008333333333333	0.2	0.6666666666666666	0.3076923076923077	0.9989594172736733
P2	P2-F0-L2	train_nested_oof	primary	15.0	108	1	1	31	0	31	1	0	6.716666666666667	0.0	0.0	0.0	4.615384615384615
P2	P2-F0-L2	train_nested_oof	primary	45.0	1	1	4	9	2	6	2	1	8.25	0.25	0.5	0.3333333333333333	0.7272727272727273
P2	P2-F0-L2	train_nested_oof	primary	45.0	6	1	0	3	0	3	0	0	3.35	0.0		0.0	0.8955223880597015
P2	P2-F0-L2	train_nested_oof	primary	45.0	8	1	0	4	0	2	0	2	8.083333333333334	0.0		0.0	0.24742268041237112
P2	P2-F0-L2	train_nested_oof	primary	45.0	9	1	3	7	2	5	1	0	8.725	0.2857142857142857	0.6666666666666666	0.4	0.5730659025787966
P2	P2-F0-L2	train_nested_oof	primary	45.0	10	1	3	1	0	1	3	0	8.991666666666667	0.0	0.0	0.0	0.11121408711770157
P2	P2-F0-L2	train_nested_oof	primary	45.0	11	1	6	2	0	1	6	1	8.408333333333333	0.0	0.0	0.0	0.11892963330029732
P2	P2-F0-L2	train_nested_oof	primary	45.0	13	1	2	4	1	3	1	0	8.675	0.25	0.5	0.3333333333333333	0.34582132564841495
P2	P2-F0-L2	train_nested_oof	primary	45.0	14	1	1	0	0	0	1	0	8.558333333333334		0.0	0.0	0.0
P2	P2-F0-L2	train_nested_oof	primary	45.0	16	1	2	2	0	2	2	0	7.716666666666667	0.0	0.0	0.0	0.25917926565874727
P2	P2-F0-L2	train_nested_oof	primary	45.0	19	1	3	8	2	6	1	0	7.875	0.25	0.6666666666666666	0.36363636363636365	0.7619047619047619
P2	P2-F0-L2	train_nested_oof	primary	45.0	20	1	1	1	0	1	1	0	7.1	0.0	0.0	0.0	0.14084507042253522
P2	P2-F0-L2	train_nested_oof	primary	45.0	21	1	0	5	0	3	0	2	9.175	0.0		0.0	0.32697547683923706
P2	P2-F0-L2	train_nested_oof	primary	45.0	24	1	1	16	1	15	0	0	6.716666666666667	0.0625	1.0	0.11764705882352941	2.2332506203473943
P2	P2-F0-L2	train_nested_oof	primary	45.0	29	1	2	5	2	3	0	0	7.458333333333333	0.4	1.0	0.5714285714285714	0.4022346368715084
P2	P2-F0-L2	train_nested_oof	primary	45.0	31	1	3	1	0	1	3	0	7.633333333333334	0.0	0.0	0.0	0.13100436681222707
P2	P2-F0-L2	train_nested_oof	primary	45.0	32	1	5	22	5	16	0	1	7.641666666666667	0.23809523809523808	1.0	0.38461538461538464	2.093784078516903
P2	P2-F0-L2	train_nested_oof	primary	45.0	33	1	2	13	2	11	0	0	7.041666666666667	0.15384615384615385	1.0	0.26666666666666666	1.5621301775147929
P2	P2-F0-L2	train_nested_oof	primary	45.0	34	1	0	3	0	2	0	1	8.3	0.0		0.0	0.24096385542168672
P2	P2-F0-L2	train_nested_oof	primary	45.0	35	1	2	1	0	1	2	0	7.225	0.0	0.0	0.0	0.1384083044982699
P2	P2-F0-L2	train_nested_oof	primary	45.0	36	1	3	14	1	13	2	0	9.225	0.07142857142857142	0.3333333333333333	0.11764705882352941	1.4092140921409215
P2	P2-F0-L2	train_nested_oof	primary	45.0	38	1	1	4	0	4	1	0	6.858333333333333	0.0	0.0	0.0	0.583232077764277
P2	P2-F0-L2	train_nested_oof	primary	45.0	39	1	2	3	0	3	2	0	8.016666666666667	0.0	0.0	0.0	0.3742203742203742
P2	P2-F0-L2	train_nested_oof	primary	45.0	42	1	0	13	0	11	0	2	8.925	0.0		0.0	1.2324929971988794
P2	P2-F0-L2	train_nested_oof	primary	45.0	43	1	2	1	1	0	1	0	7.275	1.0	0.5	0.6666666666666666	0.0
P2	P2-F0-L2	train_nested_oof	primary	45.0	45	1	0	3	0	3	0	0	6.775	0.0		0.0	0.44280442804428044
P2	P2-F0-L2	train_nested_oof	primary	45.0	46	1	5	5	1	3	4	1	7.483333333333333	0.25	0.2	0.2222222222222222	0.40089086859688194
P2	P2-F0-L2	train_nested_oof	primary	45.0	50	1	1	5	0	5	1	0	7.375	0.0	0.0	0.0	0.6779661016949152
P2	P2-F0-L2	train_nested_oof	primary	45.0	51	1	1	1	0	1	1	0	8.416666666666666	0.0	0.0	0.0	0.11881188118811882
P2	P2-F0-L2	train_nested_oof	primary	45.0	53	1	0	2	0	2	0	0	7.808333333333334	0.0		0.0	0.256136606189968
P2	P2-F0-L2	train_nested_oof	primary	45.0	54	1	1	7	1	5	0	1	7.916666666666667	0.16666666666666666	1.0	0.2857142857142857	0.631578947368421
P2	P2-F0-L2	train_nested_oof	primary	45.0	58	1	5	0	0	0	5	0	8.45		0.0	0.0	0.0
P2	P2-F0-L2	train_nested_oof	primary	45.0	59	1	3	11	2	9	1	0	8.175	0.18181818181818182	0.6666666666666666	0.2857142857142857	1.1009174311926604
P2	P2-F0-L2	train_nested_oof	primary	45.0	60	1	3	2	1	1	2	0	7.258333333333334	0.5	0.3333333333333333	0.4	0.1377726750861079
P2	P2-F0-L2	train_nested_oof	primary	45.0	61	1	0	4	0	2	0	2	8.316666666666666	0.0		0.0	0.2404809619238477
P2	P2-F0-L2	train_nested_oof	primary	45.0	62	1	4	4	0	2	4	2	8.133333333333333	0.0	0.0	0.0	0.24590163934426232
P2	P2-F0-L2	train_nested_oof	primary	45.0	63	1	4	33	2	31	2	0	8.033333333333333	0.06060606060606061	0.5	0.10810810810810811	3.858921161825726
P2	P2-F0-L2	train_nested_oof	primary	45.0	65	1	7	28	5	23	2	0	7.45	0.17857142857142858	0.7142857142857143	0.2857142857142857	3.087248322147651
P2	P2-F0-L2	train_nested_oof	primary	45.0	66	1	0	1	0	1	0	0	8.708333333333334	0.0		0.0	0.11483253588516745
P2	P2-F0-L2	train_nested_oof	primary	45.0	67	1	4	10	3	6	1	1	8.241666666666667	0.3333333333333333	0.75	0.46153846153846156	0.7280080889787663
P2	P2-F0-L2	train_nested_oof	primary	45.0	68	1	5	2	0	2	5	0	7.733333333333333	0.0	0.0	0.0	0.25862068965517243
P2	P2-F0-L2	train_nested_oof	primary	45.0	71	1	0	9	0	9	0	0	7.091666666666667	0.0		0.0	1.2690951821386605
P2	P2-F0-L2	train_nested_oof	primary	45.0	72	1	1	3	0	2	1	1	6.933333333333334	0.0	0.0	0.0	0.28846153846153844
P2	P2-F0-L2	train_nested_oof	primary	45.0	75	1	1	15	1	14	0	0	7.875	0.06666666666666667	1.0	0.125	1.7777777777777777
P2	P2-F0-L2	train_nested_oof	primary	45.0	76	1	1	33	1	31	0	1	8.058333333333334	0.03125	1.0	0.06060606060606061	3.8469493278179936
P2	P2-F0-L2	train_nested_oof	primary	45.0	78	2	7	23	5	17	2	1	16.241666666666667	0.22727272727272727	0.7142857142857143	0.3448275862068966	1.0466906105695228
P2	P2-F0-L2	train_nested_oof	primary	45.0	79	2	4	21	4	14	0	3	16.35	0.2222222222222222	1.0	0.36363636363636365	0.856269113149847
P2	P2-F0-L2	train_nested_oof	primary	45.0	80	2	2	5	1	4	1	0	15.274999999999999	0.2	0.5	0.2857142857142857	0.2618657937806874
P2	P2-F0-L2	train_nested_oof	primary	45.0	81	2	1	20	1	19	0	0	14.666666666666668	0.05	1.0	0.09523809523809523	1.2954545454545454
P2	P2-F0-L2	train_nested_oof	primary	45.0	82	2	4	7	3	4	1	0	16.066666666666666	0.42857142857142855	0.75	0.5454545454545454	0.24896265560165975
P2	P2-F0-L2	train_nested_oof	primary	45.0	84	3	20	28	14	14	6	0	22.03333333333333	0.5	0.7	0.5833333333333334	0.6354009077155826
P2	P2-F0-L2	train_nested_oof	primary	45.0	85	1	0	2	0	2	0	0	7.383333333333334	0.0		0.0	0.27088036117381487
P2	P2-F0-L2	train_nested_oof	primary	45.0	87	3	0	7	0	7	0	0	20.333333333333336	0.0		0.0	0.34426229508196715
P2	P2-F0-L2	train_nested_oof	primary	45.0	91	2	0	2	0	2	0	0	16.46666666666667	0.0		0.0	0.12145748987854249
P2	P2-F0-L2	train_nested_oof	primary	45.0	92	2	19	3	1	2	18	0	16.325000000000003	0.3333333333333333	0.05263157894736842	0.09090909090909091	0.12251148545176108
P2	P2-F0-L2	train_nested_oof	primary	45.0	93	2	0	20	0	20	0	0	17.008333333333333	0.0		0.0	1.175894169524743
P2	P2-F0-L2	train_nested_oof	primary	45.0	94	1	2	6	2	4	0	0	6.891666666666667	0.3333333333333333	1.0	0.5	0.5804111245465539
P2	P2-F0-L2	train_nested_oof	primary	45.0	95	1	0	0	0	0	0	0	7.025				0.0
P2	P2-F0-L2	train_nested_oof	primary	45.0	96	3	10	19	1	17	9	1	22.8	0.05555555555555555	0.1	0.07142857142857142	0.7456140350877193
P2	P2-F0-L2	train_nested_oof	primary	45.0	98	3	6	17	1	14	5	2	20.616666666666667	0.06666666666666667	0.16666666666666666	0.09523809523809523	0.6790622473726758
P2	P2-F0-L2	train_nested_oof	primary	45.0	99	3	7	4	2	2	5	0	21.2	0.5	0.2857142857142857	0.36363636363636365	0.09433962264150944
P2	P2-F0-L2	train_nested_oof	primary	45.0	100	1	0	3	0	3	0	0	7.383333333333334	0.0		0.0	0.4063205417607223
P2	P2-F0-L2	train_nested_oof	primary	45.0	101	1	0	2	0	2	0	0	7.241666666666666	0.0		0.0	0.27617951668584584
P2	P2-F0-L2	train_nested_oof	primary	45.0	104	1	3	10	2	8	1	0	8.008333333333333	0.2	0.6666666666666666	0.3076923076923077	0.9989594172736733
P2	P2-F0-L2	train_nested_oof	primary	45.0	108	1	1	31	1	30	0	0	6.716666666666667	0.03225806451612903	1.0	0.0625	4.466501240694789
P2	P2-F0-L2	train_nested_oof	expanded	15.0	1	1	5	9	3	6	2	0	8.25	0.3333333333333333	0.6	0.42857142857142855	0.7272727272727273
P2	P2-F0-L2	train_nested_oof	expanded	15.0	6	1	0	3	0	3	0	0	3.35	0.0		0.0	0.8955223880597015
P2	P2-F0-L2	train_nested_oof	expanded	15.0	8	1	2	4	2	2	0	0	8.083333333333334	0.5	1.0	0.6666666666666666	0.24742268041237112
P2	P2-F0-L2	train_nested_oof	expanded	15.0	9	1	3	7	2	5	1	0	8.725	0.2857142857142857	0.6666666666666666	0.4	0.5730659025787966
P2	P2-F0-L2	train_nested_oof	expanded	15.0	10	1	3	1	0	1	3	0	8.991666666666667	0.0	0.0	0.0	0.11121408711770157
P2	P2-F0-L2	train_nested_oof	expanded	15.0	11	1	7	2	1	1	6	0	8.408333333333333	0.5	0.14285714285714285	0.2222222222222222	0.11892963330029732
P2	P2-F0-L2	train_nested_oof	expanded	15.0	13	1	2	4	1	3	1	0	8.675	0.25	0.5	0.3333333333333333	0.34582132564841495
P2	P2-F0-L2	train_nested_oof	expanded	15.0	14	1	2	0	0	0	2	0	8.558333333333334		0.0	0.0	0.0
P2	P2-F0-L2	train_nested_oof	expanded	15.0	16	1	2	2	0	2	2	0	7.716666666666667	0.0	0.0	0.0	0.25917926565874727
P2	P2-F0-L2	train_nested_oof	expanded	15.0	19	1	3	8	2	6	1	0	7.875	0.25	0.6666666666666666	0.36363636363636365	0.7619047619047619
P2	P2-F0-L2	train_nested_oof	expanded	15.0	20	1	1	1	0	1	1	0	7.1	0.0	0.0	0.0	0.14084507042253522
P2	P2-F0-L2	train_nested_oof	expanded	15.0	21	1	3	5	1	4	2	0	9.175	0.2	0.3333333333333333	0.25	0.435967302452316
P2	P2-F0-L2	train_nested_oof	expanded	15.0	24	1	1	16	1	15	0	0	6.716666666666667	0.0625	1.0	0.11764705882352941	2.2332506203473943
P2	P2-F0-L2	train_nested_oof	expanded	15.0	29	1	2	5	1	4	1	0	7.458333333333333	0.2	0.5	0.2857142857142857	0.5363128491620112
P2	P2-F0-L2	train_nested_oof	expanded	15.0	31	1	3	1	0	1	3	0	7.633333333333334	0.0	0.0	0.0	0.13100436681222707
P2	P2-F0-L2	train_nested_oof	expanded	15.0	32	1	6	22	5	17	1	0	7.641666666666667	0.22727272727272727	0.8333333333333334	0.35714285714285715	2.2246455834242096
P2	P2-F0-L2	train_nested_oof	expanded	15.0	33	1	2	13	2	11	0	0	7.041666666666667	0.15384615384615385	1.0	0.26666666666666666	1.5621301775147929
P2	P2-F0-L2	train_nested_oof	expanded	15.0	34	1	1	3	1	2	0	0	8.3	0.3333333333333333	1.0	0.5	0.24096385542168672
P2	P2-F0-L2	train_nested_oof	expanded	15.0	35	1	2	1	0	1	2	0	7.225	0.0	0.0	0.0	0.1384083044982699
P2	P2-F0-L2	train_nested_oof	expanded	15.0	36	1	3	14	1	13	2	0	9.225	0.07142857142857142	0.3333333333333333	0.11764705882352941	1.4092140921409215
P2	P2-F0-L2	train_nested_oof	expanded	15.0	38	1	1	4	0	4	1	0	6.858333333333333	0.0	0.0	0.0	0.583232077764277
P2	P2-F0-L2	train_nested_oof	expanded	15.0	39	1	2	3	0	3	2	0	8.016666666666667	0.0	0.0	0.0	0.3742203742203742
P2	P2-F0-L2	train_nested_oof	expanded	15.0	42	1	2	13	0	12	2	1	8.925	0.0	0.0	0.0	1.3445378151260503
P2	P2-F0-L2	train_nested_oof	expanded	15.0	43	1	2	1	1	0	1	0	7.275	1.0	0.5	0.6666666666666666	0.0
P2	P2-F0-L2	train_nested_oof	expanded	15.0	45	1	0	3	0	3	0	0	6.775	0.0		0.0	0.44280442804428044
P2	P2-F0-L2	train_nested_oof	expanded	15.0	46	1	8	5	2	3	6	0	7.483333333333333	0.4	0.25	0.3076923076923077	0.40089086859688194
P2	P2-F0-L2	train_nested_oof	expanded	15.0	50	1	1	5	0	5	1	0	7.375	0.0	0.0	0.0	0.6779661016949152
P2	P2-F0-L2	train_nested_oof	expanded	15.0	51	1	1	1	0	1	1	0	8.416666666666666	0.0	0.0	0.0	0.11881188118811882
P2	P2-F0-L2	train_nested_oof	expanded	15.0	53	1	0	2	0	2	0	0	7.808333333333334	0.0		0.0	0.256136606189968
P2	P2-F0-L2	train_nested_oof	expanded	15.0	54	1	2	7	2	5	0	0	7.916666666666667	0.2857142857142857	1.0	0.4444444444444444	0.631578947368421
P2	P2-F0-L2	train_nested_oof	expanded	15.0	58	1	5	0	0	0	5	0	8.45		0.0	0.0	0.0
P2	P2-F0-L2	train_nested_oof	expanded	15.0	59	1	3	11	2	9	1	0	8.175	0.18181818181818182	0.6666666666666666	0.2857142857142857	1.1009174311926604
P2	P2-F0-L2	train_nested_oof	expanded	15.0	60	1	3	2	0	2	3	0	7.258333333333334	0.0	0.0	0.0	0.2755453501722158
P2	P2-F0-L2	train_nested_oof	expanded	15.0	61	1	2	4	2	2	0	0	8.316666666666666	0.5	1.0	0.6666666666666666	0.2404809619238477
P2	P2-F0-L2	train_nested_oof	expanded	15.0	62	1	6	4	0	4	6	0	8.133333333333333	0.0	0.0	0.0	0.49180327868852464
P2	P2-F0-L2	train_nested_oof	expanded	15.0	63	1	4	33	2	31	2	0	8.033333333333333	0.06060606060606061	0.5	0.10810810810810811	3.858921161825726
P2	P2-F0-L2	train_nested_oof	expanded	15.0	65	1	7	28	5	23	2	0	7.45	0.17857142857142858	0.7142857142857143	0.2857142857142857	3.087248322147651
P2	P2-F0-L2	train_nested_oof	expanded	15.0	66	1	0	1	0	1	0	0	8.708333333333334	0.0		0.0	0.11483253588516745
P2	P2-F0-L2	train_nested_oof	expanded	15.0	67	1	5	10	4	6	1	0	8.241666666666667	0.4	0.8	0.5333333333333333	0.7280080889787663
P2	P2-F0-L2	train_nested_oof	expanded	15.0	68	1	5	2	0	2	5	0	7.733333333333333	0.0	0.0	0.0	0.25862068965517243
P2	P2-F0-L2	train_nested_oof	expanded	15.0	71	1	0	9	0	9	0	0	7.091666666666667	0.0		0.0	1.2690951821386605
P2	P2-F0-L2	train_nested_oof	expanded	15.0	72	1	2	3	1	2	1	0	6.933333333333334	0.3333333333333333	0.5	0.4	0.28846153846153844
P2	P2-F0-L2	train_nested_oof	expanded	15.0	75	1	1	15	0	15	1	0	7.875	0.0	0.0	0.0	1.9047619047619047
P2	P2-F0-L2	train_nested_oof	expanded	15.0	76	1	2	33	2	31	0	0	8.058333333333334	0.06060606060606061	1.0	0.11428571428571428	3.8469493278179936
P2	P2-F0-L2	train_nested_oof	expanded	15.0	78	2	10	23	5	18	5	0	16.241666666666667	0.21739130434782608	0.5	0.30303030303030304	1.108260646485377
P2	P2-F0-L2	train_nested_oof	expanded	15.0	79	2	10	21	7	14	3	0	16.35	0.3333333333333333	0.7	0.45161290322580644	0.856269113149847
P2	P2-F0-L2	train_nested_oof	expanded	15.0	80	2	2	5	1	4	1	0	15.274999999999999	0.2	0.5	0.2857142857142857	0.2618657937806874
P2	P2-F0-L2	train_nested_oof	expanded	15.0	81	2	2	20	1	19	1	0	14.666666666666668	0.05	0.5	0.09090909090909091	1.2954545454545454
P2	P2-F0-L2	train_nested_oof	expanded	15.0	82	2	4	7	3	4	1	0	16.066666666666666	0.42857142857142855	0.75	0.5454545454545454	0.24896265560165975
P2	P2-F0-L2	train_nested_oof	expanded	15.0	84	3	20	28	8	20	12	0	22.03333333333333	0.2857142857142857	0.4	0.3333333333333333	0.9077155824508322
P2	P2-F0-L2	train_nested_oof	expanded	15.0	85	1	1	2	0	2	1	0	7.383333333333334	0.0	0.0	0.0	0.27088036117381487
P2	P2-F0-L2	train_nested_oof	expanded	15.0	87	3	1	7	0	7	1	0	20.333333333333336	0.0	0.0	0.0	0.34426229508196715
P2	P2-F0-L2	train_nested_oof	expanded	15.0	91	2	0	2	0	2	0	0	16.46666666666667	0.0		0.0	0.12145748987854249
P2	P2-F0-L2	train_nested_oof	expanded	15.0	92	2	20	3	1	2	19	0	16.325000000000003	0.3333333333333333	0.05	0.08695652173913043	0.12251148545176108
P2	P2-F0-L2	train_nested_oof	expanded	15.0	93	2	3	20	0	20	3	0	17.008333333333333	0.0	0.0	0.0	1.175894169524743
P2	P2-F0-L2	train_nested_oof	expanded	15.0	94	1	3	6	2	4	1	0	6.891666666666667	0.3333333333333333	0.6666666666666666	0.4444444444444444	0.5804111245465539
P2	P2-F0-L2	train_nested_oof	expanded	15.0	95	1	0	0	0	0	0	0	7.025				0.0
P2	P2-F0-L2	train_nested_oof	expanded	15.0	96	3	14	19	1	18	13	0	22.8	0.05263157894736842	0.07142857142857142	0.06060606060606061	0.7894736842105263
P2	P2-F0-L2	train_nested_oof	expanded	15.0	98	3	8	17	3	14	5	0	20.616666666666667	0.17647058823529413	0.375	0.24	0.6790622473726758
P2	P2-F0-L2	train_nested_oof	expanded	15.0	99	3	7	4	2	2	5	0	21.2	0.5	0.2857142857142857	0.36363636363636365	0.09433962264150944
P2	P2-F0-L2	train_nested_oof	expanded	15.0	100	1	1	3	0	3	1	0	7.383333333333334	0.0	0.0	0.0	0.4063205417607223
P2	P2-F0-L2	train_nested_oof	expanded	15.0	101	1	0	2	0	2	0	0	7.241666666666666	0.0		0.0	0.27617951668584584
P2	P2-F0-L2	train_nested_oof	expanded	15.0	104	1	3	10	2	8	1	0	8.008333333333333	0.2	0.6666666666666666	0.3076923076923077	0.9989594172736733
P2	P2-F0-L2	train_nested_oof	expanded	15.0	108	1	1	31	0	31	1	0	6.716666666666667	0.0	0.0	0.0	4.615384615384615
P2	P2-F0-L2	train_nested_oof	expanded	45.0	1	1	5	9	3	6	2	0	8.25	0.3333333333333333	0.6	0.42857142857142855	0.7272727272727273
P2	P2-F0-L2	train_nested_oof	expanded	45.0	6	1	0	3	0	3	0	0	3.35	0.0		0.0	0.8955223880597015
P2	P2-F0-L2	train_nested_oof	expanded	45.0	8	1	2	4	2	2	0	0	8.083333333333334	0.5	1.0	0.6666666666666666	0.24742268041237112
P2	P2-F0-L2	train_nested_oof	expanded	45.0	9	1	3	7	2	5	1	0	8.725	0.2857142857142857	0.6666666666666666	0.4	0.5730659025787966
P2	P2-F0-L2	train_nested_oof	expanded	45.0	10	1	3	1	0	1	3	0	8.991666666666667	0.0	0.0	0.0	0.11121408711770157
P2	P2-F0-L2	train_nested_oof	expanded	45.0	11	1	7	2	1	1	6	0	8.408333333333333	0.5	0.14285714285714285	0.2222222222222222	0.11892963330029732
P2	P2-F0-L2	train_nested_oof	expanded	45.0	13	1	2	4	1	3	1	0	8.675	0.25	0.5	0.3333333333333333	0.34582132564841495
P2	P2-F0-L2	train_nested_oof	expanded	45.0	14	1	2	0	0	0	2	0	8.558333333333334		0.0	0.0	0.0
P2	P2-F0-L2	train_nested_oof	expanded	45.0	16	1	2	2	0	2	2	0	7.716666666666667	0.0	0.0	0.0	0.25917926565874727
P2	P2-F0-L2	train_nested_oof	expanded	45.0	19	1	3	8	2	6	1	0	7.875	0.25	0.6666666666666666	0.36363636363636365	0.7619047619047619
P2	P2-F0-L2	train_nested_oof	expanded	45.0	20	1	1	1	0	1	1	0	7.1	0.0	0.0	0.0	0.14084507042253522
P2	P2-F0-L2	train_nested_oof	expanded	45.0	21	1	3	5	2	3	1	0	9.175	0.4	0.6666666666666666	0.5	0.32697547683923706
P2	P2-F0-L2	train_nested_oof	expanded	45.0	24	1	1	16	1	15	0	0	6.716666666666667	0.0625	1.0	0.11764705882352941	2.2332506203473943
P2	P2-F0-L2	train_nested_oof	expanded	45.0	29	1	2	5	2	3	0	0	7.458333333333333	0.4	1.0	0.5714285714285714	0.4022346368715084
P2	P2-F0-L2	train_nested_oof	expanded	45.0	31	1	3	1	0	1	3	0	7.633333333333334	0.0	0.0	0.0	0.13100436681222707
P2	P2-F0-L2	train_nested_oof	expanded	45.0	32	1	6	22	6	16	0	0	7.641666666666667	0.2727272727272727	1.0	0.42857142857142855	2.093784078516903
P2	P2-F0-L2	train_nested_oof	expanded	45.0	33	1	2	13	2	11	0	0	7.041666666666667	0.15384615384615385	1.0	0.26666666666666666	1.5621301775147929
P2	P2-F0-L2	train_nested_oof	expanded	45.0	34	1	1	3	1	2	0	0	8.3	0.3333333333333333	1.0	0.5	0.24096385542168672
P2	P2-F0-L2	train_nested_oof	expanded	45.0	35	1	2	1	0	1	2	0	7.225	0.0	0.0	0.0	0.1384083044982699
P2	P2-F0-L2	train_nested_oof	expanded	45.0	36	1	3	14	1	13	2	0	9.225	0.07142857142857142	0.3333333333333333	0.11764705882352941	1.4092140921409215
P2	P2-F0-L2	train_nested_oof	expanded	45.0	38	1	1	4	0	4	1	0	6.858333333333333	0.0	0.0	0.0	0.583232077764277
P2	P2-F0-L2	train_nested_oof	expanded	45.0	39	1	2	3	0	3	2	0	8.016666666666667	0.0	0.0	0.0	0.3742203742203742
P2	P2-F0-L2	train_nested_oof	expanded	45.0	42	1	2	13	1	11	1	1	8.925	0.08333333333333333	0.5	0.14285714285714285	1.2324929971988794
P2	P2-F0-L2	train_nested_oof	expanded	45.0	43	1	2	1	1	0	1	0	7.275	1.0	0.5	0.6666666666666666	0.0
P2	P2-F0-L2	train_nested_oof	expanded	45.0	45	1	0	3	0	3	0	0	6.775	0.0		0.0	0.44280442804428044
P2	P2-F0-L2	train_nested_oof	expanded	45.0	46	1	8	5	2	3	6	0	7.483333333333333	0.4	0.25	0.3076923076923077	0.40089086859688194
P2	P2-F0-L2	train_nested_oof	expanded	45.0	50	1	1	5	0	5	1	0	7.375	0.0	0.0	0.0	0.6779661016949152
P2	P2-F0-L2	train_nested_oof	expanded	45.0	51	1	1	1	0	1	1	0	8.416666666666666	0.0	0.0	0.0	0.11881188118811882
P2	P2-F0-L2	train_nested_oof	expanded	45.0	53	1	0	2	0	2	0	0	7.808333333333334	0.0		0.0	0.256136606189968
P2	P2-F0-L2	train_nested_oof	expanded	45.0	54	1	2	7	2	5	0	0	7.916666666666667	0.2857142857142857	1.0	0.4444444444444444	0.631578947368421
P2	P2-F0-L2	train_nested_oof	expanded	45.0	58	1	5	0	0	0	5	0	8.45		0.0	0.0	0.0
P2	P2-F0-L2	train_nested_oof	expanded	45.0	59	1	3	11	2	9	1	0	8.175	0.18181818181818182	0.6666666666666666	0.2857142857142857	1.1009174311926604
P2	P2-F0-L2	train_nested_oof	expanded	45.0	60	1	3	2	1	1	2	0	7.258333333333334	0.5	0.3333333333333333	0.4	0.1377726750861079
P2	P2-F0-L2	train_nested_oof	expanded	45.0	61	1	2	4	2	2	0	0	8.316666666666666	0.5	1.0	0.6666666666666666	0.2404809619238477
P2	P2-F0-L2	train_nested_oof	expanded	45.0	62	1	6	4	2	2	4	0	8.133333333333333	0.5	0.3333333333333333	0.4	0.24590163934426232
P2	P2-F0-L2	train_nested_oof	expanded	45.0	63	1	4	33	2	31	2	0	8.033333333333333	0.06060606060606061	0.5	0.10810810810810811	3.858921161825726
P2	P2-F0-L2	train_nested_oof	expanded	45.0	65	1	7	28	5	23	2	0	7.45	0.17857142857142858	0.7142857142857143	0.2857142857142857	3.087248322147651
P2	P2-F0-L2	train_nested_oof	expanded	45.0	66	1	0	1	0	1	0	0	8.708333333333334	0.0		0.0	0.11483253588516745
P2	P2-F0-L2	train_nested_oof	expanded	45.0	67	1	5	10	4	6	1	0	8.241666666666667	0.4	0.8	0.5333333333333333	0.7280080889787663
P2	P2-F0-L2	train_nested_oof	expanded	45.0	68	1	5	2	0	2	5	0	7.733333333333333	0.0	0.0	0.0	0.25862068965517243
P2	P2-F0-L2	train_nested_oof	expanded	45.0	71	1	0	9	0	9	0	0	7.091666666666667	0.0		0.0	1.2690951821386605
P2	P2-F0-L2	train_nested_oof	expanded	45.0	72	1	2	3	1	2	1	0	6.933333333333334	0.3333333333333333	0.5	0.4	0.28846153846153844
P2	P2-F0-L2	train_nested_oof	expanded	45.0	75	1	1	15	1	14	0	0	7.875	0.06666666666666667	1.0	0.125	1.7777777777777777
P2	P2-F0-L2	train_nested_oof	expanded	45.0	76	1	2	33	2	31	0	0	8.058333333333334	0.06060606060606061	1.0	0.11428571428571428	3.8469493278179936
P2	P2-F0-L2	train_nested_oof	expanded	45.0	78	2	10	23	6	17	4	0	16.241666666666667	0.2608695652173913	0.6	0.36363636363636365	1.0466906105695228
P2	P2-F0-L2	train_nested_oof	expanded	45.0	79	2	10	21	7	14	3	0	16.35	0.3333333333333333	0.7	0.45161290322580644	0.856269113149847
P2	P2-F0-L2	train_nested_oof	expanded	45.0	80	2	2	5	1	4	1	0	15.274999999999999	0.2	0.5	0.2857142857142857	0.2618657937806874
P2	P2-F0-L2	train_nested_oof	expanded	45.0	81	2	2	20	1	19	1	0	14.666666666666668	0.05	0.5	0.09090909090909091	1.2954545454545454
P2	P2-F0-L2	train_nested_oof	expanded	45.0	82	2	4	7	3	4	1	0	16.066666666666666	0.42857142857142855	0.75	0.5454545454545454	0.24896265560165975
P2	P2-F0-L2	train_nested_oof	expanded	45.0	84	3	20	28	14	14	6	0	22.03333333333333	0.5	0.7	0.5833333333333334	0.6354009077155826
P2	P2-F0-L2	train_nested_oof	expanded	45.0	85	1	1	2	0	2	1	0	7.383333333333334	0.0	0.0	0.0	0.27088036117381487
P2	P2-F0-L2	train_nested_oof	expanded	45.0	87	3	1	7	0	7	1	0	20.333333333333336	0.0	0.0	0.0	0.34426229508196715
P2	P2-F0-L2	train_nested_oof	expanded	45.0	91	2	0	2	0	2	0	0	16.46666666666667	0.0		0.0	0.12145748987854249
P2	P2-F0-L2	train_nested_oof	expanded	45.0	92	2	20	3	1	2	19	0	16.325000000000003	0.3333333333333333	0.05	0.08695652173913043	0.12251148545176108
P2	P2-F0-L2	train_nested_oof	expanded	45.0	93	2	3	20	0	20	3	0	17.008333333333333	0.0	0.0	0.0	1.175894169524743
P2	P2-F0-L2	train_nested_oof	expanded	45.0	94	1	3	6	2	4	1	0	6.891666666666667	0.3333333333333333	0.6666666666666666	0.4444444444444444	0.5804111245465539
P2	P2-F0-L2	train_nested_oof	expanded	45.0	95	1	0	0	0	0	0	0	7.025				0.0
P2	P2-F0-L2	train_nested_oof	expanded	45.0	96	3	14	19	2	17	12	0	22.8	0.10526315789473684	0.14285714285714285	0.12121212121212122	0.7456140350877193
P2	P2-F0-L2	train_nested_oof	expanded	45.0	98	3	8	17	3	14	5	0	20.616666666666667	0.17647058823529413	0.375	0.24	0.6790622473726758
P2	P2-F0-L2	train_nested_oof	expanded	45.0	99	3	7	4	2	2	5	0	21.2	0.5	0.2857142857142857	0.36363636363636365	0.09433962264150944
P2	P2-F0-L2	train_nested_oof	expanded	45.0	100	1	1	3	0	3	1	0	7.383333333333334	0.0	0.0	0.0	0.4063205417607223
P2	P2-F0-L2	train_nested_oof	expanded	45.0	101	1	0	2	0	2	0	0	7.241666666666666	0.0		0.0	0.27617951668584584
P2	P2-F0-L2	train_nested_oof	expanded	45.0	104	1	3	10	2	8	1	0	8.008333333333333	0.2	0.6666666666666666	0.3076923076923077	0.9989594172736733
P2	P2-F0-L2	train_nested_oof	expanded	45.0	108	1	1	31	1	30	0	0	6.716666666666667	0.03225806451612903	1.0	0.0625	4.466501240694789
P2	P2-F1-L2	train_nested_oof	primary	15.0	1	1	4	8	2	5	2	1	8.25	0.2857142857142857	0.5	0.36363636363636365	0.6060606060606061
P2	P2-F1-L2	train_nested_oof	primary	15.0	6	1	0	5	0	5	0	0	3.35	0.0		0.0	1.4925373134328357
P2	P2-F1-L2	train_nested_oof	primary	15.0	8	1	0	2	0	0	0	2	8.083333333333334				0.0
P2	P2-F1-L2	train_nested_oof	primary	15.0	9	1	3	4	1	3	2	0	8.725	0.25	0.3333333333333333	0.2857142857142857	0.34383954154727797
P2	P2-F1-L2	train_nested_oof	primary	15.0	10	1	3	6	1	5	2	0	8.991666666666667	0.16666666666666666	0.3333333333333333	0.2222222222222222	0.5560704355885079
P2	P2-F1-L2	train_nested_oof	primary	15.0	11	1	6	3	0	3	6	0	8.408333333333333	0.0	0.0	0.0	0.35678889990089196
P2	P2-F1-L2	train_nested_oof	primary	15.0	13	1	2	3	1	2	1	0	8.675	0.3333333333333333	0.5	0.4	0.23054755043227665
P2	P2-F1-L2	train_nested_oof	primary	15.0	14	1	1	4	0	4	1	0	8.558333333333334	0.0	0.0	0.0	0.4673807205452775
P2	P2-F1-L2	train_nested_oof	primary	15.0	16	1	2	4	1	3	1	0	7.716666666666667	0.25	0.5	0.3333333333333333	0.38876889848812096
P2	P2-F1-L2	train_nested_oof	primary	15.0	19	1	3	11	3	8	0	0	7.875	0.2727272727272727	1.0	0.42857142857142855	1.0158730158730158
P2	P2-F1-L2	train_nested_oof	primary	15.0	20	1	1	2	0	2	1	0	7.1	0.0	0.0	0.0	0.28169014084507044
P2	P2-F1-L2	train_nested_oof	primary	15.0	21	1	0	1	0	0	0	1	9.175				0.0
P2	P2-F1-L2	train_nested_oof	primary	15.0	24	1	1	9	1	8	0	0	6.716666666666667	0.1111111111111111	1.0	0.2	1.1910669975186103
P2	P2-F1-L2	train_nested_oof	primary	15.0	29	1	2	4	1	3	1	0	7.458333333333333	0.25	0.5	0.3333333333333333	0.4022346368715084
P2	P2-F1-L2	train_nested_oof	primary	15.0	31	1	3	3	2	1	1	0	7.633333333333334	0.6666666666666666	0.6666666666666666	0.6666666666666666	0.13100436681222707
P2	P2-F1-L2	train_nested_oof	primary	15.0	32	1	5	13	3	9	2	1	7.641666666666667	0.25	0.6	0.35294117647058826	1.1777535441657578
P2	P2-F1-L2	train_nested_oof	primary	15.0	33	1	2	7	2	5	0	0	7.041666666666667	0.2857142857142857	1.0	0.4444444444444444	0.7100591715976331
P2	P2-F1-L2	train_nested_oof	primary	15.0	34	1	0	2	0	1	0	1	8.3	0.0		0.0	0.12048192771084336
P2	P2-F1-L2	train_nested_oof	primary	15.0	35	1	2	1	0	1	2	0	7.225	0.0	0.0	0.0	0.1384083044982699
P2	P2-F1-L2	train_nested_oof	primary	15.0	36	1	3	4	0	4	3	0	9.225	0.0	0.0	0.0	0.43360433604336046
P2	P2-F1-L2	train_nested_oof	primary	15.0	38	1	1	5	1	4	0	0	6.858333333333333	0.2	1.0	0.3333333333333333	0.583232077764277
P2	P2-F1-L2	train_nested_oof	primary	15.0	39	1	2	3	0	3	2	0	8.016666666666667	0.0	0.0	0.0	0.3742203742203742
P2	P2-F1-L2	train_nested_oof	primary	15.0	42	1	0	15	0	13	0	2	8.925	0.0		0.0	1.4565826330532212
P2	P2-F1-L2	train_nested_oof	primary	15.0	43	1	2	1	0	1	2	0	7.275	0.0	0.0	0.0	0.1374570446735395
P2	P2-F1-L2	train_nested_oof	primary	15.0	45	1	0	2	0	2	0	0	6.775	0.0		0.0	0.2952029520295203
P2	P2-F1-L2	train_nested_oof	primary	15.0	46	1	5	19	5	13	0	1	7.483333333333333	0.2777777777777778	1.0	0.43478260869565216	1.7371937639198218
P2	P2-F1-L2	train_nested_oof	primary	15.0	50	1	1	3	1	2	0	0	7.375	0.3333333333333333	1.0	0.5	0.2711864406779661
P2	P2-F1-L2	train_nested_oof	primary	15.0	51	1	1	4	0	4	1	0	8.416666666666666	0.0	0.0	0.0	0.4752475247524753
P2	P2-F1-L2	train_nested_oof	primary	15.0	53	1	0	2	0	2	0	0	7.808333333333334	0.0		0.0	0.256136606189968
P2	P2-F1-L2	train_nested_oof	primary	15.0	54	1	1	4	0	3	1	1	7.916666666666667	0.0	0.0	0.0	0.37894736842105264
P2	P2-F1-L2	train_nested_oof	primary	15.0	58	1	5	0	0	0	5	0	8.45		0.0	0.0	0.0
P2	P2-F1-L2	train_nested_oof	primary	15.0	59	1	3	9	2	7	1	0	8.175	0.2222222222222222	0.6666666666666666	0.3333333333333333	0.856269113149847
P2	P2-F1-L2	train_nested_oof	primary	15.0	60	1	3	4	0	4	3	0	7.258333333333334	0.0	0.0	0.0	0.5510907003444316
P2	P2-F1-L2	train_nested_oof	primary	15.0	61	1	0	4	0	3	0	1	8.316666666666666	0.0		0.0	0.36072144288577157
P2	P2-F1-L2	train_nested_oof	primary	15.0	62	1	4	8	3	5	1	0	8.133333333333333	0.375	0.75	0.5	0.6147540983606558
P2	P2-F1-L2	train_nested_oof	primary	15.0	63	1	4	23	1	22	3	0	8.033333333333333	0.043478260869565216	0.25	0.07407407407407407	2.7385892116182573
P2	P2-F1-L2	train_nested_oof	primary	15.0	65	1	7	9	3	6	4	0	7.45	0.3333333333333333	0.42857142857142855	0.375	0.8053691275167785
P2	P2-F1-L2	train_nested_oof	primary	15.0	66	1	0	8	0	8	0	0	8.708333333333334	0.0		0.0	0.9186602870813396
P2	P2-F1-L2	train_nested_oof	primary	15.0	67	1	4	3	1	1	3	1	8.241666666666667	0.5	0.25	0.3333333333333333	0.12133468149646107
P2	P2-F1-L2	train_nested_oof	primary	15.0	68	1	5	5	2	3	3	0	7.733333333333333	0.4	0.4	0.4	0.3879310344827586
P2	P2-F1-L2	train_nested_oof	primary	15.0	71	1	0	6	0	6	0	0	7.091666666666667	0.0		0.0	0.8460634547591069
P2	P2-F1-L2	train_nested_oof	primary	15.0	72	1	1	0	0	0	1	0	6.933333333333334		0.0	0.0	0.0
P2	P2-F1-L2	train_nested_oof	primary	15.0	75	1	1	6	1	5	0	0	7.875	0.16666666666666666	1.0	0.2857142857142857	0.6349206349206349
P2	P2-F1-L2	train_nested_oof	primary	15.0	76	1	1	29	1	27	0	1	8.058333333333334	0.03571428571428571	1.0	0.06896551724137931	3.3505687693898656
P2	P2-F1-L2	train_nested_oof	primary	15.0	78	2	7	14	4	9	3	1	16.241666666666667	0.3076923076923077	0.5714285714285714	0.4	0.5541303232426885
P2	P2-F1-L2	train_nested_oof	primary	15.0	79	2	4	14	4	7	0	3	16.35	0.36363636363636365	1.0	0.5333333333333333	0.4281345565749235
P2	P2-F1-L2	train_nested_oof	primary	15.0	80	2	2	12	2	10	0	0	15.274999999999999	0.16666666666666666	1.0	0.2857142857142857	0.6546644844517185
P2	P2-F1-L2	train_nested_oof	primary	15.0	81	2	1	11	1	9	0	1	14.666666666666668	0.1	1.0	0.18181818181818182	0.6136363636363635
P2	P2-F1-L2	train_nested_oof	primary	15.0	82	2	4	9	2	7	2	0	16.066666666666666	0.2222222222222222	0.5	0.3076923076923077	0.43568464730290457
P2	P2-F1-L2	train_nested_oof	primary	15.0	84	3	20	27	8	19	12	0	22.03333333333333	0.2962962962962963	0.4	0.3404255319148936	0.8623298033282906
P2	P2-F1-L2	train_nested_oof	primary	15.0	85	1	0	4	0	4	0	0	7.383333333333334	0.0		0.0	0.5417607223476297
P2	P2-F1-L2	train_nested_oof	primary	15.0	87	3	0	2	0	2	0	0	20.333333333333336	0.0		0.0	0.0983606557377049
P2	P2-F1-L2	train_nested_oof	primary	15.0	91	2	0	7	0	7	0	0	16.46666666666667	0.0		0.0	0.42510121457489874
P2	P2-F1-L2	train_nested_oof	primary	15.0	92	2	19	10	1	9	18	0	16.325000000000003	0.1	0.05263157894736842	0.06896551724137931	0.5513016845329248
P2	P2-F1-L2	train_nested_oof	primary	15.0	93	2	0	9	0	9	0	0	17.008333333333333	0.0		0.0	0.5291523762861342
P2	P2-F1-L2	train_nested_oof	primary	15.0	94	1	2	9	1	8	1	0	6.891666666666667	0.1111111111111111	0.5	0.18181818181818182	1.1608222490931077
P2	P2-F1-L2	train_nested_oof	primary	15.0	95	1	0	0	0	0	0	0	7.025				0.0
P2	P2-F1-L2	train_nested_oof	primary	15.0	96	3	10	10	1	9	9	0	22.8	0.1	0.1	0.1	0.39473684210526316
P2	P2-F1-L2	train_nested_oof	primary	15.0	98	3	6	13	2	11	4	0	20.616666666666667	0.15384615384615385	0.3333333333333333	0.21052631578947367	0.5335489086499595
P2	P2-F1-L2	train_nested_oof	primary	15.0	99	3	7	9	3	6	4	0	21.2	0.3333333333333333	0.42857142857142855	0.375	0.2830188679245283
P2	P2-F1-L2	train_nested_oof	primary	15.0	100	1	0	0	0	0	0	0	7.383333333333334				0.0
P2	P2-F1-L2	train_nested_oof	primary	15.0	101	1	0	2	0	2	0	0	7.241666666666666	0.0		0.0	0.27617951668584584
P2	P2-F1-L2	train_nested_oof	primary	15.0	104	1	3	4	1	3	2	0	8.008333333333333	0.25	0.3333333333333333	0.2857142857142857	0.37460978147762747
P2	P2-F1-L2	train_nested_oof	primary	15.0	108	1	1	24	0	24	1	0	6.716666666666667	0.0	0.0	0.0	3.5732009925558312
P2	P2-F1-L2	train_nested_oof	primary	45.0	1	1	4	8	2	5	2	1	8.25	0.2857142857142857	0.5	0.36363636363636365	0.6060606060606061
P2	P2-F1-L2	train_nested_oof	primary	45.0	6	1	0	5	0	5	0	0	3.35	0.0		0.0	1.4925373134328357
P2	P2-F1-L2	train_nested_oof	primary	45.0	8	1	0	2	0	0	0	2	8.083333333333334				0.0
P2	P2-F1-L2	train_nested_oof	primary	45.0	9	1	3	4	1	3	2	0	8.725	0.25	0.3333333333333333	0.2857142857142857	0.34383954154727797
P2	P2-F1-L2	train_nested_oof	primary	45.0	10	1	3	6	1	5	2	0	8.991666666666667	0.16666666666666666	0.3333333333333333	0.2222222222222222	0.5560704355885079
P2	P2-F1-L2	train_nested_oof	primary	45.0	11	1	6	3	0	3	6	0	8.408333333333333	0.0	0.0	0.0	0.35678889990089196
P2	P2-F1-L2	train_nested_oof	primary	45.0	13	1	2	3	1	2	1	0	8.675	0.3333333333333333	0.5	0.4	0.23054755043227665
P2	P2-F1-L2	train_nested_oof	primary	45.0	14	1	1	4	0	4	1	0	8.558333333333334	0.0	0.0	0.0	0.4673807205452775
P2	P2-F1-L2	train_nested_oof	primary	45.0	16	1	2	4	1	3	1	0	7.716666666666667	0.25	0.5	0.3333333333333333	0.38876889848812096
P2	P2-F1-L2	train_nested_oof	primary	45.0	19	1	3	11	3	8	0	0	7.875	0.2727272727272727	1.0	0.42857142857142855	1.0158730158730158
P2	P2-F1-L2	train_nested_oof	primary	45.0	20	1	1	2	0	2	1	0	7.1	0.0	0.0	0.0	0.28169014084507044
P2	P2-F1-L2	train_nested_oof	primary	45.0	21	1	0	1	0	0	0	1	9.175				0.0
P2	P2-F1-L2	train_nested_oof	primary	45.0	24	1	1	9	1	8	0	0	6.716666666666667	0.1111111111111111	1.0	0.2	1.1910669975186103
P2	P2-F1-L2	train_nested_oof	primary	45.0	29	1	2	4	2	2	0	0	7.458333333333333	0.5	1.0	0.6666666666666666	0.2681564245810056
P2	P2-F1-L2	train_nested_oof	primary	45.0	31	1	3	3	2	1	1	0	7.633333333333334	0.6666666666666666	0.6666666666666666	0.6666666666666666	0.13100436681222707
P2	P2-F1-L2	train_nested_oof	primary	45.0	32	1	5	13	4	8	1	1	7.641666666666667	0.3333333333333333	0.8	0.47058823529411764	1.0468920392584515
P2	P2-F1-L2	train_nested_oof	primary	45.0	33	1	2	7	2	5	0	0	7.041666666666667	0.2857142857142857	1.0	0.4444444444444444	0.7100591715976331
P2	P2-F1-L2	train_nested_oof	primary	45.0	34	1	0	2	0	1	0	1	8.3	0.0		0.0	0.12048192771084336
P2	P2-F1-L2	train_nested_oof	primary	45.0	35	1	2	1	0	1	2	0	7.225	0.0	0.0	0.0	0.1384083044982699
P2	P2-F1-L2	train_nested_oof	primary	45.0	36	1	3	4	0	4	3	0	9.225	0.0	0.0	0.0	0.43360433604336046
P2	P2-F1-L2	train_nested_oof	primary	45.0	38	1	1	5	1	4	0	0	6.858333333333333	0.2	1.0	0.3333333333333333	0.583232077764277
P2	P2-F1-L2	train_nested_oof	primary	45.0	39	1	2	3	0	3	2	0	8.016666666666667	0.0	0.0	0.0	0.3742203742203742
P2	P2-F1-L2	train_nested_oof	primary	45.0	42	1	0	15	0	12	0	3	8.925	0.0		0.0	1.3445378151260503
P2	P2-F1-L2	train_nested_oof	primary	45.0	43	1	2	1	0	1	2	0	7.275	0.0	0.0	0.0	0.1374570446735395
P2	P2-F1-L2	train_nested_oof	primary	45.0	45	1	0	2	0	2	0	0	6.775	0.0		0.0	0.2952029520295203
P2	P2-F1-L2	train_nested_oof	primary	45.0	46	1	5	19	5	12	0	2	7.483333333333333	0.29411764705882354	1.0	0.45454545454545453	1.6035634743875278
P2	P2-F1-L2	train_nested_oof	primary	45.0	50	1	1	3	1	2	0	0	7.375	0.3333333333333333	1.0	0.5	0.2711864406779661
P2	P2-F1-L2	train_nested_oof	primary	45.0	51	1	1	4	0	4	1	0	8.416666666666666	0.0	0.0	0.0	0.4752475247524753
P2	P2-F1-L2	train_nested_oof	primary	45.0	53	1	0	2	0	2	0	0	7.808333333333334	0.0		0.0	0.256136606189968
P2	P2-F1-L2	train_nested_oof	primary	45.0	54	1	1	4	0	3	1	1	7.916666666666667	0.0	0.0	0.0	0.37894736842105264
P2	P2-F1-L2	train_nested_oof	primary	45.0	58	1	5	0	0	0	5	0	8.45		0.0	0.0	0.0
P2	P2-F1-L2	train_nested_oof	primary	45.0	59	1	3	9	2	7	1	0	8.175	0.2222222222222222	0.6666666666666666	0.3333333333333333	0.856269113149847
P2	P2-F1-L2	train_nested_oof	primary	45.0	60	1	3	4	1	3	2	0	7.258333333333334	0.25	0.3333333333333333	0.2857142857142857	0.41331802525832373
P2	P2-F1-L2	train_nested_oof	primary	45.0	61	1	0	4	0	2	0	2	8.316666666666666	0.0		0.0	0.2404809619238477
P2	P2-F1-L2	train_nested_oof	primary	45.0	62	1	4	8	3	3	1	2	8.133333333333333	0.5	0.75	0.6	0.36885245901639346
P2	P2-F1-L2	train_nested_oof	primary	45.0	63	1	4	23	1	22	3	0	8.033333333333333	0.043478260869565216	0.25	0.07407407407407407	2.7385892116182573
P2	P2-F1-L2	train_nested_oof	primary	45.0	65	1	7	9	3	6	4	0	7.45	0.3333333333333333	0.42857142857142855	0.375	0.8053691275167785
P2	P2-F1-L2	train_nested_oof	primary	45.0	66	1	0	8	0	8	0	0	8.708333333333334	0.0		0.0	0.9186602870813396
P2	P2-F1-L2	train_nested_oof	primary	45.0	67	1	4	3	1	1	3	1	8.241666666666667	0.5	0.25	0.3333333333333333	0.12133468149646107
P2	P2-F1-L2	train_nested_oof	primary	45.0	68	1	5	5	2	3	3	0	7.733333333333333	0.4	0.4	0.4	0.3879310344827586
P2	P2-F1-L2	train_nested_oof	primary	45.0	71	1	0	6	0	6	0	0	7.091666666666667	0.0		0.0	0.8460634547591069
P2	P2-F1-L2	train_nested_oof	primary	45.0	72	1	1	0	0	0	1	0	6.933333333333334		0.0	0.0	0.0
P2	P2-F1-L2	train_nested_oof	primary	45.0	75	1	1	6	1	5	0	0	7.875	0.16666666666666666	1.0	0.2857142857142857	0.6349206349206349
P2	P2-F1-L2	train_nested_oof	primary	45.0	76	1	1	29	1	27	0	1	8.058333333333334	0.03571428571428571	1.0	0.06896551724137931	3.3505687693898656
P2	P2-F1-L2	train_nested_oof	primary	45.0	78	2	7	14	4	9	3	1	16.241666666666667	0.3076923076923077	0.5714285714285714	0.4	0.5541303232426885
P2	P2-F1-L2	train_nested_oof	primary	45.0	79	2	4	14	4	7	0	3	16.35	0.36363636363636365	1.0	0.5333333333333333	0.4281345565749235
P2	P2-F1-L2	train_nested_oof	primary	45.0	80	2	2	12	2	10	0	0	15.274999999999999	0.16666666666666666	1.0	0.2857142857142857	0.6546644844517185
P2	P2-F1-L2	train_nested_oof	primary	45.0	81	2	1	11	1	9	0	1	14.666666666666668	0.1	1.0	0.18181818181818182	0.6136363636363635
P2	P2-F1-L2	train_nested_oof	primary	45.0	82	2	4	9	2	7	2	0	16.066666666666666	0.2222222222222222	0.5	0.3076923076923077	0.43568464730290457
P2	P2-F1-L2	train_nested_oof	primary	45.0	84	3	20	27	10	17	10	0	22.03333333333333	0.37037037037037035	0.5	0.425531914893617	0.7715582450832074
P2	P2-F1-L2	train_nested_oof	primary	45.0	85	1	0	4	0	3	0	1	7.383333333333334	0.0		0.0	0.4063205417607223
P2	P2-F1-L2	train_nested_oof	primary	45.0	87	3	0	2	0	2	0	0	20.333333333333336	0.0		0.0	0.0983606557377049
P2	P2-F1-L2	train_nested_oof	primary	45.0	91	2	0	7	0	7	0	0	16.46666666666667	0.0		0.0	0.42510121457489874
P2	P2-F1-L2	train_nested_oof	primary	45.0	92	2	19	10	3	7	16	0	16.325000000000003	0.3	0.15789473684210525	0.20689655172413793	0.4287901990811638
P2	P2-F1-L2	train_nested_oof	primary	45.0	93	2	0	9	0	9	0	0	17.008333333333333	0.0		0.0	0.5291523762861342
P2	P2-F1-L2	train_nested_oof	primary	45.0	94	1	2	9	1	8	1	0	6.891666666666667	0.1111111111111111	0.5	0.18181818181818182	1.1608222490931077
P2	P2-F1-L2	train_nested_oof	primary	45.0	95	1	0	0	0	0	0	0	7.025				0.0
P2	P2-F1-L2	train_nested_oof	primary	45.0	96	3	10	10	1	9	9	0	22.8	0.1	0.1	0.1	0.39473684210526316
P2	P2-F1-L2	train_nested_oof	primary	45.0	98	3	6	13	2	11	4	0	20.616666666666667	0.15384615384615385	0.3333333333333333	0.21052631578947367	0.5335489086499595
P2	P2-F1-L2	train_nested_oof	primary	45.0	99	3	7	9	3	6	4	0	21.2	0.3333333333333333	0.42857142857142855	0.375	0.2830188679245283
P2	P2-F1-L2	train_nested_oof	primary	45.0	100	1	0	0	0	0	0	0	7.383333333333334				0.0
P2	P2-F1-L2	train_nested_oof	primary	45.0	101	1	0	2	0	2	0	0	7.241666666666666	0.0		0.0	0.27617951668584584
P2	P2-F1-L2	train_nested_oof	primary	45.0	104	1	3	4	1	3	2	0	8.008333333333333	0.25	0.3333333333333333	0.2857142857142857	0.37460978147762747
P2	P2-F1-L2	train_nested_oof	primary	45.0	108	1	1	24	1	23	0	0	6.716666666666667	0.041666666666666664	1.0	0.08	3.424317617866005
P2	P2-F1-L2	train_nested_oof	expanded	15.0	1	1	5	8	3	5	2	0	8.25	0.375	0.6	0.46153846153846156	0.6060606060606061
P2	P2-F1-L2	train_nested_oof	expanded	15.0	6	1	0	5	0	5	0	0	3.35	0.0		0.0	1.4925373134328357
P2	P2-F1-L2	train_nested_oof	expanded	15.0	8	1	2	2	2	0	0	0	8.083333333333334	1.0	1.0	1.0	0.0
P2	P2-F1-L2	train_nested_oof	expanded	15.0	9	1	3	4	1	3	2	0	8.725	0.25	0.3333333333333333	0.2857142857142857	0.34383954154727797
P2	P2-F1-L2	train_nested_oof	expanded	15.0	10	1	3	6	1	5	2	0	8.991666666666667	0.16666666666666666	0.3333333333333333	0.2222222222222222	0.5560704355885079
P2	P2-F1-L2	train_nested_oof	expanded	15.0	11	1	7	3	0	3	7	0	8.408333333333333	0.0	0.0	0.0	0.35678889990089196
P2	P2-F1-L2	train_nested_oof	expanded	15.0	13	1	2	3	1	2	1	0	8.675	0.3333333333333333	0.5	0.4	0.23054755043227665
P2	P2-F1-L2	train_nested_oof	expanded	15.0	14	1	2	4	0	4	2	0	8.558333333333334	0.0	0.0	0.0	0.4673807205452775
P2	P2-F1-L2	train_nested_oof	expanded	15.0	16	1	2	4	1	3	1	0	7.716666666666667	0.25	0.5	0.3333333333333333	0.38876889848812096
P2	P2-F1-L2	train_nested_oof	expanded	15.0	19	1	3	11	3	8	0	0	7.875	0.2727272727272727	1.0	0.42857142857142855	1.0158730158730158
P2	P2-F1-L2	train_nested_oof	expanded	15.0	20	1	1	2	0	2	1	0	7.1	0.0	0.0	0.0	0.28169014084507044
P2	P2-F1-L2	train_nested_oof	expanded	15.0	21	1	3	1	1	0	2	0	9.175	1.0	0.3333333333333333	0.5	0.0
P2	P2-F1-L2	train_nested_oof	expanded	15.0	24	1	1	9	1	8	0	0	6.716666666666667	0.1111111111111111	1.0	0.2	1.1910669975186103
P2	P2-F1-L2	train_nested_oof	expanded	15.0	29	1	2	4	1	3	1	0	7.458333333333333	0.25	0.5	0.3333333333333333	0.4022346368715084
P2	P2-F1-L2	train_nested_oof	expanded	15.0	31	1	3	3	2	1	1	0	7.633333333333334	0.6666666666666666	0.6666666666666666	0.6666666666666666	0.13100436681222707
P2	P2-F1-L2	train_nested_oof	expanded	15.0	32	1	6	13	4	9	2	0	7.641666666666667	0.3076923076923077	0.6666666666666666	0.42105263157894735	1.1777535441657578
P2	P2-F1-L2	train_nested_oof	expanded	15.0	33	1	2	7	2	5	0	0	7.041666666666667	0.2857142857142857	1.0	0.4444444444444444	0.7100591715976331
P2	P2-F1-L2	train_nested_oof	expanded	15.0	34	1	1	2	1	1	0	0	8.3	0.5	1.0	0.6666666666666666	0.12048192771084336
P2	P2-F1-L2	train_nested_oof	expanded	15.0	35	1	2	1	0	1	2	0	7.225	0.0	0.0	0.0	0.1384083044982699
P2	P2-F1-L2	train_nested_oof	expanded	15.0	36	1	3	4	0	4	3	0	9.225	0.0	0.0	0.0	0.43360433604336046
P2	P2-F1-L2	train_nested_oof	expanded	15.0	38	1	1	5	1	4	0	0	6.858333333333333	0.2	1.0	0.3333333333333333	0.583232077764277
P2	P2-F1-L2	train_nested_oof	expanded	15.0	39	1	2	3	0	3	2	0	8.016666666666667	0.0	0.0	0.0	0.3742203742203742
P2	P2-F1-L2	train_nested_oof	expanded	15.0	42	1	2	15	1	13	1	1	8.925	0.07142857142857142	0.5	0.125	1.4565826330532212
P2	P2-F1-L2	train_nested_oof	expanded	15.0	43	1	2	1	0	1	2	0	7.275	0.0	0.0	0.0	0.1374570446735395
P2	P2-F1-L2	train_nested_oof	expanded	15.0	45	1	0	2	0	2	0	0	6.775	0.0		0.0	0.2952029520295203
P2	P2-F1-L2	train_nested_oof	expanded	15.0	46	1	8	19	6	13	2	0	7.483333333333333	0.3157894736842105	0.75	0.4444444444444444	1.7371937639198218
P2	P2-F1-L2	train_nested_oof	expanded	15.0	50	1	1	3	1	2	0	0	7.375	0.3333333333333333	1.0	0.5	0.2711864406779661
P2	P2-F1-L2	train_nested_oof	expanded	15.0	51	1	1	4	0	4	1	0	8.416666666666666	0.0	0.0	0.0	0.4752475247524753
P2	P2-F1-L2	train_nested_oof	expanded	15.0	53	1	0	2	0	2	0	0	7.808333333333334	0.0		0.0	0.256136606189968
P2	P2-F1-L2	train_nested_oof	expanded	15.0	54	1	2	4	1	3	1	0	7.916666666666667	0.25	0.5	0.3333333333333333	0.37894736842105264
P2	P2-F1-L2	train_nested_oof	expanded	15.0	58	1	5	0	0	0	5	0	8.45		0.0	0.0	0.0
P2	P2-F1-L2	train_nested_oof	expanded	15.0	59	1	3	9	2	7	1	0	8.175	0.2222222222222222	0.6666666666666666	0.3333333333333333	0.856269113149847
P2	P2-F1-L2	train_nested_oof	expanded	15.0	60	1	3	4	0	4	3	0	7.258333333333334	0.0	0.0	0.0	0.5510907003444316
P2	P2-F1-L2	train_nested_oof	expanded	15.0	61	1	2	4	1	3	1	0	8.316666666666666	0.25	0.5	0.3333333333333333	0.36072144288577157
P2	P2-F1-L2	train_nested_oof	expanded	15.0	62	1	6	8	3	5	3	0	8.133333333333333	0.375	0.5	0.42857142857142855	0.6147540983606558
P2	P2-F1-L2	train_nested_oof	expanded	15.0	63	1	4	23	1	22	3	0	8.033333333333333	0.043478260869565216	0.25	0.07407407407407407	2.7385892116182573
P2	P2-F1-L2	train_nested_oof	expanded	15.0	65	1	7	9	3	6	4	0	7.45	0.3333333333333333	0.42857142857142855	0.375	0.8053691275167785
P2	P2-F1-L2	train_nested_oof	expanded	15.0	66	1	0	8	0	8	0	0	8.708333333333334	0.0		0.0	0.9186602870813396
P2	P2-F1-L2	train_nested_oof	expanded	15.0	67	1	5	3	2	1	3	0	8.241666666666667	0.6666666666666666	0.4	0.5	0.12133468149646107
P2	P2-F1-L2	train_nested_oof	expanded	15.0	68	1	5	5	2	3	3	0	7.733333333333333	0.4	0.4	0.4	0.3879310344827586
P2	P2-F1-L2	train_nested_oof	expanded	15.0	71	1	0	6	0	6	0	0	7.091666666666667	0.0		0.0	0.8460634547591069
P2	P2-F1-L2	train_nested_oof	expanded	15.0	72	1	2	0	0	0	2	0	6.933333333333334		0.0	0.0	0.0
P2	P2-F1-L2	train_nested_oof	expanded	15.0	75	1	1	6	1	5	0	0	7.875	0.16666666666666666	1.0	0.2857142857142857	0.6349206349206349
P2	P2-F1-L2	train_nested_oof	expanded	15.0	76	1	2	29	2	27	0	0	8.058333333333334	0.06896551724137931	1.0	0.12903225806451613	3.3505687693898656
P2	P2-F1-L2	train_nested_oof	expanded	15.0	78	2	10	14	5	9	5	0	16.241666666666667	0.35714285714285715	0.5	0.4166666666666667	0.5541303232426885
P2	P2-F1-L2	train_nested_oof	expanded	15.0	79	2	10	14	7	7	3	0	16.35	0.5	0.7	0.5833333333333334	0.4281345565749235
P2	P2-F1-L2	train_nested_oof	expanded	15.0	80	2	2	12	2	10	0	0	15.274999999999999	0.16666666666666666	1.0	0.2857142857142857	0.6546644844517185
P2	P2-F1-L2	train_nested_oof	expanded	15.0	81	2	2	11	2	9	0	0	14.666666666666668	0.18181818181818182	1.0	0.3076923076923077	0.6136363636363635
P2	P2-F1-L2	train_nested_oof	expanded	15.0	82	2	4	9	2	7	2	0	16.066666666666666	0.2222222222222222	0.5	0.3076923076923077	0.43568464730290457
P2	P2-F1-L2	train_nested_oof	expanded	15.0	84	3	20	27	8	19	12	0	22.03333333333333	0.2962962962962963	0.4	0.3404255319148936	0.8623298033282906
P2	P2-F1-L2	train_nested_oof	expanded	15.0	85	1	1	4	0	4	1	0	7.383333333333334	0.0	0.0	0.0	0.5417607223476297
P2	P2-F1-L2	train_nested_oof	expanded	15.0	87	3	1	2	0	2	1	0	20.333333333333336	0.0	0.0	0.0	0.0983606557377049
P2	P2-F1-L2	train_nested_oof	expanded	15.0	91	2	0	7	0	7	0	0	16.46666666666667	0.0		0.0	0.42510121457489874
P2	P2-F1-L2	train_nested_oof	expanded	15.0	92	2	20	10	1	9	19	0	16.325000000000003	0.1	0.05	0.06666666666666667	0.5513016845329248
P2	P2-F1-L2	train_nested_oof	expanded	15.0	93	2	3	9	0	9	3	0	17.008333333333333	0.0	0.0	0.0	0.5291523762861342
P2	P2-F1-L2	train_nested_oof	expanded	15.0	94	1	3	9	1	8	2	0	6.891666666666667	0.1111111111111111	0.3333333333333333	0.16666666666666666	1.1608222490931077
P2	P2-F1-L2	train_nested_oof	expanded	15.0	95	1	0	0	0	0	0	0	7.025				0.0
P2	P2-F1-L2	train_nested_oof	expanded	15.0	96	3	14	10	1	9	13	0	22.8	0.1	0.07142857142857142	0.08333333333333333	0.39473684210526316
P2	P2-F1-L2	train_nested_oof	expanded	15.0	98	3	8	13	2	11	6	0	20.616666666666667	0.15384615384615385	0.25	0.19047619047619047	0.5335489086499595
P2	P2-F1-L2	train_nested_oof	expanded	15.0	99	3	7	9	3	6	4	0	21.2	0.3333333333333333	0.42857142857142855	0.375	0.2830188679245283
P2	P2-F1-L2	train_nested_oof	expanded	15.0	100	1	1	0	0	0	1	0	7.383333333333334		0.0	0.0	0.0
P2	P2-F1-L2	train_nested_oof	expanded	15.0	101	1	0	2	0	2	0	0	7.241666666666666	0.0		0.0	0.27617951668584584
P2	P2-F1-L2	train_nested_oof	expanded	15.0	104	1	3	4	1	3	2	0	8.008333333333333	0.25	0.3333333333333333	0.2857142857142857	0.37460978147762747
P2	P2-F1-L2	train_nested_oof	expanded	15.0	108	1	1	24	0	24	1	0	6.716666666666667	0.0	0.0	0.0	3.5732009925558312
P2	P2-F1-L2	train_nested_oof	expanded	45.0	1	1	5	8	3	5	2	0	8.25	0.375	0.6	0.46153846153846156	0.6060606060606061
P2	P2-F1-L2	train_nested_oof	expanded	45.0	6	1	0	5	0	5	0	0	3.35	0.0		0.0	1.4925373134328357
P2	P2-F1-L2	train_nested_oof	expanded	45.0	8	1	2	2	2	0	0	0	8.083333333333334	1.0	1.0	1.0	0.0
P2	P2-F1-L2	train_nested_oof	expanded	45.0	9	1	3	4	1	3	2	0	8.725	0.25	0.3333333333333333	0.2857142857142857	0.34383954154727797
P2	P2-F1-L2	train_nested_oof	expanded	45.0	10	1	3	6	1	5	2	0	8.991666666666667	0.16666666666666666	0.3333333333333333	0.2222222222222222	0.5560704355885079
P2	P2-F1-L2	train_nested_oof	expanded	45.0	11	1	7	3	0	3	7	0	8.408333333333333	0.0	0.0	0.0	0.35678889990089196
P2	P2-F1-L2	train_nested_oof	expanded	45.0	13	1	2	3	1	2	1	0	8.675	0.3333333333333333	0.5	0.4	0.23054755043227665
P2	P2-F1-L2	train_nested_oof	expanded	45.0	14	1	2	4	0	4	2	0	8.558333333333334	0.0	0.0	0.0	0.4673807205452775
P2	P2-F1-L2	train_nested_oof	expanded	45.0	16	1	2	4	1	3	1	0	7.716666666666667	0.25	0.5	0.3333333333333333	0.38876889848812096
P2	P2-F1-L2	train_nested_oof	expanded	45.0	19	1	3	11	3	8	0	0	7.875	0.2727272727272727	1.0	0.42857142857142855	1.0158730158730158
P2	P2-F1-L2	train_nested_oof	expanded	45.0	20	1	1	2	0	2	1	0	7.1	0.0	0.0	0.0	0.28169014084507044
P2	P2-F1-L2	train_nested_oof	expanded	45.0	21	1	3	1	1	0	2	0	9.175	1.0	0.3333333333333333	0.5	0.0
P2	P2-F1-L2	train_nested_oof	expanded	45.0	24	1	1	9	1	8	0	0	6.716666666666667	0.1111111111111111	1.0	0.2	1.1910669975186103
P2	P2-F1-L2	train_nested_oof	expanded	45.0	29	1	2	4	2	2	0	0	7.458333333333333	0.5	1.0	0.6666666666666666	0.2681564245810056
P2	P2-F1-L2	train_nested_oof	expanded	45.0	31	1	3	3	2	1	1	0	7.633333333333334	0.6666666666666666	0.6666666666666666	0.6666666666666666	0.13100436681222707
P2	P2-F1-L2	train_nested_oof	expanded	45.0	32	1	6	13	5	8	1	0	7.641666666666667	0.38461538461538464	0.8333333333333334	0.5263157894736842	1.0468920392584515
P2	P2-F1-L2	train_nested_oof	expanded	45.0	33	1	2	7	2	5	0	0	7.041666666666667	0.2857142857142857	1.0	0.4444444444444444	0.7100591715976331
P2	P2-F1-L2	train_nested_oof	expanded	45.0	34	1	1	2	1	1	0	0	8.3	0.5	1.0	0.6666666666666666	0.12048192771084336
P2	P2-F1-L2	train_nested_oof	expanded	45.0	35	1	2	1	0	1	2	0	7.225	0.0	0.0	0.0	0.1384083044982699
P2	P2-F1-L2	train_nested_oof	expanded	45.0	36	1	3	4	0	4	3	0	9.225	0.0	0.0	0.0	0.43360433604336046
P2	P2-F1-L2	train_nested_oof	expanded	45.0	38	1	1	5	1	4	0	0	6.858333333333333	0.2	1.0	0.3333333333333333	0.583232077764277
P2	P2-F1-L2	train_nested_oof	expanded	45.0	39	1	2	3	0	3	2	0	8.016666666666667	0.0	0.0	0.0	0.3742203742203742
P2	P2-F1-L2	train_nested_oof	expanded	45.0	42	1	2	15	2	12	0	1	8.925	0.14285714285714285	1.0	0.25	1.3445378151260503
P2	P2-F1-L2	train_nested_oof	expanded	45.0	43	1	2	1	0	1	2	0	7.275	0.0	0.0	0.0	0.1374570446735395
P2	P2-F1-L2	train_nested_oof	expanded	45.0	45	1	0	2	0	2	0	0	6.775	0.0		0.0	0.2952029520295203
P2	P2-F1-L2	train_nested_oof	expanded	45.0	46	1	8	19	7	12	1	0	7.483333333333333	0.3684210526315789	0.875	0.5185185185185185	1.6035634743875278
P2	P2-F1-L2	train_nested_oof	expanded	45.0	50	1	1	3	1	2	0	0	7.375	0.3333333333333333	1.0	0.5	0.2711864406779661
P2	P2-F1-L2	train_nested_oof	expanded	45.0	51	1	1	4	0	4	1	0	8.416666666666666	0.0	0.0	0.0	0.4752475247524753
P2	P2-F1-L2	train_nested_oof	expanded	45.0	53	1	0	2	0	2	0	0	7.808333333333334	0.0		0.0	0.256136606189968
P2	P2-F1-L2	train_nested_oof	expanded	45.0	54	1	2	4	1	3	1	0	7.916666666666667	0.25	0.5	0.3333333333333333	0.37894736842105264
P2	P2-F1-L2	train_nested_oof	expanded	45.0	58	1	5	0	0	0	5	0	8.45		0.0	0.0	0.0
P2	P2-F1-L2	train_nested_oof	expanded	45.0	59	1	3	9	2	7	1	0	8.175	0.2222222222222222	0.6666666666666666	0.3333333333333333	0.856269113149847
P2	P2-F1-L2	train_nested_oof	expanded	45.0	60	1	3	4	1	3	2	0	7.258333333333334	0.25	0.3333333333333333	0.2857142857142857	0.41331802525832373
P2	P2-F1-L2	train_nested_oof	expanded	45.0	61	1	2	4	2	2	0	0	8.316666666666666	0.5	1.0	0.6666666666666666	0.2404809619238477
P2	P2-F1-L2	train_nested_oof	expanded	45.0	62	1	6	8	5	3	1	0	8.133333333333333	0.625	0.8333333333333334	0.7142857142857143	0.36885245901639346
P2	P2-F1-L2	train_nested_oof	expanded	45.0	63	1	4	23	1	22	3	0	8.033333333333333	0.043478260869565216	0.25	0.07407407407407407	2.7385892116182573
P2	P2-F1-L2	train_nested_oof	expanded	45.0	65	1	7	9	3	6	4	0	7.45	0.3333333333333333	0.42857142857142855	0.375	0.8053691275167785
P2	P2-F1-L2	train_nested_oof	expanded	45.0	66	1	0	8	0	8	0	0	8.708333333333334	0.0		0.0	0.9186602870813396
P2	P2-F1-L2	train_nested_oof	expanded	45.0	67	1	5	3	2	1	3	0	8.241666666666667	0.6666666666666666	0.4	0.5	0.12133468149646107
P2	P2-F1-L2	train_nested_oof	expanded	45.0	68	1	5	5	2	3	3	0	7.733333333333333	0.4	0.4	0.4	0.3879310344827586
P2	P2-F1-L2	train_nested_oof	expanded	45.0	71	1	0	6	0	6	0	0	7.091666666666667	0.0		0.0	0.8460634547591069
P2	P2-F1-L2	train_nested_oof	expanded	45.0	72	1	2	0	0	0	2	0	6.933333333333334		0.0	0.0	0.0
P2	P2-F1-L2	train_nested_oof	expanded	45.0	75	1	1	6	1	5	0	0	7.875	0.16666666666666666	1.0	0.2857142857142857	0.6349206349206349
P2	P2-F1-L2	train_nested_oof	expanded	45.0	76	1	2	29	2	27	0	0	8.058333333333334	0.06896551724137931	1.0	0.12903225806451613	3.3505687693898656
P2	P2-F1-L2	train_nested_oof	expanded	45.0	78	2	10	14	5	9	5	0	16.241666666666667	0.35714285714285715	0.5	0.4166666666666667	0.5541303232426885
P2	P2-F1-L2	train_nested_oof	expanded	45.0	79	2	10	14	7	7	3	0	16.35	0.5	0.7	0.5833333333333334	0.4281345565749235
P2	P2-F1-L2	train_nested_oof	expanded	45.0	80	2	2	12	2	10	0	0	15.274999999999999	0.16666666666666666	1.0	0.2857142857142857	0.6546644844517185
P2	P2-F1-L2	train_nested_oof	expanded	45.0	81	2	2	11	2	9	0	0	14.666666666666668	0.18181818181818182	1.0	0.3076923076923077	0.6136363636363635
P2	P2-F1-L2	train_nested_oof	expanded	45.0	82	2	4	9	2	7	2	0	16.066666666666666	0.2222222222222222	0.5	0.3076923076923077	0.43568464730290457
P2	P2-F1-L2	train_nested_oof	expanded	45.0	84	3	20	27	10	17	10	0	22.03333333333333	0.37037037037037035	0.5	0.425531914893617	0.7715582450832074
P2	P2-F1-L2	train_nested_oof	expanded	45.0	85	1	1	4	1	3	0	0	7.383333333333334	0.25	1.0	0.4	0.4063205417607223
P2	P2-F1-L2	train_nested_oof	expanded	45.0	87	3	1	2	0	2	1	0	20.333333333333336	0.0	0.0	0.0	0.0983606557377049
P2	P2-F1-L2	train_nested_oof	expanded	45.0	91	2	0	7	0	7	0	0	16.46666666666667	0.0		0.0	0.42510121457489874
P2	P2-F1-L2	train_nested_oof	expanded	45.0	92	2	20	10	3	7	17	0	16.325000000000003	0.3	0.15	0.2	0.4287901990811638
P2	P2-F1-L2	train_nested_oof	expanded	45.0	93	2	3	9	0	9	3	0	17.008333333333333	0.0	0.0	0.0	0.5291523762861342
P2	P2-F1-L2	train_nested_oof	expanded	45.0	94	1	3	9	1	8	2	0	6.891666666666667	0.1111111111111111	0.3333333333333333	0.16666666666666666	1.1608222490931077
P2	P2-F1-L2	train_nested_oof	expanded	45.0	95	1	0	0	0	0	0	0	7.025				0.0
P2	P2-F1-L2	train_nested_oof	expanded	45.0	96	3	14	10	1	9	13	0	22.8	0.1	0.07142857142857142	0.08333333333333333	0.39473684210526316
P2	P2-F1-L2	train_nested_oof	expanded	45.0	98	3	8	13	2	11	6	0	20.616666666666667	0.15384615384615385	0.25	0.19047619047619047	0.5335489086499595
P2	P2-F1-L2	train_nested_oof	expanded	45.0	99	3	7	9	3	6	4	0	21.2	0.3333333333333333	0.42857142857142855	0.375	0.2830188679245283
P2	P2-F1-L2	train_nested_oof	expanded	45.0	100	1	1	0	0	0	1	0	7.383333333333334		0.0	0.0	0.0
P2	P2-F1-L2	train_nested_oof	expanded	45.0	101	1	0	2	0	2	0	0	7.241666666666666	0.0		0.0	0.27617951668584584
P2	P2-F1-L2	train_nested_oof	expanded	45.0	104	1	3	4	1	3	2	0	8.008333333333333	0.25	0.3333333333333333	0.2857142857142857	0.37460978147762747
P2	P2-F1-L2	train_nested_oof	expanded	45.0	108	1	1	24	1	23	0	0	6.716666666666667	0.041666666666666664	1.0	0.08	3.424317617866005
P2	P2-F1-EN	train_nested_oof	primary	15.0	1	1	4	11	2	8	2	1	8.25	0.2	0.5	0.2857142857142857	0.9696969696969697
P2	P2-F1-EN	train_nested_oof	primary	15.0	6	1	0	4	0	4	0	0	3.35	0.0		0.0	1.1940298507462686
P2	P2-F1-EN	train_nested_oof	primary	15.0	8	1	0	1	0	0	0	1	8.083333333333334				0.0
P2	P2-F1-EN	train_nested_oof	primary	15.0	9	1	3	7	1	6	2	0	8.725	0.14285714285714285	0.3333333333333333	0.2	0.6876790830945559
P2	P2-F1-EN	train_nested_oof	primary	15.0	10	1	3	2	1	1	2	0	8.991666666666667	0.5	0.3333333333333333	0.4	0.11121408711770157
P2	P2-F1-EN	train_nested_oof	primary	15.0	11	1	6	1	0	1	6	0	8.408333333333333	0.0	0.0	0.0	0.11892963330029732
P2	P2-F1-EN	train_nested_oof	primary	15.0	13	1	2	2	0	2	2	0	8.675	0.0	0.0	0.0	0.23054755043227665
P2	P2-F1-EN	train_nested_oof	primary	15.0	14	1	1	0	0	0	1	0	8.558333333333334		0.0	0.0	0.0
P2	P2-F1-EN	train_nested_oof	primary	15.0	16	1	2	0	0	0	2	0	7.716666666666667		0.0	0.0	0.0
P2	P2-F1-EN	train_nested_oof	primary	15.0	19	1	3	14	3	11	0	0	7.875	0.21428571428571427	1.0	0.35294117647058826	1.3968253968253967
P2	P2-F1-EN	train_nested_oof	primary	15.0	20	1	1	3	0	3	1	0	7.1	0.0	0.0	0.0	0.4225352112676057
P2	P2-F1-EN	train_nested_oof	primary	15.0	21	1	0	1	0	0	0	1	9.175				0.0
P2	P2-F1-EN	train_nested_oof	primary	15.0	24	1	1	10	1	9	0	0	6.716666666666667	0.1	1.0	0.18181818181818182	1.3399503722084367
P2	P2-F1-EN	train_nested_oof	primary	15.0	29	1	2	4	1	3	1	0	7.458333333333333	0.25	0.5	0.3333333333333333	0.4022346368715084
P2	P2-F1-EN	train_nested_oof	primary	15.0	31	1	3	2	1	1	2	0	7.633333333333334	0.5	0.3333333333333333	0.4	0.13100436681222707
P2	P2-F1-EN	train_nested_oof	primary	15.0	32	1	5	14	3	10	2	1	7.641666666666667	0.23076923076923078	0.6	0.3333333333333333	1.3086150490730644
P2	P2-F1-EN	train_nested_oof	primary	15.0	33	1	2	4	2	2	0	0	7.041666666666667	0.5	1.0	0.6666666666666666	0.28402366863905326
P2	P2-F1-EN	train_nested_oof	primary	15.0	34	1	0	3	0	2	0	1	8.3	0.0		0.0	0.24096385542168672
P2	P2-F1-EN	train_nested_oof	primary	15.0	35	1	2	1	0	1	2	0	7.225	0.0	0.0	0.0	0.1384083044982699
P2	P2-F1-EN	train_nested_oof	primary	15.0	36	1	3	4	0	4	3	0	9.225	0.0	0.0	0.0	0.43360433604336046
P2	P2-F1-EN	train_nested_oof	primary	15.0	38	1	1	5	1	4	0	0	6.858333333333333	0.2	1.0	0.3333333333333333	0.583232077764277
P2	P2-F1-EN	train_nested_oof	primary	15.0	39	1	2	1	0	1	2	0	8.016666666666667	0.0	0.0	0.0	0.12474012474012473
P2	P2-F1-EN	train_nested_oof	primary	15.0	42	1	0	14	0	12	0	2	8.925	0.0		0.0	1.3445378151260503
P2	P2-F1-EN	train_nested_oof	primary	15.0	43	1	2	2	1	1	1	0	7.275	0.5	0.5	0.5	0.1374570446735395
P2	P2-F1-EN	train_nested_oof	primary	15.0	45	1	0	2	0	2	0	0	6.775	0.0		0.0	0.2952029520295203
P2	P2-F1-EN	train_nested_oof	primary	15.0	46	1	5	9	4	4	1	1	7.483333333333333	0.5	0.8	0.6153846153846154	0.5345211581291759
P2	P2-F1-EN	train_nested_oof	primary	15.0	50	1	1	3	1	2	0	0	7.375	0.3333333333333333	1.0	0.5	0.2711864406779661
P2	P2-F1-EN	train_nested_oof	primary	15.0	51	1	1	2	0	2	1	0	8.416666666666666	0.0	0.0	0.0	0.23762376237623764
P2	P2-F1-EN	train_nested_oof	primary	15.0	53	1	0	1	0	1	0	0	7.808333333333334	0.0		0.0	0.128068303094984
P2	P2-F1-EN	train_nested_oof	primary	15.0	54	1	1	3	0	2	1	1	7.916666666666667	0.0	0.0	0.0	0.25263157894736843
P2	P2-F1-EN	train_nested_oof	primary	15.0	58	1	5	0	0	0	5	0	8.45		0.0	0.0	0.0
P2	P2-F1-EN	train_nested_oof	primary	15.0	59	1	3	9	2	7	1	0	8.175	0.2222222222222222	0.6666666666666666	0.3333333333333333	0.856269113149847
P2	P2-F1-EN	train_nested_oof	primary	15.0	60	1	3	0	0	0	3	0	7.258333333333334		0.0	0.0	0.0
P2	P2-F1-EN	train_nested_oof	primary	15.0	61	1	0	3	0	2	0	1	8.316666666666666	0.0		0.0	0.2404809619238477
P2	P2-F1-EN	train_nested_oof	primary	15.0	62	1	4	4	1	3	3	0	8.133333333333333	0.25	0.25	0.25	0.36885245901639346
P2	P2-F1-EN	train_nested_oof	primary	15.0	63	1	4	27	2	25	2	0	8.033333333333333	0.07407407407407407	0.5	0.12903225806451613	3.112033195020747
P2	P2-F1-EN	train_nested_oof	primary	15.0	65	1	7	12	3	9	4	0	7.45	0.25	0.42857142857142855	0.3157894736842105	1.2080536912751678
P2	P2-F1-EN	train_nested_oof	primary	15.0	66	1	0	2	0	2	0	0	8.708333333333334	0.0		0.0	0.2296650717703349
P2	P2-F1-EN	train_nested_oof	primary	15.0	67	1	4	4	2	1	2	1	8.241666666666667	0.6666666666666666	0.5	0.5714285714285714	0.12133468149646107
P2	P2-F1-EN	train_nested_oof	primary	15.0	68	1	5	3	1	2	4	0	7.733333333333333	0.3333333333333333	0.2	0.25	0.25862068965517243
P2	P2-F1-EN	train_nested_oof	primary	15.0	71	1	0	6	0	6	0	0	7.091666666666667	0.0		0.0	0.8460634547591069
P2	P2-F1-EN	train_nested_oof	primary	15.0	72	1	1	3	1	1	0	1	6.933333333333334	0.5	1.0	0.6666666666666666	0.14423076923076922
P2	P2-F1-EN	train_nested_oof	primary	15.0	75	1	1	8	0	8	1	0	7.875	0.0	0.0	0.0	1.0158730158730158
P2	P2-F1-EN	train_nested_oof	primary	15.0	76	1	1	31	1	29	0	1	8.058333333333334	0.03333333333333333	1.0	0.06451612903225806	3.5987590486039296
P2	P2-F1-EN	train_nested_oof	primary	15.0	78	2	7	13	3	9	4	1	16.241666666666667	0.25	0.42857142857142855	0.3157894736842105	0.5541303232426885
P2	P2-F1-EN	train_nested_oof	primary	15.0	79	2	4	18	4	10	0	4	16.35	0.2857142857142857	1.0	0.4444444444444444	0.6116207951070336
P2	P2-F1-EN	train_nested_oof	primary	15.0	80	2	2	6	2	4	0	0	15.274999999999999	0.3333333333333333	1.0	0.5	0.2618657937806874
P2	P2-F1-EN	train_nested_oof	primary	15.0	81	2	1	15	1	14	0	0	14.666666666666668	0.06666666666666667	1.0	0.125	0.9545454545454545
P2	P2-F1-EN	train_nested_oof	primary	15.0	82	2	4	9	4	5	0	0	16.066666666666666	0.4444444444444444	1.0	0.6153846153846154	0.3112033195020747
P2	P2-F1-EN	train_nested_oof	primary	15.0	84	3	20	29	11	18	9	0	22.03333333333333	0.3793103448275862	0.55	0.4489795918367347	0.816944024205749
P2	P2-F1-EN	train_nested_oof	primary	15.0	85	1	0	2	0	2	0	0	7.383333333333334	0.0		0.0	0.27088036117381487
P2	P2-F1-EN	train_nested_oof	primary	15.0	87	3	0	1	0	1	0	0	20.333333333333336	0.0		0.0	0.04918032786885245
P2	P2-F1-EN	train_nested_oof	primary	15.0	91	2	0	7	0	7	0	0	16.46666666666667	0.0		0.0	0.42510121457489874
P2	P2-F1-EN	train_nested_oof	primary	15.0	92	2	19	4	1	3	18	0	16.325000000000003	0.25	0.05263157894736842	0.08695652173913043	0.18376722817764163
P2	P2-F1-EN	train_nested_oof	primary	15.0	93	2	0	13	0	13	0	0	17.008333333333333	0.0		0.0	0.7643312101910829
P2	P2-F1-EN	train_nested_oof	primary	15.0	94	1	2	10	1	9	1	0	6.891666666666667	0.1	0.5	0.16666666666666666	1.305925030229746
P2	P2-F1-EN	train_nested_oof	primary	15.0	95	1	0	0	0	0	0	0	7.025				0.0
P2	P2-F1-EN	train_nested_oof	primary	15.0	96	3	10	17	1	16	9	0	22.8	0.058823529411764705	0.1	0.07407407407407407	0.7017543859649122
P2	P2-F1-EN	train_nested_oof	primary	15.0	98	3	6	13	1	10	5	2	20.616666666666667	0.09090909090909091	0.16666666666666666	0.11764705882352941	0.48504446240905413
P2	P2-F1-EN	train_nested_oof	primary	15.0	99	3	7	7	3	4	4	0	21.2	0.42857142857142855	0.42857142857142855	0.42857142857142855	0.18867924528301888
P2	P2-F1-EN	train_nested_oof	primary	15.0	100	1	0	1	0	0	0	1	7.383333333333334				0.0
P2	P2-F1-EN	train_nested_oof	primary	15.0	101	1	0	1	0	1	0	0	7.241666666666666	0.0		0.0	0.13808975834292292
P2	P2-F1-EN	train_nested_oof	primary	15.0	104	1	3	11	1	10	2	0	8.008333333333333	0.09090909090909091	0.3333333333333333	0.14285714285714285	1.2486992715920917
P2	P2-F1-EN	train_nested_oof	primary	15.0	108	1	1	19	0	19	1	0	6.716666666666667	0.0	0.0	0.0	2.8287841191067
P2	P2-F1-EN	train_nested_oof	primary	45.0	1	1	4	11	2	8	2	1	8.25	0.2	0.5	0.2857142857142857	0.9696969696969697
P2	P2-F1-EN	train_nested_oof	primary	45.0	6	1	0	4	0	4	0	0	3.35	0.0		0.0	1.1940298507462686
P2	P2-F1-EN	train_nested_oof	primary	45.0	8	1	0	1	0	0	0	1	8.083333333333334				0.0
P2	P2-F1-EN	train_nested_oof	primary	45.0	9	1	3	7	1	6	2	0	8.725	0.14285714285714285	0.3333333333333333	0.2	0.6876790830945559
P2	P2-F1-EN	train_nested_oof	primary	45.0	10	1	3	2	1	1	2	0	8.991666666666667	0.5	0.3333333333333333	0.4	0.11121408711770157
P2	P2-F1-EN	train_nested_oof	primary	45.0	11	1	6	1	0	1	6	0	8.408333333333333	0.0	0.0	0.0	0.11892963330029732
P2	P2-F1-EN	train_nested_oof	primary	45.0	13	1	2	2	0	2	2	0	8.675	0.0	0.0	0.0	0.23054755043227665
P2	P2-F1-EN	train_nested_oof	primary	45.0	14	1	1	0	0	0	1	0	8.558333333333334		0.0	0.0	0.0
P2	P2-F1-EN	train_nested_oof	primary	45.0	16	1	2	0	0	0	2	0	7.716666666666667		0.0	0.0	0.0
P2	P2-F1-EN	train_nested_oof	primary	45.0	19	1	3	14	3	11	0	0	7.875	0.21428571428571427	1.0	0.35294117647058826	1.3968253968253967
P2	P2-F1-EN	train_nested_oof	primary	45.0	20	1	1	3	0	3	1	0	7.1	0.0	0.0	0.0	0.4225352112676057
P2	P2-F1-EN	train_nested_oof	primary	45.0	21	1	0	1	0	0	0	1	9.175				0.0
P2	P2-F1-EN	train_nested_oof	primary	45.0	24	1	1	10	1	9	0	0	6.716666666666667	0.1	1.0	0.18181818181818182	1.3399503722084367
P2	P2-F1-EN	train_nested_oof	primary	45.0	29	1	2	4	2	2	0	0	7.458333333333333	0.5	1.0	0.6666666666666666	0.2681564245810056
P2	P2-F1-EN	train_nested_oof	primary	45.0	31	1	3	2	1	1	2	0	7.633333333333334	0.5	0.3333333333333333	0.4	0.13100436681222707
P2	P2-F1-EN	train_nested_oof	primary	45.0	32	1	5	14	4	9	1	1	7.641666666666667	0.3076923076923077	0.8	0.4444444444444444	1.1777535441657578
P2	P2-F1-EN	train_nested_oof	primary	45.0	33	1	2	4	2	2	0	0	7.041666666666667	0.5	1.0	0.6666666666666666	0.28402366863905326
P2	P2-F1-EN	train_nested_oof	primary	45.0	34	1	0	3	0	2	0	1	8.3	0.0		0.0	0.24096385542168672
P2	P2-F1-EN	train_nested_oof	primary	45.0	35	1	2	1	0	1	2	0	7.225	0.0	0.0	0.0	0.1384083044982699
P2	P2-F1-EN	train_nested_oof	primary	45.0	36	1	3	4	0	4	3	0	9.225	0.0	0.0	0.0	0.43360433604336046
P2	P2-F1-EN	train_nested_oof	primary	45.0	38	1	1	5	1	4	0	0	6.858333333333333	0.2	1.0	0.3333333333333333	0.583232077764277
P2	P2-F1-EN	train_nested_oof	primary	45.0	39	1	2	1	0	1	2	0	8.016666666666667	0.0	0.0	0.0	0.12474012474012473
P2	P2-F1-EN	train_nested_oof	primary	45.0	42	1	0	14	0	11	0	3	8.925	0.0		0.0	1.2324929971988794
P2	P2-F1-EN	train_nested_oof	primary	45.0	43	1	2	2	1	1	1	0	7.275	0.5	0.5	0.5	0.1374570446735395
P2	P2-F1-EN	train_nested_oof	primary	45.0	45	1	0	2	0	2	0	0	6.775	0.0		0.0	0.2952029520295203
P2	P2-F1-EN	train_nested_oof	primary	45.0	46	1	5	9	4	4	1	1	7.483333333333333	0.5	0.8	0.6153846153846154	0.5345211581291759
P2	P2-F1-EN	train_nested_oof	primary	45.0	50	1	1	3	1	2	0	0	7.375	0.3333333333333333	1.0	0.5	0.2711864406779661
P2	P2-F1-EN	train_nested_oof	primary	45.0	51	1	1	2	0	2	1	0	8.416666666666666	0.0	0.0	0.0	0.23762376237623764
P2	P2-F1-EN	train_nested_oof	primary	45.0	53	1	0	1	0	1	0	0	7.808333333333334	0.0		0.0	0.128068303094984
P2	P2-F1-EN	train_nested_oof	primary	45.0	54	1	1	3	0	2	1	1	7.916666666666667	0.0	0.0	0.0	0.25263157894736843
P2	P2-F1-EN	train_nested_oof	primary	45.0	58	1	5	0	0	0	5	0	8.45		0.0	0.0	0.0
P2	P2-F1-EN	train_nested_oof	primary	45.0	59	1	3	9	2	7	1	0	8.175	0.2222222222222222	0.6666666666666666	0.3333333333333333	0.856269113149847
P2	P2-F1-EN	train_nested_oof	primary	45.0	60	1	3	0	0	0	3	0	7.258333333333334		0.0	0.0	0.0
P2	P2-F1-EN	train_nested_oof	primary	45.0	61	1	0	3	0	1	0	2	8.316666666666666	0.0		0.0	0.12024048096192386
P2	P2-F1-EN	train_nested_oof	primary	45.0	62	1	4	4	1	1	3	2	8.133333333333333	0.5	0.25	0.3333333333333333	0.12295081967213116
P2	P2-F1-EN	train_nested_oof	primary	45.0	63	1	4	27	2	25	2	0	8.033333333333333	0.07407407407407407	0.5	0.12903225806451613	3.112033195020747
P2	P2-F1-EN	train_nested_oof	primary	45.0	65	1	7	12	3	9	4	0	7.45	0.25	0.42857142857142855	0.3157894736842105	1.2080536912751678
P2	P2-F1-EN	train_nested_oof	primary	45.0	66	1	0	2	0	2	0	0	8.708333333333334	0.0		0.0	0.2296650717703349
P2	P2-F1-EN	train_nested_oof	primary	45.0	67	1	4	4	2	1	2	1	8.241666666666667	0.6666666666666666	0.5	0.5714285714285714	0.12133468149646107
P2	P2-F1-EN	train_nested_oof	primary	45.0	68	1	5	3	1	2	4	0	7.733333333333333	0.3333333333333333	0.2	0.25	0.25862068965517243
P2	P2-F1-EN	train_nested_oof	primary	45.0	71	1	0	6	0	6	0	0	7.091666666666667	0.0		0.0	0.8460634547591069
P2	P2-F1-EN	train_nested_oof	primary	45.0	72	1	1	3	1	1	0	1	6.933333333333334	0.5	1.0	0.6666666666666666	0.14423076923076922
P2	P2-F1-EN	train_nested_oof	primary	45.0	75	1	1	8	1	7	0	0	7.875	0.125	1.0	0.2222222222222222	0.8888888888888888
P2	P2-F1-EN	train_nested_oof	primary	45.0	76	1	1	31	1	29	0	1	8.058333333333334	0.03333333333333333	1.0	0.06451612903225806	3.5987590486039296
P2	P2-F1-EN	train_nested_oof	primary	45.0	78	2	7	13	3	9	4	1	16.241666666666667	0.25	0.42857142857142855	0.3157894736842105	0.5541303232426885
P2	P2-F1-EN	train_nested_oof	primary	45.0	79	2	4	18	4	10	0	4	16.35	0.2857142857142857	1.0	0.4444444444444444	0.6116207951070336
P2	P2-F1-EN	train_nested_oof	primary	45.0	80	2	2	6	2	4	0	0	15.274999999999999	0.3333333333333333	1.0	0.5	0.2618657937806874
P2	P2-F1-EN	train_nested_oof	primary	45.0	81	2	1	15	1	14	0	0	14.666666666666668	0.06666666666666667	1.0	0.125	0.9545454545454545
P2	P2-F1-EN	train_nested_oof	primary	45.0	82	2	4	9	4	5	0	0	16.066666666666666	0.4444444444444444	1.0	0.6153846153846154	0.3112033195020747
P2	P2-F1-EN	train_nested_oof	primary	45.0	84	3	20	29	13	16	7	0	22.03333333333333	0.4482758620689655	0.65	0.5306122448979592	0.7261724659606658
P2	P2-F1-EN	train_nested_oof	primary	45.0	85	1	0	2	0	2	0	0	7.383333333333334	0.0		0.0	0.27088036117381487
P2	P2-F1-EN	train_nested_oof	primary	45.0	87	3	0	1	0	1	0	0	20.333333333333336	0.0		0.0	0.04918032786885245
P2	P2-F1-EN	train_nested_oof	primary	45.0	91	2	0	7	0	7	0	0	16.46666666666667	0.0		0.0	0.42510121457489874
P2	P2-F1-EN	train_nested_oof	primary	45.0	92	2	19	4	2	2	17	0	16.325000000000003	0.5	0.10526315789473684	0.17391304347826086	0.12251148545176108
P2	P2-F1-EN	train_nested_oof	primary	45.0	93	2	0	13	0	12	0	1	17.008333333333333	0.0		0.0	0.7055365017148457
P2	P2-F1-EN	train_nested_oof	primary	45.0	94	1	2	10	2	8	0	0	6.891666666666667	0.2	1.0	0.3333333333333333	1.1608222490931077
P2	P2-F1-EN	train_nested_oof	primary	45.0	95	1	0	0	0	0	0	0	7.025				0.0
P2	P2-F1-EN	train_nested_oof	primary	45.0	96	3	10	17	1	16	9	0	22.8	0.058823529411764705	0.1	0.07407407407407407	0.7017543859649122
P2	P2-F1-EN	train_nested_oof	primary	45.0	98	3	6	13	2	9	4	2	20.616666666666667	0.18181818181818182	0.3333333333333333	0.23529411764705882	0.43654001616814875
P2	P2-F1-EN	train_nested_oof	primary	45.0	99	3	7	7	4	3	3	0	21.2	0.5714285714285714	0.5714285714285714	0.5714285714285714	0.14150943396226415
P2	P2-F1-EN	train_nested_oof	primary	45.0	100	1	0	1	0	0	0	1	7.383333333333334				0.0
P2	P2-F1-EN	train_nested_oof	primary	45.0	101	1	0	1	0	1	0	0	7.241666666666666	0.0		0.0	0.13808975834292292
P2	P2-F1-EN	train_nested_oof	primary	45.0	104	1	3	11	1	10	2	0	8.008333333333333	0.09090909090909091	0.3333333333333333	0.14285714285714285	1.2486992715920917
P2	P2-F1-EN	train_nested_oof	primary	45.0	108	1	1	19	1	18	0	0	6.716666666666667	0.05263157894736842	1.0	0.1	2.6799007444168734
P2	P2-F1-EN	train_nested_oof	expanded	15.0	1	1	5	11	3	8	2	0	8.25	0.2727272727272727	0.6	0.375	0.9696969696969697
P2	P2-F1-EN	train_nested_oof	expanded	15.0	6	1	0	4	0	4	0	0	3.35	0.0		0.0	1.1940298507462686
P2	P2-F1-EN	train_nested_oof	expanded	15.0	8	1	2	1	1	0	1	0	8.083333333333334	1.0	0.5	0.6666666666666666	0.0
P2	P2-F1-EN	train_nested_oof	expanded	15.0	9	1	3	7	1	6	2	0	8.725	0.14285714285714285	0.3333333333333333	0.2	0.6876790830945559
P2	P2-F1-EN	train_nested_oof	expanded	15.0	10	1	3	2	1	1	2	0	8.991666666666667	0.5	0.3333333333333333	0.4	0.11121408711770157
P2	P2-F1-EN	train_nested_oof	expanded	15.0	11	1	7	1	0	1	7	0	8.408333333333333	0.0	0.0	0.0	0.11892963330029732
P2	P2-F1-EN	train_nested_oof	expanded	15.0	13	1	2	2	0	2	2	0	8.675	0.0	0.0	0.0	0.23054755043227665
P2	P2-F1-EN	train_nested_oof	expanded	15.0	14	1	2	0	0	0	2	0	8.558333333333334		0.0	0.0	0.0
P2	P2-F1-EN	train_nested_oof	expanded	15.0	16	1	2	0	0	0	2	0	7.716666666666667		0.0	0.0	0.0
P2	P2-F1-EN	train_nested_oof	expanded	15.0	19	1	3	14	3	11	0	0	7.875	0.21428571428571427	1.0	0.35294117647058826	1.3968253968253967
P2	P2-F1-EN	train_nested_oof	expanded	15.0	20	1	1	3	0	3	1	0	7.1	0.0	0.0	0.0	0.4225352112676057
P2	P2-F1-EN	train_nested_oof	expanded	15.0	21	1	3	1	1	0	2	0	9.175	1.0	0.3333333333333333	0.5	0.0
P2	P2-F1-EN	train_nested_oof	expanded	15.0	24	1	1	10	1	9	0	0	6.716666666666667	0.1	1.0	0.18181818181818182	1.3399503722084367
P2	P2-F1-EN	train_nested_oof	expanded	15.0	29	1	2	4	1	3	1	0	7.458333333333333	0.25	0.5	0.3333333333333333	0.4022346368715084
P2	P2-F1-EN	train_nested_oof	expanded	15.0	31	1	3	2	1	1	2	0	7.633333333333334	0.5	0.3333333333333333	0.4	0.13100436681222707
P2	P2-F1-EN	train_nested_oof	expanded	15.0	32	1	6	14	4	10	2	0	7.641666666666667	0.2857142857142857	0.6666666666666666	0.4	1.3086150490730644
P2	P2-F1-EN	train_nested_oof	expanded	15.0	33	1	2	4	2	2	0	0	7.041666666666667	0.5	1.0	0.6666666666666666	0.28402366863905326
P2	P2-F1-EN	train_nested_oof	expanded	15.0	34	1	1	3	1	2	0	0	8.3	0.3333333333333333	1.0	0.5	0.24096385542168672
P2	P2-F1-EN	train_nested_oof	expanded	15.0	35	1	2	1	0	1	2	0	7.225	0.0	0.0	0.0	0.1384083044982699
P2	P2-F1-EN	train_nested_oof	expanded	15.0	36	1	3	4	0	4	3	0	9.225	0.0	0.0	0.0	0.43360433604336046
P2	P2-F1-EN	train_nested_oof	expanded	15.0	38	1	1	5	1	4	0	0	6.858333333333333	0.2	1.0	0.3333333333333333	0.583232077764277
P2	P2-F1-EN	train_nested_oof	expanded	15.0	39	1	2	1	0	1	2	0	8.016666666666667	0.0	0.0	0.0	0.12474012474012473
P2	P2-F1-EN	train_nested_oof	expanded	15.0	42	1	2	14	1	12	1	1	8.925	0.07692307692307693	0.5	0.13333333333333333	1.3445378151260503
P2	P2-F1-EN	train_nested_oof	expanded	15.0	43	1	2	2	1	1	1	0	7.275	0.5	0.5	0.5	0.1374570446735395
P2	P2-F1-EN	train_nested_oof	expanded	15.0	45	1	0	2	0	2	0	0	6.775	0.0		0.0	0.2952029520295203
P2	P2-F1-EN	train_nested_oof	expanded	15.0	46	1	8	9	5	4	3	0	7.483333333333333	0.5555555555555556	0.625	0.5882352941176471	0.5345211581291759
P2	P2-F1-EN	train_nested_oof	expanded	15.0	50	1	1	3	1	2	0	0	7.375	0.3333333333333333	1.0	0.5	0.2711864406779661
P2	P2-F1-EN	train_nested_oof	expanded	15.0	51	1	1	2	0	2	1	0	8.416666666666666	0.0	0.0	0.0	0.23762376237623764
P2	P2-F1-EN	train_nested_oof	expanded	15.0	53	1	0	1	0	1	0	0	7.808333333333334	0.0		0.0	0.128068303094984
P2	P2-F1-EN	train_nested_oof	expanded	15.0	54	1	2	3	1	2	1	0	7.916666666666667	0.3333333333333333	0.5	0.4	0.25263157894736843
P2	P2-F1-EN	train_nested_oof	expanded	15.0	58	1	5	0	0	0	5	0	8.45		0.0	0.0	0.0
P2	P2-F1-EN	train_nested_oof	expanded	15.0	59	1	3	9	2	7	1	0	8.175	0.2222222222222222	0.6666666666666666	0.3333333333333333	0.856269113149847
P2	P2-F1-EN	train_nested_oof	expanded	15.0	60	1	3	0	0	0	3	0	7.258333333333334		0.0	0.0	0.0
P2	P2-F1-EN	train_nested_oof	expanded	15.0	61	1	2	3	1	2	1	0	8.316666666666666	0.3333333333333333	0.5	0.4	0.2404809619238477
P2	P2-F1-EN	train_nested_oof	expanded	15.0	62	1	6	4	1	3	5	0	8.133333333333333	0.25	0.16666666666666666	0.2	0.36885245901639346
P2	P2-F1-EN	train_nested_oof	expanded	15.0	63	1	4	27	2	25	2	0	8.033333333333333	0.07407407407407407	0.5	0.12903225806451613	3.112033195020747
P2	P2-F1-EN	train_nested_oof	expanded	15.0	65	1	7	12	3	9	4	0	7.45	0.25	0.42857142857142855	0.3157894736842105	1.2080536912751678
P2	P2-F1-EN	train_nested_oof	expanded	15.0	66	1	0	2	0	2	0	0	8.708333333333334	0.0		0.0	0.2296650717703349
P2	P2-F1-EN	train_nested_oof	expanded	15.0	67	1	5	4	3	1	2	0	8.241666666666667	0.75	0.6	0.6666666666666666	0.12133468149646107
P2	P2-F1-EN	train_nested_oof	expanded	15.0	68	1	5	3	1	2	4	0	7.733333333333333	0.3333333333333333	0.2	0.25	0.25862068965517243
P2	P2-F1-EN	train_nested_oof	expanded	15.0	71	1	0	6	0	6	0	0	7.091666666666667	0.0		0.0	0.8460634547591069
P2	P2-F1-EN	train_nested_oof	expanded	15.0	72	1	2	3	2	1	0	0	6.933333333333334	0.6666666666666666	1.0	0.8	0.14423076923076922
P2	P2-F1-EN	train_nested_oof	expanded	15.0	75	1	1	8	0	8	1	0	7.875	0.0	0.0	0.0	1.0158730158730158
P2	P2-F1-EN	train_nested_oof	expanded	15.0	76	1	2	31	2	29	0	0	8.058333333333334	0.06451612903225806	1.0	0.12121212121212122	3.5987590486039296
P2	P2-F1-EN	train_nested_oof	expanded	15.0	78	2	10	13	4	9	6	0	16.241666666666667	0.3076923076923077	0.4	0.34782608695652173	0.5541303232426885
P2	P2-F1-EN	train_nested_oof	expanded	15.0	79	2	10	18	8	10	2	0	16.35	0.4444444444444444	0.8	0.5714285714285714	0.6116207951070336
P2	P2-F1-EN	train_nested_oof	expanded	15.0	80	2	2	6	2	4	0	0	15.274999999999999	0.3333333333333333	1.0	0.5	0.2618657937806874
P2	P2-F1-EN	train_nested_oof	expanded	15.0	81	2	2	15	1	14	1	0	14.666666666666668	0.06666666666666667	0.5	0.11764705882352941	0.9545454545454545
P2	P2-F1-EN	train_nested_oof	expanded	15.0	82	2	4	9	4	5	0	0	16.066666666666666	0.4444444444444444	1.0	0.6153846153846154	0.3112033195020747
P2	P2-F1-EN	train_nested_oof	expanded	15.0	84	3	20	29	11	18	9	0	22.03333333333333	0.3793103448275862	0.55	0.4489795918367347	0.816944024205749
P2	P2-F1-EN	train_nested_oof	expanded	15.0	85	1	1	2	0	2	1	0	7.383333333333334	0.0	0.0	0.0	0.27088036117381487
P2	P2-F1-EN	train_nested_oof	expanded	15.0	87	3	1	1	0	1	1	0	20.333333333333336	0.0	0.0	0.0	0.04918032786885245
P2	P2-F1-EN	train_nested_oof	expanded	15.0	91	2	0	7	0	7	0	0	16.46666666666667	0.0		0.0	0.42510121457489874
P2	P2-F1-EN	train_nested_oof	expanded	15.0	92	2	20	4	1	3	19	0	16.325000000000003	0.25	0.05	0.08333333333333333	0.18376722817764163
P2	P2-F1-EN	train_nested_oof	expanded	15.0	93	2	3	13	0	13	3	0	17.008333333333333	0.0	0.0	0.0	0.7643312101910829
P2	P2-F1-EN	train_nested_oof	expanded	15.0	94	1	3	10	1	9	2	0	6.891666666666667	0.1	0.3333333333333333	0.15384615384615385	1.305925030229746
P2	P2-F1-EN	train_nested_oof	expanded	15.0	95	1	0	0	0	0	0	0	7.025				0.0
P2	P2-F1-EN	train_nested_oof	expanded	15.0	96	3	14	17	1	16	13	0	22.8	0.058823529411764705	0.07142857142857142	0.06451612903225806	0.7017543859649122
P2	P2-F1-EN	train_nested_oof	expanded	15.0	98	3	8	13	3	10	5	0	20.616666666666667	0.23076923076923078	0.375	0.2857142857142857	0.48504446240905413
P2	P2-F1-EN	train_nested_oof	expanded	15.0	99	3	7	7	3	4	4	0	21.2	0.42857142857142855	0.42857142857142855	0.42857142857142855	0.18867924528301888
P2	P2-F1-EN	train_nested_oof	expanded	15.0	100	1	1	1	1	0	0	0	7.383333333333334	1.0	1.0	1.0	0.0
P2	P2-F1-EN	train_nested_oof	expanded	15.0	101	1	0	1	0	1	0	0	7.241666666666666	0.0		0.0	0.13808975834292292
P2	P2-F1-EN	train_nested_oof	expanded	15.0	104	1	3	11	1	10	2	0	8.008333333333333	0.09090909090909091	0.3333333333333333	0.14285714285714285	1.2486992715920917
P2	P2-F1-EN	train_nested_oof	expanded	15.0	108	1	1	19	0	19	1	0	6.716666666666667	0.0	0.0	0.0	2.8287841191067
P2	P2-F1-EN	train_nested_oof	expanded	45.0	1	1	5	11	3	8	2	0	8.25	0.2727272727272727	0.6	0.375	0.9696969696969697
P2	P2-F1-EN	train_nested_oof	expanded	45.0	6	1	0	4	0	4	0	0	3.35	0.0		0.0	1.1940298507462686
P2	P2-F1-EN	train_nested_oof	expanded	45.0	8	1	2	1	1	0	1	0	8.083333333333334	1.0	0.5	0.6666666666666666	0.0
P2	P2-F1-EN	train_nested_oof	expanded	45.0	9	1	3	7	1	6	2	0	8.725	0.14285714285714285	0.3333333333333333	0.2	0.6876790830945559
P2	P2-F1-EN	train_nested_oof	expanded	45.0	10	1	3	2	1	1	2	0	8.991666666666667	0.5	0.3333333333333333	0.4	0.11121408711770157
P2	P2-F1-EN	train_nested_oof	expanded	45.0	11	1	7	1	0	1	7	0	8.408333333333333	0.0	0.0	0.0	0.11892963330029732
P2	P2-F1-EN	train_nested_oof	expanded	45.0	13	1	2	2	0	2	2	0	8.675	0.0	0.0	0.0	0.23054755043227665
P2	P2-F1-EN	train_nested_oof	expanded	45.0	14	1	2	0	0	0	2	0	8.558333333333334		0.0	0.0	0.0
P2	P2-F1-EN	train_nested_oof	expanded	45.0	16	1	2	0	0	0	2	0	7.716666666666667		0.0	0.0	0.0
P2	P2-F1-EN	train_nested_oof	expanded	45.0	19	1	3	14	3	11	0	0	7.875	0.21428571428571427	1.0	0.35294117647058826	1.3968253968253967
P2	P2-F1-EN	train_nested_oof	expanded	45.0	20	1	1	3	0	3	1	0	7.1	0.0	0.0	0.0	0.4225352112676057
P2	P2-F1-EN	train_nested_oof	expanded	45.0	21	1	3	1	1	0	2	0	9.175	1.0	0.3333333333333333	0.5	0.0
P2	P2-F1-EN	train_nested_oof	expanded	45.0	24	1	1	10	1	9	0	0	6.716666666666667	0.1	1.0	0.18181818181818182	1.3399503722084367
P2	P2-F1-EN	train_nested_oof	expanded	45.0	29	1	2	4	2	2	0	0	7.458333333333333	0.5	1.0	0.6666666666666666	0.2681564245810056
P2	P2-F1-EN	train_nested_oof	expanded	45.0	31	1	3	2	1	1	2	0	7.633333333333334	0.5	0.3333333333333333	0.4	0.13100436681222707
P2	P2-F1-EN	train_nested_oof	expanded	45.0	32	1	6	14	5	9	1	0	7.641666666666667	0.35714285714285715	0.8333333333333334	0.5	1.1777535441657578
P2	P2-F1-EN	train_nested_oof	expanded	45.0	33	1	2	4	2	2	0	0	7.041666666666667	0.5	1.0	0.6666666666666666	0.28402366863905326
P2	P2-F1-EN	train_nested_oof	expanded	45.0	34	1	1	3	1	2	0	0	8.3	0.3333333333333333	1.0	0.5	0.24096385542168672
P2	P2-F1-EN	train_nested_oof	expanded	45.0	35	1	2	1	0	1	2	0	7.225	0.0	0.0	0.0	0.1384083044982699
P2	P2-F1-EN	train_nested_oof	expanded	45.0	36	1	3	4	0	4	3	0	9.225	0.0	0.0	0.0	0.43360433604336046
P2	P2-F1-EN	train_nested_oof	expanded	45.0	38	1	1	5	1	4	0	0	6.858333333333333	0.2	1.0	0.3333333333333333	0.583232077764277
P2	P2-F1-EN	train_nested_oof	expanded	45.0	39	1	2	1	0	1	2	0	8.016666666666667	0.0	0.0	0.0	0.12474012474012473
P2	P2-F1-EN	train_nested_oof	expanded	45.0	42	1	2	14	2	11	0	1	8.925	0.15384615384615385	1.0	0.26666666666666666	1.2324929971988794
P2	P2-F1-EN	train_nested_oof	expanded	45.0	43	1	2	2	1	1	1	0	7.275	0.5	0.5	0.5	0.1374570446735395
P2	P2-F1-EN	train_nested_oof	expanded	45.0	45	1	0	2	0	2	0	0	6.775	0.0		0.0	0.2952029520295203
P2	P2-F1-EN	train_nested_oof	expanded	45.0	46	1	8	9	5	4	3	0	7.483333333333333	0.5555555555555556	0.625	0.5882352941176471	0.5345211581291759
P2	P2-F1-EN	train_nested_oof	expanded	45.0	50	1	1	3	1	2	0	0	7.375	0.3333333333333333	1.0	0.5	0.2711864406779661
P2	P2-F1-EN	train_nested_oof	expanded	45.0	51	1	1	2	0	2	1	0	8.416666666666666	0.0	0.0	0.0	0.23762376237623764
P2	P2-F1-EN	train_nested_oof	expanded	45.0	53	1	0	1	0	1	0	0	7.808333333333334	0.0		0.0	0.128068303094984
P2	P2-F1-EN	train_nested_oof	expanded	45.0	54	1	2	3	1	2	1	0	7.916666666666667	0.3333333333333333	0.5	0.4	0.25263157894736843
P2	P2-F1-EN	train_nested_oof	expanded	45.0	58	1	5	0	0	0	5	0	8.45		0.0	0.0	0.0
P2	P2-F1-EN	train_nested_oof	expanded	45.0	59	1	3	9	2	7	1	0	8.175	0.2222222222222222	0.6666666666666666	0.3333333333333333	0.856269113149847
P2	P2-F1-EN	train_nested_oof	expanded	45.0	60	1	3	0	0	0	3	0	7.258333333333334		0.0	0.0	0.0
P2	P2-F1-EN	train_nested_oof	expanded	45.0	61	1	2	3	2	1	0	0	8.316666666666666	0.6666666666666666	1.0	0.8	0.12024048096192386
P2	P2-F1-EN	train_nested_oof	expanded	45.0	62	1	6	4	3	1	3	0	8.133333333333333	0.75	0.5	0.6	0.12295081967213116
P2	P2-F1-EN	train_nested_oof	expanded	45.0	63	1	4	27	2	25	2	0	8.033333333333333	0.07407407407407407	0.5	0.12903225806451613	3.112033195020747
P2	P2-F1-EN	train_nested_oof	expanded	45.0	65	1	7	12	3	9	4	0	7.45	0.25	0.42857142857142855	0.3157894736842105	1.2080536912751678
P2	P2-F1-EN	train_nested_oof	expanded	45.0	66	1	0	2	0	2	0	0	8.708333333333334	0.0		0.0	0.2296650717703349
P2	P2-F1-EN	train_nested_oof	expanded	45.0	67	1	5	4	3	1	2	0	8.241666666666667	0.75	0.6	0.6666666666666666	0.12133468149646107
P2	P2-F1-EN	train_nested_oof	expanded	45.0	68	1	5	3	1	2	4	0	7.733333333333333	0.3333333333333333	0.2	0.25	0.25862068965517243
P2	P2-F1-EN	train_nested_oof	expanded	45.0	71	1	0	6	0	6	0	0	7.091666666666667	0.0		0.0	0.8460634547591069
P2	P2-F1-EN	train_nested_oof	expanded	45.0	72	1	2	3	2	1	0	0	6.933333333333334	0.6666666666666666	1.0	0.8	0.14423076923076922
P2	P2-F1-EN	train_nested_oof	expanded	45.0	75	1	1	8	1	7	0	0	7.875	0.125	1.0	0.2222222222222222	0.8888888888888888
P2	P2-F1-EN	train_nested_oof	expanded	45.0	76	1	2	31	2	29	0	0	8.058333333333334	0.06451612903225806	1.0	0.12121212121212122	3.5987590486039296
P2	P2-F1-EN	train_nested_oof	expanded	45.0	78	2	10	13	4	9	6	0	16.241666666666667	0.3076923076923077	0.4	0.34782608695652173	0.5541303232426885
P2	P2-F1-EN	train_nested_oof	expanded	45.0	79	2	10	18	8	10	2	0	16.35	0.4444444444444444	0.8	0.5714285714285714	0.6116207951070336
P2	P2-F1-EN	train_nested_oof	expanded	45.0	80	2	2	6	2	4	0	0	15.274999999999999	0.3333333333333333	1.0	0.5	0.2618657937806874
P2	P2-F1-EN	train_nested_oof	expanded	45.0	81	2	2	15	1	14	1	0	14.666666666666668	0.06666666666666667	0.5	0.11764705882352941	0.9545454545454545
P2	P2-F1-EN	train_nested_oof	expanded	45.0	82	2	4	9	4	5	0	0	16.066666666666666	0.4444444444444444	1.0	0.6153846153846154	0.3112033195020747
P2	P2-F1-EN	train_nested_oof	expanded	45.0	84	3	20	29	13	16	7	0	22.03333333333333	0.4482758620689655	0.65	0.5306122448979592	0.7261724659606658
P2	P2-F1-EN	train_nested_oof	expanded	45.0	85	1	1	2	0	2	1	0	7.383333333333334	0.0	0.0	0.0	0.27088036117381487
P2	P2-F1-EN	train_nested_oof	expanded	45.0	87	3	1	1	0	1	1	0	20.333333333333336	0.0	0.0	0.0	0.04918032786885245
P2	P2-F1-EN	train_nested_oof	expanded	45.0	91	2	0	7	0	7	0	0	16.46666666666667	0.0		0.0	0.42510121457489874
P2	P2-F1-EN	train_nested_oof	expanded	45.0	92	2	20	4	2	2	18	0	16.325000000000003	0.5	0.1	0.16666666666666666	0.12251148545176108
P2	P2-F1-EN	train_nested_oof	expanded	45.0	93	2	3	13	1	12	2	0	17.008333333333333	0.07692307692307693	0.3333333333333333	0.125	0.7055365017148457
P2	P2-F1-EN	train_nested_oof	expanded	45.0	94	1	3	10	2	8	1	0	6.891666666666667	0.2	0.6666666666666666	0.3076923076923077	1.1608222490931077
P2	P2-F1-EN	train_nested_oof	expanded	45.0	95	1	0	0	0	0	0	0	7.025				0.0
P2	P2-F1-EN	train_nested_oof	expanded	45.0	96	3	14	17	1	16	13	0	22.8	0.058823529411764705	0.07142857142857142	0.06451612903225806	0.7017543859649122
P2	P2-F1-EN	train_nested_oof	expanded	45.0	98	3	8	13	4	9	4	0	20.616666666666667	0.3076923076923077	0.5	0.38095238095238093	0.43654001616814875
P2	P2-F1-EN	train_nested_oof	expanded	45.0	99	3	7	7	4	3	3	0	21.2	0.5714285714285714	0.5714285714285714	0.5714285714285714	0.14150943396226415
P2	P2-F1-EN	train_nested_oof	expanded	45.0	100	1	1	1	1	0	0	0	7.383333333333334	1.0	1.0	1.0	0.0
P2	P2-F1-EN	train_nested_oof	expanded	45.0	101	1	0	1	0	1	0	0	7.241666666666666	0.0		0.0	0.13808975834292292
P2	P2-F1-EN	train_nested_oof	expanded	45.0	104	1	3	11	1	10	2	0	8.008333333333333	0.09090909090909091	0.3333333333333333	0.14285714285714285	1.2486992715920917
P2	P2-F1-EN	train_nested_oof	expanded	45.0	108	1	1	19	1	18	0	0	6.716666666666667	0.05263157894736842	1.0	0.1	2.6799007444168734
H2	H2-F0-L2	train_nested_oof	primary	15.0	1	1	4	21	3	17	1	1	8.25	0.15	0.75	0.25	2.0606060606060606
H2	H2-F0-L2	train_nested_oof	primary	15.0	6	1	0	1	0	1	0	0	3.35	0.0		0.0	0.29850746268656714
H2	H2-F0-L2	train_nested_oof	primary	15.0	8	1	0	54	0	52	0	2	8.083333333333334	0.0		0.0	6.432989690721649
H2	H2-F0-L2	train_nested_oof	primary	15.0	9	1	3	26	3	23	0	0	8.725	0.11538461538461539	1.0	0.20689655172413793	2.6361031518624642
H2	H2-F0-L2	train_nested_oof	primary	15.0	10	1	3	12	2	10	1	0	8.991666666666667	0.16666666666666666	0.6666666666666666	0.26666666666666666	1.1121408711770158
H2	H2-F0-L2	train_nested_oof	primary	15.0	11	1	6	14	1	13	5	0	8.408333333333333	0.07142857142857142	0.16666666666666666	0.1	1.5460852329038652
H2	H2-F0-L2	train_nested_oof	primary	15.0	13	1	2	10	1	9	1	0	8.675	0.1	0.5	0.16666666666666666	1.037463976945245
H2	H2-F0-L2	train_nested_oof	primary	15.0	14	1	1	9	0	9	1	0	8.558333333333334	0.0	0.0	0.0	1.0516066212268744
H2	H2-F0-L2	train_nested_oof	primary	15.0	16	1	2	21	1	20	1	0	7.716666666666667	0.047619047619047616	0.5	0.08695652173913043	2.591792656587473
H2	H2-F0-L2	train_nested_oof	primary	15.0	19	1	3	6	1	5	2	0	7.875	0.16666666666666666	0.3333333333333333	0.2222222222222222	0.6349206349206349
H2	H2-F0-L2	train_nested_oof	primary	15.0	20	1	1	3	0	3	1	0	7.1	0.0	0.0	0.0	0.4225352112676057
H2	H2-F0-L2	train_nested_oof	primary	15.0	21	1	0	67	0	65	0	2	9.175	0.0		0.0	7.084468664850136
H2	H2-F0-L2	train_nested_oof	primary	15.0	24	1	1	13	0	13	1	0	6.716666666666667	0.0	0.0	0.0	1.935483870967742
H2	H2-F0-L2	train_nested_oof	primary	15.0	29	1	2	9	1	8	1	0	7.458333333333333	0.1111111111111111	0.5	0.18181818181818182	1.0726256983240223
H2	H2-F0-L2	train_nested_oof	primary	15.0	31	1	3	2	1	1	2	0	7.633333333333334	0.5	0.3333333333333333	0.4	0.13100436681222707
H2	H2-F0-L2	train_nested_oof	primary	15.0	32	1	5	33	5	27	0	1	7.641666666666667	0.15625	1.0	0.2702702702702703	3.533260632497274
H2	H2-F0-L2	train_nested_oof	primary	15.0	33	1	2	18	2	16	0	0	7.041666666666667	0.1111111111111111	1.0	0.2	2.272189349112426
H2	H2-F0-L2	train_nested_oof	primary	15.0	34	1	0	13	0	12	0	1	8.3	0.0		0.0	1.4457831325301203
H2	H2-F0-L2	train_nested_oof	primary	15.0	35	1	2	1	0	1	2	0	7.225	0.0	0.0	0.0	0.1384083044982699
H2	H2-F0-L2	train_nested_oof	primary	15.0	36	1	3	21	2	19	1	0	9.225	0.09523809523809523	0.6666666666666666	0.16666666666666666	2.059620596205962
H2	H2-F0-L2	train_nested_oof	primary	15.0	38	1	1	1	1	0	0	0	6.858333333333333	1.0	1.0	1.0	0.0
H2	H2-F0-L2	train_nested_oof	primary	15.0	39	1	2	3	0	3	2	0	8.016666666666667	0.0	0.0	0.0	0.3742203742203742
H2	H2-F0-L2	train_nested_oof	primary	15.0	42	1	0	19	0	19	0	0	8.925	0.0		0.0	2.1288515406162465
H2	H2-F0-L2	train_nested_oof	primary	15.0	43	1	2	10	2	8	0	0	7.275	0.2	1.0	0.3333333333333333	1.099656357388316
H2	H2-F0-L2	train_nested_oof	primary	15.0	45	1	0	2	0	2	0	0	6.775	0.0		0.0	0.2952029520295203
H2	H2-F0-L2	train_nested_oof	primary	15.0	46	1	5	14	2	10	3	2	7.483333333333333	0.16666666666666666	0.4	0.23529411764705882	1.3363028953229399
H2	H2-F0-L2	train_nested_oof	primary	15.0	50	1	1	7	0	7	1	0	7.375	0.0	0.0	0.0	0.9491525423728814
H2	H2-F0-L2	train_nested_oof	primary	15.0	51	1	1	6	0	6	1	0	8.416666666666666	0.0	0.0	0.0	0.712871287128713
H2	H2-F0-L2	train_nested_oof	primary	15.0	53	1	0	3	0	3	0	0	7.808333333333334	0.0		0.0	0.384204909284952
H2	H2-F0-L2	train_nested_oof	primary	15.0	54	1	1	16	0	15	1	1	7.916666666666667	0.0	0.0	0.0	1.894736842105263
H2	H2-F0-L2	train_nested_oof	primary	15.0	58	1	5	3	0	3	5	0	8.45	0.0	0.0	0.0	0.3550295857988166
H2	H2-F0-L2	train_nested_oof	primary	15.0	59	1	3	7	0	7	3	0	8.175	0.0	0.0	0.0	0.856269113149847
H2	H2-F0-L2	train_nested_oof	primary	15.0	60	1	3	2	0	2	3	0	7.258333333333334	0.0	0.0	0.0	0.2755453501722158
H2	H2-F0-L2	train_nested_oof	primary	15.0	61	1	0	19	0	17	0	2	8.316666666666666	0.0		0.0	2.0440881763527057
H2	H2-F0-L2	train_nested_oof	primary	15.0	62	1	4	6	0	6	4	0	8.133333333333333	0.0	0.0	0.0	0.7377049180327869
H2	H2-F0-L2	train_nested_oof	primary	15.0	63	1	4	18	2	16	2	0	8.033333333333333	0.1111111111111111	0.5	0.18181818181818182	1.991701244813278
H2	H2-F0-L2	train_nested_oof	primary	15.0	65	1	7	16	3	13	4	0	7.45	0.1875	0.42857142857142855	0.2608695652173913	1.74496644295302
H2	H2-F0-L2	train_nested_oof	primary	15.0	66	1	0	4	0	4	0	0	8.708333333333334	0.0		0.0	0.4593301435406698
H2	H2-F0-L2	train_nested_oof	primary	15.0	67	1	4	21	2	18	2	1	8.241666666666667	0.1	0.5	0.16666666666666666	2.1840242669362993
H2	H2-F0-L2	train_nested_oof	primary	15.0	68	1	5	3	1	2	4	0	7.733333333333333	0.3333333333333333	0.2	0.25	0.25862068965517243
H2	H2-F0-L2	train_nested_oof	primary	15.0	71	1	0	0	0	0	0	0	7.091666666666667				0.0
H2	H2-F0-L2	train_nested_oof	primary	15.0	72	1	1	1	0	0	1	1	6.933333333333334		0.0	0.0	0.0
H2	H2-F0-L2	train_nested_oof	primary	15.0	75	1	1	7	1	6	0	0	7.875	0.14285714285714285	1.0	0.25	0.7619047619047619
H2	H2-F0-L2	train_nested_oof	primary	15.0	76	1	1	6	1	5	0	0	8.058333333333334	0.16666666666666666	1.0	0.2857142857142857	0.6204756980351602
H2	H2-F0-L2	train_nested_oof	primary	15.0	78	2	7	13	3	9	4	1	16.241666666666667	0.25	0.42857142857142855	0.3157894736842105	0.5541303232426885
H2	H2-F0-L2	train_nested_oof	primary	15.0	79	2	4	116	2	110	2	4	16.35	0.017857142857142856	0.5	0.034482758620689655	6.727828746177369
H2	H2-F0-L2	train_nested_oof	primary	15.0	80	2	2	6	1	5	1	0	15.274999999999999	0.16666666666666666	0.5	0.25	0.32733224222585927
H2	H2-F0-L2	train_nested_oof	primary	15.0	81	2	1	76	1	74	0	1	14.666666666666668	0.013333333333333334	1.0	0.02631578947368421	5.045454545454545
H2	H2-F0-L2	train_nested_oof	primary	15.0	82	2	4	3	1	2	3	0	16.066666666666666	0.3333333333333333	0.25	0.2857142857142857	0.12448132780082988
H2	H2-F0-L2	train_nested_oof	primary	15.0	84	3	20	5	1	4	19	0	22.03333333333333	0.2	0.05	0.08	0.18154311649016644
H2	H2-F0-L2	train_nested_oof	primary	15.0	85	1	0	4	0	4	0	0	7.383333333333334	0.0		0.0	0.5417607223476297
H2	H2-F0-L2	train_nested_oof	primary	15.0	87	3	0	109	0	108	0	1	20.333333333333336	0.0		0.0	5.311475409836065
H2	H2-F0-L2	train_nested_oof	primary	15.0	91	2	0	6	0	6	0	0	16.46666666666667	0.0		0.0	0.36437246963562747
H2	H2-F0-L2	train_nested_oof	primary	15.0	92	2	19	21	5	16	14	0	16.325000000000003	0.23809523809523808	0.2631578947368421	0.25	0.9800918836140886
H2	H2-F0-L2	train_nested_oof	primary	15.0	93	2	0	54	0	52	0	2	17.008333333333333	0.0		0.0	3.0573248407643314
H2	H2-F0-L2	train_nested_oof	primary	15.0	94	1	2	2	1	1	1	0	6.891666666666667	0.5	0.5	0.5	0.14510278113663846
H2	H2-F0-L2	train_nested_oof	primary	15.0	95	1	0	0	0	0	0	0	7.025				0.0
H2	H2-F0-L2	train_nested_oof	primary	15.0	96	3	10	36	2	34	8	0	22.8	0.05555555555555555	0.2	0.08695652173913043	1.4912280701754386
H2	H2-F0-L2	train_nested_oof	primary	15.0	98	3	6	17	1	14	5	2	20.616666666666667	0.06666666666666667	0.16666666666666666	0.09523809523809523	0.6790622473726758
H2	H2-F0-L2	train_nested_oof	primary	15.0	99	3	7	10	3	7	4	0	21.2	0.3	0.42857142857142855	0.35294117647058826	0.33018867924528306
H2	H2-F0-L2	train_nested_oof	primary	15.0	100	1	0	11	0	10	0	1	7.383333333333334	0.0		0.0	1.3544018058690743
H2	H2-F0-L2	train_nested_oof	primary	15.0	101	1	0	3	0	3	0	0	7.241666666666666	0.0		0.0	0.4142692750287687
H2	H2-F0-L2	train_nested_oof	primary	15.0	104	1	3	4	0	4	3	0	8.008333333333333	0.0	0.0	0.0	0.49947970863683666
H2	H2-F0-L2	train_nested_oof	primary	15.0	108	1	1	8	0	8	1	0	6.716666666666667	0.0	0.0	0.0	1.1910669975186103
H2	H2-F0-L2	train_nested_oof	primary	45.0	1	1	4	21	3	17	1	1	8.25	0.15	0.75	0.25	2.0606060606060606
H2	H2-F0-L2	train_nested_oof	primary	45.0	6	1	0	1	0	1	0	0	3.35	0.0		0.0	0.29850746268656714
H2	H2-F0-L2	train_nested_oof	primary	45.0	8	1	0	54	0	52	0	2	8.083333333333334	0.0		0.0	6.432989690721649
H2	H2-F0-L2	train_nested_oof	primary	45.0	9	1	3	26	3	23	0	0	8.725	0.11538461538461539	1.0	0.20689655172413793	2.6361031518624642
H2	H2-F0-L2	train_nested_oof	primary	45.0	10	1	3	12	2	10	1	0	8.991666666666667	0.16666666666666666	0.6666666666666666	0.26666666666666666	1.1121408711770158
H2	H2-F0-L2	train_nested_oof	primary	45.0	11	1	6	14	2	12	4	0	8.408333333333333	0.14285714285714285	0.3333333333333333	0.2	1.4271555996035679
H2	H2-F0-L2	train_nested_oof	primary	45.0	13	1	2	10	1	9	1	0	8.675	0.1	0.5	0.16666666666666666	1.037463976945245
H2	H2-F0-L2	train_nested_oof	primary	45.0	14	1	1	9	0	9	1	0	8.558333333333334	0.0	0.0	0.0	1.0516066212268744
H2	H2-F0-L2	train_nested_oof	primary	45.0	16	1	2	21	2	19	0	0	7.716666666666667	0.09523809523809523	1.0	0.17391304347826086	2.462203023758099
H2	H2-F0-L2	train_nested_oof	primary	45.0	19	1	3	6	2	4	1	0	7.875	0.3333333333333333	0.6666666666666666	0.4444444444444444	0.5079365079365079
H2	H2-F0-L2	train_nested_oof	primary	45.0	20	1	1	3	0	3	1	0	7.1	0.0	0.0	0.0	0.4225352112676057
H2	H2-F0-L2	train_nested_oof	primary	45.0	21	1	0	67	0	64	0	3	9.175	0.0		0.0	6.975476839237056
H2	H2-F0-L2	train_nested_oof	primary	45.0	24	1	1	13	1	12	0	0	6.716666666666667	0.07692307692307693	1.0	0.14285714285714285	1.7866004962779156
H2	H2-F0-L2	train_nested_oof	primary	45.0	29	1	2	9	2	7	0	0	7.458333333333333	0.2222222222222222	1.0	0.36363636363636365	0.9385474860335196
H2	H2-F0-L2	train_nested_oof	primary	45.0	31	1	3	2	1	1	2	0	7.633333333333334	0.5	0.3333333333333333	0.4	0.13100436681222707
H2	H2-F0-L2	train_nested_oof	primary	45.0	32	1	5	33	5	27	0	1	7.641666666666667	0.15625	1.0	0.2702702702702703	3.533260632497274
H2	H2-F0-L2	train_nested_oof	primary	45.0	33	1	2	18	2	16	0	0	7.041666666666667	0.1111111111111111	1.0	0.2	2.272189349112426
H2	H2-F0-L2	train_nested_oof	primary	45.0	34	1	0	13	0	12	0	1	8.3	0.0		0.0	1.4457831325301203
H2	H2-F0-L2	train_nested_oof	primary	45.0	35	1	2	1	0	1	2	0	7.225	0.0	0.0	0.0	0.1384083044982699
H2	H2-F0-L2	train_nested_oof	primary	45.0	36	1	3	21	2	19	1	0	9.225	0.09523809523809523	0.6666666666666666	0.16666666666666666	2.059620596205962
H2	H2-F0-L2	train_nested_oof	primary	45.0	38	1	1	1	1	0	0	0	6.858333333333333	1.0	1.0	1.0	0.0
H2	H2-F0-L2	train_nested_oof	primary	45.0	39	1	2	3	0	3	2	0	8.016666666666667	0.0	0.0	0.0	0.3742203742203742
H2	H2-F0-L2	train_nested_oof	primary	45.0	42	1	0	19	0	18	0	1	8.925	0.0		0.0	2.0168067226890756
H2	H2-F0-L2	train_nested_oof	primary	45.0	43	1	2	10	2	8	0	0	7.275	0.2	1.0	0.3333333333333333	1.099656357388316
H2	H2-F0-L2	train_nested_oof	primary	45.0	45	1	0	2	0	2	0	0	6.775	0.0		0.0	0.2952029520295203
H2	H2-F0-L2	train_nested_oof	primary	45.0	46	1	5	14	2	9	3	3	7.483333333333333	0.18181818181818182	0.4	0.25	1.2026726057906458
H2	H2-F0-L2	train_nested_oof	primary	45.0	50	1	1	7	0	7	1	0	7.375	0.0	0.0	0.0	0.9491525423728814
H2	H2-F0-L2	train_nested_oof	primary	45.0	51	1	1	6	0	6	1	0	8.416666666666666	0.0	0.0	0.0	0.712871287128713
H2	H2-F0-L2	train_nested_oof	primary	45.0	53	1	0	3	0	3	0	0	7.808333333333334	0.0		0.0	0.384204909284952
H2	H2-F0-L2	train_nested_oof	primary	45.0	54	1	1	16	0	15	1	1	7.916666666666667	0.0	0.0	0.0	1.894736842105263
H2	H2-F0-L2	train_nested_oof	primary	45.0	58	1	5	3	0	3	5	0	8.45	0.0	0.0	0.0	0.3550295857988166
H2	H2-F0-L2	train_nested_oof	primary	45.0	59	1	3	7	0	7	3	0	8.175	0.0	0.0	0.0	0.856269113149847
H2	H2-F0-L2	train_nested_oof	primary	45.0	60	1	3	2	0	2	3	0	7.258333333333334	0.0	0.0	0.0	0.2755453501722158
H2	H2-F0-L2	train_nested_oof	primary	45.0	61	1	0	19	0	17	0	2	8.316666666666666	0.0		0.0	2.0440881763527057
H2	H2-F0-L2	train_nested_oof	primary	45.0	62	1	4	6	0	5	4	1	8.133333333333333	0.0	0.0	0.0	0.6147540983606558
H2	H2-F0-L2	train_nested_oof	primary	45.0	63	1	4	18	2	16	2	0	8.033333333333333	0.1111111111111111	0.5	0.18181818181818182	1.991701244813278
H2	H2-F0-L2	train_nested_oof	primary	45.0	65	1	7	16	3	13	4	0	7.45	0.1875	0.42857142857142855	0.2608695652173913	1.74496644295302
H2	H2-F0-L2	train_nested_oof	primary	45.0	66	1	0	4	0	4	0	0	8.708333333333334	0.0		0.0	0.4593301435406698
H2	H2-F0-L2	train_nested_oof	primary	45.0	67	1	4	21	3	17	1	1	8.241666666666667	0.15	0.75	0.25	2.062689585439838
H2	H2-F0-L2	train_nested_oof	primary	45.0	68	1	5	3	1	2	4	0	7.733333333333333	0.3333333333333333	0.2	0.25	0.25862068965517243
H2	H2-F0-L2	train_nested_oof	primary	45.0	71	1	0	0	0	0	0	0	7.091666666666667				0.0
H2	H2-F0-L2	train_nested_oof	primary	45.0	72	1	1	1	0	0	1	1	6.933333333333334		0.0	0.0	0.0
H2	H2-F0-L2	train_nested_oof	primary	45.0	75	1	1	7	1	6	0	0	7.875	0.14285714285714285	1.0	0.25	0.7619047619047619
H2	H2-F0-L2	train_nested_oof	primary	45.0	76	1	1	6	1	5	0	0	8.058333333333334	0.16666666666666666	1.0	0.2857142857142857	0.6204756980351602
H2	H2-F0-L2	train_nested_oof	primary	45.0	78	2	7	13	4	8	3	1	16.241666666666667	0.3333333333333333	0.5714285714285714	0.42105263157894735	0.49256028732683427
H2	H2-F0-L2	train_nested_oof	primary	45.0	79	2	4	116	2	109	2	5	16.35	0.018018018018018018	0.5	0.034782608695652174	6.666666666666666
H2	H2-F0-L2	train_nested_oof	primary	45.0	80	2	2	6	1	5	1	0	15.274999999999999	0.16666666666666666	0.5	0.25	0.32733224222585927
H2	H2-F0-L2	train_nested_oof	primary	45.0	81	2	1	76	1	74	0	1	14.666666666666668	0.013333333333333334	1.0	0.02631578947368421	5.045454545454545
H2	H2-F0-L2	train_nested_oof	primary	45.0	82	2	4	3	1	2	3	0	16.066666666666666	0.3333333333333333	0.25	0.2857142857142857	0.12448132780082988
H2	H2-F0-L2	train_nested_oof	primary	45.0	84	3	20	5	1	3	19	1	22.03333333333333	0.25	0.05	0.08333333333333333	0.1361573373676248
H2	H2-F0-L2	train_nested_oof	primary	45.0	85	1	0	4	0	4	0	0	7.383333333333334	0.0		0.0	0.5417607223476297
H2	H2-F0-L2	train_nested_oof	primary	45.0	87	3	0	109	0	108	0	1	20.333333333333336	0.0		0.0	5.311475409836065
H2	H2-F0-L2	train_nested_oof	primary	45.0	91	2	0	6	0	6	0	0	16.46666666666667	0.0		0.0	0.36437246963562747
H2	H2-F0-L2	train_nested_oof	primary	45.0	92	2	19	21	6	15	13	0	16.325000000000003	0.2857142857142857	0.3157894736842105	0.3	0.9188361408882081
H2	H2-F0-L2	train_nested_oof	primary	45.0	93	2	0	54	0	51	0	3	17.008333333333333	0.0		0.0	2.998530132288094
H2	H2-F0-L2	train_nested_oof	primary	45.0	94	1	2	2	1	1	1	0	6.891666666666667	0.5	0.5	0.5	0.14510278113663846
H2	H2-F0-L2	train_nested_oof	primary	45.0	95	1	0	0	0	0	0	0	7.025				0.0
H2	H2-F0-L2	train_nested_oof	primary	45.0	96	3	10	36	4	29	6	3	22.8	0.12121212121212122	0.4	0.18604651162790697	1.2719298245614035
H2	H2-F0-L2	train_nested_oof	primary	45.0	98	3	6	17	1	14	5	2	20.616666666666667	0.06666666666666667	0.16666666666666666	0.09523809523809523	0.6790622473726758
H2	H2-F0-L2	train_nested_oof	primary	45.0	99	3	7	10	3	7	4	0	21.2	0.3	0.42857142857142855	0.35294117647058826	0.33018867924528306
H2	H2-F0-L2	train_nested_oof	primary	45.0	100	1	0	11	0	10	0	1	7.383333333333334	0.0		0.0	1.3544018058690743
H2	H2-F0-L2	train_nested_oof	primary	45.0	101	1	0	3	0	3	0	0	7.241666666666666	0.0		0.0	0.4142692750287687
H2	H2-F0-L2	train_nested_oof	primary	45.0	104	1	3	4	1	3	2	0	8.008333333333333	0.25	0.3333333333333333	0.2857142857142857	0.37460978147762747
H2	H2-F0-L2	train_nested_oof	primary	45.0	108	1	1	8	1	7	0	0	6.716666666666667	0.125	1.0	0.2222222222222222	1.0421836228287842
H2	H2-F0-L2	train_nested_oof	expanded	15.0	1	1	5	21	4	17	1	0	8.25	0.19047619047619047	0.8	0.3076923076923077	2.0606060606060606
H2	H2-F0-L2	train_nested_oof	expanded	15.0	6	1	0	1	0	1	0	0	3.35	0.0		0.0	0.29850746268656714
H2	H2-F0-L2	train_nested_oof	expanded	15.0	8	1	2	54	2	52	0	0	8.083333333333334	0.037037037037037035	1.0	0.07142857142857142	6.432989690721649
H2	H2-F0-L2	train_nested_oof	expanded	15.0	9	1	3	26	3	23	0	0	8.725	0.11538461538461539	1.0	0.20689655172413793	2.6361031518624642
H2	H2-F0-L2	train_nested_oof	expanded	15.0	10	1	3	12	2	10	1	0	8.991666666666667	0.16666666666666666	0.6666666666666666	0.26666666666666666	1.1121408711770158
H2	H2-F0-L2	train_nested_oof	expanded	15.0	11	1	7	14	1	13	6	0	8.408333333333333	0.07142857142857142	0.14285714285714285	0.09523809523809523	1.5460852329038652
H2	H2-F0-L2	train_nested_oof	expanded	15.0	13	1	2	10	1	9	1	0	8.675	0.1	0.5	0.16666666666666666	1.037463976945245
H2	H2-F0-L2	train_nested_oof	expanded	15.0	14	1	2	9	0	9	2	0	8.558333333333334	0.0	0.0	0.0	1.0516066212268744
H2	H2-F0-L2	train_nested_oof	expanded	15.0	16	1	2	21	1	20	1	0	7.716666666666667	0.047619047619047616	0.5	0.08695652173913043	2.591792656587473
H2	H2-F0-L2	train_nested_oof	expanded	15.0	19	1	3	6	1	5	2	0	7.875	0.16666666666666666	0.3333333333333333	0.2222222222222222	0.6349206349206349
H2	H2-F0-L2	train_nested_oof	expanded	15.0	20	1	1	3	0	3	1	0	7.1	0.0	0.0	0.0	0.4225352112676057
H2	H2-F0-L2	train_nested_oof	expanded	15.0	21	1	3	67	2	65	1	0	9.175	0.029850746268656716	0.6666666666666666	0.05714285714285714	7.084468664850136
H2	H2-F0-L2	train_nested_oof	expanded	15.0	24	1	1	13	0	13	1	0	6.716666666666667	0.0	0.0	0.0	1.935483870967742
H2	H2-F0-L2	train_nested_oof	expanded	15.0	29	1	2	9	1	8	1	0	7.458333333333333	0.1111111111111111	0.5	0.18181818181818182	1.0726256983240223
H2	H2-F0-L2	train_nested_oof	expanded	15.0	31	1	3	2	1	1	2	0	7.633333333333334	0.5	0.3333333333333333	0.4	0.13100436681222707
H2	H2-F0-L2	train_nested_oof	expanded	15.0	32	1	6	33	6	27	0	0	7.641666666666667	0.18181818181818182	1.0	0.3076923076923077	3.533260632497274
H2	H2-F0-L2	train_nested_oof	expanded	15.0	33	1	2	18	2	16	0	0	7.041666666666667	0.1111111111111111	1.0	0.2	2.272189349112426
H2	H2-F0-L2	train_nested_oof	expanded	15.0	34	1	1	13	1	12	0	0	8.3	0.07692307692307693	1.0	0.14285714285714285	1.4457831325301203
H2	H2-F0-L2	train_nested_oof	expanded	15.0	35	1	2	1	0	1	2	0	7.225	0.0	0.0	0.0	0.1384083044982699
H2	H2-F0-L2	train_nested_oof	expanded	15.0	36	1	3	21	2	19	1	0	9.225	0.09523809523809523	0.6666666666666666	0.16666666666666666	2.059620596205962
H2	H2-F0-L2	train_nested_oof	expanded	15.0	38	1	1	1	1	0	0	0	6.858333333333333	1.0	1.0	1.0	0.0
H2	H2-F0-L2	train_nested_oof	expanded	15.0	39	1	2	3	0	3	2	0	8.016666666666667	0.0	0.0	0.0	0.3742203742203742
H2	H2-F0-L2	train_nested_oof	expanded	15.0	42	1	2	19	0	19	2	0	8.925	0.0	0.0	0.0	2.1288515406162465
H2	H2-F0-L2	train_nested_oof	expanded	15.0	43	1	2	10	2	8	0	0	7.275	0.2	1.0	0.3333333333333333	1.099656357388316
H2	H2-F0-L2	train_nested_oof	expanded	15.0	45	1	0	2	0	2	0	0	6.775	0.0		0.0	0.2952029520295203
H2	H2-F0-L2	train_nested_oof	expanded	15.0	46	1	8	14	4	10	4	0	7.483333333333333	0.2857142857142857	0.5	0.36363636363636365	1.3363028953229399
H2	H2-F0-L2	train_nested_oof	expanded	15.0	50	1	1	7	0	7	1	0	7.375	0.0	0.0	0.0	0.9491525423728814
H2	H2-F0-L2	train_nested_oof	expanded	15.0	51	1	1	6	0	6	1	0	8.416666666666666	0.0	0.0	0.0	0.712871287128713
H2	H2-F0-L2	train_nested_oof	expanded	15.0	53	1	0	3	0	3	0	0	7.808333333333334	0.0		0.0	0.384204909284952
H2	H2-F0-L2	train_nested_oof	expanded	15.0	54	1	2	16	1	15	1	0	7.916666666666667	0.0625	0.5	0.1111111111111111	1.894736842105263
H2	H2-F0-L2	train_nested_oof	expanded	15.0	58	1	5	3	0	3	5	0	8.45	0.0	0.0	0.0	0.3550295857988166
H2	H2-F0-L2	train_nested_oof	expanded	15.0	59	1	3	7	0	7	3	0	8.175	0.0	0.0	0.0	0.856269113149847
H2	H2-F0-L2	train_nested_oof	expanded	15.0	60	1	3	2	0	2	3	0	7.258333333333334	0.0	0.0	0.0	0.2755453501722158
H2	H2-F0-L2	train_nested_oof	expanded	15.0	61	1	2	19	2	17	0	0	8.316666666666666	0.10526315789473684	1.0	0.19047619047619047	2.0440881763527057
H2	H2-F0-L2	train_nested_oof	expanded	15.0	62	1	6	6	0	6	6	0	8.133333333333333	0.0	0.0	0.0	0.7377049180327869
H2	H2-F0-L2	train_nested_oof	expanded	15.0	63	1	4	18	2	16	2	0	8.033333333333333	0.1111111111111111	0.5	0.18181818181818182	1.991701244813278
H2	H2-F0-L2	train_nested_oof	expanded	15.0	65	1	7	16	3	13	4	0	7.45	0.1875	0.42857142857142855	0.2608695652173913	1.74496644295302
H2	H2-F0-L2	train_nested_oof	expanded	15.0	66	1	0	4	0	4	0	0	8.708333333333334	0.0		0.0	0.4593301435406698
H2	H2-F0-L2	train_nested_oof	expanded	15.0	67	1	5	21	3	18	2	0	8.241666666666667	0.14285714285714285	0.6	0.23076923076923078	2.1840242669362993
H2	H2-F0-L2	train_nested_oof	expanded	15.0	68	1	5	3	1	2	4	0	7.733333333333333	0.3333333333333333	0.2	0.25	0.25862068965517243
H2	H2-F0-L2	train_nested_oof	expanded	15.0	71	1	0	0	0	0	0	0	7.091666666666667				0.0
H2	H2-F0-L2	train_nested_oof	expanded	15.0	72	1	2	1	1	0	1	0	6.933333333333334	1.0	0.5	0.6666666666666666	0.0
H2	H2-F0-L2	train_nested_oof	expanded	15.0	75	1	1	7	1	6	0	0	7.875	0.14285714285714285	1.0	0.25	0.7619047619047619
H2	H2-F0-L2	train_nested_oof	expanded	15.0	76	1	2	6	1	5	1	0	8.058333333333334	0.16666666666666666	0.5	0.25	0.6204756980351602
H2	H2-F0-L2	train_nested_oof	expanded	15.0	78	2	10	13	4	9	6	0	16.241666666666667	0.3076923076923077	0.4	0.34782608695652173	0.5541303232426885
H2	H2-F0-L2	train_nested_oof	expanded	15.0	79	2	10	116	6	110	4	0	16.35	0.05172413793103448	0.6	0.09523809523809523	6.727828746177369
H2	H2-F0-L2	train_nested_oof	expanded	15.0	80	2	2	6	1	5	1	0	15.274999999999999	0.16666666666666666	0.5	0.25	0.32733224222585927
H2	H2-F0-L2	train_nested_oof	expanded	15.0	81	2	2	76	2	74	0	0	14.666666666666668	0.02631578947368421	1.0	0.05128205128205128	5.045454545454545
H2	H2-F0-L2	train_nested_oof	expanded	15.0	82	2	4	3	1	2	3	0	16.066666666666666	0.3333333333333333	0.25	0.2857142857142857	0.12448132780082988
H2	H2-F0-L2	train_nested_oof	expanded	15.0	84	3	20	5	1	4	19	0	22.03333333333333	0.2	0.05	0.08	0.18154311649016644
H2	H2-F0-L2	train_nested_oof	expanded	15.0	85	1	1	4	0	4	1	0	7.383333333333334	0.0	0.0	0.0	0.5417607223476297
H2	H2-F0-L2	train_nested_oof	expanded	15.0	87	3	1	109	1	108	0	0	20.333333333333336	0.009174311926605505	1.0	0.01818181818181818	5.311475409836065
H2	H2-F0-L2	train_nested_oof	expanded	15.0	91	2	0	6	0	6	0	0	16.46666666666667	0.0		0.0	0.36437246963562747
H2	H2-F0-L2	train_nested_oof	expanded	15.0	92	2	20	21	5	16	15	0	16.325000000000003	0.23809523809523808	0.25	0.24390243902439024	0.9800918836140886
H2	H2-F0-L2	train_nested_oof	expanded	15.0	93	2	3	54	2	52	1	0	17.008333333333333	0.037037037037037035	0.6666666666666666	0.07017543859649122	3.0573248407643314
H2	H2-F0-L2	train_nested_oof	expanded	15.0	94	1	3	2	1	1	2	0	6.891666666666667	0.5	0.3333333333333333	0.4	0.14510278113663846
H2	H2-F0-L2	train_nested_oof	expanded	15.0	95	1	0	0	0	0	0	0	7.025				0.0
H2	H2-F0-L2	train_nested_oof	expanded	15.0	96	3	14	36	2	34	12	0	22.8	0.05555555555555555	0.14285714285714285	0.08	1.4912280701754386
H2	H2-F0-L2	train_nested_oof	expanded	15.0	98	3	8	17	3	14	5	0	20.616666666666667	0.17647058823529413	0.375	0.24	0.6790622473726758
H2	H2-F0-L2	train_nested_oof	expanded	15.0	99	3	7	10	3	7	4	0	21.2	0.3	0.42857142857142855	0.35294117647058826	0.33018867924528306
H2	H2-F0-L2	train_nested_oof	expanded	15.0	100	1	1	11	1	10	0	0	7.383333333333334	0.09090909090909091	1.0	0.16666666666666666	1.3544018058690743
H2	H2-F0-L2	train_nested_oof	expanded	15.0	101	1	0	3	0	3	0	0	7.241666666666666	0.0		0.0	0.4142692750287687
H2	H2-F0-L2	train_nested_oof	expanded	15.0	104	1	3	4	0	4	3	0	8.008333333333333	0.0	0.0	0.0	0.49947970863683666
H2	H2-F0-L2	train_nested_oof	expanded	15.0	108	1	1	8	0	8	1	0	6.716666666666667	0.0	0.0	0.0	1.1910669975186103
H2	H2-F0-L2	train_nested_oof	expanded	45.0	1	1	5	21	4	17	1	0	8.25	0.19047619047619047	0.8	0.3076923076923077	2.0606060606060606
H2	H2-F0-L2	train_nested_oof	expanded	45.0	6	1	0	1	0	1	0	0	3.35	0.0		0.0	0.29850746268656714
H2	H2-F0-L2	train_nested_oof	expanded	45.0	8	1	2	54	2	52	0	0	8.083333333333334	0.037037037037037035	1.0	0.07142857142857142	6.432989690721649
H2	H2-F0-L2	train_nested_oof	expanded	45.0	9	1	3	26	3	23	0	0	8.725	0.11538461538461539	1.0	0.20689655172413793	2.6361031518624642
H2	H2-F0-L2	train_nested_oof	expanded	45.0	10	1	3	12	2	10	1	0	8.991666666666667	0.16666666666666666	0.6666666666666666	0.26666666666666666	1.1121408711770158
H2	H2-F0-L2	train_nested_oof	expanded	45.0	11	1	7	14	2	12	5	0	8.408333333333333	0.14285714285714285	0.2857142857142857	0.19047619047619047	1.4271555996035679
H2	H2-F0-L2	train_nested_oof	expanded	45.0	13	1	2	10	1	9	1	0	8.675	0.1	0.5	0.16666666666666666	1.037463976945245
H2	H2-F0-L2	train_nested_oof	expanded	45.0	14	1	2	9	0	9	2	0	8.558333333333334	0.0	0.0	0.0	1.0516066212268744
H2	H2-F0-L2	train_nested_oof	expanded	45.0	16	1	2	21	2	19	0	0	7.716666666666667	0.09523809523809523	1.0	0.17391304347826086	2.462203023758099
H2	H2-F0-L2	train_nested_oof	expanded	45.0	19	1	3	6	2	4	1	0	7.875	0.3333333333333333	0.6666666666666666	0.4444444444444444	0.5079365079365079
H2	H2-F0-L2	train_nested_oof	expanded	45.0	20	1	1	3	0	3	1	0	7.1	0.0	0.0	0.0	0.4225352112676057
H2	H2-F0-L2	train_nested_oof	expanded	45.0	21	1	3	67	3	64	0	0	9.175	0.04477611940298507	1.0	0.08571428571428572	6.975476839237056
H2	H2-F0-L2	train_nested_oof	expanded	45.0	24	1	1	13	1	12	0	0	6.716666666666667	0.07692307692307693	1.0	0.14285714285714285	1.7866004962779156
H2	H2-F0-L2	train_nested_oof	expanded	45.0	29	1	2	9	2	7	0	0	7.458333333333333	0.2222222222222222	1.0	0.36363636363636365	0.9385474860335196
H2	H2-F0-L2	train_nested_oof	expanded	45.0	31	1	3	2	1	1	2	0	7.633333333333334	0.5	0.3333333333333333	0.4	0.13100436681222707
H2	H2-F0-L2	train_nested_oof	expanded	45.0	32	1	6	33	6	27	0	0	7.641666666666667	0.18181818181818182	1.0	0.3076923076923077	3.533260632497274
H2	H2-F0-L2	train_nested_oof	expanded	45.0	33	1	2	18	2	16	0	0	7.041666666666667	0.1111111111111111	1.0	0.2	2.272189349112426
H2	H2-F0-L2	train_nested_oof	expanded	45.0	34	1	1	13	1	12	0	0	8.3	0.07692307692307693	1.0	0.14285714285714285	1.4457831325301203
H2	H2-F0-L2	train_nested_oof	expanded	45.0	35	1	2	1	0	1	2	0	7.225	0.0	0.0	0.0	0.1384083044982699
H2	H2-F0-L2	train_nested_oof	expanded	45.0	36	1	3	21	2	19	1	0	9.225	0.09523809523809523	0.6666666666666666	0.16666666666666666	2.059620596205962
H2	H2-F0-L2	train_nested_oof	expanded	45.0	38	1	1	1	1	0	0	0	6.858333333333333	1.0	1.0	1.0	0.0
H2	H2-F0-L2	train_nested_oof	expanded	45.0	39	1	2	3	0	3	2	0	8.016666666666667	0.0	0.0	0.0	0.3742203742203742
H2	H2-F0-L2	train_nested_oof	expanded	45.0	42	1	2	19	1	18	1	0	8.925	0.05263157894736842	0.5	0.09523809523809523	2.0168067226890756
H2	H2-F0-L2	train_nested_oof	expanded	45.0	43	1	2	10	2	8	0	0	7.275	0.2	1.0	0.3333333333333333	1.099656357388316
H2	H2-F0-L2	train_nested_oof	expanded	45.0	45	1	0	2	0	2	0	0	6.775	0.0		0.0	0.2952029520295203
H2	H2-F0-L2	train_nested_oof	expanded	45.0	46	1	8	14	5	9	3	0	7.483333333333333	0.35714285714285715	0.625	0.45454545454545453	1.2026726057906458
H2	H2-F0-L2	train_nested_oof	expanded	45.0	50	1	1	7	0	7	1	0	7.375	0.0	0.0	0.0	0.9491525423728814
H2	H2-F0-L2	train_nested_oof	expanded	45.0	51	1	1	6	0	6	1	0	8.416666666666666	0.0	0.0	0.0	0.712871287128713
H2	H2-F0-L2	train_nested_oof	expanded	45.0	53	1	0	3	0	3	0	0	7.808333333333334	0.0		0.0	0.384204909284952
H2	H2-F0-L2	train_nested_oof	expanded	45.0	54	1	2	16	1	15	1	0	7.916666666666667	0.0625	0.5	0.1111111111111111	1.894736842105263
H2	H2-F0-L2	train_nested_oof	expanded	45.0	58	1	5	3	0	3	5	0	8.45	0.0	0.0	0.0	0.3550295857988166
H2	H2-F0-L2	train_nested_oof	expanded	45.0	59	1	3	7	0	7	3	0	8.175	0.0	0.0	0.0	0.856269113149847
H2	H2-F0-L2	train_nested_oof	expanded	45.0	60	1	3	2	0	2	3	0	7.258333333333334	0.0	0.0	0.0	0.2755453501722158
H2	H2-F0-L2	train_nested_oof	expanded	45.0	61	1	2	19	2	17	0	0	8.316666666666666	0.10526315789473684	1.0	0.19047619047619047	2.0440881763527057
H2	H2-F0-L2	train_nested_oof	expanded	45.0	62	1	6	6	1	5	5	0	8.133333333333333	0.16666666666666666	0.16666666666666666	0.16666666666666666	0.6147540983606558
H2	H2-F0-L2	train_nested_oof	expanded	45.0	63	1	4	18	2	16	2	0	8.033333333333333	0.1111111111111111	0.5	0.18181818181818182	1.991701244813278
H2	H2-F0-L2	train_nested_oof	expanded	45.0	65	1	7	16	3	13	4	0	7.45	0.1875	0.42857142857142855	0.2608695652173913	1.74496644295302
H2	H2-F0-L2	train_nested_oof	expanded	45.0	66	1	0	4	0	4	0	0	8.708333333333334	0.0		0.0	0.4593301435406698
H2	H2-F0-L2	train_nested_oof	expanded	45.0	67	1	5	21	4	17	1	0	8.241666666666667	0.19047619047619047	0.8	0.3076923076923077	2.062689585439838
H2	H2-F0-L2	train_nested_oof	expanded	45.0	68	1	5	3	1	2	4	0	7.733333333333333	0.3333333333333333	0.2	0.25	0.25862068965517243
H2	H2-F0-L2	train_nested_oof	expanded	45.0	71	1	0	0	0	0	0	0	7.091666666666667				0.0
H2	H2-F0-L2	train_nested_oof	expanded	45.0	72	1	2	1	1	0	1	0	6.933333333333334	1.0	0.5	0.6666666666666666	0.0
H2	H2-F0-L2	train_nested_oof	expanded	45.0	75	1	1	7	1	6	0	0	7.875	0.14285714285714285	1.0	0.25	0.7619047619047619
H2	H2-F0-L2	train_nested_oof	expanded	45.0	76	1	2	6	1	5	1	0	8.058333333333334	0.16666666666666666	0.5	0.25	0.6204756980351602
H2	H2-F0-L2	train_nested_oof	expanded	45.0	78	2	10	13	5	8	5	0	16.241666666666667	0.38461538461538464	0.5	0.43478260869565216	0.49256028732683427
H2	H2-F0-L2	train_nested_oof	expanded	45.0	79	2	10	116	7	109	3	0	16.35	0.0603448275862069	0.7	0.1111111111111111	6.666666666666666
H2	H2-F0-L2	train_nested_oof	expanded	45.0	80	2	2	6	1	5	1	0	15.274999999999999	0.16666666666666666	0.5	0.25	0.32733224222585927
H2	H2-F0-L2	train_nested_oof	expanded	45.0	81	2	2	76	2	74	0	0	14.666666666666668	0.02631578947368421	1.0	0.05128205128205128	5.045454545454545
H2	H2-F0-L2	train_nested_oof	expanded	45.0	82	2	4	3	1	2	3	0	16.066666666666666	0.3333333333333333	0.25	0.2857142857142857	0.12448132780082988
H2	H2-F0-L2	train_nested_oof	expanded	45.0	84	3	20	5	1	3	19	1	22.03333333333333	0.25	0.05	0.08333333333333333	0.1361573373676248
H2	H2-F0-L2	train_nested_oof	expanded	45.0	85	1	1	4	0	4	1	0	7.383333333333334	0.0	0.0	0.0	0.5417607223476297
H2	H2-F0-L2	train_nested_oof	expanded	45.0	87	3	1	109	1	108	0	0	20.333333333333336	0.009174311926605505	1.0	0.01818181818181818	5.311475409836065
H2	H2-F0-L2	train_nested_oof	expanded	45.0	91	2	0	6	0	6	0	0	16.46666666666667	0.0		0.0	0.36437246963562747
H2	H2-F0-L2	train_nested_oof	expanded	45.0	92	2	20	21	6	15	14	0	16.325000000000003	0.2857142857142857	0.3	0.2926829268292683	0.9188361408882081
H2	H2-F0-L2	train_nested_oof	expanded	45.0	93	2	3	54	3	51	0	0	17.008333333333333	0.05555555555555555	1.0	0.10526315789473684	2.998530132288094
H2	H2-F0-L2	train_nested_oof	expanded	45.0	94	1	3	2	1	1	2	0	6.891666666666667	0.5	0.3333333333333333	0.4	0.14510278113663846
H2	H2-F0-L2	train_nested_oof	expanded	45.0	95	1	0	0	0	0	0	0	7.025				0.0
H2	H2-F0-L2	train_nested_oof	expanded	45.0	96	3	14	36	7	29	7	0	22.8	0.19444444444444445	0.5	0.28	1.2719298245614035
H2	H2-F0-L2	train_nested_oof	expanded	45.0	98	3	8	17	3	14	5	0	20.616666666666667	0.17647058823529413	0.375	0.24	0.6790622473726758
H2	H2-F0-L2	train_nested_oof	expanded	45.0	99	3	7	10	3	7	4	0	21.2	0.3	0.42857142857142855	0.35294117647058826	0.33018867924528306
H2	H2-F0-L2	train_nested_oof	expanded	45.0	100	1	1	11	1	10	0	0	7.383333333333334	0.09090909090909091	1.0	0.16666666666666666	1.3544018058690743
H2	H2-F0-L2	train_nested_oof	expanded	45.0	101	1	0	3	0	3	0	0	7.241666666666666	0.0		0.0	0.4142692750287687
H2	H2-F0-L2	train_nested_oof	expanded	45.0	104	1	3	4	1	3	2	0	8.008333333333333	0.25	0.3333333333333333	0.2857142857142857	0.37460978147762747
H2	H2-F0-L2	train_nested_oof	expanded	45.0	108	1	1	8	1	7	0	0	6.716666666666667	0.125	1.0	0.2222222222222222	1.0421836228287842
H2	H2-F1-L2	train_nested_oof	primary	15.0	1	1	4	8	3	5	1	0	8.25	0.375	0.75	0.5	0.6060606060606061
H2	H2-F1-L2	train_nested_oof	primary	15.0	6	1	0	1	0	1	0	0	3.35	0.0		0.0	0.29850746268656714
H2	H2-F1-L2	train_nested_oof	primary	15.0	8	1	0	18	0	18	0	0	8.083333333333334	0.0		0.0	2.22680412371134
H2	H2-F1-L2	train_nested_oof	primary	15.0	9	1	3	14	1	13	2	0	8.725	0.07142857142857142	0.3333333333333333	0.11764705882352941	1.4899713467048712
H2	H2-F1-L2	train_nested_oof	primary	15.0	10	1	3	13	2	11	1	0	8.991666666666667	0.15384615384615385	0.6666666666666666	0.25	1.2233549582947172
H2	H2-F1-L2	train_nested_oof	primary	15.0	11	1	6	14	2	11	4	1	8.408333333333333	0.15384615384615385	0.3333333333333333	0.21052631578947367	1.3082259663032705
H2	H2-F1-L2	train_nested_oof	primary	15.0	13	1	2	7	1	6	1	0	8.675	0.14285714285714285	0.5	0.2222222222222222	0.6916426512968299
H2	H2-F1-L2	train_nested_oof	primary	15.0	14	1	1	1	0	1	1	0	8.558333333333334	0.0	0.0	0.0	0.11684518013631938
H2	H2-F1-L2	train_nested_oof	primary	15.0	16	1	2	20	2	18	0	0	7.716666666666667	0.1	1.0	0.18181818181818182	2.3326133909287257
H2	H2-F1-L2	train_nested_oof	primary	15.0	19	1	3	18	2	16	1	0	7.875	0.1111111111111111	0.6666666666666666	0.19047619047619047	2.0317460317460316
H2	H2-F1-L2	train_nested_oof	primary	15.0	20	1	1	3	0	3	1	0	7.1	0.0	0.0	0.0	0.4225352112676057
H2	H2-F1-L2	train_nested_oof	primary	15.0	21	1	0	43	0	42	0	1	9.175	0.0		0.0	4.577656675749318
H2	H2-F1-L2	train_nested_oof	primary	15.0	24	1	1	14	0	14	1	0	6.716666666666667	0.0	0.0	0.0	2.0843672456575684
H2	H2-F1-L2	train_nested_oof	primary	15.0	29	1	2	4	1	3	1	0	7.458333333333333	0.25	0.5	0.3333333333333333	0.4022346368715084
H2	H2-F1-L2	train_nested_oof	primary	15.0	31	1	3	1	1	0	2	0	7.633333333333334	1.0	0.3333333333333333	0.5	0.0
H2	H2-F1-L2	train_nested_oof	primary	15.0	32	1	5	11	2	8	3	1	7.641666666666667	0.2	0.4	0.26666666666666666	1.0468920392584515
H2	H2-F1-L2	train_nested_oof	primary	15.0	33	1	2	8	1	7	1	0	7.041666666666667	0.125	0.5	0.2	0.9940828402366864
H2	H2-F1-L2	train_nested_oof	primary	15.0	34	1	0	3	0	2	0	1	8.3	0.0		0.0	0.24096385542168672
H2	H2-F1-L2	train_nested_oof	primary	15.0	35	1	2	3	0	3	2	0	7.225	0.0	0.0	0.0	0.4152249134948097
H2	H2-F1-L2	train_nested_oof	primary	15.0	36	1	3	5	1	4	2	0	9.225	0.2	0.3333333333333333	0.25	0.43360433604336046
H2	H2-F1-L2	train_nested_oof	primary	15.0	38	1	1	4	1	3	0	0	6.858333333333333	0.25	1.0	0.4	0.4374240583232078
H2	H2-F1-L2	train_nested_oof	primary	15.0	39	1	2	7	0	7	2	0	8.016666666666667	0.0	0.0	0.0	0.8731808731808731
H2	H2-F1-L2	train_nested_oof	primary	15.0	42	1	0	17	0	17	0	0	8.925	0.0		0.0	1.9047619047619047
H2	H2-F1-L2	train_nested_oof	primary	15.0	43	1	2	9	0	9	2	0	7.275	0.0	0.0	0.0	1.2371134020618557
H2	H2-F1-L2	train_nested_oof	primary	15.0	45	1	0	1	0	1	0	0	6.775	0.0		0.0	0.14760147601476015
H2	H2-F1-L2	train_nested_oof	primary	15.0	46	1	5	10	2	7	3	1	7.483333333333333	0.2222222222222222	0.4	0.2857142857142857	0.9354120267260579
H2	H2-F1-L2	train_nested_oof	primary	15.0	50	1	1	7	0	7	1	0	7.375	0.0	0.0	0.0	0.9491525423728814
H2	H2-F1-L2	train_nested_oof	primary	15.0	51	1	1	5	0	5	1	0	8.416666666666666	0.0	0.0	0.0	0.5940594059405941
H2	H2-F1-L2	train_nested_oof	primary	15.0	53	1	0	2	0	2	0	0	7.808333333333334	0.0		0.0	0.256136606189968
H2	H2-F1-L2	train_nested_oof	primary	15.0	54	1	1	12	0	11	1	1	7.916666666666667	0.0	0.0	0.0	1.3894736842105262
H2	H2-F1-L2	train_nested_oof	primary	15.0	58	1	5	0	0	0	5	0	8.45		0.0	0.0	0.0
H2	H2-F1-L2	train_nested_oof	primary	15.0	59	1	3	9	0	9	3	0	8.175	0.0	0.0	0.0	1.1009174311926604
H2	H2-F1-L2	train_nested_oof	primary	15.0	60	1	3	0	0	0	3	0	7.258333333333334		0.0	0.0	0.0
H2	H2-F1-L2	train_nested_oof	primary	15.0	61	1	0	18	0	17	0	1	8.316666666666666	0.0		0.0	2.0440881763527057
H2	H2-F1-L2	train_nested_oof	primary	15.0	62	1	4	4	0	4	4	0	8.133333333333333	0.0	0.0	0.0	0.49180327868852464
H2	H2-F1-L2	train_nested_oof	primary	15.0	63	1	4	14	1	13	3	0	8.033333333333333	0.07142857142857142	0.25	0.1111111111111111	1.6182572614107884
H2	H2-F1-L2	train_nested_oof	primary	15.0	65	1	7	17	4	13	3	0	7.45	0.23529411764705882	0.5714285714285714	0.3333333333333333	1.74496644295302
H2	H2-F1-L2	train_nested_oof	primary	15.0	66	1	0	2	0	2	0	0	8.708333333333334	0.0		0.0	0.2296650717703349
H2	H2-F1-L2	train_nested_oof	primary	15.0	67	1	4	5	2	2	2	1	8.241666666666667	0.5	0.5	0.5	0.24266936299292213
H2	H2-F1-L2	train_nested_oof	primary	15.0	68	1	5	5	2	3	3	0	7.733333333333333	0.4	0.4	0.4	0.3879310344827586
H2	H2-F1-L2	train_nested_oof	primary	15.0	71	1	0	1	0	1	0	0	7.091666666666667	0.0		0.0	0.1410105757931845
H2	H2-F1-L2	train_nested_oof	primary	15.0	72	1	1	1	0	1	1	0	6.933333333333334	0.0	0.0	0.0	0.14423076923076922
H2	H2-F1-L2	train_nested_oof	primary	15.0	75	1	1	4	1	3	0	0	7.875	0.25	1.0	0.4	0.38095238095238093
H2	H2-F1-L2	train_nested_oof	primary	15.0	76	1	1	6	1	5	0	0	8.058333333333334	0.16666666666666666	1.0	0.2857142857142857	0.6204756980351602
H2	H2-F1-L2	train_nested_oof	primary	15.0	78	2	7	7	2	5	5	0	16.241666666666667	0.2857142857142857	0.2857142857142857	0.2857142857142857	0.3078501795792714
H2	H2-F1-L2	train_nested_oof	primary	15.0	79	2	4	56	2	53	2	1	16.35	0.03636363636363636	0.5	0.06779661016949153	3.241590214067278
H2	H2-F1-L2	train_nested_oof	primary	15.0	80	2	2	3	1	2	1	0	15.274999999999999	0.3333333333333333	0.5	0.4	0.1309328968903437
H2	H2-F1-L2	train_nested_oof	primary	15.0	81	2	1	46	1	44	0	1	14.666666666666668	0.022222222222222223	1.0	0.043478260869565216	2.9999999999999996
H2	H2-F1-L2	train_nested_oof	primary	15.0	82	2	4	5	1	4	3	0	16.066666666666666	0.2	0.25	0.2222222222222222	0.24896265560165975
H2	H2-F1-L2	train_nested_oof	primary	15.0	84	3	20	6	3	3	17	0	22.03333333333333	0.5	0.15	0.23076923076923078	0.1361573373676248
H2	H2-F1-L2	train_nested_oof	primary	15.0	85	1	0	3	0	3	0	0	7.383333333333334	0.0		0.0	0.4063205417607223
H2	H2-F1-L2	train_nested_oof	primary	15.0	87	3	0	62	0	61	0	1	20.333333333333336	0.0		0.0	2.9999999999999996
H2	H2-F1-L2	train_nested_oof	primary	15.0	91	2	0	19	0	19	0	0	16.46666666666667	0.0		0.0	1.1538461538461537
H2	H2-F1-L2	train_nested_oof	primary	15.0	92	2	19	18	3	15	16	0	16.325000000000003	0.16666666666666666	0.15789473684210525	0.16216216216216217	0.9188361408882081
H2	H2-F1-L2	train_nested_oof	primary	15.0	93	2	0	31	0	30	0	1	17.008333333333333	0.0		0.0	1.7638412542871142
H2	H2-F1-L2	train_nested_oof	primary	15.0	94	1	2	8	1	7	1	0	6.891666666666667	0.125	0.5	0.2	1.0157194679564692
H2	H2-F1-L2	train_nested_oof	primary	15.0	95	1	0	0	0	0	0	0	7.025				0.0
H2	H2-F1-L2	train_nested_oof	primary	15.0	96	3	10	24	0	23	10	1	22.8	0.0	0.0	0.0	1.0087719298245614
H2	H2-F1-L2	train_nested_oof	primary	15.0	98	3	6	9	0	9	6	0	20.616666666666667	0.0	0.0	0.0	0.43654001616814875
H2	H2-F1-L2	train_nested_oof	primary	15.0	99	3	7	31	1	30	6	0	21.2	0.03225806451612903	0.14285714285714285	0.05263157894736842	1.4150943396226416
H2	H2-F1-L2	train_nested_oof	primary	15.0	100	1	0	15	0	15	0	0	7.383333333333334	0.0		0.0	2.0316027088036117
H2	H2-F1-L2	train_nested_oof	primary	15.0	101	1	0	0	0	0	0	0	7.241666666666666				0.0
H2	H2-F1-L2	train_nested_oof	primary	15.0	104	1	3	9	2	7	1	0	8.008333333333333	0.2222222222222222	0.6666666666666666	0.3333333333333333	0.8740894901144641
H2	H2-F1-L2	train_nested_oof	primary	15.0	108	1	1	5	0	5	1	0	6.716666666666667	0.0	0.0	0.0	0.7444168734491315
H2	H2-F1-L2	train_nested_oof	primary	45.0	1	1	4	8	3	5	1	0	8.25	0.375	0.75	0.5	0.6060606060606061
H2	H2-F1-L2	train_nested_oof	primary	45.0	6	1	0	1	0	1	0	0	3.35	0.0		0.0	0.29850746268656714
H2	H2-F1-L2	train_nested_oof	primary	45.0	8	1	0	18	0	18	0	0	8.083333333333334	0.0		0.0	2.22680412371134
H2	H2-F1-L2	train_nested_oof	primary	45.0	9	1	3	14	2	12	1	0	8.725	0.14285714285714285	0.6666666666666666	0.23529411764705882	1.3753581661891119
H2	H2-F1-L2	train_nested_oof	primary	45.0	10	1	3	13	2	11	1	0	8.991666666666667	0.15384615384615385	0.6666666666666666	0.25	1.2233549582947172
H2	H2-F1-L2	train_nested_oof	primary	45.0	11	1	6	14	2	11	4	1	8.408333333333333	0.15384615384615385	0.3333333333333333	0.21052631578947367	1.3082259663032705
H2	H2-F1-L2	train_nested_oof	primary	45.0	13	1	2	7	1	6	1	0	8.675	0.14285714285714285	0.5	0.2222222222222222	0.6916426512968299
H2	H2-F1-L2	train_nested_oof	primary	45.0	14	1	1	1	0	1	1	0	8.558333333333334	0.0	0.0	0.0	0.11684518013631938
H2	H2-F1-L2	train_nested_oof	primary	45.0	16	1	2	20	2	18	0	0	7.716666666666667	0.1	1.0	0.18181818181818182	2.3326133909287257
H2	H2-F1-L2	train_nested_oof	primary	45.0	19	1	3	18	2	16	1	0	7.875	0.1111111111111111	0.6666666666666666	0.19047619047619047	2.0317460317460316
H2	H2-F1-L2	train_nested_oof	primary	45.0	20	1	1	3	0	3	1	0	7.1	0.0	0.0	0.0	0.4225352112676057
H2	H2-F1-L2	train_nested_oof	primary	45.0	21	1	0	43	0	42	0	1	9.175	0.0		0.0	4.577656675749318
H2	H2-F1-L2	train_nested_oof	primary	45.0	24	1	1	14	0	14	1	0	6.716666666666667	0.0	0.0	0.0	2.0843672456575684
H2	H2-F1-L2	train_nested_oof	primary	45.0	29	1	2	4	2	2	0	0	7.458333333333333	0.5	1.0	0.6666666666666666	0.2681564245810056
H2	H2-F1-L2	train_nested_oof	primary	45.0	31	1	3	1	1	0	2	0	7.633333333333334	1.0	0.3333333333333333	0.5	0.0
H2	H2-F1-L2	train_nested_oof	primary	45.0	32	1	5	11	3	7	2	1	7.641666666666667	0.3	0.6	0.4	0.916030534351145
H2	H2-F1-L2	train_nested_oof	primary	45.0	33	1	2	8	1	7	1	0	7.041666666666667	0.125	0.5	0.2	0.9940828402366864
H2	H2-F1-L2	train_nested_oof	primary	45.0	34	1	0	3	0	2	0	1	8.3	0.0		0.0	0.24096385542168672
H2	H2-F1-L2	train_nested_oof	primary	45.0	35	1	2	3	0	3	2	0	7.225	0.0	0.0	0.0	0.4152249134948097
H2	H2-F1-L2	train_nested_oof	primary	45.0	36	1	3	5	1	4	2	0	9.225	0.2	0.3333333333333333	0.25	0.43360433604336046
H2	H2-F1-L2	train_nested_oof	primary	45.0	38	1	1	4	1	3	0	0	6.858333333333333	0.25	1.0	0.4	0.4374240583232078
H2	H2-F1-L2	train_nested_oof	primary	45.0	39	1	2	7	1	6	1	0	8.016666666666667	0.14285714285714285	0.5	0.2222222222222222	0.7484407484407484
H2	H2-F1-L2	train_nested_oof	primary	45.0	42	1	0	17	0	17	0	0	8.925	0.0		0.0	1.9047619047619047
H2	H2-F1-L2	train_nested_oof	primary	45.0	43	1	2	9	0	9	2	0	7.275	0.0	0.0	0.0	1.2371134020618557
H2	H2-F1-L2	train_nested_oof	primary	45.0	45	1	0	1	0	1	0	0	6.775	0.0		0.0	0.14760147601476015
H2	H2-F1-L2	train_nested_oof	primary	45.0	46	1	5	10	2	6	3	2	7.483333333333333	0.25	0.4	0.3076923076923077	0.8017817371937639
H2	H2-F1-L2	train_nested_oof	primary	45.0	50	1	1	7	0	7	1	0	7.375	0.0	0.0	0.0	0.9491525423728814
H2	H2-F1-L2	train_nested_oof	primary	45.0	51	1	1	5	0	5	1	0	8.416666666666666	0.0	0.0	0.0	0.5940594059405941
H2	H2-F1-L2	train_nested_oof	primary	45.0	53	1	0	2	0	2	0	0	7.808333333333334	0.0		0.0	0.256136606189968
H2	H2-F1-L2	train_nested_oof	primary	45.0	54	1	1	12	0	11	1	1	7.916666666666667	0.0	0.0	0.0	1.3894736842105262
H2	H2-F1-L2	train_nested_oof	primary	45.0	58	1	5	0	0	0	5	0	8.45		0.0	0.0	0.0
H2	H2-F1-L2	train_nested_oof	primary	45.0	59	1	3	9	0	9	3	0	8.175	0.0	0.0	0.0	1.1009174311926604
H2	H2-F1-L2	train_nested_oof	primary	45.0	60	1	3	0	0	0	3	0	7.258333333333334		0.0	0.0	0.0
H2	H2-F1-L2	train_nested_oof	primary	45.0	61	1	0	18	0	16	0	2	8.316666666666666	0.0		0.0	1.9238476953907817
H2	H2-F1-L2	train_nested_oof	primary	45.0	62	1	4	4	0	3	4	1	8.133333333333333	0.0	0.0	0.0	0.36885245901639346
H2	H2-F1-L2	train_nested_oof	primary	45.0	63	1	4	14	1	13	3	0	8.033333333333333	0.07142857142857142	0.25	0.1111111111111111	1.6182572614107884
H2	H2-F1-L2	train_nested_oof	primary	45.0	65	1	7	17	5	12	2	0	7.45	0.29411764705882354	0.7142857142857143	0.4166666666666667	1.610738255033557
H2	H2-F1-L2	train_nested_oof	primary	45.0	66	1	0	2	0	2	0	0	8.708333333333334	0.0		0.0	0.2296650717703349
H2	H2-F1-L2	train_nested_oof	primary	45.0	67	1	4	5	2	2	2	1	8.241666666666667	0.5	0.5	0.5	0.24266936299292213
H2	H2-F1-L2	train_nested_oof	primary	45.0	68	1	5	5	2	3	3	0	7.733333333333333	0.4	0.4	0.4	0.3879310344827586
H2	H2-F1-L2	train_nested_oof	primary	45.0	71	1	0	1	0	1	0	0	7.091666666666667	0.0		0.0	0.1410105757931845
H2	H2-F1-L2	train_nested_oof	primary	45.0	72	1	1	1	0	1	1	0	6.933333333333334	0.0	0.0	0.0	0.14423076923076922
H2	H2-F1-L2	train_nested_oof	primary	45.0	75	1	1	4	1	3	0	0	7.875	0.25	1.0	0.4	0.38095238095238093
H2	H2-F1-L2	train_nested_oof	primary	45.0	76	1	1	6	1	4	0	1	8.058333333333334	0.2	1.0	0.3333333333333333	0.4963805584281282
H2	H2-F1-L2	train_nested_oof	primary	45.0	78	2	7	7	2	4	5	1	16.241666666666667	0.3333333333333333	0.2857142857142857	0.3076923076923077	0.24628014366341713
H2	H2-F1-L2	train_nested_oof	primary	45.0	79	2	4	56	3	52	1	1	16.35	0.05454545454545454	0.75	0.1016949152542373	3.180428134556575
H2	H2-F1-L2	train_nested_oof	primary	45.0	80	2	2	3	1	2	1	0	15.274999999999999	0.3333333333333333	0.5	0.4	0.1309328968903437
H2	H2-F1-L2	train_nested_oof	primary	45.0	81	2	1	46	1	44	0	1	14.666666666666668	0.022222222222222223	1.0	0.043478260869565216	2.9999999999999996
H2	H2-F1-L2	train_nested_oof	primary	45.0	82	2	4	5	1	4	3	0	16.066666666666666	0.2	0.25	0.2222222222222222	0.24896265560165975
H2	H2-F1-L2	train_nested_oof	primary	45.0	84	3	20	6	3	3	17	0	22.03333333333333	0.5	0.15	0.23076923076923078	0.1361573373676248
H2	H2-F1-L2	train_nested_oof	primary	45.0	85	1	0	3	0	3	0	0	7.383333333333334	0.0		0.0	0.4063205417607223
H2	H2-F1-L2	train_nested_oof	primary	45.0	87	3	0	62	0	61	0	1	20.333333333333336	0.0		0.0	2.9999999999999996
H2	H2-F1-L2	train_nested_oof	primary	45.0	91	2	0	19	0	19	0	0	16.46666666666667	0.0		0.0	1.1538461538461537
H2	H2-F1-L2	train_nested_oof	primary	45.0	92	2	19	18	5	13	14	0	16.325000000000003	0.2777777777777778	0.2631578947368421	0.2702702702702703	0.796324655436447
H2	H2-F1-L2	train_nested_oof	primary	45.0	93	2	0	31	0	30	0	1	17.008333333333333	0.0		0.0	1.7638412542871142
H2	H2-F1-L2	train_nested_oof	primary	45.0	94	1	2	8	1	6	1	1	6.891666666666667	0.14285714285714285	0.5	0.2222222222222222	0.8706166868198307
H2	H2-F1-L2	train_nested_oof	primary	45.0	95	1	0	0	0	0	0	0	7.025				0.0
H2	H2-F1-L2	train_nested_oof	primary	45.0	96	3	10	24	0	22	10	2	22.8	0.0	0.0	0.0	0.9649122807017544
H2	H2-F1-L2	train_nested_oof	primary	45.0	98	3	6	9	0	9	6	0	20.616666666666667	0.0	0.0	0.0	0.43654001616814875
H2	H2-F1-L2	train_nested_oof	primary	45.0	99	3	7	31	1	30	6	0	21.2	0.03225806451612903	0.14285714285714285	0.05263157894736842	1.4150943396226416
H2	H2-F1-L2	train_nested_oof	primary	45.0	100	1	0	15	0	15	0	0	7.383333333333334	0.0		0.0	2.0316027088036117
H2	H2-F1-L2	train_nested_oof	primary	45.0	101	1	0	0	0	0	0	0	7.241666666666666				0.0
H2	H2-F1-L2	train_nested_oof	primary	45.0	104	1	3	9	2	7	1	0	8.008333333333333	0.2222222222222222	0.6666666666666666	0.3333333333333333	0.8740894901144641
H2	H2-F1-L2	train_nested_oof	primary	45.0	108	1	1	5	0	5	1	0	6.716666666666667	0.0	0.0	0.0	0.7444168734491315
H2	H2-F1-L2	train_nested_oof	expanded	15.0	1	1	5	8	3	5	2	0	8.25	0.375	0.6	0.46153846153846156	0.6060606060606061
H2	H2-F1-L2	train_nested_oof	expanded	15.0	6	1	0	1	0	1	0	0	3.35	0.0		0.0	0.29850746268656714
H2	H2-F1-L2	train_nested_oof	expanded	15.0	8	1	2	18	0	18	2	0	8.083333333333334	0.0	0.0	0.0	2.22680412371134
H2	H2-F1-L2	train_nested_oof	expanded	15.0	9	1	3	14	1	13	2	0	8.725	0.07142857142857142	0.3333333333333333	0.11764705882352941	1.4899713467048712
H2	H2-F1-L2	train_nested_oof	expanded	15.0	10	1	3	13	2	11	1	0	8.991666666666667	0.15384615384615385	0.6666666666666666	0.25	1.2233549582947172
H2	H2-F1-L2	train_nested_oof	expanded	15.0	11	1	7	14	3	11	4	0	8.408333333333333	0.21428571428571427	0.42857142857142855	0.2857142857142857	1.3082259663032705
H2	H2-F1-L2	train_nested_oof	expanded	15.0	13	1	2	7	1	6	1	0	8.675	0.14285714285714285	0.5	0.2222222222222222	0.6916426512968299
H2	H2-F1-L2	train_nested_oof	expanded	15.0	14	1	2	1	0	1	2	0	8.558333333333334	0.0	0.0	0.0	0.11684518013631938
H2	H2-F1-L2	train_nested_oof	expanded	15.0	16	1	2	20	2	18	0	0	7.716666666666667	0.1	1.0	0.18181818181818182	2.3326133909287257
H2	H2-F1-L2	train_nested_oof	expanded	15.0	19	1	3	18	2	16	1	0	7.875	0.1111111111111111	0.6666666666666666	0.19047619047619047	2.0317460317460316
H2	H2-F1-L2	train_nested_oof	expanded	15.0	20	1	1	3	0	3	1	0	7.1	0.0	0.0	0.0	0.4225352112676057
H2	H2-F1-L2	train_nested_oof	expanded	15.0	21	1	3	43	1	42	2	0	9.175	0.023255813953488372	0.3333333333333333	0.043478260869565216	4.577656675749318
H2	H2-F1-L2	train_nested_oof	expanded	15.0	24	1	1	14	0	14	1	0	6.716666666666667	0.0	0.0	0.0	2.0843672456575684
H2	H2-F1-L2	train_nested_oof	expanded	15.0	29	1	2	4	1	3	1	0	7.458333333333333	0.25	0.5	0.3333333333333333	0.4022346368715084
H2	H2-F1-L2	train_nested_oof	expanded	15.0	31	1	3	1	1	0	2	0	7.633333333333334	1.0	0.3333333333333333	0.5	0.0
H2	H2-F1-L2	train_nested_oof	expanded	15.0	32	1	6	11	3	8	3	0	7.641666666666667	0.2727272727272727	0.5	0.35294117647058826	1.0468920392584515
H2	H2-F1-L2	train_nested_oof	expanded	15.0	33	1	2	8	1	7	1	0	7.041666666666667	0.125	0.5	0.2	0.9940828402366864
H2	H2-F1-L2	train_nested_oof	expanded	15.0	34	1	1	3	1	2	0	0	8.3	0.3333333333333333	1.0	0.5	0.24096385542168672
H2	H2-F1-L2	train_nested_oof	expanded	15.0	35	1	2	3	0	3	2	0	7.225	0.0	0.0	0.0	0.4152249134948097
H2	H2-F1-L2	train_nested_oof	expanded	15.0	36	1	3	5	1	4	2	0	9.225	0.2	0.3333333333333333	0.25	0.43360433604336046
H2	H2-F1-L2	train_nested_oof	expanded	15.0	38	1	1	4	1	3	0	0	6.858333333333333	0.25	1.0	0.4	0.4374240583232078
H2	H2-F1-L2	train_nested_oof	expanded	15.0	39	1	2	7	0	7	2	0	8.016666666666667	0.0	0.0	0.0	0.8731808731808731
H2	H2-F1-L2	train_nested_oof	expanded	15.0	42	1	2	17	0	17	2	0	8.925	0.0	0.0	0.0	1.9047619047619047
H2	H2-F1-L2	train_nested_oof	expanded	15.0	43	1	2	9	0	9	2	0	7.275	0.0	0.0	0.0	1.2371134020618557
H2	H2-F1-L2	train_nested_oof	expanded	15.0	45	1	0	1	0	1	0	0	6.775	0.0		0.0	0.14760147601476015
H2	H2-F1-L2	train_nested_oof	expanded	15.0	46	1	8	10	3	7	5	0	7.483333333333333	0.3	0.375	0.3333333333333333	0.9354120267260579
H2	H2-F1-L2	train_nested_oof	expanded	15.0	50	1	1	7	0	7	1	0	7.375	0.0	0.0	0.0	0.9491525423728814
H2	H2-F1-L2	train_nested_oof	expanded	15.0	51	1	1	5	0	5	1	0	8.416666666666666	0.0	0.0	0.0	0.5940594059405941
H2	H2-F1-L2	train_nested_oof	expanded	15.0	53	1	0	2	0	2	0	0	7.808333333333334	0.0		0.0	0.256136606189968
H2	H2-F1-L2	train_nested_oof	expanded	15.0	54	1	2	12	1	11	1	0	7.916666666666667	0.08333333333333333	0.5	0.14285714285714285	1.3894736842105262
H2	H2-F1-L2	train_nested_oof	expanded	15.0	58	1	5	0	0	0	5	0	8.45		0.0	0.0	0.0
H2	H2-F1-L2	train_nested_oof	expanded	15.0	59	1	3	9	0	9	3	0	8.175	0.0	0.0	0.0	1.1009174311926604
H2	H2-F1-L2	train_nested_oof	expanded	15.0	60	1	3	0	0	0	3	0	7.258333333333334		0.0	0.0	0.0
H2	H2-F1-L2	train_nested_oof	expanded	15.0	61	1	2	18	1	17	1	0	8.316666666666666	0.05555555555555555	0.5	0.1	2.0440881763527057
H2	H2-F1-L2	train_nested_oof	expanded	15.0	62	1	6	4	0	4	6	0	8.133333333333333	0.0	0.0	0.0	0.49180327868852464
H2	H2-F1-L2	train_nested_oof	expanded	15.0	63	1	4	14	1	13	3	0	8.033333333333333	0.07142857142857142	0.25	0.1111111111111111	1.6182572614107884
H2	H2-F1-L2	train_nested_oof	expanded	15.0	65	1	7	17	4	13	3	0	7.45	0.23529411764705882	0.5714285714285714	0.3333333333333333	1.74496644295302
H2	H2-F1-L2	train_nested_oof	expanded	15.0	66	1	0	2	0	2	0	0	8.708333333333334	0.0		0.0	0.2296650717703349
H2	H2-F1-L2	train_nested_oof	expanded	15.0	67	1	5	5	3	2	2	0	8.241666666666667	0.6	0.6	0.6	0.24266936299292213
H2	H2-F1-L2	train_nested_oof	expanded	15.0	68	1	5	5	2	3	3	0	7.733333333333333	0.4	0.4	0.4	0.3879310344827586
H2	H2-F1-L2	train_nested_oof	expanded	15.0	71	1	0	1	0	1	0	0	7.091666666666667	0.0		0.0	0.1410105757931845
H2	H2-F1-L2	train_nested_oof	expanded	15.0	72	1	2	1	0	1	2	0	6.933333333333334	0.0	0.0	0.0	0.14423076923076922
H2	H2-F1-L2	train_nested_oof	expanded	15.0	75	1	1	4	1	3	0	0	7.875	0.25	1.0	0.4	0.38095238095238093
H2	H2-F1-L2	train_nested_oof	expanded	15.0	76	1	2	6	1	5	1	0	8.058333333333334	0.16666666666666666	0.5	0.25	0.6204756980351602
H2	H2-F1-L2	train_nested_oof	expanded	15.0	78	2	10	7	2	5	8	0	16.241666666666667	0.2857142857142857	0.2	0.23529411764705882	0.3078501795792714
H2	H2-F1-L2	train_nested_oof	expanded	15.0	79	2	10	56	3	53	7	0	16.35	0.05357142857142857	0.3	0.09090909090909091	3.241590214067278
H2	H2-F1-L2	train_nested_oof	expanded	15.0	80	2	2	3	1	2	1	0	15.274999999999999	0.3333333333333333	0.5	0.4	0.1309328968903437
H2	H2-F1-L2	train_nested_oof	expanded	15.0	81	2	2	46	2	44	0	0	14.666666666666668	0.043478260869565216	1.0	0.08333333333333333	2.9999999999999996
H2	H2-F1-L2	train_nested_oof	expanded	15.0	82	2	4	5	1	4	3	0	16.066666666666666	0.2	0.25	0.2222222222222222	0.24896265560165975
H2	H2-F1-L2	train_nested_oof	expanded	15.0	84	3	20	6	3	3	17	0	22.03333333333333	0.5	0.15	0.23076923076923078	0.1361573373676248
H2	H2-F1-L2	train_nested_oof	expanded	15.0	85	1	1	3	0	3	1	0	7.383333333333334	0.0	0.0	0.0	0.4063205417607223
H2	H2-F1-L2	train_nested_oof	expanded	15.0	87	3	1	62	1	61	0	0	20.333333333333336	0.016129032258064516	1.0	0.031746031746031744	2.9999999999999996
H2	H2-F1-L2	train_nested_oof	expanded	15.0	91	2	0	19	0	19	0	0	16.46666666666667	0.0		0.0	1.1538461538461537
H2	H2-F1-L2	train_nested_oof	expanded	15.0	92	2	20	18	3	15	17	0	16.325000000000003	0.16666666666666666	0.15	0.15789473684210525	0.9188361408882081
H2	H2-F1-L2	train_nested_oof	expanded	15.0	93	2	3	31	1	30	2	0	17.008333333333333	0.03225806451612903	0.3333333333333333	0.058823529411764705	1.7638412542871142
H2	H2-F1-L2	train_nested_oof	expanded	15.0	94	1	3	8	1	7	2	0	6.891666666666667	0.125	0.3333333333333333	0.18181818181818182	1.0157194679564692
H2	H2-F1-L2	train_nested_oof	expanded	15.0	95	1	0	0	0	0	0	0	7.025				0.0
H2	H2-F1-L2	train_nested_oof	expanded	15.0	96	3	14	24	1	23	13	0	22.8	0.041666666666666664	0.07142857142857142	0.05263157894736842	1.0087719298245614
H2	H2-F1-L2	train_nested_oof	expanded	15.0	98	3	8	9	0	9	8	0	20.616666666666667	0.0	0.0	0.0	0.43654001616814875
H2	H2-F1-L2	train_nested_oof	expanded	15.0	99	3	7	31	1	30	6	0	21.2	0.03225806451612903	0.14285714285714285	0.05263157894736842	1.4150943396226416
H2	H2-F1-L2	train_nested_oof	expanded	15.0	100	1	1	15	0	15	1	0	7.383333333333334	0.0	0.0	0.0	2.0316027088036117
H2	H2-F1-L2	train_nested_oof	expanded	15.0	101	1	0	0	0	0	0	0	7.241666666666666				0.0
H2	H2-F1-L2	train_nested_oof	expanded	15.0	104	1	3	9	2	7	1	0	8.008333333333333	0.2222222222222222	0.6666666666666666	0.3333333333333333	0.8740894901144641
H2	H2-F1-L2	train_nested_oof	expanded	15.0	108	1	1	5	0	5	1	0	6.716666666666667	0.0	0.0	0.0	0.7444168734491315
H2	H2-F1-L2	train_nested_oof	expanded	45.0	1	1	5	8	3	5	2	0	8.25	0.375	0.6	0.46153846153846156	0.6060606060606061
H2	H2-F1-L2	train_nested_oof	expanded	45.0	6	1	0	1	0	1	0	0	3.35	0.0		0.0	0.29850746268656714
H2	H2-F1-L2	train_nested_oof	expanded	45.0	8	1	2	18	0	18	2	0	8.083333333333334	0.0	0.0	0.0	2.22680412371134
H2	H2-F1-L2	train_nested_oof	expanded	45.0	9	1	3	14	2	12	1	0	8.725	0.14285714285714285	0.6666666666666666	0.23529411764705882	1.3753581661891119
H2	H2-F1-L2	train_nested_oof	expanded	45.0	10	1	3	13	2	11	1	0	8.991666666666667	0.15384615384615385	0.6666666666666666	0.25	1.2233549582947172
H2	H2-F1-L2	train_nested_oof	expanded	45.0	11	1	7	14	3	11	4	0	8.408333333333333	0.21428571428571427	0.42857142857142855	0.2857142857142857	1.3082259663032705
H2	H2-F1-L2	train_nested_oof	expanded	45.0	13	1	2	7	1	6	1	0	8.675	0.14285714285714285	0.5	0.2222222222222222	0.6916426512968299
H2	H2-F1-L2	train_nested_oof	expanded	45.0	14	1	2	1	0	1	2	0	8.558333333333334	0.0	0.0	0.0	0.11684518013631938
H2	H2-F1-L2	train_nested_oof	expanded	45.0	16	1	2	20	2	18	0	0	7.716666666666667	0.1	1.0	0.18181818181818182	2.3326133909287257
H2	H2-F1-L2	train_nested_oof	expanded	45.0	19	1	3	18	2	16	1	0	7.875	0.1111111111111111	0.6666666666666666	0.19047619047619047	2.0317460317460316
H2	H2-F1-L2	train_nested_oof	expanded	45.0	20	1	1	3	0	3	1	0	7.1	0.0	0.0	0.0	0.4225352112676057
H2	H2-F1-L2	train_nested_oof	expanded	45.0	21	1	3	43	1	42	2	0	9.175	0.023255813953488372	0.3333333333333333	0.043478260869565216	4.577656675749318
H2	H2-F1-L2	train_nested_oof	expanded	45.0	24	1	1	14	0	14	1	0	6.716666666666667	0.0	0.0	0.0	2.0843672456575684
H2	H2-F1-L2	train_nested_oof	expanded	45.0	29	1	2	4	2	2	0	0	7.458333333333333	0.5	1.0	0.6666666666666666	0.2681564245810056
H2	H2-F1-L2	train_nested_oof	expanded	45.0	31	1	3	1	1	0	2	0	7.633333333333334	1.0	0.3333333333333333	0.5	0.0
H2	H2-F1-L2	train_nested_oof	expanded	45.0	32	1	6	11	4	7	2	0	7.641666666666667	0.36363636363636365	0.6666666666666666	0.47058823529411764	0.916030534351145
H2	H2-F1-L2	train_nested_oof	expanded	45.0	33	1	2	8	1	7	1	0	7.041666666666667	0.125	0.5	0.2	0.9940828402366864
H2	H2-F1-L2	train_nested_oof	expanded	45.0	34	1	1	3	1	2	0	0	8.3	0.3333333333333333	1.0	0.5	0.24096385542168672
H2	H2-F1-L2	train_nested_oof	expanded	45.0	35	1	2	3	0	3	2	0	7.225	0.0	0.0	0.0	0.4152249134948097
H2	H2-F1-L2	train_nested_oof	expanded	45.0	36	1	3	5	1	4	2	0	9.225	0.2	0.3333333333333333	0.25	0.43360433604336046
H2	H2-F1-L2	train_nested_oof	expanded	45.0	38	1	1	4	1	3	0	0	6.858333333333333	0.25	1.0	0.4	0.4374240583232078
H2	H2-F1-L2	train_nested_oof	expanded	45.0	39	1	2	7	1	6	1	0	8.016666666666667	0.14285714285714285	0.5	0.2222222222222222	0.7484407484407484
H2	H2-F1-L2	train_nested_oof	expanded	45.0	42	1	2	17	0	17	2	0	8.925	0.0	0.0	0.0	1.9047619047619047
H2	H2-F1-L2	train_nested_oof	expanded	45.0	43	1	2	9	0	9	2	0	7.275	0.0	0.0	0.0	1.2371134020618557
H2	H2-F1-L2	train_nested_oof	expanded	45.0	45	1	0	1	0	1	0	0	6.775	0.0		0.0	0.14760147601476015
H2	H2-F1-L2	train_nested_oof	expanded	45.0	46	1	8	10	4	6	4	0	7.483333333333333	0.4	0.5	0.4444444444444444	0.8017817371937639
H2	H2-F1-L2	train_nested_oof	expanded	45.0	50	1	1	7	0	7	1	0	7.375	0.0	0.0	0.0	0.9491525423728814
H2	H2-F1-L2	train_nested_oof	expanded	45.0	51	1	1	5	0	5	1	0	8.416666666666666	0.0	0.0	0.0	0.5940594059405941
H2	H2-F1-L2	train_nested_oof	expanded	45.0	53	1	0	2	0	2	0	0	7.808333333333334	0.0		0.0	0.256136606189968
H2	H2-F1-L2	train_nested_oof	expanded	45.0	54	1	2	12	1	11	1	0	7.916666666666667	0.08333333333333333	0.5	0.14285714285714285	1.3894736842105262
H2	H2-F1-L2	train_nested_oof	expanded	45.0	58	1	5	0	0	0	5	0	8.45		0.0	0.0	0.0
H2	H2-F1-L2	train_nested_oof	expanded	45.0	59	1	3	9	0	9	3	0	8.175	0.0	0.0	0.0	1.1009174311926604
H2	H2-F1-L2	train_nested_oof	expanded	45.0	60	1	3	0	0	0	3	0	7.258333333333334		0.0	0.0	0.0
H2	H2-F1-L2	train_nested_oof	expanded	45.0	61	1	2	18	2	16	0	0	8.316666666666666	0.1111111111111111	1.0	0.2	1.9238476953907817
H2	H2-F1-L2	train_nested_oof	expanded	45.0	62	1	6	4	1	3	5	0	8.133333333333333	0.25	0.16666666666666666	0.2	0.36885245901639346
H2	H2-F1-L2	train_nested_oof	expanded	45.0	63	1	4	14	1	13	3	0	8.033333333333333	0.07142857142857142	0.25	0.1111111111111111	1.6182572614107884
H2	H2-F1-L2	train_nested_oof	expanded	45.0	65	1	7	17	5	12	2	0	7.45	0.29411764705882354	0.7142857142857143	0.4166666666666667	1.610738255033557
H2	H2-F1-L2	train_nested_oof	expanded	45.0	66	1	0	2	0	2	0	0	8.708333333333334	0.0		0.0	0.2296650717703349
H2	H2-F1-L2	train_nested_oof	expanded	45.0	67	1	5	5	3	2	2	0	8.241666666666667	0.6	0.6	0.6	0.24266936299292213
H2	H2-F1-L2	train_nested_oof	expanded	45.0	68	1	5	5	2	3	3	0	7.733333333333333	0.4	0.4	0.4	0.3879310344827586
H2	H2-F1-L2	train_nested_oof	expanded	45.0	71	1	0	1	0	1	0	0	7.091666666666667	0.0		0.0	0.1410105757931845
H2	H2-F1-L2	train_nested_oof	expanded	45.0	72	1	2	1	0	1	2	0	6.933333333333334	0.0	0.0	0.0	0.14423076923076922
H2	H2-F1-L2	train_nested_oof	expanded	45.0	75	1	1	4	1	3	0	0	7.875	0.25	1.0	0.4	0.38095238095238093
H2	H2-F1-L2	train_nested_oof	expanded	45.0	76	1	2	6	2	4	0	0	8.058333333333334	0.3333333333333333	1.0	0.5	0.4963805584281282
H2	H2-F1-L2	train_nested_oof	expanded	45.0	78	2	10	7	3	4	7	0	16.241666666666667	0.42857142857142855	0.3	0.35294117647058826	0.24628014366341713
H2	H2-F1-L2	train_nested_oof	expanded	45.0	79	2	10	56	4	52	6	0	16.35	0.07142857142857142	0.4	0.12121212121212122	3.180428134556575
H2	H2-F1-L2	train_nested_oof	expanded	45.0	80	2	2	3	1	2	1	0	15.274999999999999	0.3333333333333333	0.5	0.4	0.1309328968903437
H2	H2-F1-L2	train_nested_oof	expanded	45.0	81	2	2	46	2	44	0	0	14.666666666666668	0.043478260869565216	1.0	0.08333333333333333	2.9999999999999996
H2	H2-F1-L2	train_nested_oof	expanded	45.0	82	2	4	5	1	4	3	0	16.066666666666666	0.2	0.25	0.2222222222222222	0.24896265560165975
H2	H2-F1-L2	train_nested_oof	expanded	45.0	84	3	20	6	3	3	17	0	22.03333333333333	0.5	0.15	0.23076923076923078	0.1361573373676248
H2	H2-F1-L2	train_nested_oof	expanded	45.0	85	1	1	3	0	3	1	0	7.383333333333334	0.0	0.0	0.0	0.4063205417607223
H2	H2-F1-L2	train_nested_oof	expanded	45.0	87	3	1	62	1	61	0	0	20.333333333333336	0.016129032258064516	1.0	0.031746031746031744	2.9999999999999996
H2	H2-F1-L2	train_nested_oof	expanded	45.0	91	2	0	19	0	19	0	0	16.46666666666667	0.0		0.0	1.1538461538461537
H2	H2-F1-L2	train_nested_oof	expanded	45.0	92	2	20	18	5	13	15	0	16.325000000000003	0.2777777777777778	0.25	0.2631578947368421	0.796324655436447
H2	H2-F1-L2	train_nested_oof	expanded	45.0	93	2	3	31	1	30	2	0	17.008333333333333	0.03225806451612903	0.3333333333333333	0.058823529411764705	1.7638412542871142
H2	H2-F1-L2	train_nested_oof	expanded	45.0	94	1	3	8	2	6	1	0	6.891666666666667	0.25	0.6666666666666666	0.36363636363636365	0.8706166868198307
H2	H2-F1-L2	train_nested_oof	expanded	45.0	95	1	0	0	0	0	0	0	7.025				0.0
H2	H2-F1-L2	train_nested_oof	expanded	45.0	96	3	14	24	2	22	12	0	22.8	0.08333333333333333	0.14285714285714285	0.10526315789473684	0.9649122807017544
H2	H2-F1-L2	train_nested_oof	expanded	45.0	98	3	8	9	0	9	8	0	20.616666666666667	0.0	0.0	0.0	0.43654001616814875
H2	H2-F1-L2	train_nested_oof	expanded	45.0	99	3	7	31	1	30	6	0	21.2	0.03225806451612903	0.14285714285714285	0.05263157894736842	1.4150943396226416
H2	H2-F1-L2	train_nested_oof	expanded	45.0	100	1	1	15	0	15	1	0	7.383333333333334	0.0	0.0	0.0	2.0316027088036117
H2	H2-F1-L2	train_nested_oof	expanded	45.0	101	1	0	0	0	0	0	0	7.241666666666666				0.0
H2	H2-F1-L2	train_nested_oof	expanded	45.0	104	1	3	9	2	7	1	0	8.008333333333333	0.2222222222222222	0.6666666666666666	0.3333333333333333	0.8740894901144641
H2	H2-F1-L2	train_nested_oof	expanded	45.0	108	1	1	5	0	5	1	0	6.716666666666667	0.0	0.0	0.0	0.7444168734491315
H2	H2-F1-EN	train_nested_oof	primary	15.0	1	1	4	21	4	16	0	1	8.25	0.2	1.0	0.3333333333333333	1.9393939393939394
H2	H2-F1-EN	train_nested_oof	primary	15.0	6	1	0	2	0	2	0	0	3.35	0.0		0.0	0.5970149253731343
H2	H2-F1-EN	train_nested_oof	primary	15.0	8	1	0	7	0	6	0	1	8.083333333333334	0.0		0.0	0.7422680412371133
H2	H2-F1-EN	train_nested_oof	primary	15.0	9	1	3	12	3	9	0	0	8.725	0.25	1.0	0.4	1.0315186246418337
H2	H2-F1-EN	train_nested_oof	primary	15.0	10	1	3	7	2	5	1	0	8.991666666666667	0.2857142857142857	0.6666666666666666	0.4	0.5560704355885079
H2	H2-F1-EN	train_nested_oof	primary	15.0	11	1	6	8	2	5	4	1	8.408333333333333	0.2857142857142857	0.3333333333333333	0.3076923076923077	0.5946481665014867
H2	H2-F1-EN	train_nested_oof	primary	15.0	13	1	2	7	1	6	1	0	8.675	0.14285714285714285	0.5	0.2222222222222222	0.6916426512968299
H2	H2-F1-EN	train_nested_oof	primary	15.0	14	1	1	1	0	1	1	0	8.558333333333334	0.0	0.0	0.0	0.11684518013631938
H2	H2-F1-EN	train_nested_oof	primary	15.0	16	1	2	20	1	19	1	0	7.716666666666667	0.05	0.5	0.09090909090909091	2.462203023758099
H2	H2-F1-EN	train_nested_oof	primary	15.0	19	1	3	14	2	12	1	0	7.875	0.14285714285714285	0.6666666666666666	0.23529411764705882	1.5238095238095237
H2	H2-F1-EN	train_nested_oof	primary	15.0	20	1	1	3	0	3	1	0	7.1	0.0	0.0	0.0	0.4225352112676057
H2	H2-F1-EN	train_nested_oof	primary	15.0	21	1	0	30	0	27	0	3	9.175	0.0		0.0	2.9427792915531334
H2	H2-F1-EN	train_nested_oof	primary	15.0	24	1	1	4	0	4	1	0	6.716666666666667	0.0	0.0	0.0	0.5955334987593052
H2	H2-F1-EN	train_nested_oof	primary	15.0	29	1	2	4	1	3	1	0	7.458333333333333	0.25	0.5	0.3333333333333333	0.4022346368715084
H2	H2-F1-EN	train_nested_oof	primary	15.0	31	1	3	4	1	3	2	0	7.633333333333334	0.25	0.3333333333333333	0.2857142857142857	0.3930131004366812
H2	H2-F1-EN	train_nested_oof	primary	15.0	32	1	5	4	1	2	4	1	7.641666666666667	0.3333333333333333	0.2	0.25	0.2617230098146129
H2	H2-F1-EN	train_nested_oof	primary	15.0	33	1	2	17	2	15	0	0	7.041666666666667	0.11764705882352941	1.0	0.21052631578947367	2.130177514792899
H2	H2-F1-EN	train_nested_oof	primary	15.0	34	1	0	8	0	7	0	1	8.3	0.0		0.0	0.8433734939759036
H2	H2-F1-EN	train_nested_oof	primary	15.0	35	1	2	4	0	4	2	0	7.225	0.0	0.0	0.0	0.5536332179930796
H2	H2-F1-EN	train_nested_oof	primary	15.0	36	1	3	11	2	9	1	0	9.225	0.18181818181818182	0.6666666666666666	0.2857142857142857	0.9756097560975611
H2	H2-F1-EN	train_nested_oof	primary	15.0	38	1	1	3	1	2	0	0	6.858333333333333	0.3333333333333333	1.0	0.5	0.2916160388821385
H2	H2-F1-EN	train_nested_oof	primary	15.0	39	1	2	2	0	2	2	0	8.016666666666667	0.0	0.0	0.0	0.24948024948024947
H2	H2-F1-EN	train_nested_oof	primary	15.0	42	1	0	16	0	16	0	0	8.925	0.0		0.0	1.7927170868347337
H2	H2-F1-EN	train_nested_oof	primary	15.0	43	1	2	5	1	4	1	0	7.275	0.2	0.5	0.2857142857142857	0.549828178694158
H2	H2-F1-EN	train_nested_oof	primary	15.0	45	1	0	0	0	0	0	0	6.775				0.0
H2	H2-F1-EN	train_nested_oof	primary	15.0	46	1	5	16	4	11	1	1	7.483333333333333	0.26666666666666666	0.8	0.4	1.469933184855234
H2	H2-F1-EN	train_nested_oof	primary	15.0	50	1	1	3	0	3	1	0	7.375	0.0	0.0	0.0	0.4067796610169492
H2	H2-F1-EN	train_nested_oof	primary	15.0	51	1	1	8	1	7	0	0	8.416666666666666	0.125	1.0	0.2222222222222222	0.8316831683168318
H2	H2-F1-EN	train_nested_oof	primary	15.0	53	1	0	4	0	4	0	0	7.808333333333334	0.0		0.0	0.512273212379936
H2	H2-F1-EN	train_nested_oof	primary	15.0	54	1	1	7	0	6	1	1	7.916666666666667	0.0	0.0	0.0	0.7578947368421053
H2	H2-F1-EN	train_nested_oof	primary	15.0	58	1	5	0	0	0	5	0	8.45		0.0	0.0	0.0
H2	H2-F1-EN	train_nested_oof	primary	15.0	59	1	3	14	1	13	2	0	8.175	0.07142857142857142	0.3333333333333333	0.11764705882352941	1.5902140672782874
H2	H2-F1-EN	train_nested_oof	primary	15.0	60	1	3	1	0	1	3	0	7.258333333333334	0.0	0.0	0.0	0.1377726750861079
H2	H2-F1-EN	train_nested_oof	primary	15.0	61	1	0	14	0	13	0	1	8.316666666666666	0.0		0.0	1.56312625250501
H2	H2-F1-EN	train_nested_oof	primary	15.0	62	1	4	2	0	2	4	0	8.133333333333333	0.0	0.0	0.0	0.24590163934426232
H2	H2-F1-EN	train_nested_oof	primary	15.0	63	1	4	17	2	15	2	0	8.033333333333333	0.11764705882352941	0.5	0.19047619047619047	1.8672199170124482
H2	H2-F1-EN	train_nested_oof	primary	15.0	65	1	7	26	7	19	0	0	7.45	0.2692307692307692	1.0	0.42424242424242425	2.5503355704697985
H2	H2-F1-EN	train_nested_oof	primary	15.0	66	1	0	4	0	4	0	0	8.708333333333334	0.0		0.0	0.4593301435406698
H2	H2-F1-EN	train_nested_oof	primary	15.0	67	1	4	8	3	4	1	1	8.241666666666667	0.42857142857142855	0.75	0.5454545454545454	0.48533872598584427
H2	H2-F1-EN	train_nested_oof	primary	15.0	68	1	5	4	2	2	3	0	7.733333333333333	0.5	0.4	0.4444444444444444	0.25862068965517243
H2	H2-F1-EN	train_nested_oof	primary	15.0	71	1	0	0	0	0	0	0	7.091666666666667				0.0
H2	H2-F1-EN	train_nested_oof	primary	15.0	72	1	1	0	0	0	1	0	6.933333333333334		0.0	0.0	0.0
H2	H2-F1-EN	train_nested_oof	primary	15.0	75	1	1	6	0	6	1	0	7.875	0.0	0.0	0.0	0.7619047619047619
H2	H2-F1-EN	train_nested_oof	primary	15.0	76	1	1	5	1	3	0	1	8.058333333333334	0.25	1.0	0.4	0.37228541882109617
H2	H2-F1-EN	train_nested_oof	primary	15.0	78	2	7	10	2	8	5	0	16.241666666666667	0.2	0.2857142857142857	0.23529411764705882	0.49256028732683427
H2	H2-F1-EN	train_nested_oof	primary	15.0	79	2	4	28	3	22	1	3	16.35	0.12	0.75	0.20689655172413793	1.3455657492354738
H2	H2-F1-EN	train_nested_oof	primary	15.0	80	2	2	7	2	5	0	0	15.274999999999999	0.2857142857142857	1.0	0.4444444444444444	0.32733224222585927
H2	H2-F1-EN	train_nested_oof	primary	15.0	81	2	1	34	1	32	0	1	14.666666666666668	0.030303030303030304	1.0	0.058823529411764705	2.1818181818181817
H2	H2-F1-EN	train_nested_oof	primary	15.0	82	2	4	3	0	3	4	0	16.066666666666666	0.0	0.0	0.0	0.18672199170124482
H2	H2-F1-EN	train_nested_oof	primary	15.0	84	3	20	8	4	4	16	0	22.03333333333333	0.5	0.2	0.2857142857142857	0.18154311649016644
H2	H2-F1-EN	train_nested_oof	primary	15.0	85	1	0	1	0	1	0	0	7.383333333333334	0.0		0.0	0.13544018058690743
H2	H2-F1-EN	train_nested_oof	primary	15.0	87	3	0	19	0	19	0	0	20.333333333333336	0.0		0.0	0.9344262295081966
H2	H2-F1-EN	train_nested_oof	primary	15.0	91	2	0	18	0	18	0	0	16.46666666666667	0.0		0.0	1.0931174089068825
H2	H2-F1-EN	train_nested_oof	primary	15.0	92	2	19	10	3	7	16	0	16.325000000000003	0.3	0.15789473684210525	0.20689655172413793	0.4287901990811638
H2	H2-F1-EN	train_nested_oof	primary	15.0	93	2	0	31	0	30	0	1	17.008333333333333	0.0		0.0	1.7638412542871142
H2	H2-F1-EN	train_nested_oof	primary	15.0	94	1	2	4	1	3	1	0	6.891666666666667	0.25	0.5	0.3333333333333333	0.43530834340991537
H2	H2-F1-EN	train_nested_oof	primary	15.0	95	1	0	1	0	1	0	0	7.025	0.0		0.0	0.14234875444839856
H2	H2-F1-EN	train_nested_oof	primary	15.0	96	3	10	18	2	15	8	1	22.8	0.11764705882352941	0.2	0.14814814814814814	0.6578947368421052
H2	H2-F1-EN	train_nested_oof	primary	15.0	98	3	6	3	1	1	5	1	20.616666666666667	0.5	0.16666666666666666	0.25	0.04850444624090541
H2	H2-F1-EN	train_nested_oof	primary	15.0	99	3	7	15	2	13	5	0	21.2	0.13333333333333333	0.2857142857142857	0.18181818181818182	0.6132075471698113
H2	H2-F1-EN	train_nested_oof	primary	15.0	100	1	0	6	0	6	0	0	7.383333333333334	0.0		0.0	0.8126410835214446
H2	H2-F1-EN	train_nested_oof	primary	15.0	101	1	0	1	0	1	0	0	7.241666666666666	0.0		0.0	0.13808975834292292
H2	H2-F1-EN	train_nested_oof	primary	15.0	104	1	3	7	1	6	2	0	8.008333333333333	0.14285714285714285	0.3333333333333333	0.2	0.7492195629552549
H2	H2-F1-EN	train_nested_oof	primary	15.0	108	1	1	9	0	9	1	0	6.716666666666667	0.0	0.0	0.0	1.3399503722084367
H2	H2-F1-EN	train_nested_oof	primary	45.0	1	1	4	21	4	16	0	1	8.25	0.2	1.0	0.3333333333333333	1.9393939393939394
H2	H2-F1-EN	train_nested_oof	primary	45.0	6	1	0	2	0	2	0	0	3.35	0.0		0.0	0.5970149253731343
H2	H2-F1-EN	train_nested_oof	primary	45.0	8	1	0	7	0	6	0	1	8.083333333333334	0.0		0.0	0.7422680412371133
H2	H2-F1-EN	train_nested_oof	primary	45.0	9	1	3	12	3	9	0	0	8.725	0.25	1.0	0.4	1.0315186246418337
H2	H2-F1-EN	train_nested_oof	primary	45.0	10	1	3	7	2	5	1	0	8.991666666666667	0.2857142857142857	0.6666666666666666	0.4	0.5560704355885079
H2	H2-F1-EN	train_nested_oof	primary	45.0	11	1	6	8	2	5	4	1	8.408333333333333	0.2857142857142857	0.3333333333333333	0.3076923076923077	0.5946481665014867
H2	H2-F1-EN	train_nested_oof	primary	45.0	13	1	2	7	1	6	1	0	8.675	0.14285714285714285	0.5	0.2222222222222222	0.6916426512968299
H2	H2-F1-EN	train_nested_oof	primary	45.0	14	1	1	1	0	1	1	0	8.558333333333334	0.0	0.0	0.0	0.11684518013631938
H2	H2-F1-EN	train_nested_oof	primary	45.0	16	1	2	20	2	18	0	0	7.716666666666667	0.1	1.0	0.18181818181818182	2.3326133909287257
H2	H2-F1-EN	train_nested_oof	primary	45.0	19	1	3	14	3	11	0	0	7.875	0.21428571428571427	1.0	0.35294117647058826	1.3968253968253967
H2	H2-F1-EN	train_nested_oof	primary	45.0	20	1	1	3	0	3	1	0	7.1	0.0	0.0	0.0	0.4225352112676057
H2	H2-F1-EN	train_nested_oof	primary	45.0	21	1	0	30	0	27	0	3	9.175	0.0		0.0	2.9427792915531334
H2	H2-F1-EN	train_nested_oof	primary	45.0	24	1	1	4	0	4	1	0	6.716666666666667	0.0	0.0	0.0	0.5955334987593052
H2	H2-F1-EN	train_nested_oof	primary	45.0	29	1	2	4	2	2	0	0	7.458333333333333	0.5	1.0	0.6666666666666666	0.2681564245810056
H2	H2-F1-EN	train_nested_oof	primary	45.0	31	1	3	4	1	3	2	0	7.633333333333334	0.25	0.3333333333333333	0.2857142857142857	0.3930131004366812
H2	H2-F1-EN	train_nested_oof	primary	45.0	32	1	5	4	1	2	4	1	7.641666666666667	0.3333333333333333	0.2	0.25	0.2617230098146129
H2	H2-F1-EN	train_nested_oof	primary	45.0	33	1	2	17	2	15	0	0	7.041666666666667	0.11764705882352941	1.0	0.21052631578947367	2.130177514792899
H2	H2-F1-EN	train_nested_oof	primary	45.0	34	1	0	8	0	7	0	1	8.3	0.0		0.0	0.8433734939759036
H2	H2-F1-EN	train_nested_oof	primary	45.0	35	1	2	4	0	4	2	0	7.225	0.0	0.0	0.0	0.5536332179930796
H2	H2-F1-EN	train_nested_oof	primary	45.0	36	1	3	11	2	9	1	0	9.225	0.18181818181818182	0.6666666666666666	0.2857142857142857	0.9756097560975611
H2	H2-F1-EN	train_nested_oof	primary	45.0	38	1	1	3	1	2	0	0	6.858333333333333	0.3333333333333333	1.0	0.5	0.2916160388821385
H2	H2-F1-EN	train_nested_oof	primary	45.0	39	1	2	2	0	2	2	0	8.016666666666667	0.0	0.0	0.0	0.24948024948024947
H2	H2-F1-EN	train_nested_oof	primary	45.0	42	1	0	16	0	15	0	1	8.925	0.0		0.0	1.6806722689075628
H2	H2-F1-EN	train_nested_oof	primary	45.0	43	1	2	5	1	4	1	0	7.275	0.2	0.5	0.2857142857142857	0.549828178694158
H2	H2-F1-EN	train_nested_oof	primary	45.0	45	1	0	0	0	0	0	0	6.775				0.0
H2	H2-F1-EN	train_nested_oof	primary	45.0	46	1	5	16	4	10	1	2	7.483333333333333	0.2857142857142857	0.8	0.42105263157894735	1.3363028953229399
H2	H2-F1-EN	train_nested_oof	primary	45.0	50	1	1	3	0	3	1	0	7.375	0.0	0.0	0.0	0.4067796610169492
H2	H2-F1-EN	train_nested_oof	primary	45.0	51	1	1	8	1	7	0	0	8.416666666666666	0.125	1.0	0.2222222222222222	0.8316831683168318
H2	H2-F1-EN	train_nested_oof	primary	45.0	53	1	0	4	0	4	0	0	7.808333333333334	0.0		0.0	0.512273212379936
H2	H2-F1-EN	train_nested_oof	primary	45.0	54	1	1	7	0	6	1	1	7.916666666666667	0.0	0.0	0.0	0.7578947368421053
H2	H2-F1-EN	train_nested_oof	primary	45.0	58	1	5	0	0	0	5	0	8.45		0.0	0.0	0.0
H2	H2-F1-EN	train_nested_oof	primary	45.0	59	1	3	14	2	12	1	0	8.175	0.14285714285714285	0.6666666666666666	0.23529411764705882	1.4678899082568806
H2	H2-F1-EN	train_nested_oof	primary	45.0	60	1	3	1	0	1	3	0	7.258333333333334	0.0	0.0	0.0	0.1377726750861079
H2	H2-F1-EN	train_nested_oof	primary	45.0	61	1	0	14	0	12	0	2	8.316666666666666	0.0		0.0	1.4428857715430863
H2	H2-F1-EN	train_nested_oof	primary	45.0	62	1	4	2	0	1	4	1	8.133333333333333	0.0	0.0	0.0	0.12295081967213116
H2	H2-F1-EN	train_nested_oof	primary	45.0	63	1	4	17	2	15	2	0	8.033333333333333	0.11764705882352941	0.5	0.19047619047619047	1.8672199170124482
H2	H2-F1-EN	train_nested_oof	primary	45.0	65	1	7	26	7	19	0	0	7.45	0.2692307692307692	1.0	0.42424242424242425	2.5503355704697985
H2	H2-F1-EN	train_nested_oof	primary	45.0	66	1	0	4	0	4	0	0	8.708333333333334	0.0		0.0	0.4593301435406698
H2	H2-F1-EN	train_nested_oof	primary	45.0	67	1	4	8	3	4	1	1	8.241666666666667	0.42857142857142855	0.75	0.5454545454545454	0.48533872598584427
H2	H2-F1-EN	train_nested_oof	primary	45.0	68	1	5	4	2	2	3	0	7.733333333333333	0.5	0.4	0.4444444444444444	0.25862068965517243
H2	H2-F1-EN	train_nested_oof	primary	45.0	71	1	0	0	0	0	0	0	7.091666666666667				0.0
H2	H2-F1-EN	train_nested_oof	primary	45.0	72	1	1	0	0	0	1	0	6.933333333333334		0.0	0.0	0.0
H2	H2-F1-EN	train_nested_oof	primary	45.0	75	1	1	6	1	5	0	0	7.875	0.16666666666666666	1.0	0.2857142857142857	0.6349206349206349
H2	H2-F1-EN	train_nested_oof	primary	45.0	76	1	1	5	1	3	0	1	8.058333333333334	0.25	1.0	0.4	0.37228541882109617
H2	H2-F1-EN	train_nested_oof	primary	45.0	78	2	7	10	3	7	4	0	16.241666666666667	0.3	0.42857142857142855	0.35294117647058826	0.43099025141097996
H2	H2-F1-EN	train_nested_oof	primary	45.0	79	2	4	28	3	22	1	3	16.35	0.12	0.75	0.20689655172413793	1.3455657492354738
H2	H2-F1-EN	train_nested_oof	primary	45.0	80	2	2	7	2	5	0	0	15.274999999999999	0.2857142857142857	1.0	0.4444444444444444	0.32733224222585927
H2	H2-F1-EN	train_nested_oof	primary	45.0	81	2	1	34	1	32	0	1	14.666666666666668	0.030303030303030304	1.0	0.058823529411764705	2.1818181818181817
H2	H2-F1-EN	train_nested_oof	primary	45.0	82	2	4	3	0	3	4	0	16.066666666666666	0.0	0.0	0.0	0.18672199170124482
H2	H2-F1-EN	train_nested_oof	primary	45.0	84	3	20	8	5	3	15	0	22.03333333333333	0.625	0.25	0.35714285714285715	0.1361573373676248
H2	H2-F1-EN	train_nested_oof	primary	45.0	85	1	0	1	0	1	0	0	7.383333333333334	0.0		0.0	0.13544018058690743
H2	H2-F1-EN	train_nested_oof	primary	45.0	87	3	0	19	0	18	0	1	20.333333333333336	0.0		0.0	0.8852459016393441
H2	H2-F1-EN	train_nested_oof	primary	45.0	91	2	0	18	0	18	0	0	16.46666666666667	0.0		0.0	1.0931174089068825
H2	H2-F1-EN	train_nested_oof	primary	45.0	92	2	19	10	4	6	15	0	16.325000000000003	0.4	0.21052631578947367	0.27586206896551724	0.36753445635528326
H2	H2-F1-EN	train_nested_oof	primary	45.0	93	2	0	31	0	30	0	1	17.008333333333333	0.0		0.0	1.7638412542871142
H2	H2-F1-EN	train_nested_oof	primary	45.0	94	1	2	4	1	3	1	0	6.891666666666667	0.25	0.5	0.3333333333333333	0.43530834340991537
H2	H2-F1-EN	train_nested_oof	primary	45.0	95	1	0	1	0	1	0	0	7.025	0.0		0.0	0.14234875444839856
H2	H2-F1-EN	train_nested_oof	primary	45.0	96	3	10	18	2	12	8	4	22.8	0.14285714285714285	0.2	0.16666666666666666	0.5263157894736842
H2	H2-F1-EN	train_nested_oof	primary	45.0	98	3	6	3	1	1	5	1	20.616666666666667	0.5	0.16666666666666666	0.25	0.04850444624090541
H2	H2-F1-EN	train_nested_oof	primary	45.0	99	3	7	15	3	12	4	0	21.2	0.2	0.42857142857142855	0.2727272727272727	0.5660377358490566
H2	H2-F1-EN	train_nested_oof	primary	45.0	100	1	0	6	0	6	0	0	7.383333333333334	0.0		0.0	0.8126410835214446
H2	H2-F1-EN	train_nested_oof	primary	45.0	101	1	0	1	0	1	0	0	7.241666666666666	0.0		0.0	0.13808975834292292
H2	H2-F1-EN	train_nested_oof	primary	45.0	104	1	3	7	2	5	1	0	8.008333333333333	0.2857142857142857	0.6666666666666666	0.4	0.6243496357960459
H2	H2-F1-EN	train_nested_oof	primary	45.0	108	1	1	9	1	8	0	0	6.716666666666667	0.1111111111111111	1.0	0.2	1.1910669975186103
H2	H2-F1-EN	train_nested_oof	expanded	15.0	1	1	5	21	5	16	0	0	8.25	0.23809523809523808	1.0	0.38461538461538464	1.9393939393939394
H2	H2-F1-EN	train_nested_oof	expanded	15.0	6	1	0	2	0	2	0	0	3.35	0.0		0.0	0.5970149253731343
H2	H2-F1-EN	train_nested_oof	expanded	15.0	8	1	2	7	1	6	1	0	8.083333333333334	0.14285714285714285	0.5	0.2222222222222222	0.7422680412371133
H2	H2-F1-EN	train_nested_oof	expanded	15.0	9	1	3	12	3	9	0	0	8.725	0.25	1.0	0.4	1.0315186246418337
H2	H2-F1-EN	train_nested_oof	expanded	15.0	10	1	3	7	2	5	1	0	8.991666666666667	0.2857142857142857	0.6666666666666666	0.4	0.5560704355885079
H2	H2-F1-EN	train_nested_oof	expanded	15.0	11	1	7	8	3	5	4	0	8.408333333333333	0.375	0.42857142857142855	0.4	0.5946481665014867
H2	H2-F1-EN	train_nested_oof	expanded	15.0	13	1	2	7	1	6	1	0	8.675	0.14285714285714285	0.5	0.2222222222222222	0.6916426512968299
H2	H2-F1-EN	train_nested_oof	expanded	15.0	14	1	2	1	0	1	2	0	8.558333333333334	0.0	0.0	0.0	0.11684518013631938
H2	H2-F1-EN	train_nested_oof	expanded	15.0	16	1	2	20	1	19	1	0	7.716666666666667	0.05	0.5	0.09090909090909091	2.462203023758099
H2	H2-F1-EN	train_nested_oof	expanded	15.0	19	1	3	14	2	12	1	0	7.875	0.14285714285714285	0.6666666666666666	0.23529411764705882	1.5238095238095237
H2	H2-F1-EN	train_nested_oof	expanded	15.0	20	1	1	3	0	3	1	0	7.1	0.0	0.0	0.0	0.4225352112676057
H2	H2-F1-EN	train_nested_oof	expanded	15.0	21	1	3	30	3	27	0	0	9.175	0.1	1.0	0.18181818181818182	2.9427792915531334
H2	H2-F1-EN	train_nested_oof	expanded	15.0	24	1	1	4	0	4	1	0	6.716666666666667	0.0	0.0	0.0	0.5955334987593052
H2	H2-F1-EN	train_nested_oof	expanded	15.0	29	1	2	4	1	3	1	0	7.458333333333333	0.25	0.5	0.3333333333333333	0.4022346368715084
H2	H2-F1-EN	train_nested_oof	expanded	15.0	31	1	3	4	1	3	2	0	7.633333333333334	0.25	0.3333333333333333	0.2857142857142857	0.3930131004366812
H2	H2-F1-EN	train_nested_oof	expanded	15.0	32	1	6	4	2	2	4	0	7.641666666666667	0.5	0.3333333333333333	0.4	0.2617230098146129
H2	H2-F1-EN	train_nested_oof	expanded	15.0	33	1	2	17	2	15	0	0	7.041666666666667	0.11764705882352941	1.0	0.21052631578947367	2.130177514792899
H2	H2-F1-EN	train_nested_oof	expanded	15.0	34	1	1	8	1	7	0	0	8.3	0.125	1.0	0.2222222222222222	0.8433734939759036
H2	H2-F1-EN	train_nested_oof	expanded	15.0	35	1	2	4	0	4	2	0	7.225	0.0	0.0	0.0	0.5536332179930796
H2	H2-F1-EN	train_nested_oof	expanded	15.0	36	1	3	11	2	9	1	0	9.225	0.18181818181818182	0.6666666666666666	0.2857142857142857	0.9756097560975611
H2	H2-F1-EN	train_nested_oof	expanded	15.0	38	1	1	3	1	2	0	0	6.858333333333333	0.3333333333333333	1.0	0.5	0.2916160388821385
H2	H2-F1-EN	train_nested_oof	expanded	15.0	39	1	2	2	0	2	2	0	8.016666666666667	0.0	0.0	0.0	0.24948024948024947
H2	H2-F1-EN	train_nested_oof	expanded	15.0	42	1	2	16	0	16	2	0	8.925	0.0	0.0	0.0	1.7927170868347337
H2	H2-F1-EN	train_nested_oof	expanded	15.0	43	1	2	5	1	4	1	0	7.275	0.2	0.5	0.2857142857142857	0.549828178694158
H2	H2-F1-EN	train_nested_oof	expanded	15.0	45	1	0	0	0	0	0	0	6.775				0.0
H2	H2-F1-EN	train_nested_oof	expanded	15.0	46	1	8	16	5	11	3	0	7.483333333333333	0.3125	0.625	0.4166666666666667	1.469933184855234
H2	H2-F1-EN	train_nested_oof	expanded	15.0	50	1	1	3	0	3	1	0	7.375	0.0	0.0	0.0	0.4067796610169492
H2	H2-F1-EN	train_nested_oof	expanded	15.0	51	1	1	8	1	7	0	0	8.416666666666666	0.125	1.0	0.2222222222222222	0.8316831683168318
H2	H2-F1-EN	train_nested_oof	expanded	15.0	53	1	0	4	0	4	0	0	7.808333333333334	0.0		0.0	0.512273212379936
H2	H2-F1-EN	train_nested_oof	expanded	15.0	54	1	2	7	1	6	1	0	7.916666666666667	0.14285714285714285	0.5	0.2222222222222222	0.7578947368421053
H2	H2-F1-EN	train_nested_oof	expanded	15.0	58	1	5	0	0	0	5	0	8.45		0.0	0.0	0.0
H2	H2-F1-EN	train_nested_oof	expanded	15.0	59	1	3	14	1	13	2	0	8.175	0.07142857142857142	0.3333333333333333	0.11764705882352941	1.5902140672782874
H2	H2-F1-EN	train_nested_oof	expanded	15.0	60	1	3	1	0	1	3	0	7.258333333333334	0.0	0.0	0.0	0.1377726750861079
H2	H2-F1-EN	train_nested_oof	expanded	15.0	61	1	2	14	1	13	1	0	8.316666666666666	0.07142857142857142	0.5	0.125	1.56312625250501
H2	H2-F1-EN	train_nested_oof	expanded	15.0	62	1	6	2	0	2	6	0	8.133333333333333	0.0	0.0	0.0	0.24590163934426232
H2	H2-F1-EN	train_nested_oof	expanded	15.0	63	1	4	17	2	15	2	0	8.033333333333333	0.11764705882352941	0.5	0.19047619047619047	1.8672199170124482
H2	H2-F1-EN	train_nested_oof	expanded	15.0	65	1	7	26	7	19	0	0	7.45	0.2692307692307692	1.0	0.42424242424242425	2.5503355704697985
H2	H2-F1-EN	train_nested_oof	expanded	15.0	66	1	0	4	0	4	0	0	8.708333333333334	0.0		0.0	0.4593301435406698
H2	H2-F1-EN	train_nested_oof	expanded	15.0	67	1	5	8	4	4	1	0	8.241666666666667	0.5	0.8	0.6153846153846154	0.48533872598584427
H2	H2-F1-EN	train_nested_oof	expanded	15.0	68	1	5	4	2	2	3	0	7.733333333333333	0.5	0.4	0.4444444444444444	0.25862068965517243
H2	H2-F1-EN	train_nested_oof	expanded	15.0	71	1	0	0	0	0	0	0	7.091666666666667				0.0
H2	H2-F1-EN	train_nested_oof	expanded	15.0	72	1	2	0	0	0	2	0	6.933333333333334		0.0	0.0	0.0
H2	H2-F1-EN	train_nested_oof	expanded	15.0	75	1	1	6	0	6	1	0	7.875	0.0	0.0	0.0	0.7619047619047619
H2	H2-F1-EN	train_nested_oof	expanded	15.0	76	1	2	5	2	3	0	0	8.058333333333334	0.4	1.0	0.5714285714285714	0.37228541882109617
H2	H2-F1-EN	train_nested_oof	expanded	15.0	78	2	10	10	2	8	8	0	16.241666666666667	0.2	0.2	0.2	0.49256028732683427
H2	H2-F1-EN	train_nested_oof	expanded	15.0	79	2	10	28	6	22	4	0	16.35	0.21428571428571427	0.6	0.3157894736842105	1.3455657492354738
H2	H2-F1-EN	train_nested_oof	expanded	15.0	80	2	2	7	2	5	0	0	15.274999999999999	0.2857142857142857	1.0	0.4444444444444444	0.32733224222585927
H2	H2-F1-EN	train_nested_oof	expanded	15.0	81	2	2	34	2	32	0	0	14.666666666666668	0.058823529411764705	1.0	0.1111111111111111	2.1818181818181817
H2	H2-F1-EN	train_nested_oof	expanded	15.0	82	2	4	3	0	3	4	0	16.066666666666666	0.0	0.0	0.0	0.18672199170124482
H2	H2-F1-EN	train_nested_oof	expanded	15.0	84	3	20	8	4	4	16	0	22.03333333333333	0.5	0.2	0.2857142857142857	0.18154311649016644
H2	H2-F1-EN	train_nested_oof	expanded	15.0	85	1	1	1	0	1	1	0	7.383333333333334	0.0	0.0	0.0	0.13544018058690743
H2	H2-F1-EN	train_nested_oof	expanded	15.0	87	3	1	19	0	19	1	0	20.333333333333336	0.0	0.0	0.0	0.9344262295081966
H2	H2-F1-EN	train_nested_oof	expanded	15.0	91	2	0	18	0	18	0	0	16.46666666666667	0.0		0.0	1.0931174089068825
H2	H2-F1-EN	train_nested_oof	expanded	15.0	92	2	20	10	3	7	17	0	16.325000000000003	0.3	0.15	0.2	0.4287901990811638
H2	H2-F1-EN	train_nested_oof	expanded	15.0	93	2	3	31	1	30	2	0	17.008333333333333	0.03225806451612903	0.3333333333333333	0.058823529411764705	1.7638412542871142
H2	H2-F1-EN	train_nested_oof	expanded	15.0	94	1	3	4	1	3	2	0	6.891666666666667	0.25	0.3333333333333333	0.2857142857142857	0.43530834340991537
H2	H2-F1-EN	train_nested_oof	expanded	15.0	95	1	0	1	0	1	0	0	7.025	0.0		0.0	0.14234875444839856
H2	H2-F1-EN	train_nested_oof	expanded	15.0	96	3	14	18	3	15	11	0	22.8	0.16666666666666666	0.21428571428571427	0.1875	0.6578947368421052
H2	H2-F1-EN	train_nested_oof	expanded	15.0	98	3	8	3	2	1	6	0	20.616666666666667	0.6666666666666666	0.25	0.36363636363636365	0.04850444624090541
H2	H2-F1-EN	train_nested_oof	expanded	15.0	99	3	7	15	2	13	5	0	21.2	0.13333333333333333	0.2857142857142857	0.18181818181818182	0.6132075471698113
H2	H2-F1-EN	train_nested_oof	expanded	15.0	100	1	1	6	0	6	1	0	7.383333333333334	0.0	0.0	0.0	0.8126410835214446
H2	H2-F1-EN	train_nested_oof	expanded	15.0	101	1	0	1	0	1	0	0	7.241666666666666	0.0		0.0	0.13808975834292292
H2	H2-F1-EN	train_nested_oof	expanded	15.0	104	1	3	7	1	6	2	0	8.008333333333333	0.14285714285714285	0.3333333333333333	0.2	0.7492195629552549
H2	H2-F1-EN	train_nested_oof	expanded	15.0	108	1	1	9	0	9	1	0	6.716666666666667	0.0	0.0	0.0	1.3399503722084367
H2	H2-F1-EN	train_nested_oof	expanded	45.0	1	1	5	21	5	16	0	0	8.25	0.23809523809523808	1.0	0.38461538461538464	1.9393939393939394
H2	H2-F1-EN	train_nested_oof	expanded	45.0	6	1	0	2	0	2	0	0	3.35	0.0		0.0	0.5970149253731343
H2	H2-F1-EN	train_nested_oof	expanded	45.0	8	1	2	7	1	6	1	0	8.083333333333334	0.14285714285714285	0.5	0.2222222222222222	0.7422680412371133
H2	H2-F1-EN	train_nested_oof	expanded	45.0	9	1	3	12	3	9	0	0	8.725	0.25	1.0	0.4	1.0315186246418337
H2	H2-F1-EN	train_nested_oof	expanded	45.0	10	1	3	7	2	5	1	0	8.991666666666667	0.2857142857142857	0.6666666666666666	0.4	0.5560704355885079
H2	H2-F1-EN	train_nested_oof	expanded	45.0	11	1	7	8	3	5	4	0	8.408333333333333	0.375	0.42857142857142855	0.4	0.5946481665014867
H2	H2-F1-EN	train_nested_oof	expanded	45.0	13	1	2	7	1	6	1	0	8.675	0.14285714285714285	0.5	0.2222222222222222	0.6916426512968299
H2	H2-F1-EN	train_nested_oof	expanded	45.0	14	1	2	1	0	1	2	0	8.558333333333334	0.0	0.0	0.0	0.11684518013631938
H2	H2-F1-EN	train_nested_oof	expanded	45.0	16	1	2	20	2	18	0	0	7.716666666666667	0.1	1.0	0.18181818181818182	2.3326133909287257
H2	H2-F1-EN	train_nested_oof	expanded	45.0	19	1	3	14	3	11	0	0	7.875	0.21428571428571427	1.0	0.35294117647058826	1.3968253968253967
H2	H2-F1-EN	train_nested_oof	expanded	45.0	20	1	1	3	0	3	1	0	7.1	0.0	0.0	0.0	0.4225352112676057
H2	H2-F1-EN	train_nested_oof	expanded	45.0	21	1	3	30	3	27	0	0	9.175	0.1	1.0	0.18181818181818182	2.9427792915531334
H2	H2-F1-EN	train_nested_oof	expanded	45.0	24	1	1	4	0	4	1	0	6.716666666666667	0.0	0.0	0.0	0.5955334987593052
H2	H2-F1-EN	train_nested_oof	expanded	45.0	29	1	2	4	2	2	0	0	7.458333333333333	0.5	1.0	0.6666666666666666	0.2681564245810056
H2	H2-F1-EN	train_nested_oof	expanded	45.0	31	1	3	4	1	3	2	0	7.633333333333334	0.25	0.3333333333333333	0.2857142857142857	0.3930131004366812
H2	H2-F1-EN	train_nested_oof	expanded	45.0	32	1	6	4	2	2	4	0	7.641666666666667	0.5	0.3333333333333333	0.4	0.2617230098146129
H2	H2-F1-EN	train_nested_oof	expanded	45.0	33	1	2	17	2	15	0	0	7.041666666666667	0.11764705882352941	1.0	0.21052631578947367	2.130177514792899
H2	H2-F1-EN	train_nested_oof	expanded	45.0	34	1	1	8	1	7	0	0	8.3	0.125	1.0	0.2222222222222222	0.8433734939759036
H2	H2-F1-EN	train_nested_oof	expanded	45.0	35	1	2	4	0	4	2	0	7.225	0.0	0.0	0.0	0.5536332179930796
H2	H2-F1-EN	train_nested_oof	expanded	45.0	36	1	3	11	2	9	1	0	9.225	0.18181818181818182	0.6666666666666666	0.2857142857142857	0.9756097560975611
H2	H2-F1-EN	train_nested_oof	expanded	45.0	38	1	1	3	1	2	0	0	6.858333333333333	0.3333333333333333	1.0	0.5	0.2916160388821385
H2	H2-F1-EN	train_nested_oof	expanded	45.0	39	1	2	2	0	2	2	0	8.016666666666667	0.0	0.0	0.0	0.24948024948024947
H2	H2-F1-EN	train_nested_oof	expanded	45.0	42	1	2	16	1	15	1	0	8.925	0.0625	0.5	0.1111111111111111	1.6806722689075628
H2	H2-F1-EN	train_nested_oof	expanded	45.0	43	1	2	5	1	4	1	0	7.275	0.2	0.5	0.2857142857142857	0.549828178694158
H2	H2-F1-EN	train_nested_oof	expanded	45.0	45	1	0	0	0	0	0	0	6.775				0.0
H2	H2-F1-EN	train_nested_oof	expanded	45.0	46	1	8	16	6	10	2	0	7.483333333333333	0.375	0.75	0.5	1.3363028953229399
H2	H2-F1-EN	train_nested_oof	expanded	45.0	50	1	1	3	0	3	1	0	7.375	0.0	0.0	0.0	0.4067796610169492
H2	H2-F1-EN	train_nested_oof	expanded	45.0	51	1	1	8	1	7	0	0	8.416666666666666	0.125	1.0	0.2222222222222222	0.8316831683168318
H2	H2-F1-EN	train_nested_oof	expanded	45.0	53	1	0	4	0	4	0	0	7.808333333333334	0.0		0.0	0.512273212379936
H2	H2-F1-EN	train_nested_oof	expanded	45.0	54	1	2	7	1	6	1	0	7.916666666666667	0.14285714285714285	0.5	0.2222222222222222	0.7578947368421053
H2	H2-F1-EN	train_nested_oof	expanded	45.0	58	1	5	0	0	0	5	0	8.45		0.0	0.0	0.0
H2	H2-F1-EN	train_nested_oof	expanded	45.0	59	1	3	14	2	12	1	0	8.175	0.14285714285714285	0.6666666666666666	0.23529411764705882	1.4678899082568806
H2	H2-F1-EN	train_nested_oof	expanded	45.0	60	1	3	1	0	1	3	0	7.258333333333334	0.0	0.0	0.0	0.1377726750861079
H2	H2-F1-EN	train_nested_oof	expanded	45.0	61	1	2	14	2	12	0	0	8.316666666666666	0.14285714285714285	1.0	0.25	1.4428857715430863
H2	H2-F1-EN	train_nested_oof	expanded	45.0	62	1	6	2	1	1	5	0	8.133333333333333	0.5	0.16666666666666666	0.25	0.12295081967213116
H2	H2-F1-EN	train_nested_oof	expanded	45.0	63	1	4	17	2	15	2	0	8.033333333333333	0.11764705882352941	0.5	0.19047619047619047	1.8672199170124482
H2	H2-F1-EN	train_nested_oof	expanded	45.0	65	1	7	26	7	19	0	0	7.45	0.2692307692307692	1.0	0.42424242424242425	2.5503355704697985
H2	H2-F1-EN	train_nested_oof	expanded	45.0	66	1	0	4	0	4	0	0	8.708333333333334	0.0		0.0	0.4593301435406698
H2	H2-F1-EN	train_nested_oof	expanded	45.0	67	1	5	8	4	4	1	0	8.241666666666667	0.5	0.8	0.6153846153846154	0.48533872598584427
H2	H2-F1-EN	train_nested_oof	expanded	45.0	68	1	5	4	2	2	3	0	7.733333333333333	0.5	0.4	0.4444444444444444	0.25862068965517243
H2	H2-F1-EN	train_nested_oof	expanded	45.0	71	1	0	0	0	0	0	0	7.091666666666667				0.0
H2	H2-F1-EN	train_nested_oof	expanded	45.0	72	1	2	0	0	0	2	0	6.933333333333334		0.0	0.0	0.0
H2	H2-F1-EN	train_nested_oof	expanded	45.0	75	1	1	6	1	5	0	0	7.875	0.16666666666666666	1.0	0.2857142857142857	0.6349206349206349
H2	H2-F1-EN	train_nested_oof	expanded	45.0	76	1	2	5	2	3	0	0	8.058333333333334	0.4	1.0	0.5714285714285714	0.37228541882109617
H2	H2-F1-EN	train_nested_oof	expanded	45.0	78	2	10	10	3	7	7	0	16.241666666666667	0.3	0.3	0.3	0.43099025141097996
H2	H2-F1-EN	train_nested_oof	expanded	45.0	79	2	10	28	6	22	4	0	16.35	0.21428571428571427	0.6	0.3157894736842105	1.3455657492354738
H2	H2-F1-EN	train_nested_oof	expanded	45.0	80	2	2	7	2	5	0	0	15.274999999999999	0.2857142857142857	1.0	0.4444444444444444	0.32733224222585927
H2	H2-F1-EN	train_nested_oof	expanded	45.0	81	2	2	34	2	32	0	0	14.666666666666668	0.058823529411764705	1.0	0.1111111111111111	2.1818181818181817
H2	H2-F1-EN	train_nested_oof	expanded	45.0	82	2	4	3	0	3	4	0	16.066666666666666	0.0	0.0	0.0	0.18672199170124482
H2	H2-F1-EN	train_nested_oof	expanded	45.0	84	3	20	8	5	3	15	0	22.03333333333333	0.625	0.25	0.35714285714285715	0.1361573373676248
H2	H2-F1-EN	train_nested_oof	expanded	45.0	85	1	1	1	0	1	1	0	7.383333333333334	0.0	0.0	0.0	0.13544018058690743
H2	H2-F1-EN	train_nested_oof	expanded	45.0	87	3	1	19	1	18	0	0	20.333333333333336	0.05263157894736842	1.0	0.1	0.8852459016393441
H2	H2-F1-EN	train_nested_oof	expanded	45.0	91	2	0	18	0	18	0	0	16.46666666666667	0.0		0.0	1.0931174089068825
H2	H2-F1-EN	train_nested_oof	expanded	45.0	92	2	20	10	4	6	16	0	16.325000000000003	0.4	0.2	0.26666666666666666	0.36753445635528326
H2	H2-F1-EN	train_nested_oof	expanded	45.0	93	2	3	31	1	30	2	0	17.008333333333333	0.03225806451612903	0.3333333333333333	0.058823529411764705	1.7638412542871142
H2	H2-F1-EN	train_nested_oof	expanded	45.0	94	1	3	4	1	3	2	0	6.891666666666667	0.25	0.3333333333333333	0.2857142857142857	0.43530834340991537
H2	H2-F1-EN	train_nested_oof	expanded	45.0	95	1	0	1	0	1	0	0	7.025	0.0		0.0	0.14234875444839856
H2	H2-F1-EN	train_nested_oof	expanded	45.0	96	3	14	18	6	12	8	0	22.8	0.3333333333333333	0.42857142857142855	0.375	0.5263157894736842
H2	H2-F1-EN	train_nested_oof	expanded	45.0	98	3	8	3	2	1	6	0	20.616666666666667	0.6666666666666666	0.25	0.36363636363636365	0.04850444624090541
H2	H2-F1-EN	train_nested_oof	expanded	45.0	99	3	7	15	3	12	4	0	21.2	0.2	0.42857142857142855	0.2727272727272727	0.5660377358490566
H2	H2-F1-EN	train_nested_oof	expanded	45.0	100	1	1	6	0	6	1	0	7.383333333333334	0.0	0.0	0.0	0.8126410835214446
H2	H2-F1-EN	train_nested_oof	expanded	45.0	101	1	0	1	0	1	0	0	7.241666666666666	0.0		0.0	0.13808975834292292
H2	H2-F1-EN	train_nested_oof	expanded	45.0	104	1	3	7	2	5	1	0	8.008333333333333	0.2857142857142857	0.6666666666666666	0.4	0.6243496357960459
H2	H2-F1-EN	train_nested_oof	expanded	45.0	108	1	1	9	1	8	0	0	6.716666666666667	0.1111111111111111	1.0	0.2	1.1910669975186103
