modality	pipeline	outer_fold	subject	pid	event_time_sec	threshold	C
P2	P2-F0-L2	1	sub-103	71	600.0	0.9525741268224334	1.0
P2	P2-F0-L2	1	sub-103	71	1860.0	0.9525741268224334	1.0
P2	P2-F0-L2	1	sub-103	71	3030.0	0.9525741268224334	1.0
P2	P2-F0-L2	1	sub-103	71	13260.0	0.9525741268224334	1.0
P2	P2-F0-L2	1	sub-103	71	16080.0	0.9525741268224334	1.0
P2	P2-F0-L2	1	sub-103	71	18420.0	0.9525741268224334	1.0
P2	P2-F0-L2	1	sub-103	71	22170.0	0.9525741268224334	1.0
P2	P2-F0-L2	1	sub-103	71	25080.0	0.9525741268224334	1.0
P2	P2-F0-L2	1	sub-103	71	25560.0	0.9525741268224334	1.0
P2	P2-F0-L2	1	sub-107	75	1620.0	0.9525741268224334	1.0
P2	P2-F0-L2	1	sub-107	75	2190.0	0.9525741268224334	1.0
P2	P2-F0-L2	1	sub-107	75	2550.0	0.9525741268224334	1.0
P2	P2-F0-L2	1	sub-107	75	2790.0	0.9525741268224334	1.0
P2	P2-F0-L2	1	sub-107	75	3030.0	0.9525741268224334	1.0
P2	P2-F0-L2	1	sub-107	75	6630.0	0.9525741268224334	1.0
P2	P2-F0-L2	1	sub-107	75	15330.0	0.9525741268224334	1.0
P2	P2-F0-L2	1	sub-107	75	19500.0	0.9525741268224334	1.0
P2	P2-F0-L2	1	sub-107	75	19650.0	0.9525741268224334	1.0
P2	P2-F0-L2	1	sub-107	75	21060.0	0.9525741268224334	1.0
P2	P2-F0-L2	1	sub-107	75	21210.0	0.9525741268224334	1.0
P2	P2-F0-L2	1	sub-107	75	21270.0	0.9525741268224334	1.0
P2	P2-F0-L2	1	sub-107	75	21510.0	0.9525741268224334	1.0
P2	P2-F0-L2	1	sub-107	75	21660.0	0.9525741268224334	1.0
P2	P2-F0-L2	1	sub-107	75	26610.0	0.9525741268224334	1.0
P2	P2-F0-L2	1	sub-108	76	810.0	0.9525741268224334	1.0
P2	P2-F0-L2	1	sub-108	76	1380.0	0.9525741268224334	1.0
P2	P2-F0-L2	1	sub-108	76	1650.0	0.9525741268224334	1.0
P2	P2-F0-L2	1	sub-108	76	2550.0	0.9525741268224334	1.0
P2	P2-F0-L2	1	sub-108	76	2910.0	0.9525741268224334	1.0
P2	P2-F0-L2	1	sub-108	76	3030.0	0.9525741268224334	1.0
P2	P2-F0-L2	1	sub-108	76	3360.0	0.9525741268224334	1.0
P2	P2-F0-L2	1	sub-108	76	3600.0	0.9525741268224334	1.0
P2	P2-F0-L2	1	sub-108	76	5760.0	0.9525741268224334	1.0
P2	P2-F0-L2	1	sub-108	76	6060.0	0.9525741268224334	1.0
P2	P2-F0-L2	1	sub-108	76	6270.0	0.9525741268224334	1.0
P2	P2-F0-L2	1	sub-108	76	6330.0	0.9525741268224334	1.0
P2	P2-F0-L2	1	sub-108	76	6450.0	0.9525741268224334	1.0
P2	P2-F0-L2	1	sub-108	76	8880.0	0.9525741268224334	1.0
P2	P2-F0-L2	1	sub-108	76	8940.0	0.9525741268224334	1.0
P2	P2-F0-L2	1	sub-108	76	9000.0	0.9525741268224334	1.0
P2	P2-F0-L2	1	sub-108	76	10770.0	0.9525741268224334	1.0
P2	P2-F0-L2	1	sub-108	76	10830.0	0.9525741268224334	1.0
P2	P2-F0-L2	1	sub-108	76	11430.0	0.9525741268224334	1.0
P2	P2-F0-L2	1	sub-108	76	12570.0	0.9525741268224334	1.0
P2	P2-F0-L2	1	sub-108	76	13260.0	0.9525741268224334	1.0
P2	P2-F0-L2	1	sub-108	76	15990.0	0.9525741268224334	1.0
P2	P2-F0-L2	1	sub-108	76	16110.0	0.9525741268224334	1.0
P2	P2-F0-L2	1	sub-108	76	16290.0	0.9525741268224334	1.0
P2	P2-F0-L2	1	sub-108	76	17910.0	0.9525741268224334	1.0
P2	P2-F0-L2	1	sub-108	76	17970.0	0.9525741268224334	1.0
P2	P2-F0-L2	1	sub-108	76	18030.0	0.9525741268224334	1.0
P2	P2-F0-L2	1	sub-108	76	18150.0	0.9525741268224334	1.0
P2	P2-F0-L2	1	sub-108	76	27210.0	0.9525741268224334	1.0
P2	P2-F0-L2	1	sub-108	76	28110.0	0.9525741268224334	1.0
P2	P2-F0-L2	1	sub-108	76	28620.0	0.9525741268224334	1.0
P2	P2-F0-L2	1	sub-108	76	28800.0	0.9525741268224334	1.0
P2	P2-F0-L2	1	sub-108	76	29190.0	0.9525741268224334	1.0
P2	P2-F0-L2	1	sub-27	19	7170.0	0.9525741268224334	1.0
P2	P2-F0-L2	1	sub-27	19	16020.0	0.9525741268224334	1.0
P2	P2-F0-L2	1	sub-27	19	17490.0	0.9525741268224334	1.0
P2	P2-F0-L2	1	sub-27	19	21510.0	0.9525741268224334	1.0
P2	P2-F0-L2	1	sub-27	19	24000.0	0.9525741268224334	1.0
P2	P2-F0-L2	1	sub-27	19	25620.0	0.9525741268224334	1.0
P2	P2-F0-L2	1	sub-27	19	26580.0	0.9525741268224334	1.0
P2	P2-F0-L2	1	sub-27	19	28110.0	0.9525741268224334	1.0
P2	P2-F0-L2	1	sub-28	20	450.0	0.9525741268224334	1.0
P2	P2-F0-L2	1	sub-29	21	25260.0	0.9525741268224334	1.0
P2	P2-F0-L2	1	sub-29	21	26460.0	0.9525741268224334	1.0
P2	P2-F0-L2	1	sub-29	21	30090.0	0.9525741268224334	1.0
P2	P2-F0-L2	1	sub-29	21	31470.0	0.9525741268224334	1.0
P2	P2-F0-L2	1	sub-29	21	31560.0	0.9525741268224334	1.0
P2	P2-F0-L2	1	sub-33	84	2670.0	0.9525741268224334	1.0
P2	P2-F0-L2	1	sub-33	84	4260.0	0.9525741268224334	1.0
P2	P2-F0-L2	1	sub-33	84	5160.0	0.9525741268224334	1.0
P2	P2-F0-L2	1	sub-33	84	15690.0	0.9525741268224334	1.0
P2	P2-F0-L2	1	sub-33	84	18420.0	0.9525741268224334	1.0
P2	P2-F0-L2	1	sub-33	84	21270.0	0.9525741268224334	1.0
P2	P2-F0-L2	1	sub-33	84	22050.0	0.9525741268224334	1.0
P2	P2-F0-L2	1	sub-33	84	22950.0	0.9525741268224334	1.0
P2	P2-F0-L2	1	sub-33	84	24030.0	0.9525741268224334	1.0
P2	P2-F0-L2	1	sub-33	84	24120.0	0.9525741268224334	1.0
P2	P2-F0-L2	1	sub-36	84	3480.0	0.9525741268224334	1.0
P2	P2-F0-L2	1	sub-36	84	10380.0	0.9525741268224334	1.0
P2	P2-F0-L2	1	sub-36	84	15270.0	0.9525741268224334	1.0
P2	P2-F0-L2	1	sub-36	84	15330.0	0.9525741268224334	1.0
P2	P2-F0-L2	1	sub-36	84	16170.0	0.9525741268224334	1.0
P2	P2-F0-L2	1	sub-36	84	22200.0	0.9525741268224334	1.0
P2	P2-F0-L2	1	sub-36	84	24900.0	0.9525741268224334	1.0
P2	P2-F0-L2	1	sub-42	84	3960.0	0.9525741268224334	1.0
P2	P2-F0-L2	1	sub-42	84	6150.0	0.9525741268224334	1.0
P2	P2-F0-L2	1	sub-42	84	7920.0	0.9525741268224334	1.0
P2	P2-F0-L2	1	sub-42	84	10620.0	0.9525741268224334	1.0
P2	P2-F0-L2	1	sub-42	84	11580.0	0.9525741268224334	1.0
P2	P2-F0-L2	1	sub-42	84	18630.0	0.9525741268224334	1.0
P2	P2-F0-L2	1	sub-42	84	18810.0	0.9525741268224334	1.0
P2	P2-F0-L2	1	sub-42	84	19440.0	0.9525741268224334	1.0
P2	P2-F0-L2	1	sub-42	84	21210.0	0.9525741268224334	1.0
P2	P2-F0-L2	1	sub-42	84	23100.0	0.9525741268224334	1.0
P2	P2-F0-L2	1	sub-42	84	23430.0	0.9525741268224334	1.0
P2	P2-F0-L2	1	sub-56	78	930.0	0.9525741268224334	1.0
P2	P2-F0-L2	1	sub-56	78	6510.0	0.9525741268224334	1.0
P2	P2-F0-L2	1	sub-56	78	12840.0	0.9525741268224334	1.0
P2	P2-F0-L2	1	sub-56	78	13680.0	0.9525741268224334	1.0
P2	P2-F0-L2	1	sub-56	78	18630.0	0.9525741268224334	1.0
P2	P2-F0-L2	1	sub-56	78	19140.0	0.9525741268224334	1.0
P2	P2-F0-L2	1	sub-56	78	19230.0	0.9525741268224334	1.0
P2	P2-F0-L2	1	sub-56	78	19740.0	0.9525741268224334	1.0
P2	P2-F0-L2	1	sub-56	78	25470.0	0.9525741268224334	1.0
P2	P2-F0-L2	1	sub-56	78	27870.0	0.9525741268224334	1.0
P2	P2-F0-L2	1	sub-58	78	1140.0	0.9525741268224334	1.0
P2	P2-F0-L2	1	sub-58	78	13170.0	0.9525741268224334	1.0
P2	P2-F0-L2	1	sub-58	78	19650.0	0.9525741268224334	1.0
P2	P2-F0-L2	1	sub-58	78	20490.0	0.9525741268224334	1.0
P2	P2-F0-L2	1	sub-58	78	21540.0	0.9525741268224334	1.0
P2	P2-F0-L2	1	sub-58	78	21900.0	0.9525741268224334	1.0
P2	P2-F0-L2	1	sub-58	78	24900.0	0.9525741268224334	1.0
P2	P2-F0-L2	1	sub-58	78	26610.0	0.9525741268224334	1.0
P2	P2-F0-L2	1	sub-58	78	28110.0	0.9525741268224334	1.0
P2	P2-F0-L2	1	sub-58	78	28350.0	0.9525741268224334	1.0
P2	P2-F0-L2	1	sub-58	78	29400.0	0.9525741268224334	1.0
P2	P2-F0-L2	1	sub-58	78	29700.0	0.9525741268224334	1.0
P2	P2-F0-L2	1	sub-58	78	29940.0	0.9525741268224334	1.0
P2	P2-F0-L2	1	sub-67	32	900.0	0.9525741268224334	1.0
P2	P2-F0-L2	1	sub-67	32	1380.0	0.9525741268224334	1.0
P2	P2-F0-L2	1	sub-67	32	5730.0	0.9525741268224334	1.0
P2	P2-F0-L2	1	sub-67	32	6270.0	0.9525741268224334	1.0
P2	P2-F0-L2	1	sub-67	32	9360.0	0.9525741268224334	1.0
P2	P2-F0-L2	1	sub-67	32	9450.0	0.9525741268224334	1.0
P2	P2-F0-L2	1	sub-67	32	9960.0	0.9525741268224334	1.0
P2	P2-F0-L2	1	sub-67	32	10560.0	0.9525741268224334	1.0
P2	P2-F0-L2	1	sub-67	32	13620.0	0.9525741268224334	1.0
P2	P2-F0-L2	1	sub-67	32	14250.0	0.9525741268224334	1.0
P2	P2-F0-L2	1	sub-67	32	15450.0	0.9525741268224334	1.0
P2	P2-F0-L2	1	sub-67	32	15750.0	0.9525741268224334	1.0
P2	P2-F0-L2	1	sub-67	32	17250.0	0.9525741268224334	1.0
P2	P2-F0-L2	1	sub-67	32	19260.0	0.9525741268224334	1.0
P2	P2-F0-L2	1	sub-67	32	19890.0	0.9525741268224334	1.0
P2	P2-F0-L2	1	sub-67	32	20310.0	0.9525741268224334	1.0
P2	P2-F0-L2	1	sub-67	32	20490.0	0.9525741268224334	1.0
P2	P2-F0-L2	1	sub-67	32	23520.0	0.9525741268224334	1.0
P2	P2-F0-L2	1	sub-67	32	24240.0	0.9525741268224334	1.0
P2	P2-F0-L2	1	sub-67	32	25140.0	0.9525741268224334	1.0
P2	P2-F0-L2	1	sub-67	32	25440.0	0.9525741268224334	1.0
P2	P2-F0-L2	1	sub-67	32	27300.0	0.9525741268224334	1.0
P2	P2-F0-L2	1	sub-70	35	23700.0	0.9525741268224334	1.0
P2	P2-F0-L2	1	sub-73	38	18480.0	0.9525741268224334	1.0
P2	P2-F0-L2	1	sub-73	38	19530.0	0.9525741268224334	1.0
P2	P2-F0-L2	1	sub-73	38	22170.0	0.9525741268224334	1.0
P2	P2-F0-L2	1	sub-73	38	22380.0	0.9525741268224334	1.0
P2	P2-F0-L2	1	sub-96	63	690.0	0.9525741268224334	1.0
P2	P2-F0-L2	1	sub-96	63	990.0	0.9525741268224334	1.0
P2	P2-F0-L2	1	sub-96	63	1260.0	0.9525741268224334	1.0
P2	P2-F0-L2	1	sub-96	63	1890.0	0.9525741268224334	1.0
P2	P2-F0-L2	1	sub-96	63	1980.0	0.9525741268224334	1.0
P2	P2-F0-L2	1	sub-96	63	2130.0	0.9525741268224334	1.0
P2	P2-F0-L2	1	sub-96	63	2310.0	0.9525741268224334	1.0
P2	P2-F0-L2	1	sub-96	63	2400.0	0.9525741268224334	1.0
P2	P2-F0-L2	1	sub-96	63	2580.0	0.9525741268224334	1.0
P2	P2-F0-L2	1	sub-96	63	2670.0	0.9525741268224334	1.0
P2	P2-F0-L2	1	sub-96	63	2820.0	0.9525741268224334	1.0
P2	P2-F0-L2	1	sub-96	63	3060.0	0.9525741268224334	1.0
P2	P2-F0-L2	1	sub-96	63	3420.0	0.9525741268224334	1.0
P2	P2-F0-L2	1	sub-96	63	3600.0	0.9525741268224334	1.0
P2	P2-F0-L2	1	sub-96	63	4200.0	0.9525741268224334	1.0
P2	P2-F0-L2	1	sub-96	63	13680.0	0.9525741268224334	1.0
P2	P2-F0-L2	1	sub-96	63	14190.0	0.9525741268224334	1.0
P2	P2-F0-L2	1	sub-96	63	14370.0	0.9525741268224334	1.0
P2	P2-F0-L2	1	sub-96	63	14670.0	0.9525741268224334	1.0
P2	P2-F0-L2	1	sub-96	63	19440.0	0.9525741268224334	1.0
P2	P2-F0-L2	1	sub-96	63	19860.0	0.9525741268224334	1.0
P2	P2-F0-L2	1	sub-96	63	26430.0	0.9525741268224334	1.0
P2	P2-F0-L2	1	sub-96	63	26820.0	0.9525741268224334	1.0
P2	P2-F0-L2	1	sub-96	63	26910.0	0.9525741268224334	1.0
P2	P2-F0-L2	1	sub-96	63	27690.0	0.9525741268224334	1.0
P2	P2-F0-L2	1	sub-96	63	27810.0	0.9525741268224334	1.0
P2	P2-F0-L2	1	sub-96	63	28020.0	0.9525741268224334	1.0
P2	P2-F0-L2	1	sub-96	63	28170.0	0.9525741268224334	1.0
P2	P2-F0-L2	1	sub-96	63	28260.0	0.9525741268224334	1.0
P2	P2-F0-L2	1	sub-96	63	28350.0	0.9525741268224334	1.0
P2	P2-F0-L2	1	sub-96	63	28530.0	0.9525741268224334	1.0
P2	P2-F0-L2	1	sub-96	63	28710.0	0.9525741268224334	1.0
P2	P2-F0-L2	1	sub-96	63	28890.0	0.9525741268224334	1.0
P2	P2-F0-L2	1	sub-98	65	6300.0	0.9525741268224334	1.0
P2	P2-F0-L2	1	sub-98	65	9870.0	0.9525741268224334	1.0
P2	P2-F0-L2	1	sub-98	65	10920.0	0.9525741268224334	1.0
P2	P2-F0-L2	1	sub-98	65	11520.0	0.9525741268224334	1.0
P2	P2-F0-L2	1	sub-98	65	16020.0	0.9525741268224334	1.0
P2	P2-F0-L2	1	sub-98	65	18480.0	0.9525741268224334	1.0
P2	P2-F0-L2	1	sub-98	65	19080.0	0.9525741268224334	1.0
P2	P2-F0-L2	1	sub-98	65	19440.0	0.9525741268224334	1.0
P2	P2-F0-L2	1	sub-98	65	19620.0	0.9525741268224334	1.0
P2	P2-F0-L2	1	sub-98	65	19770.0	0.9525741268224334	1.0
P2	P2-F0-L2	1	sub-98	65	19950.0	0.9525741268224334	1.0
P2	P2-F0-L2	1	sub-98	65	20070.0	0.9525741268224334	1.0
P2	P2-F0-L2	1	sub-98	65	20310.0	0.9525741268224334	1.0
P2	P2-F0-L2	1	sub-98	65	20400.0	0.9525741268224334	1.0
P2	P2-F0-L2	1	sub-98	65	20610.0	0.9525741268224334	1.0
P2	P2-F0-L2	1	sub-98	65	23370.0	0.9525741268224334	1.0
P2	P2-F0-L2	1	sub-98	65	23640.0	0.9525741268224334	1.0
P2	P2-F0-L2	1	sub-98	65	23910.0	0.9525741268224334	1.0
P2	P2-F0-L2	1	sub-98	65	24120.0	0.9525741268224334	1.0
P2	P2-F0-L2	1	sub-98	65	24300.0	0.9525741268224334	1.0
P2	P2-F0-L2	1	sub-98	65	24390.0	0.9525741268224334	1.0
P2	P2-F0-L2	1	sub-98	65	25470.0	0.9525741268224334	1.0
P2	P2-F0-L2	1	sub-98	65	25710.0	0.9525741268224334	1.0
P2	P2-F0-L2	1	sub-98	65	25890.0	0.9525741268224334	1.0
P2	P2-F0-L2	1	sub-98	65	26040.0	0.9525741268224334	1.0
P2	P2-F0-L2	1	sub-98	65	26190.0	0.9525741268224334	1.0
P2	P2-F0-L2	1	sub-98	65	26340.0	0.9525741268224334	1.0
P2	P2-F0-L2	1	sub-98	65	26460.0	0.9525741268224334	1.0
P2	P2-F1-L2	1	sub-103	71	600.0	0.991422514586288	1.0
P2	P2-F1-L2	1	sub-103	71	1410.0	0.991422514586288	1.0
P2	P2-F1-L2	1	sub-103	71	1860.0	0.991422514586288	1.0
P2	P2-F1-L2	1	sub-103	71	13260.0	0.991422514586288	1.0
P2	P2-F1-L2	1	sub-103	71	18420.0	0.991422514586288	1.0
P2	P2-F1-L2	1	sub-103	71	22170.0	0.991422514586288	1.0
P2	P2-F1-L2	1	sub-107	75	1590.0	0.991422514586288	1.0
P2	P2-F1-L2	1	sub-107	75	3060.0	0.991422514586288	1.0
P2	P2-F1-L2	1	sub-107	75	15240.0	0.991422514586288	1.0
P2	P2-F1-L2	1	sub-107	75	19470.0	0.991422514586288	1.0
P2	P2-F1-L2	1	sub-107	75	19650.0	0.991422514586288	1.0
P2	P2-F1-L2	1	sub-107	75	26610.0	0.991422514586288	1.0
P2	P2-F1-L2	1	sub-108	76	750.0	0.991422514586288	1.0
P2	P2-F1-L2	1	sub-108	76	810.0	0.991422514586288	1.0
P2	P2-F1-L2	1	sub-108	76	1590.0	0.991422514586288	1.0
P2	P2-F1-L2	1	sub-108	76	1650.0	0.991422514586288	1.0
P2	P2-F1-L2	1	sub-108	76	2310.0	0.991422514586288	1.0
P2	P2-F1-L2	1	sub-108	76	2370.0	0.991422514586288	1.0
P2	P2-F1-L2	1	sub-108	76	2490.0	0.991422514586288	1.0
P2	P2-F1-L2	1	sub-108	76	2550.0	0.991422514586288	1.0
P2	P2-F1-L2	1	sub-108	76	2640.0	0.991422514586288	1.0
P2	P2-F1-L2	1	sub-108	76	2700.0	0.991422514586288	1.0
P2	P2-F1-L2	1	sub-108	76	2820.0	0.991422514586288	1.0
P2	P2-F1-L2	1	sub-108	76	2910.0	0.991422514586288	1.0
P2	P2-F1-L2	1	sub-108	76	3030.0	0.991422514586288	1.0
P2	P2-F1-L2	1	sub-108	76	6060.0	0.991422514586288	1.0
P2	P2-F1-L2	1	sub-108	76	6270.0	0.991422514586288	1.0
P2	P2-F1-L2	1	sub-108	76	6450.0	0.991422514586288	1.0
P2	P2-F1-L2	1	sub-108	76	8820.0	0.991422514586288	1.0
P2	P2-F1-L2	1	sub-108	76	8880.0	0.991422514586288	1.0
P2	P2-F1-L2	1	sub-108	76	8940.0	0.991422514586288	1.0
P2	P2-F1-L2	1	sub-108	76	9030.0	0.991422514586288	1.0
P2	P2-F1-L2	1	sub-108	76	10860.0	0.991422514586288	1.0
P2	P2-F1-L2	1	sub-108	76	11430.0	0.991422514586288	1.0
P2	P2-F1-L2	1	sub-108	76	15990.0	0.991422514586288	1.0
P2	P2-F1-L2	1	sub-108	76	16110.0	0.991422514586288	1.0
P2	P2-F1-L2	1	sub-108	76	17910.0	0.991422514586288	1.0
P2	P2-F1-L2	1	sub-108	76	17970.0	0.991422514586288	1.0
P2	P2-F1-L2	1	sub-108	76	27210.0	0.991422514586288	1.0
P2	P2-F1-L2	1	sub-108	76	28110.0	0.991422514586288	1.0
P2	P2-F1-L2	1	sub-108	76	29640.0	0.991422514586288	1.0
P2	P2-F1-L2	1	sub-27	19	4650.0	0.991422514586288	1.0
P2	P2-F1-L2	1	sub-27	19	7170.0	0.991422514586288	1.0
P2	P2-F1-L2	1	sub-27	19	10380.0	0.991422514586288	1.0
P2	P2-F1-L2	1	sub-27	19	10470.0	0.991422514586288	1.0
P2	P2-F1-L2	1	sub-27	19	11070.0	0.991422514586288	1.0
P2	P2-F1-L2	1	sub-27	19	16020.0	0.991422514586288	1.0
P2	P2-F1-L2	1	sub-27	19	21450.0	0.991422514586288	1.0
P2	P2-F1-L2	1	sub-27	19	21510.0	0.991422514586288	1.0
P2	P2-F1-L2	1	sub-27	19	26580.0	0.991422514586288	1.0
P2	P2-F1-L2	1	sub-27	19	26820.0	0.991422514586288	1.0
P2	P2-F1-L2	1	sub-27	19	27510.0	0.991422514586288	1.0
P2	P2-F1-L2	1	sub-28	20	420.0	0.991422514586288	1.0
P2	P2-F1-L2	1	sub-28	20	5700.0	0.991422514586288	1.0
P2	P2-F1-L2	1	sub-29	21	25260.0	0.991422514586288	1.0
P2	P2-F1-L2	1	sub-33	84	570.0	0.991422514586288	1.0
P2	P2-F1-L2	1	sub-33	84	5160.0	0.991422514586288	1.0
P2	P2-F1-L2	1	sub-33	84	12480.0	0.991422514586288	1.0
P2	P2-F1-L2	1	sub-33	84	17040.0	0.991422514586288	1.0
P2	P2-F1-L2	1	sub-33	84	22500.0	0.991422514586288	1.0
P2	P2-F1-L2	1	sub-33	84	22950.0	0.991422514586288	1.0
P2	P2-F1-L2	1	sub-33	84	24060.0	0.991422514586288	1.0
P2	P2-F1-L2	1	sub-33	84	24120.0	0.991422514586288	1.0
P2	P2-F1-L2	1	sub-33	84	24720.0	0.991422514586288	1.0
P2	P2-F1-L2	1	sub-36	84	2730.0	0.991422514586288	1.0
P2	P2-F1-L2	1	sub-36	84	3450.0	0.991422514586288	1.0
P2	P2-F1-L2	1	sub-36	84	15330.0	0.991422514586288	1.0
P2	P2-F1-L2	1	sub-36	84	16200.0	0.991422514586288	1.0
P2	P2-F1-L2	1	sub-36	84	21450.0	0.991422514586288	1.0
P2	P2-F1-L2	1	sub-36	84	24900.0	0.991422514586288	1.0
P2	P2-F1-L2	1	sub-42	84	930.0	0.991422514586288	1.0
P2	P2-F1-L2	1	sub-42	84	3960.0	0.991422514586288	1.0
P2	P2-F1-L2	1	sub-42	84	4230.0	0.991422514586288	1.0
P2	P2-F1-L2	1	sub-42	84	4500.0	0.991422514586288	1.0
P2	P2-F1-L2	1	sub-42	84	10620.0	0.991422514586288	1.0
P2	P2-F1-L2	1	sub-42	84	17670.0	0.991422514586288	1.0
P2	P2-F1-L2	1	sub-42	84	18600.0	0.991422514586288	1.0
P2	P2-F1-L2	1	sub-42	84	18810.0	0.991422514586288	1.0
P2	P2-F1-L2	1	sub-42	84	19410.0	0.991422514586288	1.0
P2	P2-F1-L2	1	sub-42	84	21870.0	0.991422514586288	1.0
P2	P2-F1-L2	1	sub-42	84	23100.0	0.991422514586288	1.0
P2	P2-F1-L2	1	sub-42	84	23970.0	0.991422514586288	1.0
P2	P2-F1-L2	1	sub-56	78	12840.0	0.991422514586288	1.0
P2	P2-F1-L2	1	sub-56	78	18630.0	0.991422514586288	1.0
P2	P2-F1-L2	1	sub-56	78	19140.0	0.991422514586288	1.0
P2	P2-F1-L2	1	sub-56	78	19740.0	0.991422514586288	1.0
P2	P2-F1-L2	1	sub-56	78	25410.0	0.991422514586288	1.0
P2	P2-F1-L2	1	sub-56	78	25470.0	0.991422514586288	1.0
P2	P2-F1-L2	1	sub-56	78	26730.0	0.991422514586288	1.0
P2	P2-F1-L2	1	sub-56	78	27870.0	0.991422514586288	1.0
P2	P2-F1-L2	1	sub-58	78	20490.0	0.991422514586288	1.0
P2	P2-F1-L2	1	sub-58	78	21900.0	0.991422514586288	1.0
P2	P2-F1-L2	1	sub-58	78	26610.0	0.991422514586288	1.0
P2	P2-F1-L2	1	sub-58	78	27690.0	0.991422514586288	1.0
P2	P2-F1-L2	1	sub-58	78	28770.0	0.991422514586288	1.0
P2	P2-F1-L2	1	sub-58	78	29970.0	0.991422514586288	1.0
P2	P2-F1-L2	1	sub-67	32	5730.0	0.991422514586288	1.0
P2	P2-F1-L2	1	sub-67	32	6210.0	0.991422514586288	1.0
P2	P2-F1-L2	1	sub-67	32	9150.0	0.991422514586288	1.0
P2	P2-F1-L2	1	sub-67	32	9360.0	0.991422514586288	1.0
P2	P2-F1-L2	1	sub-67	32	9960.0	0.991422514586288	1.0
P2	P2-F1-L2	1	sub-67	32	14250.0	0.991422514586288	1.0
P2	P2-F1-L2	1	sub-67	32	15450.0	0.991422514586288	1.0
P2	P2-F1-L2	1	sub-67	32	19260.0	0.991422514586288	1.0
P2	P2-F1-L2	1	sub-67	32	19890.0	0.991422514586288	1.0
P2	P2-F1-L2	1	sub-67	32	20490.0	0.991422514586288	1.0
P2	P2-F1-L2	1	sub-67	32	24240.0	0.991422514586288	1.0
P2	P2-F1-L2	1	sub-67	32	25140.0	0.991422514586288	1.0
P2	P2-F1-L2	1	sub-67	32	26340.0	0.991422514586288	1.0
P2	P2-F1-L2	1	sub-70	35	23700.0	0.991422514586288	1.0
P2	P2-F1-L2	1	sub-73	38	5850.0	0.991422514586288	1.0
P2	P2-F1-L2	1	sub-73	38	13860.0	0.991422514586288	1.0
P2	P2-F1-L2	1	sub-73	38	19530.0	0.991422514586288	1.0
P2	P2-F1-L2	1	sub-73	38	22170.0	0.991422514586288	1.0
P2	P2-F1-L2	1	sub-73	38	23130.0	0.991422514586288	1.0
P2	P2-F1-L2	1	sub-96	63	990.0	0.991422514586288	1.0
P2	P2-F1-L2	1	sub-96	63	1980.0	0.991422514586288	1.0
P2	P2-F1-L2	1	sub-96	63	2070.0	0.991422514586288	1.0
P2	P2-F1-L2	1	sub-96	63	2250.0	0.991422514586288	1.0
P2	P2-F1-L2	1	sub-96	63	2400.0	0.991422514586288	1.0
P2	P2-F1-L2	1	sub-96	63	2490.0	0.991422514586288	1.0
P2	P2-F1-L2	1	sub-96	63	2670.0	0.991422514586288	1.0
P2	P2-F1-L2	1	sub-96	63	3030.0	0.991422514586288	1.0
P2	P2-F1-L2	1	sub-96	63	3270.0	0.991422514586288	1.0
P2	P2-F1-L2	1	sub-96	63	3600.0	0.991422514586288	1.0
P2	P2-F1-L2	1	sub-96	63	3900.0	0.991422514586288	1.0
P2	P2-F1-L2	1	sub-96	63	14190.0	0.991422514586288	1.0
P2	P2-F1-L2	1	sub-96	63	14340.0	0.991422514586288	1.0
P2	P2-F1-L2	1	sub-96	63	19440.0	0.991422514586288	1.0
P2	P2-F1-L2	1	sub-96	63	27690.0	0.991422514586288	1.0
P2	P2-F1-L2	1	sub-96	63	27780.0	0.991422514586288	1.0
P2	P2-F1-L2	1	sub-96	63	27960.0	0.991422514586288	1.0
P2	P2-F1-L2	1	sub-96	63	28170.0	0.991422514586288	1.0
P2	P2-F1-L2	1	sub-96	63	28260.0	0.991422514586288	1.0
P2	P2-F1-L2	1	sub-96	63	28440.0	0.991422514586288	1.0
P2	P2-F1-L2	1	sub-96	63	28650.0	0.991422514586288	1.0
P2	P2-F1-L2	1	sub-96	63	28830.0	0.991422514586288	1.0
P2	P2-F1-L2	1	sub-96	63	29010.0	0.991422514586288	1.0
P2	P2-F1-L2	1	sub-98	65	9870.0	0.991422514586288	1.0
P2	P2-F1-L2	1	sub-98	65	10920.0	0.991422514586288	1.0
P2	P2-F1-L2	1	sub-98	65	19950.0	0.991422514586288	1.0
P2	P2-F1-L2	1	sub-98	65	20070.0	0.991422514586288	1.0
P2	P2-F1-L2	1	sub-98	65	23370.0	0.991422514586288	1.0
P2	P2-F1-L2	1	sub-98	65	23640.0	0.991422514586288	1.0
P2	P2-F1-L2	1	sub-98	65	24120.0	0.991422514586288	1.0
P2	P2-F1-L2	1	sub-98	65	25710.0	0.991422514586288	1.0
P2	P2-F1-L2	1	sub-98	65	26040.0	0.991422514586288	1.0
P2	P2-F1-EN	1	sub-103	71	600.0	0.9820137900379085	1.0
P2	P2-F1-EN	1	sub-103	71	1410.0	0.9820137900379085	1.0
P2	P2-F1-EN	1	sub-103	71	1860.0	0.9820137900379085	1.0
P2	P2-F1-EN	1	sub-103	71	13260.0	0.9820137900379085	1.0
P2	P2-F1-EN	1	sub-103	71	18420.0	0.9820137900379085	1.0
P2	P2-F1-EN	1	sub-103	71	22170.0	0.9820137900379085	1.0
P2	P2-F1-EN	1	sub-107	75	1590.0	0.9820137900379085	1.0
P2	P2-F1-EN	1	sub-107	75	3060.0	0.9820137900379085	1.0
P2	P2-F1-EN	1	sub-107	75	15240.0	0.9820137900379085	1.0
P2	P2-F1-EN	1	sub-107	75	18930.0	0.9820137900379085	1.0
P2	P2-F1-EN	1	sub-107	75	19380.0	0.9820137900379085	1.0
P2	P2-F1-EN	1	sub-107	75	19500.0	0.9820137900379085	1.0
P2	P2-F1-EN	1	sub-107	75	19650.0	0.9820137900379085	1.0
P2	P2-F1-EN	1	sub-107	75	26610.0	0.9820137900379085	1.0
P2	P2-F1-EN	1	sub-108	76	750.0	0.9820137900379085	1.0
P2	P2-F1-EN	1	sub-108	76	810.0	0.9820137900379085	1.0
P2	P2-F1-EN	1	sub-108	76	1590.0	0.9820137900379085	1.0
P2	P2-F1-EN	1	sub-108	76	1650.0	0.9820137900379085	1.0
P2	P2-F1-EN	1	sub-108	76	2310.0	0.9820137900379085	1.0
P2	P2-F1-EN	1	sub-108	76	2370.0	0.9820137900379085	1.0
P2	P2-F1-EN	1	sub-108	76	2490.0	0.9820137900379085	1.0
P2	P2-F1-EN	1	sub-108	76	2550.0	0.9820137900379085	1.0
P2	P2-F1-EN	1	sub-108	76	2640.0	0.9820137900379085	1.0
P2	P2-F1-EN	1	sub-108	76	2700.0	0.9820137900379085	1.0
P2	P2-F1-EN	1	sub-108	76	2820.0	0.9820137900379085	1.0
P2	P2-F1-EN	1	sub-108	76	2910.0	0.9820137900379085	1.0
P2	P2-F1-EN	1	sub-108	76	3030.0	0.9820137900379085	1.0
P2	P2-F1-EN	1	sub-108	76	6060.0	0.9820137900379085	1.0
P2	P2-F1-EN	1	sub-108	76	6270.0	0.9820137900379085	1.0
P2	P2-F1-EN	1	sub-108	76	6450.0	0.9820137900379085	1.0
P2	P2-F1-EN	1	sub-108	76	8820.0	0.9820137900379085	1.0
P2	P2-F1-EN	1	sub-108	76	8880.0	0.9820137900379085	1.0
P2	P2-F1-EN	1	sub-108	76	8940.0	0.9820137900379085	1.0
P2	P2-F1-EN	1	sub-108	76	10860.0	0.9820137900379085	1.0
P2	P2-F1-EN	1	sub-108	76	11430.0	0.9820137900379085	1.0
P2	P2-F1-EN	1	sub-108	76	12510.0	0.9820137900379085	1.0
P2	P2-F1-EN	1	sub-108	76	12570.0	0.9820137900379085	1.0
P2	P2-F1-EN	1	sub-108	76	15990.0	0.9820137900379085	1.0
P2	P2-F1-EN	1	sub-108	76	16110.0	0.9820137900379085	1.0
P2	P2-F1-EN	1	sub-108	76	17910.0	0.9820137900379085	1.0
P2	P2-F1-EN	1	sub-108	76	17970.0	0.9820137900379085	1.0
P2	P2-F1-EN	1	sub-108	76	27210.0	0.9820137900379085	1.0
P2	P2-F1-EN	1	sub-108	76	28110.0	0.9820137900379085	1.0
P2	P2-F1-EN	1	sub-108	76	29190.0	0.9820137900379085	1.0
P2	P2-F1-EN	1	sub-108	76	29640.0	0.9820137900379085	1.0
P2	P2-F1-EN	1	sub-27	19	4650.0	0.9820137900379085	1.0
P2	P2-F1-EN	1	sub-27	19	7110.0	0.9820137900379085	1.0
P2	P2-F1-EN	1	sub-27	19	7170.0	0.9820137900379085	1.0
P2	P2-F1-EN	1	sub-27	19	10380.0	0.9820137900379085	1.0
P2	P2-F1-EN	1	sub-27	19	10470.0	0.9820137900379085	1.0
P2	P2-F1-EN	1	sub-27	19	11070.0	0.9820137900379085	1.0
P2	P2-F1-EN	1	sub-27	19	16020.0	0.9820137900379085	1.0
P2	P2-F1-EN	1	sub-27	19	19290.0	0.9820137900379085	1.0
P2	P2-F1-EN	1	sub-27	19	21450.0	0.9820137900379085	1.0
P2	P2-F1-EN	1	sub-27	19	21510.0	0.9820137900379085	1.0
P2	P2-F1-EN	1	sub-27	19	26580.0	0.9820137900379085	1.0
P2	P2-F1-EN	1	sub-27	19	26820.0	0.9820137900379085	1.0
P2	P2-F1-EN	1	sub-27	19	27510.0	0.9820137900379085	1.0
P2	P2-F1-EN	1	sub-27	19	28410.0	0.9820137900379085	1.0
P2	P2-F1-EN	1	sub-28	20	420.0	0.9820137900379085	1.0
P2	P2-F1-EN	1	sub-28	20	5550.0	0.9820137900379085	1.0
P2	P2-F1-EN	1	sub-28	20	5700.0	0.9820137900379085	1.0
P2	P2-F1-EN	1	sub-29	21	25260.0	0.9820137900379085	1.0
P2	P2-F1-EN	1	sub-33	84	570.0	0.9820137900379085	1.0
P2	P2-F1-EN	1	sub-33	84	5160.0	0.9820137900379085	1.0
P2	P2-F1-EN	1	sub-33	84	10860.0	0.9820137900379085	1.0
P2	P2-F1-EN	1	sub-33	84	17040.0	0.9820137900379085	1.0
P2	P2-F1-EN	1	sub-33	84	22500.0	0.9820137900379085	1.0
P2	P2-F1-EN	1	sub-33	84	22950.0	0.9820137900379085	1.0
P2	P2-F1-EN	1	sub-33	84	23010.0	0.9820137900379085	1.0
P2	P2-F1-EN	1	sub-33	84	24060.0	0.9820137900379085	1.0
P2	P2-F1-EN	1	sub-33	84	24120.0	0.9820137900379085	1.0
P2	P2-F1-EN	1	sub-33	84	24720.0	0.9820137900379085	1.0
P2	P2-F1-EN	1	sub-36	84	2730.0	0.9820137900379085	1.0
P2	P2-F1-EN	1	sub-36	84	3450.0	0.9820137900379085	1.0
P2	P2-F1-EN	1	sub-36	84	15270.0	0.9820137900379085	1.0
P2	P2-F1-EN	1	sub-36	84	15330.0	0.9820137900379085	1.0
P2	P2-F1-EN	1	sub-36	84	16200.0	0.9820137900379085	1.0
P2	P2-F1-EN	1	sub-36	84	21450.0	0.9820137900379085	1.0
P2	P2-F1-EN	1	sub-36	84	24900.0	0.9820137900379085	1.0
P2	P2-F1-EN	1	sub-42	84	930.0	0.9820137900379085	1.0
P2	P2-F1-EN	1	sub-42	84	3960.0	0.9820137900379085	1.0
P2	P2-F1-EN	1	sub-42	84	4230.0	0.9820137900379085	1.0
P2	P2-F1-EN	1	sub-42	84	4500.0	0.9820137900379085	1.0
P2	P2-F1-EN	1	sub-42	84	17670.0	0.9820137900379085	1.0
P2	P2-F1-EN	1	sub-42	84	18600.0	0.9820137900379085	1.0
P2	P2-F1-EN	1	sub-42	84	18780.0	0.9820137900379085	1.0
P2	P2-F1-EN	1	sub-42	84	21870.0	0.9820137900379085	1.0
P2	P2-F1-EN	1	sub-42	84	23100.0	0.9820137900379085	1.0
P2	P2-F1-EN	1	sub-42	84	23460.0	0.9820137900379085	1.0
P2	P2-F1-EN	1	sub-42	84	23970.0	0.9820137900379085	1.0
P2	P2-F1-EN	1	sub-42	84	24210.0	0.9820137900379085	1.0
P2	P2-F1-EN	1	sub-56	78	12840.0	0.9820137900379085	1.0
P2	P2-F1-EN	1	sub-56	78	18630.0	0.9820137900379085	1.0
P2	P2-F1-EN	1	sub-56	78	19140.0	0.9820137900379085	1.0
P2	P2-F1-EN	1	sub-56	78	19740.0	0.9820137900379085	1.0
P2	P2-F1-EN	1	sub-56	78	25410.0	0.9820137900379085	1.0
P2	P2-F1-EN	1	sub-56	78	25470.0	0.9820137900379085	1.0
P2	P2-F1-EN	1	sub-56	78	26730.0	0.9820137900379085	1.0
P2	P2-F1-EN	1	sub-56	78	27870.0	0.9820137900379085	1.0
P2	P2-F1-EN	1	sub-58	78	20490.0	0.9820137900379085	1.0
P2	P2-F1-EN	1	sub-58	78	21900.0	0.9820137900379085	1.0
P2	P2-F1-EN	1	sub-58	78	26610.0	0.9820137900379085	1.0
P2	P2-F1-EN	1	sub-58	78	27690.0	0.9820137900379085	1.0
P2	P2-F1-EN	1	sub-58	78	28770.0	0.9820137900379085	1.0
P2	P2-F1-EN	1	sub-67	32	5730.0	0.9820137900379085	1.0
P2	P2-F1-EN	1	sub-67	32	6210.0	0.9820137900379085	1.0
P2	P2-F1-EN	1	sub-67	32	9150.0	0.9820137900379085	1.0
P2	P2-F1-EN	1	sub-67	32	9360.0	0.9820137900379085	1.0
P2	P2-F1-EN	1	sub-67	32	9960.0	0.9820137900379085	1.0
P2	P2-F1-EN	1	sub-67	32	14250.0	0.9820137900379085	1.0
P2	P2-F1-EN	1	sub-67	32	15450.0	0.9820137900379085	1.0
P2	P2-F1-EN	1	sub-67	32	19260.0	0.9820137900379085	1.0
P2	P2-F1-EN	1	sub-67	32	19890.0	0.9820137900379085	1.0
P2	P2-F1-EN	1	sub-67	32	20490.0	0.9820137900379085	1.0
P2	P2-F1-EN	1	sub-67	32	24240.0	0.9820137900379085	1.0
P2	P2-F1-EN	1	sub-67	32	25140.0	0.9820137900379085	1.0
P2	P2-F1-EN	1	sub-67	32	25470.0	0.9820137900379085	1.0
P2	P2-F1-EN	1	sub-67	32	26340.0	0.9820137900379085	1.0
P2	P2-F1-EN	1	sub-70	35	23700.0	0.9820137900379085	1.0
P2	P2-F1-EN	1	sub-73	38	5850.0	0.9820137900379085	1.0
P2	P2-F1-EN	1	sub-73	38	7830.0	0.9820137900379085	1.0
P2	P2-F1-EN	1	sub-73	38	19530.0	0.9820137900379085	1.0
P2	P2-F1-EN	1	sub-73	38	22170.0	0.9820137900379085	1.0
P2	P2-F1-EN	1	sub-73	38	23130.0	0.9820137900379085	1.0
P2	P2-F1-EN	1	sub-96	63	990.0	0.9820137900379085	1.0
P2	P2-F1-EN	1	sub-96	63	1980.0	0.9820137900379085	1.0
P2	P2-F1-EN	1	sub-96	63	2160.0	0.9820137900379085	1.0
P2	P2-F1-EN	1	sub-96	63	2250.0	0.9820137900379085	1.0
P2	P2-F1-EN	1	sub-96	63	2400.0	0.9820137900379085	1.0
P2	P2-F1-EN	1	sub-96	63	2580.0	0.9820137900379085	1.0
P2	P2-F1-EN	1	sub-96	63	2670.0	0.9820137900379085	1.0
P2	P2-F1-EN	1	sub-96	63	3000.0	0.9820137900379085	1.0
P2	P2-F1-EN	1	sub-96	63	3270.0	0.9820137900379085	1.0
P2	P2-F1-EN	1	sub-96	63	3510.0	0.9820137900379085	1.0
P2	P2-F1-EN	1	sub-96	63	3600.0	0.9820137900379085	1.0
P2	P2-F1-EN	1	sub-96	63	3900.0	0.9820137900379085	1.0
P2	P2-F1-EN	1	sub-96	63	9210.0	0.9820137900379085	1.0
P2	P2-F1-EN	1	sub-96	63	14190.0	0.9820137900379085	1.0
P2	P2-F1-EN	1	sub-96	63	14340.0	0.9820137900379085	1.0
P2	P2-F1-EN	1	sub-96	63	19440.0	0.9820137900379085	1.0
P2	P2-F1-EN	1	sub-96	63	20220.0	0.9820137900379085	1.0
P2	P2-F1-EN	1	sub-96	63	27240.0	0.9820137900379085	1.0
P2	P2-F1-EN	1	sub-96	63	27690.0	0.9820137900379085	1.0
P2	P2-F1-EN	1	sub-96	63	27780.0	0.9820137900379085	1.0
P2	P2-F1-EN	1	sub-96	63	27960.0	0.9820137900379085	1.0
P2	P2-F1-EN	1	sub-96	63	28170.0	0.9820137900379085	1.0
P2	P2-F1-EN	1	sub-96	63	28260.0	0.9820137900379085	1.0
P2	P2-F1-EN	1	sub-96	63	28440.0	0.9820137900379085	1.0
P2	P2-F1-EN	1	sub-96	63	28650.0	0.9820137900379085	1.0
P2	P2-F1-EN	1	sub-96	63	28830.0	0.9820137900379085	1.0
P2	P2-F1-EN	1	sub-96	63	29010.0	0.9820137900379085	1.0
P2	P2-F1-EN	1	sub-98	65	9870.0	0.9820137900379085	1.0
P2	P2-F1-EN	1	sub-98	65	10920.0	0.9820137900379085	1.0
P2	P2-F1-EN	1	sub-98	65	11250.0	0.9820137900379085	1.0
P2	P2-F1-EN	1	sub-98	65	19950.0	0.9820137900379085	1.0
P2	P2-F1-EN	1	sub-98	65	20070.0	0.9820137900379085	1.0
P2	P2-F1-EN	1	sub-98	65	20610.0	0.9820137900379085	1.0
P2	P2-F1-EN	1	sub-98	65	23370.0	0.9820137900379085	1.0
P2	P2-F1-EN	1	sub-98	65	23640.0	0.9820137900379085	1.0
P2	P2-F1-EN	1	sub-98	65	24120.0	0.9820137900379085	1.0
P2	P2-F1-EN	1	sub-98	65	25470.0	0.9820137900379085	1.0
P2	P2-F1-EN	1	sub-98	65	25710.0	0.9820137900379085	1.0
P2	P2-F1-EN	1	sub-98	65	26040.0	0.9820137900379085	1.0
P2	P2-F0-L2	2	sub-10	91	12780.0	0.9859363729567544	1.0
P2	P2-F0-L2	2	sub-119	99	6510.0	0.9859363729567544	1.0
P2	P2-F0-L2	2	sub-119	99	14910.0	0.9859363729567544	1.0
P2	P2-F0-L2	2	sub-120	99	13830.0	0.9859363729567544	1.0
P2	P2-F0-L2	2	sub-120	99	20070.0	0.9859363729567544	1.0
P2	P2-F0-L2	2	sub-128	108	480.0	0.9859363729567544	1.0
P2	P2-F0-L2	2	sub-128	108	2190.0	0.9859363729567544	1.0
P2	P2-F0-L2	2	sub-128	108	3600.0	0.9859363729567544	1.0
P2	P2-F0-L2	2	sub-128	108	10980.0	0.9859363729567544	1.0
P2	P2-F0-L2	2	sub-128	108	11130.0	0.9859363729567544	1.0
P2	P2-F0-L2	2	sub-128	108	11460.0	0.9859363729567544	1.0
P2	P2-F0-L2	2	sub-128	108	11580.0	0.9859363729567544	1.0
P2	P2-F0-L2	2	sub-128	108	14700.0	0.9859363729567544	1.0
P2	P2-F0-L2	2	sub-128	108	15060.0	0.9859363729567544	1.0
P2	P2-F0-L2	2	sub-128	108	15180.0	0.9859363729567544	1.0
P2	P2-F0-L2	2	sub-128	108	15300.0	0.9859363729567544	1.0
P2	P2-F0-L2	2	sub-128	108	15390.0	0.9859363729567544	1.0
P2	P2-F0-L2	2	sub-128	108	15780.0	0.9859363729567544	1.0
P2	P2-F0-L2	2	sub-128	108	15870.0	0.9859363729567544	1.0
P2	P2-F0-L2	2	sub-128	108	16260.0	0.9859363729567544	1.0
P2	P2-F0-L2	2	sub-128	108	16500.0	0.9859363729567544	1.0
P2	P2-F0-L2	2	sub-128	108	17280.0	0.9859363729567544	1.0
P2	P2-F0-L2	2	sub-128	108	17400.0	0.9859363729567544	1.0
P2	P2-F0-L2	2	sub-128	108	17640.0	0.9859363729567544	1.0
P2	P2-F0-L2	2	sub-128	108	18030.0	0.9859363729567544	1.0
P2	P2-F0-L2	2	sub-128	108	18390.0	0.9859363729567544	1.0
P2	P2-F0-L2	2	sub-128	108	18720.0	0.9859363729567544	1.0
P2	P2-F0-L2	2	sub-128	108	18960.0	0.9859363729567544	1.0
P2	P2-F0-L2	2	sub-128	108	19350.0	0.9859363729567544	1.0
P2	P2-F0-L2	2	sub-128	108	19470.0	0.9859363729567544	1.0
P2	P2-F0-L2	2	sub-128	108	19560.0	0.9859363729567544	1.0
P2	P2-F0-L2	2	sub-128	108	20370.0	0.9859363729567544	1.0
P2	P2-F0-L2	2	sub-128	108	21900.0	0.9859363729567544	1.0
P2	P2-F0-L2	2	sub-128	108	22800.0	0.9859363729567544	1.0
P2	P2-F0-L2	2	sub-128	108	23940.0	0.9859363729567544	1.0
P2	P2-F0-L2	2	sub-128	108	24120.0	0.9859363729567544	1.0
P2	P2-F0-L2	2	sub-13	91	25950.0	0.9859363729567544	1.0
P2	P2-F0-L2	2	sub-15	10	1620.0	0.9859363729567544	1.0
P2	P2-F0-L2	2	sub-30	94	14130.0	0.9859363729567544	1.0
P2	P2-F0-L2	2	sub-30	94	19560.0	0.9859363729567544	1.0
P2	P2-F0-L2	2	sub-30	94	19830.0	0.9859363729567544	1.0
P2	P2-F0-L2	2	sub-30	94	20100.0	0.9859363729567544	1.0
P2	P2-F0-L2	2	sub-30	94	20340.0	0.9859363729567544	1.0
P2	P2-F0-L2	2	sub-30	94	23160.0	0.9859363729567544	1.0
P2	P2-F0-L2	2	sub-39	85	6300.0	0.9859363729567544	1.0
P2	P2-F0-L2	2	sub-39	85	19440.0	0.9859363729567544	1.0
P2	P2-F0-L2	2	sub-8	6	2490.0	0.9859363729567544	1.0
P2	P2-F0-L2	2	sub-8	6	3390.0	0.9859363729567544	1.0
P2	P2-F0-L2	2	sub-8	6	5010.0	0.9859363729567544	1.0
P2	P2-F0-L2	2	sub-87	54	9810.0	0.9859363729567544	1.0
P2	P2-F0-L2	2	sub-87	54	14160.0	0.9859363729567544	1.0
P2	P2-F0-L2	2	sub-87	54	19230.0	0.9859363729567544	1.0
P2	P2-F0-L2	2	sub-87	54	24930.0	0.9859363729567544	1.0
P2	P2-F0-L2	2	sub-87	54	25560.0	0.9859363729567544	1.0
P2	P2-F0-L2	2	sub-87	54	25740.0	0.9859363729567544	1.0
P2	P2-F0-L2	2	sub-87	54	28170.0	0.9859363729567544	1.0
P2	P2-F0-L2	2	sub-92	59	1980.0	0.9859363729567544	1.0
P2	P2-F0-L2	2	sub-92	59	2910.0	0.9859363729567544	1.0
P2	P2-F0-L2	2	sub-92	59	5520.0	0.9859363729567544	1.0
P2	P2-F0-L2	2	sub-92	59	7230.0	0.9859363729567544	1.0
P2	P2-F0-L2	2	sub-92	59	8370.0	0.9859363729567544	1.0
P2	P2-F0-L2	2	sub-92	59	12690.0	0.9859363729567544	1.0
P2	P2-F0-L2	2	sub-92	59	19050.0	0.9859363729567544	1.0
P2	P2-F0-L2	2	sub-92	59	21210.0	0.9859363729567544	1.0
P2	P2-F0-L2	2	sub-92	59	22980.0	0.9859363729567544	1.0
P2	P2-F0-L2	2	sub-92	59	24690.0	0.9859363729567544	1.0
P2	P2-F0-L2	2	sub-92	59	26640.0	0.9859363729567544	1.0
P2	P2-F0-L2	2	sub-93	60	2040.0	0.9859363729567544	1.0
P2	P2-F0-L2	2	sub-93	60	20130.0	0.9859363729567544	1.0
P2	P2-F0-L2	2	sub-94	61	3540.0	0.9859363729567544	1.0
P2	P2-F0-L2	2	sub-94	61	7320.0	0.9859363729567544	1.0
P2	P2-F0-L2	2	sub-94	61	16530.0	0.9859363729567544	1.0
P2	P2-F0-L2	2	sub-94	61	25680.0	0.9859363729567544	1.0
P2	P2-F0-L2	2	sub-95	62	930.0	0.9859363729567544	1.0
P2	P2-F0-L2	2	sub-95	62	1050.0	0.9859363729567544	1.0
P2	P2-F0-L2	2	sub-95	62	21990.0	0.9859363729567544	1.0
P2	P2-F0-L2	2	sub-95	62	27720.0	0.9859363729567544	1.0
P2	P2-F1-L2	2	sub-10	91	480.0	0.9820137900379085	1.0
P2	P2-F1-L2	2	sub-10	91	12780.0	0.9820137900379085	1.0
P2	P2-F1-L2	2	sub-10	91	19380.0	0.9820137900379085	1.0
P2	P2-F1-L2	2	sub-10	91	24750.0	0.9820137900379085	1.0
P2	P2-F1-L2	2	sub-10	91	24990.0	0.9820137900379085	1.0
P2	P2-F1-L2	2	sub-118	99	19080.0	0.9820137900379085	1.0
P2	P2-F1-L2	2	sub-118	99	26310.0	0.9820137900379085	1.0
P2	P2-F1-L2	2	sub-119	99	6510.0	0.9820137900379085	1.0
P2	P2-F1-L2	2	sub-119	99	13290.0	0.9820137900379085	1.0
P2	P2-F1-L2	2	sub-119	99	19410.0	0.9820137900379085	1.0
P2	P2-F1-L2	2	sub-120	99	7260.0	0.9820137900379085	1.0
P2	P2-F1-L2	2	sub-120	99	13290.0	0.9820137900379085	1.0
P2	P2-F1-L2	2	sub-120	99	13830.0	0.9820137900379085	1.0
P2	P2-F1-L2	2	sub-120	99	19800.0	0.9820137900379085	1.0
P2	P2-F1-L2	2	sub-128	108	480.0	0.9820137900379085	1.0
P2	P2-F1-L2	2	sub-128	108	11130.0	0.9820137900379085	1.0
P2	P2-F1-L2	2	sub-128	108	11580.0	0.9820137900379085	1.0
P2	P2-F1-L2	2	sub-128	108	14880.0	0.9820137900379085	1.0
P2	P2-F1-L2	2	sub-128	108	15060.0	0.9820137900379085	1.0
P2	P2-F1-L2	2	sub-128	108	15180.0	0.9820137900379085	1.0
P2	P2-F1-L2	2	sub-128	108	15300.0	0.9820137900379085	1.0
P2	P2-F1-L2	2	sub-128	108	15390.0	0.9820137900379085	1.0
P2	P2-F1-L2	2	sub-128	108	16200.0	0.9820137900379085	1.0
P2	P2-F1-L2	2	sub-128	108	16260.0	0.9820137900379085	1.0
P2	P2-F1-L2	2	sub-128	108	16680.0	0.9820137900379085	1.0
P2	P2-F1-L2	2	sub-128	108	16950.0	0.9820137900379085	1.0
P2	P2-F1-L2	2	sub-128	108	17820.0	0.9820137900379085	1.0
P2	P2-F1-L2	2	sub-128	108	18030.0	0.9820137900379085	1.0
P2	P2-F1-L2	2	sub-128	108	18390.0	0.9820137900379085	1.0
P2	P2-F1-L2	2	sub-128	108	18720.0	0.9820137900379085	1.0
P2	P2-F1-L2	2	sub-128	108	19200.0	0.9820137900379085	1.0
P2	P2-F1-L2	2	sub-128	108	19470.0	0.9820137900379085	1.0
P2	P2-F1-L2	2	sub-128	108	19560.0	0.9820137900379085	1.0
P2	P2-F1-L2	2	sub-128	108	20370.0	0.9820137900379085	1.0
P2	P2-F1-L2	2	sub-128	108	21900.0	0.9820137900379085	1.0
P2	P2-F1-L2	2	sub-128	108	22800.0	0.9820137900379085	1.0
P2	P2-F1-L2	2	sub-128	108	24120.0	0.9820137900379085	1.0
P2	P2-F1-L2	2	sub-128	108	24210.0	0.9820137900379085	1.0
P2	P2-F1-L2	2	sub-13	91	22740.0	0.9820137900379085	1.0
P2	P2-F1-L2	2	sub-13	91	26040.0	0.9820137900379085	1.0
P2	P2-F1-L2	2	sub-15	10	7080.0	0.9820137900379085	1.0
P2	P2-F1-L2	2	sub-15	10	18810.0	0.9820137900379085	1.0
P2	P2-F1-L2	2	sub-15	10	25710.0	0.9820137900379085	1.0
P2	P2-F1-L2	2	sub-15	10	29790.0	0.9820137900379085	1.0
P2	P2-F1-L2	2	sub-15	10	30660.0	0.9820137900379085	1.0
P2	P2-F1-L2	2	sub-15	10	31530.0	0.9820137900379085	1.0
P2	P2-F1-L2	2	sub-30	94	13140.0	0.9820137900379085	1.0
P2	P2-F1-L2	2	sub-30	94	13590.0	0.9820137900379085	1.0
P2	P2-F1-L2	2	sub-30	94	14130.0	0.9820137900379085	1.0
P2	P2-F1-L2	2	sub-30	94	18930.0	0.9820137900379085	1.0
P2	P2-F1-L2	2	sub-30	94	19830.0	0.9820137900379085	1.0
P2	P2-F1-L2	2	sub-30	94	20100.0	0.9820137900379085	1.0
P2	P2-F1-L2	2	sub-30	94	20340.0	0.9820137900379085	1.0
P2	P2-F1-L2	2	sub-30	94	20820.0	0.9820137900379085	1.0
P2	P2-F1-L2	2	sub-30	94	22620.0	0.9820137900379085	1.0
P2	P2-F1-L2	2	sub-39	85	4230.0	0.9820137900379085	1.0
P2	P2-F1-L2	2	sub-39	85	6300.0	0.9820137900379085	1.0
P2	P2-F1-L2	2	sub-39	85	19440.0	0.9820137900379085	1.0
P2	P2-F1-L2	2	sub-39	85	26400.0	0.9820137900379085	1.0
P2	P2-F1-L2	2	sub-8	6	510.0	0.9820137900379085	1.0
P2	P2-F1-L2	2	sub-8	6	2160.0	0.9820137900379085	1.0
P2	P2-F1-L2	2	sub-8	6	5010.0	0.9820137900379085	1.0
P2	P2-F1-L2	2	sub-8	6	5910.0	0.9820137900379085	1.0
P2	P2-F1-L2	2	sub-8	6	10140.0	0.9820137900379085	1.0
P2	P2-F1-L2	2	sub-87	54	9810.0	0.9820137900379085	1.0
P2	P2-F1-L2	2	sub-87	54	19230.0	0.9820137900379085	1.0
P2	P2-F1-L2	2	sub-87	54	24930.0	0.9820137900379085	1.0
P2	P2-F1-L2	2	sub-87	54	25560.0	0.9820137900379085	1.0
P2	P2-F1-L2	2	sub-92	59	1950.0	0.9820137900379085	1.0
P2	P2-F1-L2	2	sub-92	59	2940.0	0.9820137900379085	1.0
P2	P2-F1-L2	2	sub-92	59	7230.0	0.9820137900379085	1.0
P2	P2-F1-L2	2	sub-92	59	7770.0	0.9820137900379085	1.0
P2	P2-F1-L2	2	sub-92	59	8370.0	0.9820137900379085	1.0
P2	P2-F1-L2	2	sub-92	59	10860.0	0.9820137900379085	1.0
P2	P2-F1-L2	2	sub-92	59	12690.0	0.9820137900379085	1.0
P2	P2-F1-L2	2	sub-92	59	21210.0	0.9820137900379085	1.0
P2	P2-F1-L2	2	sub-92	59	24690.0	0.9820137900379085	1.0
P2	P2-F1-L2	2	sub-93	60	2880.0	0.9820137900379085	1.0
P2	P2-F1-L2	2	sub-93	60	20130.0	0.9820137900379085	1.0
P2	P2-F1-L2	2	sub-93	60	21900.0	0.9820137900379085	1.0
P2	P2-F1-L2	2	sub-93	60	26100.0	0.9820137900379085	1.0
P2	P2-F1-L2	2	sub-94	61	3540.0	0.9820137900379085	1.0
P2	P2-F1-L2	2	sub-94	61	16500.0	0.9820137900379085	1.0
P2	P2-F1-L2	2	sub-94	61	22980.0	0.9820137900379085	1.0
P2	P2-F1-L2	2	sub-94	61	25680.0	0.9820137900379085	1.0
P2	P2-F1-L2	2	sub-95	62	13830.0	0.9820137900379085	1.0
P2	P2-F1-L2	2	sub-95	62	14310.0	0.9820137900379085	1.0
P2	P2-F1-L2	2	sub-95	62	17340.0	0.9820137900379085	1.0
P2	P2-F1-L2	2	sub-95	62	21990.0	0.9820137900379085	1.0
P2	P2-F1-L2	2	sub-95	62	26700.0	0.9820137900379085	1.0
P2	P2-F1-L2	2	sub-95	62	27090.0	0.9820137900379085	1.0
P2	P2-F1-L2	2	sub-95	62	27660.0	0.9820137900379085	1.0
P2	P2-F1-L2	2	sub-95	62	27720.0	0.9820137900379085	1.0
P2	P2-F1-EN	2	sub-10	91	12780.0	0.9525741268224334	0.1
P2	P2-F1-EN	2	sub-10	91	19350.0	0.9525741268224334	0.1
P2	P2-F1-EN	2	sub-10	91	24750.0	0.9525741268224334	0.1
P2	P2-F1-EN	2	sub-10	91	24990.0	0.9525741268224334	0.1
P2	P2-F1-EN	2	sub-118	99	13590.0	0.9525741268224334	0.1
P2	P2-F1-EN	2	sub-118	99	19080.0	0.9525741268224334	0.1
P2	P2-F1-EN	2	sub-119	99	6510.0	0.9525741268224334	0.1
P2	P2-F1-EN	2	sub-119	99	19380.0	0.9525741268224334	0.1
P2	P2-F1-EN	2	sub-119	99	19920.0	0.9525741268224334	0.1
P2	P2-F1-EN	2	sub-120	99	13290.0	0.9525741268224334	0.1
P2	P2-F1-EN	2	sub-120	99	13830.0	0.9525741268224334	0.1
P2	P2-F1-EN	2	sub-128	108	480.0	0.9525741268224334	0.1
P2	P2-F1-EN	2	sub-128	108	2190.0	0.9525741268224334	0.1
P2	P2-F1-EN	2	sub-128	108	11130.0	0.9525741268224334	0.1
P2	P2-F1-EN	2	sub-128	108	11460.0	0.9525741268224334	0.1
P2	P2-F1-EN	2	sub-128	108	11580.0	0.9525741268224334	0.1
P2	P2-F1-EN	2	sub-128	108	15300.0	0.9525741268224334	0.1
P2	P2-F1-EN	2	sub-128	108	16260.0	0.9525741268224334	0.1
P2	P2-F1-EN	2	sub-128	108	16500.0	0.9525741268224334	0.1
P2	P2-F1-EN	2	sub-128	108	16950.0	0.9525741268224334	0.1
P2	P2-F1-EN	2	sub-128	108	18030.0	0.9525741268224334	0.1
P2	P2-F1-EN	2	sub-128	108	18390.0	0.9525741268224334	0.1
P2	P2-F1-EN	2	sub-128	108	19200.0	0.9525741268224334	0.1
P2	P2-F1-EN	2	sub-128	108	19350.0	0.9525741268224334	0.1
P2	P2-F1-EN	2	sub-128	108	19470.0	0.9525741268224334	0.1
P2	P2-F1-EN	2	sub-128	108	19560.0	0.9525741268224334	0.1
P2	P2-F1-EN	2	sub-128	108	20370.0	0.9525741268224334	0.1
P2	P2-F1-EN	2	sub-128	108	21900.0	0.9525741268224334	0.1
P2	P2-F1-EN	2	sub-128	108	22800.0	0.9525741268224334	0.1
P2	P2-F1-EN	2	sub-128	108	24120.0	0.9525741268224334	0.1
P2	P2-F1-EN	2	sub-13	91	16860.0	0.9525741268224334	0.1
P2	P2-F1-EN	2	sub-13	91	20250.0	0.9525741268224334	0.1
P2	P2-F1-EN	2	sub-13	91	25980.0	0.9525741268224334	0.1
P2	P2-F1-EN	2	sub-15	10	25710.0	0.9525741268224334	0.1
P2	P2-F1-EN	2	sub-15	10	31530.0	0.9525741268224334	0.1
P2	P2-F1-EN	2	sub-30	94	14130.0	0.9525741268224334	0.1
P2	P2-F1-EN	2	sub-30	94	18930.0	0.9525741268224334	0.1
P2	P2-F1-EN	2	sub-30	94	19530.0	0.9525741268224334	0.1
P2	P2-F1-EN	2	sub-30	94	19830.0	0.9525741268224334	0.1
P2	P2-F1-EN	2	sub-30	94	20100.0	0.9525741268224334	0.1
P2	P2-F1-EN	2	sub-30	94	20340.0	0.9525741268224334	0.1
P2	P2-F1-EN	2	sub-30	94	20820.0	0.9525741268224334	0.1
P2	P2-F1-EN	2	sub-30	94	21150.0	0.9525741268224334	0.1
P2	P2-F1-EN	2	sub-30	94	22620.0	0.9525741268224334	0.1
P2	P2-F1-EN	2	sub-30	94	23160.0	0.9525741268224334	0.1
P2	P2-F1-EN	2	sub-39	85	4230.0	0.9525741268224334	0.1
P2	P2-F1-EN	2	sub-39	85	19440.0	0.9525741268224334	0.1
P2	P2-F1-EN	2	sub-8	6	510.0	0.9525741268224334	0.1
P2	P2-F1-EN	2	sub-8	6	1680.0	0.9525741268224334	0.1
P2	P2-F1-EN	2	sub-8	6	5010.0	0.9525741268224334	0.1
P2	P2-F1-EN	2	sub-8	6	10140.0	0.9525741268224334	0.1
P2	P2-F1-EN	2	sub-87	54	9810.0	0.9525741268224334	0.1
P2	P2-F1-EN	2	sub-87	54	19230.0	0.9525741268224334	0.1
P2	P2-F1-EN	2	sub-87	54	25560.0	0.9525741268224334	0.1
P2	P2-F1-EN	2	sub-92	59	1950.0	0.9525741268224334	0.1
P2	P2-F1-EN	2	sub-92	59	2910.0	0.9525741268224334	0.1
P2	P2-F1-EN	2	sub-92	59	5520.0	0.9525741268224334	0.1
P2	P2-F1-EN	2	sub-92	59	7230.0	0.9525741268224334	0.1
P2	P2-F1-EN	2	sub-92	59	8370.0	0.9525741268224334	0.1
P2	P2-F1-EN	2	sub-92	59	10860.0	0.9525741268224334	0.1
P2	P2-F1-EN	2	sub-92	59	12690.0	0.9525741268224334	0.1
P2	P2-F1-EN	2	sub-92	59	21210.0	0.9525741268224334	0.1
P2	P2-F1-EN	2	sub-92	59	24690.0	0.9525741268224334	0.1
P2	P2-F1-EN	2	sub-94	61	3540.0	0.9525741268224334	0.1
P2	P2-F1-EN	2	sub-94	61	16500.0	0.9525741268224334	0.1
P2	P2-F1-EN	2	sub-94	61	25680.0	0.9525741268224334	0.1
P2	P2-F1-EN	2	sub-95	62	930.0	0.9525741268224334	0.1
P2	P2-F1-EN	2	sub-95	62	21990.0	0.9525741268224334	0.1
P2	P2-F1-EN	2	sub-95	62	26700.0	0.9525741268224334	0.1
P2	P2-F1-EN	2	sub-95	62	27660.0	0.9525741268224334	0.1
P2	P2-F0-L2	3	sub-101	68	630.0	0.9859363729567544	1.0
P2	P2-F0-L2	3	sub-101	68	25110.0	0.9859363729567544	1.0
P2	P2-F0-L2	3	sub-109	96	690.0	0.9859363729567544	1.0
P2	P2-F0-L2	3	sub-110	96	19740.0	0.9859363729567544	1.0
P2	P2-F0-L2	3	sub-111	96	390.0	0.9859363729567544	1.0
P2	P2-F0-L2	3	sub-111	96	510.0	0.9859363729567544	1.0
P2	P2-F0-L2	3	sub-111	96	1500.0	0.9859363729567544	1.0
P2	P2-F0-L2	3	sub-111	96	3000.0	0.9859363729567544	1.0
P2	P2-F0-L2	3	sub-111	96	3120.0	0.9859363729567544	1.0
P2	P2-F0-L2	3	sub-111	96	3330.0	0.9859363729567544	1.0
P2	P2-F0-L2	3	sub-111	96	3630.0	0.9859363729567544	1.0
P2	P2-F0-L2	3	sub-111	96	3780.0	0.9859363729567544	1.0
P2	P2-F0-L2	3	sub-111	96	3930.0	0.9859363729567544	1.0
P2	P2-F0-L2	3	sub-111	96	4890.0	0.9859363729567544	1.0
P2	P2-F0-L2	3	sub-111	96	5040.0	0.9859363729567544	1.0
P2	P2-F0-L2	3	sub-111	96	6510.0	0.9859363729567544	1.0
P2	P2-F0-L2	3	sub-111	96	17610.0	0.9859363729567544	1.0
P2	P2-F0-L2	3	sub-111	96	20310.0	0.9859363729567544	1.0
P2	P2-F0-L2	3	sub-111	96	22350.0	0.9859363729567544	1.0
P2	P2-F0-L2	3	sub-111	96	23010.0	0.9859363729567544	1.0
P2	P2-F0-L2	3	sub-111	96	28350.0	0.9859363729567544	1.0
P2	P2-F0-L2	3	sub-122	101	6540.0	0.9859363729567544	1.0
P2	P2-F0-L2	3	sub-122	101	23520.0	0.9859363729567544	1.0
P2	P2-F0-L2	3	sub-3	1	12510.0	0.9859363729567544	1.0
P2	P2-F0-L2	3	sub-3	1	18840.0	0.9859363729567544	1.0
P2	P2-F0-L2	3	sub-3	1	19530.0	0.9859363729567544	1.0
P2	P2-F0-L2	3	sub-3	1	23700.0	0.9859363729567544	1.0
P2	P2-F0-L2	3	sub-3	1	24840.0	0.9859363729567544	1.0
P2	P2-F0-L2	3	sub-3	1	25680.0	0.9859363729567544	1.0
P2	P2-F0-L2	3	sub-3	1	27030.0	0.9859363729567544	1.0
P2	P2-F0-L2	3	sub-3	1	27810.0	0.9859363729567544	1.0
P2	P2-F0-L2	3	sub-3	1	29640.0	0.9859363729567544	1.0
P2	P2-F0-L2	3	sub-52	31	15750.0	0.9859363729567544	1.0
P2	P2-F0-L2	3	sub-60	80	1710.0	0.9859363729567544	1.0
P2	P2-F0-L2	3	sub-60	80	25290.0	0.9859363729567544	1.0
P2	P2-F0-L2	3	sub-62	80	180.0	0.9859363729567544	1.0
P2	P2-F0-L2	3	sub-62	80	1080.0	0.9859363729567544	1.0
P2	P2-F0-L2	3	sub-62	80	25980.0	0.9859363729567544	1.0
P2	P2-F0-L2	3	sub-68	33	5700.0	0.9859363729567544	1.0
P2	P2-F0-L2	3	sub-68	33	7980.0	0.9859363729567544	1.0
P2	P2-F0-L2	3	sub-68	33	9660.0	0.9859363729567544	1.0
P2	P2-F0-L2	3	sub-68	33	10020.0	0.9859363729567544	1.0
P2	P2-F0-L2	3	sub-68	33	15930.0	0.9859363729567544	1.0
P2	P2-F0-L2	3	sub-68	33	16620.0	0.9859363729567544	1.0
P2	P2-F0-L2	3	sub-68	33	20310.0	0.9859363729567544	1.0
P2	P2-F0-L2	3	sub-68	33	21030.0	0.9859363729567544	1.0
P2	P2-F0-L2	3	sub-68	33	21390.0	0.9859363729567544	1.0
P2	P2-F0-L2	3	sub-68	33	22770.0	0.9859363729567544	1.0
P2	P2-F0-L2	3	sub-68	33	23700.0	0.9859363729567544	1.0
P2	P2-F0-L2	3	sub-68	33	25500.0	0.9859363729567544	1.0
P2	P2-F0-L2	3	sub-68	33	25710.0	0.9859363729567544	1.0
P2	P2-F0-L2	3	sub-77	42	570.0	0.9859363729567544	1.0
P2	P2-F0-L2	3	sub-77	42	6210.0	0.9859363729567544	1.0
P2	P2-F0-L2	3	sub-77	42	11490.0	0.9859363729567544	1.0
P2	P2-F0-L2	3	sub-77	42	13740.0	0.9859363729567544	1.0
P2	P2-F0-L2	3	sub-77	42	17910.0	0.9859363729567544	1.0
P2	P2-F0-L2	3	sub-77	42	18150.0	0.9859363729567544	1.0
P2	P2-F0-L2	3	sub-77	42	20310.0	0.9859363729567544	1.0
P2	P2-F0-L2	3	sub-77	42	21900.0	0.9859363729567544	1.0
P2	P2-F0-L2	3	sub-77	42	25080.0	0.9859363729567544	1.0
P2	P2-F0-L2	3	sub-77	42	26670.0	0.9859363729567544	1.0
P2	P2-F0-L2	3	sub-77	42	29550.0	0.9859363729567544	1.0
P2	P2-F0-L2	3	sub-77	42	30090.0	0.9859363729567544	1.0
P2	P2-F0-L2	3	sub-77	42	31590.0	0.9859363729567544	1.0
P2	P2-F0-L2	3	sub-81	46	13590.0	0.9859363729567544	1.0
P2	P2-F0-L2	3	sub-81	46	14820.0	0.9859363729567544	1.0
P2	P2-F0-L2	3	sub-81	46	20190.0	0.9859363729567544	1.0
P2	P2-F0-L2	3	sub-81	46	21750.0	0.9859363729567544	1.0
P2	P2-F0-L2	3	sub-81	46	22140.0	0.9859363729567544	1.0
P2	P2-F0-L2	3	sub-84	51	5850.0	0.9859363729567544	1.0
P2	P2-F0-L2	3	sub-86	53	26640.0	0.9859363729567544	1.0
P2	P2-F0-L2	3	sub-86	53	26820.0	0.9859363729567544	1.0
P2	P2-F0-L2	3	sub-99	66	29700.0	0.9859363729567544	1.0
P2	P2-F1-L2	3	sub-101	68	23280.0	0.91	1.0
P2	P2-F1-L2	3	sub-101	68	23820.0	0.91	1.0
P2	P2-F1-L2	3	sub-101	68	24960.0	0.91	1.0
P2	P2-F1-L2	3	sub-101	68	25050.0	0.91	1.0
P2	P2-F1-L2	3	sub-101	68	25110.0	0.91	1.0
P2	P2-F1-L2	3	sub-111	96	360.0	0.91	1.0
P2	P2-F1-L2	3	sub-111	96	510.0	0.91	1.0
P2	P2-F1-L2	3	sub-111	96	1500.0	0.91	1.0
P2	P2-F1-L2	3	sub-111	96	3000.0	0.91	1.0
P2	P2-F1-L2	3	sub-111	96	3630.0	0.91	1.0
P2	P2-F1-L2	3	sub-111	96	3750.0	0.91	1.0
P2	P2-F1-L2	3	sub-111	96	4890.0	0.91	1.0
P2	P2-F1-L2	3	sub-111	96	5040.0	0.91	1.0
P2	P2-F1-L2	3	sub-111	96	20310.0	0.91	1.0
P2	P2-F1-L2	3	sub-111	96	22350.0	0.91	1.0
P2	P2-F1-L2	3	sub-122	101	4860.0	0.91	1.0
P2	P2-F1-L2	3	sub-122	101	5190.0	0.91	1.0
P2	P2-F1-L2	3	sub-22	14	9330.0	0.91	1.0
P2	P2-F1-L2	3	sub-22	14	16290.0	0.91	1.0
P2	P2-F1-L2	3	sub-22	14	25950.0	0.91	1.0
P2	P2-F1-L2	3	sub-22	14	29280.0	0.91	1.0
P2	P2-F1-L2	3	sub-3	1	18840.0	0.91	1.0
P2	P2-F1-L2	3	sub-3	1	18960.0	0.91	1.0
P2	P2-F1-L2	3	sub-3	1	19530.0	0.91	1.0
P2	P2-F1-L2	3	sub-3	1	23700.0	0.91	1.0
P2	P2-F1-L2	3	sub-3	1	24840.0	0.91	1.0
P2	P2-F1-L2	3	sub-3	1	26280.0	0.91	1.0
P2	P2-F1-L2	3	sub-3	1	26670.0	0.91	1.0
P2	P2-F1-L2	3	sub-3	1	29640.0	0.91	1.0
P2	P2-F1-L2	3	sub-52	31	15750.0	0.91	1.0
P2	P2-F1-L2	3	sub-52	31	17670.0	0.91	1.0
P2	P2-F1-L2	3	sub-52	31	23550.0	0.91	1.0
P2	P2-F1-L2	3	sub-60	80	1710.0	0.91	1.0
P2	P2-F1-L2	3	sub-60	80	12450.0	0.91	1.0
P2	P2-F1-L2	3	sub-60	80	13650.0	0.91	1.0
P2	P2-F1-L2	3	sub-60	80	14010.0	0.91	1.0
P2	P2-F1-L2	3	sub-62	80	8160.0	0.91	1.0
P2	P2-F1-L2	3	sub-62	80	17040.0	0.91	1.0
P2	P2-F1-L2	3	sub-62	80	23370.0	0.91	1.0
P2	P2-F1-L2	3	sub-62	80	23640.0	0.91	1.0
P2	P2-F1-L2	3	sub-62	80	23940.0	0.91	1.0
P2	P2-F1-L2	3	sub-62	80	24270.0	0.91	1.0
P2	P2-F1-L2	3	sub-62	80	25980.0	0.91	1.0
P2	P2-F1-L2	3	sub-62	80	26340.0	0.91	1.0
P2	P2-F1-L2	3	sub-68	33	7980.0	0.91	1.0
P2	P2-F1-L2	3	sub-68	33	10020.0	0.91	1.0
P2	P2-F1-L2	3	sub-68	33	15390.0	0.91	1.0
P2	P2-F1-L2	3	sub-68	33	20460.0	0.91	1.0
P2	P2-F1-L2	3	sub-68	33	21150.0	0.91	1.0
P2	P2-F1-L2	3	sub-68	33	21240.0	0.91	1.0
P2	P2-F1-L2	3	sub-68	33	25710.0	0.91	1.0
P2	P2-F1-L2	3	sub-77	42	570.0	0.91	1.0
P2	P2-F1-L2	3	sub-77	42	11490.0	0.91	1.0
P2	P2-F1-L2	3	sub-77	42	13740.0	0.91	1.0
P2	P2-F1-L2	3	sub-77	42	16710.0	0.91	1.0
P2	P2-F1-L2	3	sub-77	42	16830.0	0.91	1.0
P2	P2-F1-L2	3	sub-77	42	17910.0	0.91	1.0
P2	P2-F1-L2	3	sub-77	42	20310.0	0.91	1.0
P2	P2-F1-L2	3	sub-77	42	21900.0	0.91	1.0
P2	P2-F1-L2	3	sub-77	42	23640.0	0.91	1.0
P2	P2-F1-L2	3	sub-77	42	24120.0	0.91	1.0
P2	P2-F1-L2	3	sub-77	42	26670.0	0.91	1.0
P2	P2-F1-L2	3	sub-77	42	29490.0	0.91	1.0
P2	P2-F1-L2	3	sub-77	42	30090.0	0.91	1.0
P2	P2-F1-L2	3	sub-77	42	31080.0	0.91	1.0
P2	P2-F1-L2	3	sub-77	42	31590.0	0.91	1.0
P2	P2-F1-L2	3	sub-81	46	1560.0	0.91	1.0
P2	P2-F1-L2	3	sub-81	46	6240.0	0.91	1.0
P2	P2-F1-L2	3	sub-81	46	7020.0	0.91	1.0
P2	P2-F1-L2	3	sub-81	46	13350.0	0.91	1.0
P2	P2-F1-L2	3	sub-81	46	13590.0	0.91	1.0
P2	P2-F1-L2	3	sub-81	46	13710.0	0.91	1.0
P2	P2-F1-L2	3	sub-81	46	14760.0	0.91	1.0
P2	P2-F1-L2	3	sub-81	46	14820.0	0.91	1.0
P2	P2-F1-L2	3	sub-81	46	20190.0	0.91	1.0
P2	P2-F1-L2	3	sub-81	46	21150.0	0.91	1.0
P2	P2-F1-L2	3	sub-81	46	21750.0	0.91	1.0
P2	P2-F1-L2	3	sub-81	46	21990.0	0.91	1.0
P2	P2-F1-L2	3	sub-81	46	22140.0	0.91	1.0
P2	P2-F1-L2	3	sub-81	46	23160.0	0.91	1.0
P2	P2-F1-L2	3	sub-81	46	25860.0	0.91	1.0
P2	P2-F1-L2	3	sub-81	46	26190.0	0.91	1.0
P2	P2-F1-L2	3	sub-81	46	26370.0	0.91	1.0
P2	P2-F1-L2	3	sub-81	46	26700.0	0.91	1.0
P2	P2-F1-L2	3	sub-81	46	27000.0	0.91	1.0
P2	P2-F1-L2	3	sub-84	51	270.0	0.91	1.0
P2	P2-F1-L2	3	sub-84	51	3780.0	0.91	1.0
P2	P2-F1-L2	3	sub-84	51	5850.0	0.91	1.0
P2	P2-F1-L2	3	sub-84	51	24810.0	0.91	1.0
P2	P2-F1-L2	3	sub-86	53	26400.0	0.91	1.0
P2	P2-F1-L2	3	sub-86	53	26640.0	0.91	1.0
P2	P2-F1-L2	3	sub-99	66	4140.0	0.91	1.0
P2	P2-F1-L2	3	sub-99	66	5700.0	0.91	1.0
P2	P2-F1-L2	3	sub-99	66	14940.0	0.91	1.0
P2	P2-F1-L2	3	sub-99	66	20460.0	0.91	1.0
P2	P2-F1-L2	3	sub-99	66	20550.0	0.91	1.0
P2	P2-F1-L2	3	sub-99	66	20850.0	0.91	1.0
P2	P2-F1-L2	3	sub-99	66	29700.0	0.91	1.0
P2	P2-F1-L2	3	sub-99	66	30930.0	0.91	1.0
P2	P2-F1-EN	3	sub-101	68	20610.0	0.9525741268224334	0.1
P2	P2-F1-EN	3	sub-101	68	24960.0	0.9525741268224334	0.1
P2	P2-F1-EN	3	sub-101	68	25110.0	0.9525741268224334	0.1
P2	P2-F1-EN	3	sub-109	96	690.0	0.9525741268224334	0.1
P2	P2-F1-EN	3	sub-110	96	22050.0	0.9525741268224334	0.1
P2	P2-F1-EN	3	sub-110	96	25800.0	0.9525741268224334	0.1
P2	P2-F1-EN	3	sub-111	96	390.0	0.9525741268224334	0.1
P2	P2-F1-EN	3	sub-111	96	1500.0	0.9525741268224334	0.1
P2	P2-F1-EN	3	sub-111	96	3030.0	0.9525741268224334	0.1
P2	P2-F1-EN	3	sub-111	96	3330.0	0.9525741268224334	0.1
P2	P2-F1-EN	3	sub-111	96	3630.0	0.9525741268224334	0.1
P2	P2-F1-EN	3	sub-111	96	3750.0	0.9525741268224334	0.1
P2	P2-F1-EN	3	sub-111	96	3900.0	0.9525741268224334	0.1
P2	P2-F1-EN	3	sub-111	96	4890.0	0.9525741268224334	0.1
P2	P2-F1-EN	3	sub-111	96	6510.0	0.9525741268224334	0.1
P2	P2-F1-EN	3	sub-111	96	17550.0	0.9525741268224334	0.1
P2	P2-F1-EN	3	sub-111	96	20310.0	0.9525741268224334	0.1
P2	P2-F1-EN	3	sub-111	96	22350.0	0.9525741268224334	0.1
P2	P2-F1-EN	3	sub-111	96	23010.0	0.9525741268224334	0.1
P2	P2-F1-EN	3	sub-111	96	28350.0	0.9525741268224334	0.1
P2	P2-F1-EN	3	sub-122	101	23520.0	0.9525741268224334	0.1
P2	P2-F1-EN	3	sub-3	1	6360.0	0.9525741268224334	0.1
P2	P2-F1-EN	3	sub-3	1	12510.0	0.9525741268224334	0.1
P2	P2-F1-EN	3	sub-3	1	18840.0	0.9525741268224334	0.1
P2	P2-F1-EN	3	sub-3	1	19530.0	0.9525741268224334	0.1
P2	P2-F1-EN	3	sub-3	1	23700.0	0.9525741268224334	0.1
P2	P2-F1-EN	3	sub-3	1	24840.0	0.9525741268224334	0.1
P2	P2-F1-EN	3	sub-3	1	25680.0	0.9525741268224334	0.1
P2	P2-F1-EN	3	sub-3	1	26670.0	0.9525741268224334	0.1
P2	P2-F1-EN	3	sub-3	1	27030.0	0.9525741268224334	0.1
P2	P2-F1-EN	3	sub-3	1	27810.0	0.9525741268224334	0.1
P2	P2-F1-EN	3	sub-3	1	29640.0	0.9525741268224334	0.1
P2	P2-F1-EN	3	sub-52	31	15750.0	0.9525741268224334	0.1
P2	P2-F1-EN	3	sub-52	31	17670.0	0.9525741268224334	0.1
P2	P2-F1-EN	3	sub-60	80	1710.0	0.9525741268224334	0.1
P2	P2-F1-EN	3	sub-60	80	25290.0	0.9525741268224334	0.1
P2	P2-F1-EN	3	sub-62	80	8160.0	0.9525741268224334	0.1
P2	P2-F1-EN	3	sub-62	80	17040.0	0.9525741268224334	0.1
P2	P2-F1-EN	3	sub-62	80	23940.0	0.9525741268224334	0.1
P2	P2-F1-EN	3	sub-62	80	25980.0	0.9525741268224334	0.1
P2	P2-F1-EN	3	sub-68	33	9660.0	0.9525741268224334	0.1
P2	P2-F1-EN	3	sub-68	33	10020.0	0.9525741268224334	0.1
P2	P2-F1-EN	3	sub-68	33	25500.0	0.9525741268224334	0.1
P2	P2-F1-EN	3	sub-68	33	25710.0	0.9525741268224334	0.1
P2	P2-F1-EN	3	sub-77	42	570.0	0.9525741268224334	0.1
P2	P2-F1-EN	3	sub-77	42	6210.0	0.9525741268224334	0.1
P2	P2-F1-EN	3	sub-77	42	11490.0	0.9525741268224334	0.1
P2	P2-F1-EN	3	sub-77	42	13740.0	0.9525741268224334	0.1
P2	P2-F1-EN	3	sub-77	42	16830.0	0.9525741268224334	0.1
P2	P2-F1-EN	3	sub-77	42	17910.0	0.9525741268224334	0.1
P2	P2-F1-EN	3	sub-77	42	20310.0	0.9525741268224334	0.1
P2	P2-F1-EN	3	sub-77	42	21900.0	0.9525741268224334	0.1
P2	P2-F1-EN	3	sub-77	42	23610.0	0.9525741268224334	0.1
P2	P2-F1-EN	3	sub-77	42	24120.0	0.9525741268224334	0.1
P2	P2-F1-EN	3	sub-77	42	26670.0	0.9525741268224334	0.1
P2	P2-F1-EN	3	sub-77	42	29550.0	0.9525741268224334	0.1
P2	P2-F1-EN	3	sub-77	42	30090.0	0.9525741268224334	0.1
P2	P2-F1-EN	3	sub-77	42	31590.0	0.9525741268224334	0.1
P2	P2-F1-EN	3	sub-81	46	13320.0	0.9525741268224334	0.1
P2	P2-F1-EN	3	sub-81	46	13590.0	0.9525741268224334	0.1
P2	P2-F1-EN	3	sub-81	46	13710.0	0.9525741268224334	0.1
P2	P2-F1-EN	3	sub-81	46	14820.0	0.9525741268224334	0.1
P2	P2-F1-EN	3	sub-81	46	20190.0	0.9525741268224334	0.1
P2	P2-F1-EN	3	sub-81	46	22140.0	0.9525741268224334	0.1
P2	P2-F1-EN	3	sub-81	46	26190.0	0.9525741268224334	0.1
P2	P2-F1-EN	3	sub-81	46	26370.0	0.9525741268224334	0.1
P2	P2-F1-EN	3	sub-81	46	27000.0	0.9525741268224334	0.1
P2	P2-F1-EN	3	sub-84	51	5850.0	0.9525741268224334	0.1
P2	P2-F1-EN	3	sub-84	51	24810.0	0.9525741268224334	0.1
P2	P2-F1-EN	3	sub-86	53	26640.0	0.9525741268224334	0.1
P2	P2-F1-EN	3	sub-99	66	14940.0	0.9525741268224334	0.1
P2	P2-F1-EN	3	sub-99	66	20460.0	0.9525741268224334	0.1
P2	P2-F0-L2	4	sub-100	67	2160.0	0.9820137900379085	1.0
P2	P2-F0-L2	4	sub-100	67	12270.0	0.9820137900379085	1.0
P2	P2-F0-L2	4	sub-100	67	16470.0	0.9820137900379085	1.0
P2	P2-F0-L2	4	sub-100	67	22710.0	0.9820137900379085	1.0
P2	P2-F0-L2	4	sub-100	67	23790.0	0.9820137900379085	1.0
P2	P2-F0-L2	4	sub-100	67	24120.0	0.9820137900379085	1.0
P2	P2-F0-L2	4	sub-100	67	27600.0	0.9820137900379085	1.0
P2	P2-F0-L2	4	sub-100	67	27990.0	0.9820137900379085	1.0
P2	P2-F0-L2	4	sub-100	67	28920.0	0.9820137900379085	1.0
P2	P2-F0-L2	4	sub-100	67	29160.0	0.9820137900379085	1.0
P2	P2-F0-L2	4	sub-11	8	10410.0	0.9820137900379085	1.0
P2	P2-F0-L2	4	sub-11	8	17310.0	0.9820137900379085	1.0
P2	P2-F0-L2	4	sub-11	8	20730.0	0.9820137900379085	1.0
P2	P2-F0-L2	4	sub-11	8	24900.0	0.9820137900379085	1.0
P2	P2-F0-L2	4	sub-12	92	22890.0	0.9820137900379085	1.0
P2	P2-F0-L2	4	sub-12	92	29820.0	0.9820137900379085	1.0
P2	P2-F0-L2	4	sub-121	100	2670.0	0.9820137900379085	1.0
P2	P2-F0-L2	4	sub-121	100	13950.0	0.9820137900379085	1.0
P2	P2-F0-L2	4	sub-121	100	14280.0	0.9820137900379085	1.0
P2	P2-F0-L2	4	sub-16	11	18360.0	0.9820137900379085	1.0
P2	P2-F0-L2	4	sub-16	11	27780.0	0.9820137900379085	1.0
P2	P2-F0-L2	4	sub-17	92	11520.0	0.9820137900379085	1.0
P2	P2-F0-L2	4	sub-45	24	1650.0	0.9820137900379085	1.0
P2	P2-F0-L2	4	sub-45	24	2460.0	0.9820137900379085	1.0
P2	P2-F0-L2	4	sub-45	24	2790.0	0.9820137900379085	1.0
P2	P2-F0-L2	4	sub-45	24	3180.0	0.9820137900379085	1.0
P2	P2-F0-L2	4	sub-45	24	3480.0	0.9820137900379085	1.0
P2	P2-F0-L2	4	sub-45	24	3720.0	0.9820137900379085	1.0
P2	P2-F0-L2	4	sub-45	24	3870.0	0.9820137900379085	1.0
P2	P2-F0-L2	4	sub-45	24	4140.0	0.9820137900379085	1.0
P2	P2-F0-L2	4	sub-45	24	4410.0	0.9820137900379085	1.0
P2	P2-F0-L2	4	sub-45	24	4860.0	0.9820137900379085	1.0
P2	P2-F0-L2	4	sub-45	24	4950.0	0.9820137900379085	1.0
P2	P2-F0-L2	4	sub-45	24	5640.0	0.9820137900379085	1.0
P2	P2-F0-L2	4	sub-45	24	12330.0	0.9820137900379085	1.0
P2	P2-F0-L2	4	sub-45	24	12750.0	0.9820137900379085	1.0
P2	P2-F0-L2	4	sub-45	24	17190.0	0.9820137900379085	1.0
P2	P2-F0-L2	4	sub-45	24	24450.0	0.9820137900379085	1.0
P2	P2-F0-L2	4	sub-59	79	14100.0	0.9820137900379085	1.0
P2	P2-F0-L2	4	sub-59	79	14280.0	0.9820137900379085	1.0
P2	P2-F0-L2	4	sub-59	79	15090.0	0.9820137900379085	1.0
P2	P2-F0-L2	4	sub-59	79	21510.0	0.9820137900379085	1.0
P2	P2-F0-L2	4	sub-59	79	21840.0	0.9820137900379085	1.0
P2	P2-F0-L2	4	sub-59	79	27270.0	0.9820137900379085	1.0
P2	P2-F0-L2	4	sub-59	79	28530.0	0.9820137900379085	1.0
P2	P2-F0-L2	4	sub-59	79	28950.0	0.9820137900379085	1.0
P2	P2-F0-L2	4	sub-59	79	29100.0	0.9820137900379085	1.0
P2	P2-F0-L2	4	sub-59	79	31440.0	0.9820137900379085	1.0
P2	P2-F0-L2	4	sub-61	79	1920.0	0.9820137900379085	1.0
P2	P2-F0-L2	4	sub-61	79	16530.0	0.9820137900379085	1.0
P2	P2-F0-L2	4	sub-61	79	16950.0	0.9820137900379085	1.0
P2	P2-F0-L2	4	sub-61	79	21630.0	0.9820137900379085	1.0
P2	P2-F0-L2	4	sub-61	79	21900.0	0.9820137900379085	1.0
P2	P2-F0-L2	4	sub-61	79	22800.0	0.9820137900379085	1.0
P2	P2-F0-L2	4	sub-61	79	26100.0	0.9820137900379085	1.0
P2	P2-F0-L2	4	sub-61	79	26370.0	0.9820137900379085	1.0
P2	P2-F0-L2	4	sub-61	79	26550.0	0.9820137900379085	1.0
P2	P2-F0-L2	4	sub-61	79	26880.0	0.9820137900379085	1.0
P2	P2-F0-L2	4	sub-61	79	28110.0	0.9820137900379085	1.0
P2	P2-F0-L2	4	sub-63	81	2130.0	0.9820137900379085	1.0
P2	P2-F0-L2	4	sub-63	81	3480.0	0.9820137900379085	1.0
P2	P2-F0-L2	4	sub-63	81	3660.0	0.9820137900379085	1.0
P2	P2-F0-L2	4	sub-63	81	9060.0	0.9820137900379085	1.0
P2	P2-F0-L2	4	sub-63	81	9270.0	0.9820137900379085	1.0
P2	P2-F0-L2	4	sub-63	81	15300.0	0.9820137900379085	1.0
P2	P2-F0-L2	4	sub-63	81	15840.0	0.9820137900379085	1.0
P2	P2-F0-L2	4	sub-63	81	21330.0	0.9820137900379085	1.0
P2	P2-F0-L2	4	sub-63	81	22920.0	0.9820137900379085	1.0
P2	P2-F0-L2	4	sub-63	81	26010.0	0.9820137900379085	1.0
P2	P2-F0-L2	4	sub-63	81	26190.0	0.9820137900379085	1.0
P2	P2-F0-L2	4	sub-63	81	26430.0	0.9820137900379085	1.0
P2	P2-F0-L2	4	sub-64	82	11250.0	0.9820137900379085	1.0
P2	P2-F0-L2	4	sub-64	82	18060.0	0.9820137900379085	1.0
P2	P2-F0-L2	4	sub-64	82	22560.0	0.9820137900379085	1.0
P2	P2-F0-L2	4	sub-65	81	8280.0	0.9820137900379085	1.0
P2	P2-F0-L2	4	sub-65	81	18450.0	0.9820137900379085	1.0
P2	P2-F0-L2	4	sub-65	81	18750.0	0.9820137900379085	1.0
P2	P2-F0-L2	4	sub-65	81	19260.0	0.9820137900379085	1.0
P2	P2-F0-L2	4	sub-65	81	19620.0	0.9820137900379085	1.0
P2	P2-F0-L2	4	sub-65	81	24330.0	0.9820137900379085	1.0
P2	P2-F0-L2	4	sub-65	81	24690.0	0.9820137900379085	1.0
P2	P2-F0-L2	4	sub-65	81	25860.0	0.9820137900379085	1.0
P2	P2-F0-L2	4	sub-66	82	14880.0	0.9820137900379085	1.0
P2	P2-F0-L2	4	sub-66	82	27510.0	0.9820137900379085	1.0
P2	P2-F0-L2	4	sub-66	82	30150.0	0.9820137900379085	1.0
P2	P2-F0-L2	4	sub-66	82	30720.0	0.9820137900379085	1.0
P2	P2-F0-L2	4	sub-74	39	12690.0	0.9820137900379085	1.0
P2	P2-F0-L2	4	sub-74	39	13890.0	0.9820137900379085	1.0
P2	P2-F0-L2	4	sub-74	39	23700.0	0.9820137900379085	1.0
P2	P2-F0-L2	4	sub-78	43	25230.0	0.9820137900379085	1.0
P2	P2-F0-L2	4	sub-80	45	1290.0	0.9820137900379085	1.0
P2	P2-F0-L2	4	sub-80	45	20670.0	0.9820137900379085	1.0
P2	P2-F0-L2	4	sub-80	45	20880.0	0.9820137900379085	1.0
P2	P2-F0-L2	4	sub-83	50	6900.0	0.9820137900379085	1.0
P2	P2-F0-L2	4	sub-83	50	8790.0	0.9820137900379085	1.0
P2	P2-F0-L2	4	sub-83	50	12060.0	0.9820137900379085	1.0
P2	P2-F0-L2	4	sub-83	50	17640.0	0.9820137900379085	1.0
P2	P2-F0-L2	4	sub-83	50	18150.0	0.9820137900379085	1.0
P2	P2-F1-L2	4	sub-100	67	12270.0	0.9933071490757153	1.0
P2	P2-F1-L2	4	sub-100	67	16470.0	0.9933071490757153	1.0
P2	P2-F1-L2	4	sub-100	67	23790.0	0.9933071490757153	1.0
P2	P2-F1-L2	4	sub-11	8	10410.0	0.9933071490757153	1.0
P2	P2-F1-L2	4	sub-11	8	24900.0	0.9933071490757153	1.0
P2	P2-F1-L2	4	sub-12	92	22830.0	0.9933071490757153	1.0
P2	P2-F1-L2	4	sub-12	92	23400.0	0.9933071490757153	1.0
P2	P2-F1-L2	4	sub-12	92	25380.0	0.9933071490757153	1.0
P2	P2-F1-L2	4	sub-12	92	27900.0	0.9933071490757153	1.0
P2	P2-F1-L2	4	sub-12	92	29100.0	0.9933071490757153	1.0
P2	P2-F1-L2	4	sub-12	92	29760.0	0.9933071490757153	1.0
P2	P2-F1-L2	4	sub-12	92	29940.0	0.9933071490757153	1.0
P2	P2-F1-L2	4	sub-16	11	2100.0	0.9933071490757153	1.0
P2	P2-F1-L2	4	sub-16	11	10800.0	0.9933071490757153	1.0
P2	P2-F1-L2	4	sub-16	11	26580.0	0.9933071490757153	1.0
P2	P2-F1-L2	4	sub-17	92	12150.0	0.9933071490757153	1.0
P2	P2-F1-L2	4	sub-17	92	19050.0	0.9933071490757153	1.0
P2	P2-F1-L2	4	sub-17	92	29190.0	0.9933071490757153	1.0
P2	P2-F1-L2	4	sub-45	24	1170.0	0.9933071490757153	1.0
P2	P2-F1-L2	4	sub-45	24	3360.0	0.9933071490757153	1.0
P2	P2-F1-L2	4	sub-45	24	3420.0	0.9933071490757153	1.0
P2	P2-F1-L2	4	sub-45	24	4020.0	0.9933071490757153	1.0
P2	P2-F1-L2	4	sub-45	24	4470.0	0.9933071490757153	1.0
P2	P2-F1-L2	4	sub-45	24	12330.0	0.9933071490757153	1.0
P2	P2-F1-L2	4	sub-45	24	12720.0	0.9933071490757153	1.0
P2	P2-F1-L2	4	sub-45	24	13200.0	0.9933071490757153	1.0
P2	P2-F1-L2	4	sub-45	24	24450.0	0.9933071490757153	1.0
P2	P2-F1-L2	4	sub-59	79	1110.0	0.9933071490757153	1.0
P2	P2-F1-L2	4	sub-59	79	2190.0	0.9933071490757153	1.0
P2	P2-F1-L2	4	sub-59	79	14100.0	0.9933071490757153	1.0
P2	P2-F1-L2	4	sub-59	79	14520.0	0.9933071490757153	1.0
P2	P2-F1-L2	4	sub-59	79	21510.0	0.9933071490757153	1.0
P2	P2-F1-L2	4	sub-59	79	27270.0	0.9933071490757153	1.0
P2	P2-F1-L2	4	sub-59	79	28530.0	0.9933071490757153	1.0
P2	P2-F1-L2	4	sub-59	79	28950.0	0.9933071490757153	1.0
P2	P2-F1-L2	4	sub-59	79	29040.0	0.9933071490757153	1.0
P2	P2-F1-L2	4	sub-59	79	31440.0	0.9933071490757153	1.0
P2	P2-F1-L2	4	sub-61	79	9900.0	0.9933071490757153	1.0
P2	P2-F1-L2	4	sub-61	79	16530.0	0.9933071490757153	1.0
P2	P2-F1-L2	4	sub-61	79	16950.0	0.9933071490757153	1.0
P2	P2-F1-L2	4	sub-61	79	21900.0	0.9933071490757153	1.0
P2	P2-F1-L2	4	sub-63	81	9180.0	0.9933071490757153	1.0
P2	P2-F1-L2	4	sub-63	81	21330.0	0.9933071490757153	1.0
P2	P2-F1-L2	4	sub-63	81	22920.0	0.9933071490757153	1.0
P2	P2-F1-L2	4	sub-64	82	4590.0	0.9933071490757153	1.0
P2	P2-F1-L2	4	sub-64	82	18180.0	0.9933071490757153	1.0
P2	P2-F1-L2	4	sub-64	82	18720.0	0.9933071490757153	1.0
P2	P2-F1-L2	4	sub-64	82	19290.0	0.9933071490757153	1.0
P2	P2-F1-L2	4	sub-64	82	21480.0	0.9933071490757153	1.0
P2	P2-F1-L2	4	sub-64	82	22560.0	0.9933071490757153	1.0
P2	P2-F1-L2	4	sub-65	81	15030.0	0.9933071490757153	1.0
P2	P2-F1-L2	4	sub-65	81	18480.0	0.9933071490757153	1.0
P2	P2-F1-L2	4	sub-65	81	19260.0	0.9933071490757153	1.0
P2	P2-F1-L2	4	sub-65	81	19590.0	0.9933071490757153	1.0
P2	P2-F1-L2	4	sub-65	81	24360.0	0.9933071490757153	1.0
P2	P2-F1-L2	4	sub-65	81	24690.0	0.9933071490757153	1.0
P2	P2-F1-L2	4	sub-65	81	25230.0	0.9933071490757153	1.0
P2	P2-F1-L2	4	sub-65	81	25860.0	0.9933071490757153	1.0
P2	P2-F1-L2	4	sub-66	82	9810.0	0.9933071490757153	1.0
P2	P2-F1-L2	4	sub-66	82	25770.0	0.9933071490757153	1.0
P2	P2-F1-L2	4	sub-66	82	30150.0	0.9933071490757153	1.0
P2	P2-F1-L2	4	sub-74	39	13890.0	0.9933071490757153	1.0
P2	P2-F1-L2	4	sub-74	39	20670.0	0.9933071490757153	1.0
P2	P2-F1-L2	4	sub-74	39	23430.0	0.9933071490757153	1.0
P2	P2-F1-L2	4	sub-78	43	23910.0	0.9933071490757153	1.0
P2	P2-F1-L2	4	sub-80	45	1290.0	0.9933071490757153	1.0
P2	P2-F1-L2	4	sub-80	45	20670.0	0.9933071490757153	1.0
P2	P2-F1-L2	4	sub-83	50	2850.0	0.9933071490757153	1.0
P2	P2-F1-L2	4	sub-83	50	17640.0	0.9933071490757153	1.0
P2	P2-F1-L2	4	sub-83	50	18450.0	0.9933071490757153	1.0
P2	P2-F1-EN	4	sub-100	67	12270.0	0.9525741268224334	0.1
P2	P2-F1-EN	4	sub-100	67	16470.0	0.9525741268224334	0.1
P2	P2-F1-EN	4	sub-100	67	23790.0	0.9525741268224334	0.1
P2	P2-F1-EN	4	sub-100	67	27990.0	0.9525741268224334	0.1
P2	P2-F1-EN	4	sub-11	8	10410.0	0.9525741268224334	0.1
P2	P2-F1-EN	4	sub-12	92	22830.0	0.9525741268224334	0.1
P2	P2-F1-EN	4	sub-12	92	27900.0	0.9525741268224334	0.1
P2	P2-F1-EN	4	sub-12	92	29100.0	0.9525741268224334	0.1
P2	P2-F1-EN	4	sub-121	100	22590.0	0.9525741268224334	0.1
P2	P2-F1-EN	4	sub-16	11	28290.0	0.9525741268224334	0.1
P2	P2-F1-EN	4	sub-17	92	12150.0	0.9525741268224334	0.1
P2	P2-F1-EN	4	sub-45	24	1170.0	0.9525741268224334	0.1
P2	P2-F1-EN	4	sub-45	24	1650.0	0.9525741268224334	0.1
P2	P2-F1-EN	4	sub-45	24	3150.0	0.9525741268224334	0.1
P2	P2-F1-EN	4	sub-45	24	3330.0	0.9525741268224334	0.1
P2	P2-F1-EN	4	sub-45	24	4470.0	0.9525741268224334	0.1
P2	P2-F1-EN	4	sub-45	24	5640.0	0.9525741268224334	0.1
P2	P2-F1-EN	4	sub-45	24	12330.0	0.9525741268224334	0.1
P2	P2-F1-EN	4	sub-45	24	12750.0	0.9525741268224334	0.1
P2	P2-F1-EN	4	sub-45	24	20190.0	0.9525741268224334	0.1
P2	P2-F1-EN	4	sub-45	24	24450.0	0.9525741268224334	0.1
P2	P2-F1-EN	4	sub-59	79	14100.0	0.9525741268224334	0.1
P2	P2-F1-EN	4	sub-59	79	14280.0	0.9525741268224334	0.1
P2	P2-F1-EN	4	sub-59	79	14520.0	0.9525741268224334	0.1
P2	P2-F1-EN	4	sub-59	79	15090.0	0.9525741268224334	0.1
P2	P2-F1-EN	4	sub-59	79	21510.0	0.9525741268224334	0.1
P2	P2-F1-EN	4	sub-59	79	21840.0	0.9525741268224334	0.1
P2	P2-F1-EN	4	sub-59	79	27270.0	0.9525741268224334	0.1
P2	P2-F1-EN	4	sub-59	79	28530.0	0.9525741268224334	0.1
P2	P2-F1-EN	4	sub-59	79	28950.0	0.9525741268224334	0.1
P2	P2-F1-EN	4	sub-59	79	29100.0	0.9525741268224334	0.1
P2	P2-F1-EN	4	sub-59	79	31440.0	0.9525741268224334	0.1
P2	P2-F1-EN	4	sub-61	79	9900.0	0.9525741268224334	0.1
P2	P2-F1-EN	4	sub-61	79	16530.0	0.9525741268224334	0.1
P2	P2-F1-EN	4	sub-61	79	16950.0	0.9525741268224334	0.1
P2	P2-F1-EN	4	sub-61	79	21900.0	0.9525741268224334	0.1
P2	P2-F1-EN	4	sub-61	79	26370.0	0.9525741268224334	0.1
P2	P2-F1-EN	4	sub-61	79	26550.0	0.9525741268224334	0.1
P2	P2-F1-EN	4	sub-61	79	26880.0	0.9525741268224334	0.1
P2	P2-F1-EN	4	sub-63	81	2130.0	0.9525741268224334	0.1
P2	P2-F1-EN	4	sub-63	81	3660.0	0.9525741268224334	0.1
P2	P2-F1-EN	4	sub-63	81	9600.0	0.9525741268224334	0.1
P2	P2-F1-EN	4	sub-63	81	15300.0	0.9525741268224334	0.1
P2	P2-F1-EN	4	sub-63	81	19980.0	0.9525741268224334	0.1
P2	P2-F1-EN	4	sub-63	81	21330.0	0.9525741268224334	0.1
P2	P2-F1-EN	4	sub-63	81	22920.0	0.9525741268224334	0.1
P2	P2-F1-EN	4	sub-63	81	25680.0	0.9525741268224334	0.1
P2	P2-F1-EN	4	sub-63	81	26430.0	0.9525741268224334	0.1
P2	P2-F1-EN	4	sub-64	82	4590.0	0.9525741268224334	0.1
P2	P2-F1-EN	4	sub-64	82	11250.0	0.9525741268224334	0.1
P2	P2-F1-EN	4	sub-64	82	19260.0	0.9525741268224334	0.1
P2	P2-F1-EN	4	sub-64	82	21480.0	0.9525741268224334	0.1
P2	P2-F1-EN	4	sub-64	82	22560.0	0.9525741268224334	0.1
P2	P2-F1-EN	4	sub-65	81	14970.0	0.9525741268224334	0.1
P2	P2-F1-EN	4	sub-65	81	18450.0	0.9525741268224334	0.1
P2	P2-F1-EN	4	sub-65	81	19260.0	0.9525741268224334	0.1
P2	P2-F1-EN	4	sub-65	81	24360.0	0.9525741268224334	0.1
P2	P2-F1-EN	4	sub-65	81	24690.0	0.9525741268224334	0.1
P2	P2-F1-EN	4	sub-65	81	25860.0	0.9525741268224334	0.1
P2	P2-F1-EN	4	sub-66	82	14880.0	0.9525741268224334	0.1
P2	P2-F1-EN	4	sub-66	82	27510.0	0.9525741268224334	0.1
P2	P2-F1-EN	4	sub-66	82	30150.0	0.9525741268224334	0.1
P2	P2-F1-EN	4	sub-66	82	30720.0	0.9525741268224334	0.1
P2	P2-F1-EN	4	sub-74	39	13890.0	0.9525741268224334	0.1
P2	P2-F1-EN	4	sub-78	43	23910.0	0.9525741268224334	0.1
P2	P2-F1-EN	4	sub-78	43	25230.0	0.9525741268224334	0.1
P2	P2-F1-EN	4	sub-80	45	1290.0	0.9525741268224334	0.1
P2	P2-F1-EN	4	sub-80	45	20670.0	0.9525741268224334	0.1
P2	P2-F1-EN	4	sub-83	50	2850.0	0.9525741268224334	0.1
P2	P2-F1-EN	4	sub-83	50	17640.0	0.9525741268224334	0.1
P2	P2-F1-EN	4	sub-83	50	18450.0	0.9525741268224334	0.1
P2	P2-F0-L2	5	sub-104	72	1620.0	0.9525741268224334	1.0
P2	P2-F0-L2	5	sub-104	72	2160.0	0.9525741268224334	1.0
P2	P2-F0-L2	5	sub-104	72	24510.0	0.9525741268224334	1.0
P2	P2-F0-L2	5	sub-115	98	870.0	0.9525741268224334	1.0
P2	P2-F0-L2	5	sub-115	98	19380.0	0.9525741268224334	1.0
P2	P2-F0-L2	5	sub-115	98	22590.0	0.9525741268224334	1.0
P2	P2-F0-L2	5	sub-115	98	23190.0	0.9525741268224334	1.0
P2	P2-F0-L2	5	sub-116	98	9630.0	0.9525741268224334	1.0
P2	P2-F0-L2	5	sub-116	98	17070.0	0.9525741268224334	1.0
P2	P2-F0-L2	5	sub-116	98	20610.0	0.9525741268224334	1.0
P2	P2-F0-L2	5	sub-116	98	21000.0	0.9525741268224334	1.0
P2	P2-F0-L2	5	sub-116	98	21330.0	0.9525741268224334	1.0
P2	P2-F0-L2	5	sub-116	98	22020.0	0.9525741268224334	1.0
P2	P2-F0-L2	5	sub-116	98	22770.0	0.9525741268224334	1.0
P2	P2-F0-L2	5	sub-116	98	22920.0	0.9525741268224334	1.0
P2	P2-F0-L2	5	sub-116	98	24330.0	0.9525741268224334	1.0
P2	P2-F0-L2	5	sub-116	98	25050.0	0.9525741268224334	1.0
P2	P2-F0-L2	5	sub-117	98	6930.0	0.9525741268224334	1.0
P2	P2-F0-L2	5	sub-117	98	9180.0	0.9525741268224334	1.0
P2	P2-F0-L2	5	sub-117	98	20640.0	0.9525741268224334	1.0
P2	P2-F0-L2	5	sub-125	104	780.0	0.9525741268224334	1.0
P2	P2-F0-L2	5	sub-125	104	4050.0	0.9525741268224334	1.0
P2	P2-F0-L2	5	sub-125	104	4590.0	0.9525741268224334	1.0
P2	P2-F0-L2	5	sub-125	104	10830.0	0.9525741268224334	1.0
P2	P2-F0-L2	5	sub-125	104	13200.0	0.9525741268224334	1.0
P2	P2-F0-L2	5	sub-125	104	16650.0	0.9525741268224334	1.0
P2	P2-F0-L2	5	sub-125	104	23040.0	0.9525741268224334	1.0
P2	P2-F0-L2	5	sub-125	104	23760.0	0.9525741268224334	1.0
P2	P2-F0-L2	5	sub-125	104	23940.0	0.9525741268224334	1.0
P2	P2-F0-L2	5	sub-125	104	28470.0	0.9525741268224334	1.0
P2	P2-F0-L2	5	sub-14	9	1140.0	0.9525741268224334	1.0
P2	P2-F0-L2	5	sub-14	9	1380.0	0.9525741268224334	1.0
P2	P2-F0-L2	5	sub-14	9	2520.0	0.9525741268224334	1.0
P2	P2-F0-L2	5	sub-14	9	2790.0	0.9525741268224334	1.0
P2	P2-F0-L2	5	sub-14	9	11100.0	0.9525741268224334	1.0
P2	P2-F0-L2	5	sub-14	9	14700.0	0.9525741268224334	1.0
P2	P2-F0-L2	5	sub-14	9	26940.0	0.9525741268224334	1.0
P2	P2-F0-L2	5	sub-19	93	1980.0	0.9525741268224334	1.0
P2	P2-F0-L2	5	sub-19	93	2280.0	0.9525741268224334	1.0
P2	P2-F0-L2	5	sub-19	93	3090.0	0.9525741268224334	1.0
P2	P2-F0-L2	5	sub-19	93	3690.0	0.9525741268224334	1.0
P2	P2-F0-L2	5	sub-19	93	3990.0	0.9525741268224334	1.0
P2	P2-F0-L2	5	sub-19	93	8880.0	0.9525741268224334	1.0
P2	P2-F0-L2	5	sub-19	93	17190.0	0.9525741268224334	1.0
P2	P2-F0-L2	5	sub-19	93	20460.0	0.9525741268224334	1.0
P2	P2-F0-L2	5	sub-19	93	22680.0	0.9525741268224334	1.0
P2	P2-F0-L2	5	sub-19	93	27510.0	0.9525741268224334	1.0
P2	P2-F0-L2	5	sub-19	93	27780.0	0.9525741268224334	1.0
P2	P2-F0-L2	5	sub-19	93	29520.0	0.9525741268224334	1.0
P2	P2-F0-L2	5	sub-20	13	12360.0	0.9525741268224334	1.0
P2	P2-F0-L2	5	sub-20	13	22470.0	0.9525741268224334	1.0
P2	P2-F0-L2	5	sub-20	13	23970.0	0.9525741268224334	1.0
P2	P2-F0-L2	5	sub-20	13	29250.0	0.9525741268224334	1.0
P2	P2-F0-L2	5	sub-21	93	3990.0	0.9525741268224334	1.0
P2	P2-F0-L2	5	sub-21	93	9540.0	0.9525741268224334	1.0
P2	P2-F0-L2	5	sub-21	93	10560.0	0.9525741268224334	1.0
P2	P2-F0-L2	5	sub-21	93	13260.0	0.9525741268224334	1.0
P2	P2-F0-L2	5	sub-21	93	25980.0	0.9525741268224334	1.0
P2	P2-F0-L2	5	sub-21	93	28920.0	0.9525741268224334	1.0
P2	P2-F0-L2	5	sub-21	93	29880.0	0.9525741268224334	1.0
P2	P2-F0-L2	5	sub-21	93	30240.0	0.9525741268224334	1.0
P2	P2-F0-L2	5	sub-24	16	27630.0	0.9525741268224334	1.0
P2	P2-F0-L2	5	sub-24	16	27780.0	0.9525741268224334	1.0
P2	P2-F0-L2	5	sub-38	87	9420.0	0.9525741268224334	1.0
P2	P2-F0-L2	5	sub-38	87	19680.0	0.9525741268224334	1.0
P2	P2-F0-L2	5	sub-47	87	5910.0	0.9525741268224334	1.0
P2	P2-F0-L2	5	sub-47	87	11520.0	0.9525741268224334	1.0
P2	P2-F0-L2	5	sub-47	87	12480.0	0.9525741268224334	1.0
P2	P2-F0-L2	5	sub-47	87	20010.0	0.9525741268224334	1.0
P2	P2-F0-L2	5	sub-47	87	23550.0	0.9525741268224334	1.0
P2	P2-F0-L2	5	sub-49	29	12810.0	0.9525741268224334	1.0
P2	P2-F0-L2	5	sub-49	29	19560.0	0.9525741268224334	1.0
P2	P2-F0-L2	5	sub-49	29	23760.0	0.9525741268224334	1.0
P2	P2-F0-L2	5	sub-49	29	24030.0	0.9525741268224334	1.0
P2	P2-F0-L2	5	sub-49	29	24720.0	0.9525741268224334	1.0
P2	P2-F0-L2	5	sub-69	34	3540.0	0.9525741268224334	1.0
P2	P2-F0-L2	5	sub-69	34	13050.0	0.9525741268224334	1.0
P2	P2-F0-L2	5	sub-69	34	23040.0	0.9525741268224334	1.0
P2	P2-F0-L2	5	sub-71	36	17940.0	0.9525741268224334	1.0
P2	P2-F0-L2	5	sub-71	36	19770.0	0.9525741268224334	1.0
P2	P2-F0-L2	5	sub-71	36	21090.0	0.9525741268224334	1.0
P2	P2-F0-L2	5	sub-71	36	21360.0	0.9525741268224334	1.0
P2	P2-F0-L2	5	sub-71	36	21480.0	0.9525741268224334	1.0
P2	P2-F0-L2	5	sub-71	36	26880.0	0.9525741268224334	1.0
P2	P2-F0-L2	5	sub-71	36	27210.0	0.9525741268224334	1.0
P2	P2-F0-L2	5	sub-71	36	27570.0	0.9525741268224334	1.0
P2	P2-F0-L2	5	sub-71	36	28290.0	0.9525741268224334	1.0
P2	P2-F0-L2	5	sub-71	36	30540.0	0.9525741268224334	1.0
P2	P2-F0-L2	5	sub-71	36	30780.0	0.9525741268224334	1.0
P2	P2-F0-L2	5	sub-71	36	31320.0	0.9525741268224334	1.0
P2	P2-F0-L2	5	sub-71	36	31530.0	0.9525741268224334	1.0
P2	P2-F0-L2	5	sub-71	36	32820.0	0.9525741268224334	1.0
P2	P2-F1-L2	5	sub-115	98	7680.0	0.9890130573694068	1.0
P2	P2-F1-L2	5	sub-115	98	21870.0	0.9890130573694068	1.0
P2	P2-F1-L2	5	sub-115	98	21960.0	0.9890130573694068	1.0
P2	P2-F1-L2	5	sub-116	98	17010.0	0.9890130573694068	1.0
P2	P2-F1-L2	5	sub-116	98	19620.0	0.9890130573694068	1.0
P2	P2-F1-L2	5	sub-116	98	19890.0	0.9890130573694068	1.0
P2	P2-F1-L2	5	sub-116	98	20100.0	0.9890130573694068	1.0
P2	P2-F1-L2	5	sub-116	98	20160.0	0.9890130573694068	1.0
P2	P2-F1-L2	5	sub-116	98	21090.0	0.9890130573694068	1.0
P2	P2-F1-L2	5	sub-116	98	21240.0	0.9890130573694068	1.0
P2	P2-F1-L2	5	sub-116	98	21330.0	0.9890130573694068	1.0
P2	P2-F1-L2	5	sub-117	98	8280.0	0.9890130573694068	1.0
P2	P2-F1-L2	5	sub-117	98	9180.0	0.9890130573694068	1.0
P2	P2-F1-L2	5	sub-125	104	4590.0	0.9890130573694068	1.0
P2	P2-F1-L2	5	sub-125	104	7980.0	0.9890130573694068	1.0
P2	P2-F1-L2	5	sub-125	104	23760.0	0.9890130573694068	1.0
P2	P2-F1-L2	5	sub-125	104	23940.0	0.9890130573694068	1.0
P2	P2-F1-L2	5	sub-14	9	1980.0	0.9890130573694068	1.0
P2	P2-F1-L2	5	sub-14	9	2460.0	0.9890130573694068	1.0
P2	P2-F1-L2	5	sub-14	9	2670.0	0.9890130573694068	1.0
P2	P2-F1-L2	5	sub-14	9	26940.0	0.9890130573694068	1.0
P2	P2-F1-L2	5	sub-19	93	2010.0	0.9890130573694068	1.0
P2	P2-F1-L2	5	sub-19	93	2310.0	0.9890130573694068	1.0
P2	P2-F1-L2	5	sub-19	93	3120.0	0.9890130573694068	1.0
P2	P2-F1-L2	5	sub-19	93	8880.0	0.9890130573694068	1.0
P2	P2-F1-L2	5	sub-19	93	20460.0	0.9890130573694068	1.0
P2	P2-F1-L2	5	sub-19	93	22680.0	0.9890130573694068	1.0
P2	P2-F1-L2	5	sub-20	13	17190.0	0.9890130573694068	1.0
P2	P2-F1-L2	5	sub-20	13	18420.0	0.9890130573694068	1.0
P2	P2-F1-L2	5	sub-20	13	29250.0	0.9890130573694068	1.0
P2	P2-F1-L2	5	sub-21	93	600.0	0.9890130573694068	1.0
P2	P2-F1-L2	5	sub-21	93	10560.0	0.9890130573694068	1.0
P2	P2-F1-L2	5	sub-21	93	26010.0	0.9890130573694068	1.0
P2	P2-F1-L2	5	sub-24	16	7290.0	0.9890130573694068	1.0
P2	P2-F1-L2	5	sub-24	16	17370.0	0.9890130573694068	1.0
P2	P2-F1-L2	5	sub-24	16	27780.0	0.9890130573694068	1.0
P2	P2-F1-L2	5	sub-24	16	27870.0	0.9890130573694068	1.0
P2	P2-F1-L2	5	sub-38	87	1830.0	0.9890130573694068	1.0
P2	P2-F1-L2	5	sub-47	87	20010.0	0.9890130573694068	1.0
P2	P2-F1-L2	5	sub-49	29	7410.0	0.9890130573694068	1.0
P2	P2-F1-L2	5	sub-49	29	19560.0	0.9890130573694068	1.0
P2	P2-F1-L2	5	sub-49	29	24720.0	0.9890130573694068	1.0
P2	P2-F1-L2	5	sub-49	29	26460.0	0.9890130573694068	1.0
P2	P2-F1-L2	5	sub-69	34	23040.0	0.9890130573694068	1.0
P2	P2-F1-L2	5	sub-69	34	27480.0	0.9890130573694068	1.0
P2	P2-F1-L2	5	sub-71	36	27570.0	0.9890130573694068	1.0
P2	P2-F1-L2	5	sub-71	36	28290.0	0.9890130573694068	1.0
P2	P2-F1-L2	5	sub-71	36	30780.0	0.9890130573694068	1.0
P2	P2-F1-L2	5	sub-71	36	31320.0	0.9890130573694068	1.0
P2	P2-F1-EN	5	sub-104	72	1620.0	0.9525741268224334	0.1
P2	P2-F1-EN	5	sub-104	72	23550.0	0.9525741268224334	0.1
P2	P2-F1-EN	5	sub-104	72	24510.0	0.9525741268224334	0.1
P2	P2-F1-EN	5	sub-115	98	19380.0	0.9525741268224334	0.1
P2	P2-F1-EN	5	sub-115	98	21870.0	0.9525741268224334	0.1
P2	P2-F1-EN	5	sub-115	98	23190.0	0.9525741268224334	0.1
P2	P2-F1-EN	5	sub-116	98	17070.0	0.9525741268224334	0.1
P2	P2-F1-EN	5	sub-116	98	19620.0	0.9525741268224334	0.1
P2	P2-F1-EN	5	sub-116	98	20160.0	0.9525741268224334	0.1
P2	P2-F1-EN	5	sub-116	98	21000.0	0.9525741268224334	0.1
P2	P2-F1-EN	5	sub-116	98	21090.0	0.9525741268224334	0.1
P2	P2-F1-EN	5	sub-116	98	21240.0	0.9525741268224334	0.1
P2	P2-F1-EN	5	sub-116	98	21330.0	0.9525741268224334	0.1
P2	P2-F1-EN	5	sub-117	98	9180.0	0.9525741268224334	0.1
P2	P2-F1-EN	5	sub-117	98	9510.0	0.9525741268224334	0.1
P2	P2-F1-EN	5	sub-117	98	20640.0	0.9525741268224334	0.1
P2	P2-F1-EN	5	sub-125	104	780.0	0.9525741268224334	0.1
P2	P2-F1-EN	5	sub-125	104	4050.0	0.9525741268224334	0.1
P2	P2-F1-EN	5	sub-125	104	4590.0	0.9525741268224334	0.1
P2	P2-F1-EN	5	sub-125	104	7980.0	0.9525741268224334	0.1
P2	P2-F1-EN	5	sub-125	104	11670.0	0.9525741268224334	0.1
P2	P2-F1-EN	5	sub-125	104	12810.0	0.9525741268224334	0.1
P2	P2-F1-EN	5	sub-125	104	22020.0	0.9525741268224334	0.1
P2	P2-F1-EN	5	sub-125	104	23040.0	0.9525741268224334	0.1
P2	P2-F1-EN	5	sub-125	104	23760.0	0.9525741268224334	0.1
P2	P2-F1-EN	5	sub-125	104	23940.0	0.9525741268224334	0.1
P2	P2-F1-EN	5	sub-125	104	24450.0	0.9525741268224334	0.1
P2	P2-F1-EN	5	sub-14	9	1140.0	0.9525741268224334	0.1
P2	P2-F1-EN	5	sub-14	9	1380.0	0.9525741268224334	0.1
P2	P2-F1-EN	5	sub-14	9	1980.0	0.9525741268224334	0.1
P2	P2-F1-EN	5	sub-14	9	2460.0	0.9525741268224334	0.1
P2	P2-F1-EN	5	sub-14	9	2520.0	0.9525741268224334	0.1
P2	P2-F1-EN	5	sub-14	9	2670.0	0.9525741268224334	0.1
P2	P2-F1-EN	5	sub-14	9	26940.0	0.9525741268224334	0.1
P2	P2-F1-EN	5	sub-19	93	2010.0	0.9525741268224334	0.1
P2	P2-F1-EN	5	sub-19	93	2310.0	0.9525741268224334	0.1
P2	P2-F1-EN	5	sub-19	93	3120.0	0.9525741268224334	0.1
P2	P2-F1-EN	5	sub-19	93	8880.0	0.9525741268224334	0.1
P2	P2-F1-EN	5	sub-19	93	20460.0	0.9525741268224334	0.1
P2	P2-F1-EN	5	sub-19	93	22560.0	0.9525741268224334	0.1
P2	P2-F1-EN	5	sub-19	93	22680.0	0.9525741268224334	0.1
P2	P2-F1-EN	5	sub-19	93	27780.0	0.9525741268224334	0.1
P2	P2-F1-EN	5	sub-19	93	29520.0	0.9525741268224334	0.1
P2	P2-F1-EN	5	sub-20	13	11850.0	0.9525741268224334	0.1
P2	P2-F1-EN	5	sub-20	13	18420.0	0.9525741268224334	0.1
P2	P2-F1-EN	5	sub-21	93	10560.0	0.9525741268224334	0.1
P2	P2-F1-EN	5	sub-21	93	25980.0	0.9525741268224334	0.1
P2	P2-F1-EN	5	sub-21	93	28950.0	0.9525741268224334	0.1
P2	P2-F1-EN	5	sub-21	93	29850.0	0.9525741268224334	0.1
P2	P2-F1-EN	5	sub-47	87	20010.0	0.9525741268224334	0.1
P2	P2-F1-EN	5	sub-49	29	7410.0	0.9525741268224334	0.1
P2	P2-F1-EN	5	sub-49	29	19560.0	0.9525741268224334	0.1
P2	P2-F1-EN	5	sub-49	29	24720.0	0.9525741268224334	0.1
P2	P2-F1-EN	5	sub-49	29	26460.0	0.9525741268224334	0.1
P2	P2-F1-EN	5	sub-69	34	13050.0	0.9525741268224334	0.1
P2	P2-F1-EN	5	sub-69	34	23040.0	0.9525741268224334	0.1
P2	P2-F1-EN	5	sub-69	34	26910.0	0.9525741268224334	0.1
P2	P2-F1-EN	5	sub-71	36	27210.0	0.9525741268224334	0.1
P2	P2-F1-EN	5	sub-71	36	27570.0	0.9525741268224334	0.1
P2	P2-F1-EN	5	sub-71	36	28290.0	0.9525741268224334	0.1
P2	P2-F1-EN	5	sub-71	36	31320.0	0.9525741268224334	0.1
H2	H2-F0-L2	1	sub-107	75	10650.0	0.9859363729567544	1.0
H2	H2-F0-L2	1	sub-107	75	18960.0	0.9859363729567544	1.0
H2	H2-F0-L2	1	sub-107	75	19470.0	0.9859363729567544	1.0
H2	H2-F0-L2	1	sub-107	75	19650.0	0.9859363729567544	1.0
H2	H2-F0-L2	1	sub-107	75	21060.0	0.9859363729567544	1.0
H2	H2-F0-L2	1	sub-107	75	21660.0	0.9859363729567544	1.0
H2	H2-F0-L2	1	sub-107	75	26640.0	0.9859363729567544	1.0
H2	H2-F0-L2	1	sub-108	76	1380.0	0.9859363729567544	1.0
H2	H2-F0-L2	1	sub-108	76	3030.0	0.9859363729567544	1.0
H2	H2-F0-L2	1	sub-108	76	15990.0	0.9859363729567544	1.0
H2	H2-F0-L2	1	sub-108	76	20460.0	0.9859363729567544	1.0
H2	H2-F0-L2	1	sub-108	76	28110.0	0.9859363729567544	1.0
H2	H2-F0-L2	1	sub-108	76	28800.0	0.9859363729567544	1.0
H2	H2-F0-L2	1	sub-27	19	7080.0	0.9859363729567544	1.0
H2	H2-F0-L2	1	sub-27	19	9450.0	0.9859363729567544	1.0
H2	H2-F0-L2	1	sub-27	19	16020.0	0.9859363729567544	1.0
H2	H2-F0-L2	1	sub-27	19	21540.0	0.9859363729567544	1.0
H2	H2-F0-L2	1	sub-27	19	26580.0	0.9859363729567544	1.0
H2	H2-F0-L2	1	sub-27	19	27510.0	0.9859363729567544	1.0
H2	H2-F0-L2	1	sub-28	20	2340.0	0.9859363729567544	1.0
H2	H2-F0-L2	1	sub-28	20	2490.0	0.9859363729567544	1.0
H2	H2-F0-L2	1	sub-28	20	25020.0	0.9859363729567544	1.0
H2	H2-F0-L2	1	sub-29	21	12030.0	0.9859363729567544	1.0
H2	H2-F0-L2	1	sub-29	21	12300.0	0.9859363729567544	1.0
H2	H2-F0-L2	1	sub-29	21	12420.0	0.9859363729567544	1.0
H2	H2-F0-L2	1	sub-29	21	12900.0	0.9859363729567544	1.0
H2	H2-F0-L2	1	sub-29	21	12960.0	0.9859363729567544	1.0
H2	H2-F0-L2	1	sub-29	21	13860.0	0.9859363729567544	1.0
H2	H2-F0-L2	1	sub-29	21	14340.0	0.9859363729567544	1.0
H2	H2-F0-L2	1	sub-29	21	14940.0	0.9859363729567544	1.0
H2	H2-F0-L2	1	sub-29	21	15000.0	0.9859363729567544	1.0
H2	H2-F0-L2	1	sub-29	21	15060.0	0.9859363729567544	1.0
H2	H2-F0-L2	1	sub-29	21	15150.0	0.9859363729567544	1.0
H2	H2-F0-L2	1	sub-29	21	15210.0	0.9859363729567544	1.0
H2	H2-F0-L2	1	sub-29	21	15270.0	0.9859363729567544	1.0
H2	H2-F0-L2	1	sub-29	21	15360.0	0.9859363729567544	1.0
H2	H2-F0-L2	1	sub-29	21	15420.0	0.9859363729567544	1.0
H2	H2-F0-L2	1	sub-29	21	15540.0	0.9859363729567544	1.0
H2	H2-F0-L2	1	sub-29	21	15600.0	0.9859363729567544	1.0
H2	H2-F0-L2	1	sub-29	21	15690.0	0.9859363729567544	1.0
H2	H2-F0-L2	1	sub-29	21	16170.0	0.9859363729567544	1.0
H2	H2-F0-L2	1	sub-29	21	16230.0	0.9859363729567544	1.0
H2	H2-F0-L2	1	sub-29	21	16320.0	0.9859363729567544	1.0
H2	H2-F0-L2	1	sub-29	21	16380.0	0.9859363729567544	1.0
H2	H2-F0-L2	1	sub-29	21	17700.0	0.9859363729567544	1.0
H2	H2-F0-L2	1	sub-29	21	17760.0	0.9859363729567544	1.0
H2	H2-F0-L2	1	sub-29	21	17850.0	0.9859363729567544	1.0
H2	H2-F0-L2	1	sub-29	21	17940.0	0.9859363729567544	1.0
H2	H2-F0-L2	1	sub-29	21	19740.0	0.9859363729567544	1.0
H2	H2-F0-L2	1	sub-29	21	19800.0	0.9859363729567544	1.0
H2	H2-F0-L2	1	sub-29	21	19890.0	0.9859363729567544	1.0
H2	H2-F0-L2	1	sub-29	21	20100.0	0.9859363729567544	1.0
H2	H2-F0-L2	1	sub-29	21	20160.0	0.9859363729567544	1.0
H2	H2-F0-L2	1	sub-29	21	20250.0	0.9859363729567544	1.0
H2	H2-F0-L2	1	sub-29	21	21030.0	0.9859363729567544	1.0
H2	H2-F0-L2	1	sub-29	21	21090.0	0.9859363729567544	1.0
H2	H2-F0-L2	1	sub-29	21	24300.0	0.9859363729567544	1.0
H2	H2-F0-L2	1	sub-29	21	24480.0	0.9859363729567544	1.0
H2	H2-F0-L2	1	sub-29	21	24600.0	0.9859363729567544	1.0
H2	H2-F0-L2	1	sub-29	21	24690.0	0.9859363729567544	1.0
H2	H2-F0-L2	1	sub-29	21	24810.0	0.9859363729567544	1.0
H2	H2-F0-L2	1	sub-29	21	24900.0	0.9859363729567544	1.0
H2	H2-F0-L2	1	sub-29	21	25050.0	0.9859363729567544	1.0
H2	H2-F0-L2	1	sub-29	21	25170.0	0.9859363729567544	1.0
H2	H2-F0-L2	1	sub-29	21	25260.0	0.9859363729567544	1.0
H2	H2-F0-L2	1	sub-29	21	26370.0	0.9859363729567544	1.0
H2	H2-F0-L2	1	sub-29	21	26460.0	0.9859363729567544	1.0
H2	H2-F0-L2	1	sub-29	21	28830.0	0.9859363729567544	1.0
H2	H2-F0-L2	1	sub-29	21	28890.0	0.9859363729567544	1.0
H2	H2-F0-L2	1	sub-29	21	29580.0	0.9859363729567544	1.0
H2	H2-F0-L2	1	sub-29	21	29640.0	0.9859363729567544	1.0
H2	H2-F0-L2	1	sub-29	21	30030.0	0.9859363729567544	1.0
H2	H2-F0-L2	1	sub-29	21	30300.0	0.9859363729567544	1.0
H2	H2-F0-L2	1	sub-29	21	30420.0	0.9859363729567544	1.0
H2	H2-F0-L2	1	sub-29	21	30540.0	0.9859363729567544	1.0
H2	H2-F0-L2	1	sub-29	21	30600.0	0.9859363729567544	1.0
H2	H2-F0-L2	1	sub-29	21	30660.0	0.9859363729567544	1.0
H2	H2-F0-L2	1	sub-29	21	30930.0	0.9859363729567544	1.0
H2	H2-F0-L2	1	sub-29	21	31020.0	0.9859363729567544	1.0
H2	H2-F0-L2	1	sub-29	21	31110.0	0.9859363729567544	1.0
H2	H2-F0-L2	1	sub-29	21	31230.0	0.9859363729567544	1.0
H2	H2-F0-L2	1	sub-29	21	31290.0	0.9859363729567544	1.0
H2	H2-F0-L2	1	sub-29	21	31470.0	0.9859363729567544	1.0
H2	H2-F0-L2	1	sub-29	21	31560.0	0.9859363729567544	1.0
H2	H2-F0-L2	1	sub-29	21	31710.0	0.9859363729567544	1.0
H2	H2-F0-L2	1	sub-29	21	32130.0	0.9859363729567544	1.0
H2	H2-F0-L2	1	sub-29	21	32400.0	0.9859363729567544	1.0
H2	H2-F0-L2	1	sub-29	21	33060.0	0.9859363729567544	1.0
H2	H2-F0-L2	1	sub-29	21	33120.0	0.9859363729567544	1.0
H2	H2-F0-L2	1	sub-33	84	180.0	0.9859363729567544	1.0
H2	H2-F0-L2	1	sub-33	84	2670.0	0.9859363729567544	1.0
H2	H2-F0-L2	1	sub-33	84	22050.0	0.9859363729567544	1.0
H2	H2-F0-L2	1	sub-36	84	26580.0	0.9859363729567544	1.0
H2	H2-F0-L2	1	sub-36	84	26730.0	0.9859363729567544	1.0
H2	H2-F0-L2	1	sub-56	78	990.0	0.9859363729567544	1.0
H2	H2-F0-L2	1	sub-56	78	12840.0	0.9859363729567544	1.0
H2	H2-F0-L2	1	sub-56	78	13290.0	0.9859363729567544	1.0
H2	H2-F0-L2	1	sub-56	78	18630.0	0.9859363729567544	1.0
H2	H2-F0-L2	1	sub-56	78	19230.0	0.9859363729567544	1.0
H2	H2-F0-L2	1	sub-56	78	23820.0	0.9859363729567544	1.0
H2	H2-F0-L2	1	sub-56	78	25470.0	0.9859363729567544	1.0
H2	H2-F0-L2	1	sub-58	78	1140.0	0.9859363729567544	1.0
H2	H2-F0-L2	1	sub-58	78	19650.0	0.9859363729567544	1.0
H2	H2-F0-L2	1	sub-58	78	20490.0	0.9859363729567544	1.0
H2	H2-F0-L2	1	sub-58	78	21540.0	0.9859363729567544	1.0
H2	H2-F0-L2	1	sub-58	78	26610.0	0.9859363729567544	1.0
H2	H2-F0-L2	1	sub-58	78	29940.0	0.9859363729567544	1.0
H2	H2-F0-L2	1	sub-67	32	1650.0	0.9859363729567544	1.0
H2	H2-F0-L2	1	sub-67	32	1980.0	0.9859363729567544	1.0
H2	H2-F0-L2	1	sub-67	32	4500.0	0.9859363729567544	1.0
H2	H2-F0-L2	1	sub-67	32	5610.0	0.9859363729567544	1.0
H2	H2-F0-L2	1	sub-67	32	5700.0	0.9859363729567544	1.0
H2	H2-F0-L2	1	sub-67	32	6180.0	0.9859363729567544	1.0
H2	H2-F0-L2	1	sub-67	32	6270.0	0.9859363729567544	1.0
H2	H2-F0-L2	1	sub-67	32	7800.0	0.9859363729567544	1.0
H2	H2-F0-L2	1	sub-67	32	8430.0	0.9859363729567544	1.0
H2	H2-F0-L2	1	sub-67	32	9360.0	0.9859363729567544	1.0
H2	H2-F0-L2	1	sub-67	32	9450.0	0.9859363729567544	1.0
H2	H2-F0-L2	1	sub-67	32	9960.0	0.9859363729567544	1.0
H2	H2-F0-L2	1	sub-67	32	10560.0	0.9859363729567544	1.0
H2	H2-F0-L2	1	sub-67	32	13350.0	0.9859363729567544	1.0
H2	H2-F0-L2	1	sub-67	32	13620.0	0.9859363729567544	1.0
H2	H2-F0-L2	1	sub-67	32	14250.0	0.9859363729567544	1.0
H2	H2-F0-L2	1	sub-67	32	14970.0	0.9859363729567544	1.0
H2	H2-F0-L2	1	sub-67	32	15450.0	0.9859363729567544	1.0
H2	H2-F0-L2	1	sub-67	32	15750.0	0.9859363729567544	1.0
H2	H2-F0-L2	1	sub-67	32	17250.0	0.9859363729567544	1.0
H2	H2-F0-L2	1	sub-67	32	18270.0	0.9859363729567544	1.0
H2	H2-F0-L2	1	sub-67	32	19890.0	0.9859363729567544	1.0
H2	H2-F0-L2	1	sub-67	32	20220.0	0.9859363729567544	1.0
H2	H2-F0-L2	1	sub-67	32	20310.0	0.9859363729567544	1.0
H2	H2-F0-L2	1	sub-67	32	20490.0	0.9859363729567544	1.0
H2	H2-F0-L2	1	sub-67	32	23550.0	0.9859363729567544	1.0
H2	H2-F0-L2	1	sub-67	32	24240.0	0.9859363729567544	1.0
H2	H2-F0-L2	1	sub-67	32	24540.0	0.9859363729567544	1.0
H2	H2-F0-L2	1	sub-67	32	25140.0	0.9859363729567544	1.0
H2	H2-F0-L2	1	sub-67	32	26340.0	0.9859363729567544	1.0
H2	H2-F0-L2	1	sub-67	32	26430.0	0.9859363729567544	1.0
H2	H2-F0-L2	1	sub-67	32	27330.0	0.9859363729567544	1.0
H2	H2-F0-L2	1	sub-67	32	27600.0	0.9859363729567544	1.0
H2	H2-F0-L2	1	sub-70	35	21030.0	0.9859363729567544	1.0
H2	H2-F0-L2	1	sub-73	38	5850.0	0.9859363729567544	1.0
H2	H2-F0-L2	1	sub-96	63	9210.0	0.9859363729567544	1.0
H2	H2-F0-L2	1	sub-96	63	14190.0	0.9859363729567544	1.0
H2	H2-F0-L2	1	sub-96	63	14370.0	0.9859363729567544	1.0
H2	H2-F0-L2	1	sub-96	63	14670.0	0.9859363729567544	1.0
H2	H2-F0-L2	1	sub-96	63	20610.0	0.9859363729567544	1.0
H2	H2-F0-L2	1	sub-96	63	22680.0	0.9859363729567544	1.0
H2	H2-F0-L2	1	sub-96	63	22860.0	0.9859363729567544	1.0
H2	H2-F0-L2	1	sub-96	63	23490.0	0.9859363729567544	1.0
H2	H2-F0-L2	1	sub-96	63	24600.0	0.9859363729567544	1.0
H2	H2-F0-L2	1	sub-96	63	25890.0	0.9859363729567544	1.0
H2	H2-F0-L2	1	sub-96	63	26910.0	0.9859363729567544	1.0
H2	H2-F0-L2	1	sub-96	63	27210.0	0.9859363729567544	1.0
H2	H2-F0-L2	1	sub-96	63	27300.0	0.9859363729567544	1.0
H2	H2-F0-L2	1	sub-96	63	27810.0	0.9859363729567544	1.0
H2	H2-F0-L2	1	sub-96	63	28170.0	0.9859363729567544	1.0
H2	H2-F0-L2	1	sub-96	63	28260.0	0.9859363729567544	1.0
H2	H2-F0-L2	1	sub-96	63	28410.0	0.9859363729567544	1.0
H2	H2-F0-L2	1	sub-96	63	28560.0	0.9859363729567544	1.0
H2	H2-F0-L2	1	sub-98	65	6300.0	0.9859363729567544	1.0
H2	H2-F0-L2	1	sub-98	65	9870.0	0.9859363729567544	1.0
H2	H2-F0-L2	1	sub-98	65	10920.0	0.9859363729567544	1.0
H2	H2-F0-L2	1	sub-98	65	11520.0	0.9859363729567544	1.0
H2	H2-F0-L2	1	sub-98	65	16020.0	0.9859363729567544	1.0
H2	H2-F0-L2	1	sub-98	65	16530.0	0.9859363729567544	1.0
H2	H2-F0-L2	1	sub-98	65	17280.0	0.9859363729567544	1.0
H2	H2-F0-L2	1	sub-98	65	20310.0	0.9859363729567544	1.0
H2	H2-F0-L2	1	sub-98	65	23370.0	0.9859363729567544	1.0
H2	H2-F0-L2	1	sub-98	65	23490.0	0.9859363729567544	1.0
H2	H2-F0-L2	1	sub-98	65	23910.0	0.9859363729567544	1.0
H2	H2-F0-L2	1	sub-98	65	24120.0	0.9859363729567544	1.0
H2	H2-F0-L2	1	sub-98	65	25050.0	0.9859363729567544	1.0
H2	H2-F0-L2	1	sub-98	65	25470.0	0.9859363729567544	1.0
H2	H2-F0-L2	1	sub-98	65	25710.0	0.9859363729567544	1.0
H2	H2-F0-L2	1	sub-98	65	26040.0	0.9859363729567544	1.0
H2	H2-F1-L2	1	sub-103	71	6150.0	0.9947798743064417	1.0
H2	H2-F1-L2	1	sub-107	75	18960.0	0.9947798743064417	1.0
H2	H2-F1-L2	1	sub-107	75	19470.0	0.9947798743064417	1.0
H2	H2-F1-L2	1	sub-107	75	19650.0	0.9947798743064417	1.0
H2	H2-F1-L2	1	sub-107	75	26640.0	0.9947798743064417	1.0
H2	H2-F1-L2	1	sub-108	76	1380.0	0.9947798743064417	1.0
H2	H2-F1-L2	1	sub-108	76	3030.0	0.9947798743064417	1.0
H2	H2-F1-L2	1	sub-108	76	3900.0	0.9947798743064417	1.0
H2	H2-F1-L2	1	sub-108	76	11460.0	0.9947798743064417	1.0
H2	H2-F1-L2	1	sub-108	76	28110.0	0.9947798743064417	1.0
H2	H2-F1-L2	1	sub-108	76	28800.0	0.9947798743064417	1.0
H2	H2-F1-L2	1	sub-27	19	2310.0	0.9947798743064417	1.0
H2	H2-F1-L2	1	sub-27	19	2850.0	0.9947798743064417	1.0
H2	H2-F1-L2	1	sub-27	19	3420.0	0.9947798743064417	1.0
H2	H2-F1-L2	1	sub-27	19	4710.0	0.9947798743064417	1.0
H2	H2-F1-L2	1	sub-27	19	5190.0	0.9947798743064417	1.0
H2	H2-F1-L2	1	sub-27	19	5580.0	0.9947798743064417	1.0
H2	H2-F1-L2	1	sub-27	19	9540.0	0.9947798743064417	1.0
H2	H2-F1-L2	1	sub-27	19	12900.0	0.9947798743064417	1.0
H2	H2-F1-L2	1	sub-27	19	16020.0	0.9947798743064417	1.0
H2	H2-F1-L2	1	sub-27	19	17460.0	0.9947798743064417	1.0
H2	H2-F1-L2	1	sub-27	19	21510.0	0.9947798743064417	1.0
H2	H2-F1-L2	1	sub-27	19	25590.0	0.9947798743064417	1.0
H2	H2-F1-L2	1	sub-27	19	25980.0	0.9947798743064417	1.0
H2	H2-F1-L2	1	sub-27	19	26580.0	0.9947798743064417	1.0
H2	H2-F1-L2	1	sub-27	19	26790.0	0.9947798743064417	1.0
H2	H2-F1-L2	1	sub-27	19	26910.0	0.9947798743064417	1.0
H2	H2-F1-L2	1	sub-27	19	27510.0	0.9947798743064417	1.0
H2	H2-F1-L2	1	sub-27	19	28110.0	0.9947798743064417	1.0
H2	H2-F1-L2	1	sub-28	20	2340.0	0.9947798743064417	1.0
H2	H2-F1-L2	1	sub-28	20	2430.0	0.9947798743064417	1.0
H2	H2-F1-L2	1	sub-28	20	24330.0	0.9947798743064417	1.0
H2	H2-F1-L2	1	sub-29	21	11940.0	0.9947798743064417	1.0
H2	H2-F1-L2	1	sub-29	21	12270.0	0.9947798743064417	1.0
H2	H2-F1-L2	1	sub-29	21	12900.0	0.9947798743064417	1.0
H2	H2-F1-L2	1	sub-29	21	13050.0	0.9947798743064417	1.0
H2	H2-F1-L2	1	sub-29	21	13830.0	0.9947798743064417	1.0
H2	H2-F1-L2	1	sub-29	21	15000.0	0.9947798743064417	1.0
H2	H2-F1-L2	1	sub-29	21	15120.0	0.9947798743064417	1.0
H2	H2-F1-L2	1	sub-29	21	15210.0	0.9947798743064417	1.0
H2	H2-F1-L2	1	sub-29	21	15330.0	0.9947798743064417	1.0
H2	H2-F1-L2	1	sub-29	21	15540.0	0.9947798743064417	1.0
H2	H2-F1-L2	1	sub-29	21	15600.0	0.9947798743064417	1.0
H2	H2-F1-L2	1	sub-29	21	15660.0	0.9947798743064417	1.0
H2	H2-F1-L2	1	sub-29	21	16170.0	0.9947798743064417	1.0
H2	H2-F1-L2	1	sub-29	21	16290.0	0.9947798743064417	1.0
H2	H2-F1-L2	1	sub-29	21	16440.0	0.9947798743064417	1.0
H2	H2-F1-L2	1	sub-29	21	17820.0	0.9947798743064417	1.0
H2	H2-F1-L2	1	sub-29	21	19680.0	0.9947798743064417	1.0
H2	H2-F1-L2	1	sub-29	21	19740.0	0.9947798743064417	1.0
H2	H2-F1-L2	1	sub-29	21	19860.0	0.9947798743064417	1.0
H2	H2-F1-L2	1	sub-29	21	20100.0	0.9947798743064417	1.0
H2	H2-F1-L2	1	sub-29	21	20220.0	0.9947798743064417	1.0
H2	H2-F1-L2	1	sub-29	21	21030.0	0.9947798743064417	1.0
H2	H2-F1-L2	1	sub-29	21	24510.0	0.9947798743064417	1.0
H2	H2-F1-L2	1	sub-29	21	24600.0	0.9947798743064417	1.0
H2	H2-F1-L2	1	sub-29	21	24720.0	0.9947798743064417	1.0
H2	H2-F1-L2	1	sub-29	21	24900.0	0.9947798743064417	1.0
H2	H2-F1-L2	1	sub-29	21	25260.0	0.9947798743064417	1.0
H2	H2-F1-L2	1	sub-29	21	25410.0	0.9947798743064417	1.0
H2	H2-F1-L2	1	sub-29	21	25590.0	0.9947798743064417	1.0
H2	H2-F1-L2	1	sub-29	21	25680.0	0.9947798743064417	1.0
H2	H2-F1-L2	1	sub-29	21	25830.0	0.9947798743064417	1.0
H2	H2-F1-L2	1	sub-29	21	26460.0	0.9947798743064417	1.0
H2	H2-F1-L2	1	sub-29	21	28830.0	0.9947798743064417	1.0
H2	H2-F1-L2	1	sub-29	21	28950.0	0.9947798743064417	1.0
H2	H2-F1-L2	1	sub-29	21	29580.0	0.9947798743064417	1.0
H2	H2-F1-L2	1	sub-29	21	29700.0	0.9947798743064417	1.0
H2	H2-F1-L2	1	sub-29	21	30150.0	0.9947798743064417	1.0
H2	H2-F1-L2	1	sub-29	21	30600.0	0.9947798743064417	1.0
H2	H2-F1-L2	1	sub-29	21	31470.0	0.9947798743064417	1.0
H2	H2-F1-L2	1	sub-29	21	31560.0	0.9947798743064417	1.0
H2	H2-F1-L2	1	sub-29	21	32130.0	0.9947798743064417	1.0
H2	H2-F1-L2	1	sub-29	21	32250.0	0.9947798743064417	1.0
H2	H2-F1-L2	1	sub-29	21	33060.0	0.9947798743064417	1.0
H2	H2-F1-L2	1	sub-33	84	22050.0	0.9947798743064417	1.0
H2	H2-F1-L2	1	sub-33	84	24150.0	0.9947798743064417	1.0
H2	H2-F1-L2	1	sub-36	84	22200.0	0.9947798743064417	1.0
H2	H2-F1-L2	1	sub-36	84	26580.0	0.9947798743064417	1.0
H2	H2-F1-L2	1	sub-36	84	26700.0	0.9947798743064417	1.0
H2	H2-F1-L2	1	sub-42	84	23100.0	0.9947798743064417	1.0
H2	H2-F1-L2	1	sub-56	78	13320.0	0.9947798743064417	1.0
H2	H2-F1-L2	1	sub-56	78	18630.0	0.9947798743064417	1.0
H2	H2-F1-L2	1	sub-56	78	19230.0	0.9947798743064417	1.0
H2	H2-F1-L2	1	sub-56	78	25440.0	0.9947798743064417	1.0
H2	H2-F1-L2	1	sub-58	78	19650.0	0.9947798743064417	1.0
H2	H2-F1-L2	1	sub-58	78	20490.0	0.9947798743064417	1.0
H2	H2-F1-L2	1	sub-58	78	26610.0	0.9947798743064417	1.0
H2	H2-F1-L2	1	sub-67	32	1560.0	0.9947798743064417	1.0
H2	H2-F1-L2	1	sub-67	32	5730.0	0.9947798743064417	1.0
H2	H2-F1-L2	1	sub-67	32	6300.0	0.9947798743064417	1.0
H2	H2-F1-L2	1	sub-67	32	15450.0	0.9947798743064417	1.0
H2	H2-F1-L2	1	sub-67	32	20340.0	0.9947798743064417	1.0
H2	H2-F1-L2	1	sub-67	32	23520.0	0.9947798743064417	1.0
H2	H2-F1-L2	1	sub-67	32	24240.0	0.9947798743064417	1.0
H2	H2-F1-L2	1	sub-67	32	25140.0	0.9947798743064417	1.0
H2	H2-F1-L2	1	sub-67	32	26340.0	0.9947798743064417	1.0
H2	H2-F1-L2	1	sub-67	32	27390.0	0.9947798743064417	1.0
H2	H2-F1-L2	1	sub-67	32	27600.0	0.9947798743064417	1.0
H2	H2-F1-L2	1	sub-70	35	16800.0	0.9947798743064417	1.0
H2	H2-F1-L2	1	sub-70	35	21030.0	0.9947798743064417	1.0
H2	H2-F1-L2	1	sub-70	35	23730.0	0.9947798743064417	1.0
H2	H2-F1-L2	1	sub-73	38	5850.0	0.9947798743064417	1.0
H2	H2-F1-L2	1	sub-73	38	10680.0	0.9947798743064417	1.0
H2	H2-F1-L2	1	sub-73	38	19530.0	0.9947798743064417	1.0
H2	H2-F1-L2	1	sub-73	38	23130.0	0.9947798743064417	1.0
H2	H2-F1-L2	1	sub-96	63	14190.0	0.9947798743064417	1.0
H2	H2-F1-L2	1	sub-96	63	14670.0	0.9947798743064417	1.0
H2	H2-F1-L2	1	sub-96	63	19860.0	0.9947798743064417	1.0
H2	H2-F1-L2	1	sub-96	63	20460.0	0.9947798743064417	1.0
H2	H2-F1-L2	1	sub-96	63	20550.0	0.9947798743064417	1.0
H2	H2-F1-L2	1	sub-96	63	22410.0	0.9947798743064417	1.0
H2	H2-F1-L2	1	sub-96	63	23250.0	0.9947798743064417	1.0
H2	H2-F1-L2	1	sub-96	63	23550.0	0.9947798743064417	1.0
H2	H2-F1-L2	1	sub-96	63	23610.0	0.9947798743064417	1.0
H2	H2-F1-L2	1	sub-96	63	24270.0	0.9947798743064417	1.0
H2	H2-F1-L2	1	sub-96	63	24870.0	0.9947798743064417	1.0
H2	H2-F1-L2	1	sub-96	63	25140.0	0.9947798743064417	1.0
H2	H2-F1-L2	1	sub-96	63	25470.0	0.9947798743064417	1.0
H2	H2-F1-L2	1	sub-96	63	28530.0	0.9947798743064417	1.0
H2	H2-F1-L2	1	sub-98	65	7020.0	0.9947798743064417	1.0
H2	H2-F1-L2	1	sub-98	65	9870.0	0.9947798743064417	1.0
H2	H2-F1-L2	1	sub-98	65	10920.0	0.9947798743064417	1.0
H2	H2-F1-L2	1	sub-98	65	19050.0	0.9947798743064417	1.0
H2	H2-F1-L2	1	sub-98	65	19200.0	0.9947798743064417	1.0
H2	H2-F1-L2	1	sub-98	65	19620.0	0.9947798743064417	1.0
H2	H2-F1-L2	1	sub-98	65	19770.0	0.9947798743064417	1.0
H2	H2-F1-L2	1	sub-98	65	20070.0	0.9947798743064417	1.0
H2	H2-F1-L2	1	sub-98	65	23370.0	0.9947798743064417	1.0
H2	H2-F1-L2	1	sub-98	65	23640.0	0.9947798743064417	1.0
H2	H2-F1-L2	1	sub-98	65	23730.0	0.9947798743064417	1.0
H2	H2-F1-L2	1	sub-98	65	23910.0	0.9947798743064417	1.0
H2	H2-F1-L2	1	sub-98	65	24120.0	0.9947798743064417	1.0
H2	H2-F1-L2	1	sub-98	65	24390.0	0.9947798743064417	1.0
H2	H2-F1-L2	1	sub-98	65	25710.0	0.9947798743064417	1.0
H2	H2-F1-L2	1	sub-98	65	26040.0	0.9947798743064417	1.0
H2	H2-F1-L2	1	sub-98	65	26190.0	0.9947798743064417	1.0
H2	H2-F1-EN	1	sub-107	75	18960.0	0.9626731126558706	0.1
H2	H2-F1-EN	1	sub-107	75	19380.0	0.9626731126558706	0.1
H2	H2-F1-EN	1	sub-107	75	19500.0	0.9626731126558706	0.1
H2	H2-F1-EN	1	sub-107	75	19650.0	0.9626731126558706	0.1
H2	H2-F1-EN	1	sub-107	75	21660.0	0.9626731126558706	0.1
H2	H2-F1-EN	1	sub-107	75	26640.0	0.9626731126558706	0.1
H2	H2-F1-EN	1	sub-108	76	1380.0	0.9626731126558706	0.1
H2	H2-F1-EN	1	sub-108	76	3030.0	0.9626731126558706	0.1
H2	H2-F1-EN	1	sub-108	76	11430.0	0.9626731126558706	0.1
H2	H2-F1-EN	1	sub-108	76	28110.0	0.9626731126558706	0.1
H2	H2-F1-EN	1	sub-108	76	28800.0	0.9626731126558706	0.1
H2	H2-F1-EN	1	sub-27	19	3420.0	0.9626731126558706	0.1
H2	H2-F1-EN	1	sub-27	19	5190.0	0.9626731126558706	0.1
H2	H2-F1-EN	1	sub-27	19	7080.0	0.9626731126558706	0.1
H2	H2-F1-EN	1	sub-27	19	9450.0	0.9626731126558706	0.1
H2	H2-F1-EN	1	sub-27	19	10470.0	0.9626731126558706	0.1
H2	H2-F1-EN	1	sub-27	19	11040.0	0.9626731126558706	0.1
H2	H2-F1-EN	1	sub-27	19	16020.0	0.9626731126558706	0.1
H2	H2-F1-EN	1	sub-27	19	17460.0	0.9626731126558706	0.1
H2	H2-F1-EN	1	sub-27	19	21540.0	0.9626731126558706	0.1
H2	H2-F1-EN	1	sub-27	19	26580.0	0.9626731126558706	0.1
H2	H2-F1-EN	1	sub-27	19	26820.0	0.9626731126558706	0.1
H2	H2-F1-EN	1	sub-27	19	26910.0	0.9626731126558706	0.1
H2	H2-F1-EN	1	sub-27	19	27510.0	0.9626731126558706	0.1
H2	H2-F1-EN	1	sub-27	19	28110.0	0.9626731126558706	0.1
H2	H2-F1-EN	1	sub-28	20	2340.0	0.9626731126558706	0.1
H2	H2-F1-EN	1	sub-28	20	2430.0	0.9626731126558706	0.1
H2	H2-F1-EN	1	sub-28	20	24330.0	0.9626731126558706	0.1
H2	H2-F1-EN	1	sub-29	21	12900.0	0.9626731126558706	0.1
H2	H2-F1-EN	1	sub-29	21	12960.0	0.9626731126558706	0.1
H2	H2-F1-EN	1	sub-29	21	15000.0	0.9626731126558706	0.1
H2	H2-F1-EN	1	sub-29	21	15060.0	0.9626731126558706	0.1
H2	H2-F1-EN	1	sub-29	21	15210.0	0.9626731126558706	0.1
H2	H2-F1-EN	1	sub-29	21	15270.0	0.9626731126558706	0.1
H2	H2-F1-EN	1	sub-29	21	15420.0	0.9626731126558706	0.1
H2	H2-F1-EN	1	sub-29	21	15600.0	0.9626731126558706	0.1
H2	H2-F1-EN	1	sub-29	21	16170.0	0.9626731126558706	0.1
H2	H2-F1-EN	1	sub-29	21	16230.0	0.9626731126558706	0.1
H2	H2-F1-EN	1	sub-29	21	16320.0	0.9626731126558706	0.1
H2	H2-F1-EN	1	sub-29	21	17760.0	0.9626731126558706	0.1
H2	H2-F1-EN	1	sub-29	21	17940.0	0.9626731126558706	0.1
H2	H2-F1-EN	1	sub-29	21	19740.0	0.9626731126558706	0.1
H2	H2-F1-EN	1	sub-29	21	19800.0	0.9626731126558706	0.1
H2	H2-F1-EN	1	sub-29	21	20100.0	0.9626731126558706	0.1
H2	H2-F1-EN	1	sub-29	21	20160.0	0.9626731126558706	0.1
H2	H2-F1-EN	1	sub-29	21	21030.0	0.9626731126558706	0.1
H2	H2-F1-EN	1	sub-29	21	21090.0	0.9626731126558706	0.1
H2	H2-F1-EN	1	sub-29	21	25260.0	0.9626731126558706	0.1
H2	H2-F1-EN	1	sub-29	21	26460.0	0.9626731126558706	0.1
H2	H2-F1-EN	1	sub-29	21	28890.0	0.9626731126558706	0.1
H2	H2-F1-EN	1	sub-29	21	29640.0	0.9626731126558706	0.1
H2	H2-F1-EN	1	sub-29	21	30060.0	0.9626731126558706	0.1
H2	H2-F1-EN	1	sub-29	21	30420.0	0.9626731126558706	0.1
H2	H2-F1-EN	1	sub-29	21	30600.0	0.9626731126558706	0.1
H2	H2-F1-EN	1	sub-29	21	30660.0	0.9626731126558706	0.1
H2	H2-F1-EN	1	sub-29	21	31470.0	0.9626731126558706	0.1
H2	H2-F1-EN	1	sub-29	21	32190.0	0.9626731126558706	0.1
H2	H2-F1-EN	1	sub-29	21	33120.0	0.9626731126558706	0.1
H2	H2-F1-EN	1	sub-33	84	22050.0	0.9626731126558706	0.1
H2	H2-F1-EN	1	sub-33	84	22470.0	0.9626731126558706	0.1
H2	H2-F1-EN	1	sub-33	84	22950.0	0.9626731126558706	0.1
H2	H2-F1-EN	1	sub-33	84	24150.0	0.9626731126558706	0.1
H2	H2-F1-EN	1	sub-36	84	16200.0	0.9626731126558706	0.1
H2	H2-F1-EN	1	sub-36	84	22200.0	0.9626731126558706	0.1
H2	H2-F1-EN	1	sub-36	84	26580.0	0.9626731126558706	0.1
H2	H2-F1-EN	1	sub-36	84	26700.0	0.9626731126558706	0.1
H2	H2-F1-EN	1	sub-56	78	12840.0	0.9626731126558706	0.1
H2	H2-F1-EN	1	sub-56	78	19230.0	0.9626731126558706	0.1
H2	H2-F1-EN	1	sub-56	78	23820.0	0.9626731126558706	0.1
H2	H2-F1-EN	1	sub-56	78	26520.0	0.9626731126558706	0.1
H2	H2-F1-EN	1	sub-58	78	19650.0	0.9626731126558706	0.1
H2	H2-F1-EN	1	sub-58	78	20490.0	0.9626731126558706	0.1
H2	H2-F1-EN	1	sub-58	78	21900.0	0.9626731126558706	0.1
H2	H2-F1-EN	1	sub-58	78	26610.0	0.9626731126558706	0.1
H2	H2-F1-EN	1	sub-58	78	27690.0	0.9626731126558706	0.1
H2	H2-F1-EN	1	sub-58	78	29940.0	0.9626731126558706	0.1
H2	H2-F1-EN	1	sub-67	32	20310.0	0.9626731126558706	0.1
H2	H2-F1-EN	1	sub-67	32	23550.0	0.9626731126558706	0.1
H2	H2-F1-EN	1	sub-67	32	24240.0	0.9626731126558706	0.1
H2	H2-F1-EN	1	sub-67	32	25140.0	0.9626731126558706	0.1
H2	H2-F1-EN	1	sub-70	35	6870.0	0.9626731126558706	0.1
H2	H2-F1-EN	1	sub-70	35	16350.0	0.9626731126558706	0.1
H2	H2-F1-EN	1	sub-70	35	16800.0	0.9626731126558706	0.1
H2	H2-F1-EN	1	sub-70	35	21510.0	0.9626731126558706	0.1
H2	H2-F1-EN	1	sub-73	38	5850.0	0.9626731126558706	0.1
H2	H2-F1-EN	1	sub-73	38	10680.0	0.9626731126558706	0.1
H2	H2-F1-EN	1	sub-73	38	23130.0	0.9626731126558706	0.1
H2	H2-F1-EN	1	sub-96	63	9210.0	0.9626731126558706	0.1
H2	H2-F1-EN	1	sub-96	63	14190.0	0.9626731126558706	0.1
H2	H2-F1-EN	1	sub-96	63	14370.0	0.9626731126558706	0.1
H2	H2-F1-EN	1	sub-96	63	19860.0	0.9626731126558706	0.1
H2	H2-F1-EN	1	sub-96	63	20460.0	0.9626731126558706	0.1
H2	H2-F1-EN	1	sub-96	63	20580.0	0.9626731126558706	0.1
H2	H2-F1-EN	1	sub-96	63	22740.0	0.9626731126558706	0.1
H2	H2-F1-EN	1	sub-96	63	22860.0	0.9626731126558706	0.1
H2	H2-F1-EN	1	sub-96	63	23130.0	0.9626731126558706	0.1
H2	H2-F1-EN	1	sub-96	63	23820.0	0.9626731126558706	0.1
H2	H2-F1-EN	1	sub-96	63	24300.0	0.9626731126558706	0.1
H2	H2-F1-EN	1	sub-96	63	24690.0	0.9626731126558706	0.1
H2	H2-F1-EN	1	sub-96	63	25140.0	0.9626731126558706	0.1
H2	H2-F1-EN	1	sub-96	63	26670.0	0.9626731126558706	0.1
H2	H2-F1-EN	1	sub-96	63	27810.0	0.9626731126558706	0.1
H2	H2-F1-EN	1	sub-96	63	28410.0	0.9626731126558706	0.1
H2	H2-F1-EN	1	sub-96	63	28500.0	0.9626731126558706	0.1
H2	H2-F1-EN	1	sub-98	65	6570.0	0.9626731126558706	0.1
H2	H2-F1-EN	1	sub-98	65	7020.0	0.9626731126558706	0.1
H2	H2-F1-EN	1	sub-98	65	9570.0	0.9626731126558706	0.1
H2	H2-F1-EN	1	sub-98	65	9870.0	0.9626731126558706	0.1
H2	H2-F1-EN	1	sub-98	65	10050.0	0.9626731126558706	0.1
H2	H2-F1-EN	1	sub-98	65	10920.0	0.9626731126558706	0.1
H2	H2-F1-EN	1	sub-98	65	16020.0	0.9626731126558706	0.1
H2	H2-F1-EN	1	sub-98	65	17280.0	0.9626731126558706	0.1
H2	H2-F1-EN	1	sub-98	65	18480.0	0.9626731126558706	0.1
H2	H2-F1-EN	1	sub-98	65	19080.0	0.9626731126558706	0.1
H2	H2-F1-EN	1	sub-98	65	19410.0	0.9626731126558706	0.1
H2	H2-F1-EN	1	sub-98	65	19620.0	0.9626731126558706	0.1
H2	H2-F1-EN	1	sub-98	65	19770.0	0.9626731126558706	0.1
H2	H2-F1-EN	1	sub-98	65	19950.0	0.9626731126558706	0.1
H2	H2-F1-EN	1	sub-98	65	20070.0	0.9626731126558706	0.1
H2	H2-F1-EN	1	sub-98	65	20310.0	0.9626731126558706	0.1
H2	H2-F1-EN	1	sub-98	65	21120.0	0.9626731126558706	0.1
H2	H2-F1-EN	1	sub-98	65	23370.0	0.9626731126558706	0.1
H2	H2-F1-EN	1	sub-98	65	23490.0	0.9626731126558706	0.1
H2	H2-F1-EN	1	sub-98	65	23640.0	0.9626731126558706	0.1
H2	H2-F1-EN	1	sub-98	65	23910.0	0.9626731126558706	0.1
H2	H2-F1-EN	1	sub-98	65	24120.0	0.9626731126558706	0.1
H2	H2-F1-EN	1	sub-98	65	25470.0	0.9626731126558706	0.1
H2	H2-F1-EN	1	sub-98	65	25710.0	0.9626731126558706	0.1
H2	H2-F1-EN	1	sub-98	65	26040.0	0.9626731126558706	0.1
H2	H2-F1-EN	1	sub-98	65	26190.0	0.9626731126558706	0.1
H2	H2-F0-L2	2	sub-10	91	11040.0	0.9820137900379085	1.0
H2	H2-F0-L2	2	sub-10	91	11940.0	0.9820137900379085	1.0
H2	H2-F0-L2	2	sub-10	91	12780.0	0.9820137900379085	1.0
H2	H2-F0-L2	2	sub-10	91	28800.0	0.9820137900379085	1.0
H2	H2-F0-L2	2	sub-118	99	1530.0	0.9820137900379085	1.0
H2	H2-F0-L2	2	sub-118	99	5310.0	0.9820137900379085	1.0
H2	H2-F0-L2	2	sub-118	99	19080.0	0.9820137900379085	1.0
H2	H2-F0-L2	2	sub-118	99	26400.0	0.9820137900379085	1.0
H2	H2-F0-L2	2	sub-118	99	26490.0	0.9820137900379085	1.0
H2	H2-F0-L2	2	sub-119	99	6510.0	0.9820137900379085	1.0
H2	H2-F0-L2	2	sub-119	99	14130.0	0.9820137900379085	1.0
H2	H2-F0-L2	2	sub-120	99	600.0	0.9820137900379085	1.0
H2	H2-F0-L2	2	sub-120	99	13830.0	0.9820137900379085	1.0
H2	H2-F0-L2	2	sub-120	99	20070.0	0.9820137900379085	1.0
H2	H2-F0-L2	2	sub-128	108	3090.0	0.9820137900379085	1.0
H2	H2-F0-L2	2	sub-128	108	3600.0	0.9820137900379085	1.0
H2	H2-F0-L2	2	sub-128	108	11460.0	0.9820137900379085	1.0
H2	H2-F0-L2	2	sub-128	108	16260.0	0.9820137900379085	1.0
H2	H2-F0-L2	2	sub-128	108	18390.0	0.9820137900379085	1.0
H2	H2-F0-L2	2	sub-128	108	18720.0	0.9820137900379085	1.0
H2	H2-F0-L2	2	sub-128	108	19560.0	0.9820137900379085	1.0
H2	H2-F0-L2	2	sub-128	108	21900.0	0.9820137900379085	1.0
H2	H2-F0-L2	2	sub-13	91	6900.0	0.9820137900379085	1.0
H2	H2-F0-L2	2	sub-13	91	13740.0	0.9820137900379085	1.0
H2	H2-F0-L2	2	sub-15	10	1590.0	0.9820137900379085	1.0
H2	H2-F0-L2	2	sub-15	10	6420.0	0.9820137900379085	1.0
H2	H2-F0-L2	2	sub-15	10	18810.0	0.9820137900379085	1.0
H2	H2-F0-L2	2	sub-15	10	21180.0	0.9820137900379085	1.0
H2	H2-F0-L2	2	sub-15	10	25080.0	0.9820137900379085	1.0
H2	H2-F0-L2	2	sub-15	10	25710.0	0.9820137900379085	1.0
H2	H2-F0-L2	2	sub-15	10	26640.0	0.9820137900379085	1.0
H2	H2-F0-L2	2	sub-15	10	29790.0	0.9820137900379085	1.0
H2	H2-F0-L2	2	sub-15	10	30180.0	0.9820137900379085	1.0
H2	H2-F0-L2	2	sub-15	10	31920.0	0.9820137900379085	1.0
H2	H2-F0-L2	2	sub-15	10	32250.0	0.9820137900379085	1.0
H2	H2-F0-L2	2	sub-15	10	32640.0	0.9820137900379085	1.0
H2	H2-F0-L2	2	sub-30	94	14130.0	0.9820137900379085	1.0
H2	H2-F0-L2	2	sub-30	94	23160.0	0.9820137900379085	1.0
H2	H2-F0-L2	2	sub-39	85	6330.0	0.9820137900379085	1.0
H2	H2-F0-L2	2	sub-39	85	15360.0	0.9820137900379085	1.0
H2	H2-F0-L2	2	sub-39	85	19440.0	0.9820137900379085	1.0
H2	H2-F0-L2	2	sub-39	85	22920.0	0.9820137900379085	1.0
H2	H2-F0-L2	2	sub-8	6	3390.0	0.9820137900379085	1.0
H2	H2-F0-L2	2	sub-87	54	9240.0	0.9820137900379085	1.0
H2	H2-F0-L2	2	sub-87	54	10200.0	0.9820137900379085	1.0
H2	H2-F0-L2	2	sub-87	54	14160.0	0.9820137900379085	1.0
H2	H2-F0-L2	2	sub-87	54	14280.0	0.9820137900379085	1.0
H2	H2-F0-L2	2	sub-87	54	14400.0	0.9820137900379085	1.0
H2	H2-F0-L2	2	sub-87	54	18570.0	0.9820137900379085	1.0
H2	H2-F0-L2	2	sub-87	54	19230.0	0.9820137900379085	1.0
H2	H2-F0-L2	2	sub-87	54	25890.0	0.9820137900379085	1.0
H2	H2-F0-L2	2	sub-87	54	26040.0	0.9820137900379085	1.0
H2	H2-F0-L2	2	sub-87	54	26670.0	0.9820137900379085	1.0
H2	H2-F0-L2	2	sub-87	54	27780.0	0.9820137900379085	1.0
H2	H2-F0-L2	2	sub-87	54	28110.0	0.9820137900379085	1.0
H2	H2-F0-L2	2	sub-87	54	28170.0	0.9820137900379085	1.0
H2	H2-F0-L2	2	sub-87	54	28260.0	0.9820137900379085	1.0
H2	H2-F0-L2	2	sub-87	54	28380.0	0.9820137900379085	1.0
H2	H2-F0-L2	2	sub-87	54	28500.0	0.9820137900379085	1.0
H2	H2-F0-L2	2	sub-91	58	15150.0	0.9820137900379085	1.0
H2	H2-F0-L2	2	sub-91	58	16890.0	0.9820137900379085	1.0
H2	H2-F0-L2	2	sub-91	58	20160.0	0.9820137900379085	1.0
H2	H2-F0-L2	2	sub-92	59	1950.0	0.9820137900379085	1.0
H2	H2-F0-L2	2	sub-92	59	6300.0	0.9820137900379085	1.0
H2	H2-F0-L2	2	sub-92	59	6570.0	0.9820137900379085	1.0
H2	H2-F0-L2	2	sub-92	59	10860.0	0.9820137900379085	1.0
H2	H2-F0-L2	2	sub-92	59	22980.0	0.9820137900379085	1.0
H2	H2-F0-L2	2	sub-92	59	25950.0	0.9820137900379085	1.0
H2	H2-F0-L2	2	sub-92	59	26640.0	0.9820137900379085	1.0
H2	H2-F0-L2	2	sub-93	60	2010.0	0.9820137900379085	1.0
H2	H2-F0-L2	2	sub-93	60	19770.0	0.9820137900379085	1.0
H2	H2-F0-L2	2	sub-94	61	3540.0	0.9820137900379085	1.0
H2	H2-F0-L2	2	sub-94	61	7320.0	0.9820137900379085	1.0
H2	H2-F0-L2	2	sub-94	61	7560.0	0.9820137900379085	1.0
H2	H2-F0-L2	2	sub-94	61	7800.0	0.9820137900379085	1.0
H2	H2-F0-L2	2	sub-94	61	10230.0	0.9820137900379085	1.0
H2	H2-F0-L2	2	sub-94	61	11370.0	0.9820137900379085	1.0
H2	H2-F0-L2	2	sub-94	61	11970.0	0.9820137900379085	1.0
H2	H2-F0-L2	2	sub-94	61	12420.0	0.9820137900379085	1.0
H2	H2-F0-L2	2	sub-94	61	15060.0	0.9820137900379085	1.0
H2	H2-F0-L2	2	sub-94	61	15300.0	0.9820137900379085	1.0
H2	H2-F0-L2	2	sub-94	61	16530.0	0.9820137900379085	1.0
H2	H2-F0-L2	2	sub-94	61	18900.0	0.9820137900379085	1.0
H2	H2-F0-L2	2	sub-94	61	19320.0	0.9820137900379085	1.0
H2	H2-F0-L2	2	sub-94	61	20220.0	0.9820137900379085	1.0
H2	H2-F0-L2	2	sub-94	61	25680.0	0.9820137900379085	1.0
H2	H2-F0-L2	2	sub-94	61	26130.0	0.9820137900379085	1.0
H2	H2-F0-L2	2	sub-94	61	26550.0	0.9820137900379085	1.0
H2	H2-F0-L2	2	sub-94	61	29520.0	0.9820137900379085	1.0
H2	H2-F0-L2	2	sub-94	61	29670.0	0.9820137900379085	1.0
H2	H2-F0-L2	2	sub-95	62	930.0	0.9820137900379085	1.0
H2	H2-F0-L2	2	sub-95	62	1050.0	0.9820137900379085	1.0
H2	H2-F0-L2	2	sub-95	62	18960.0	0.9820137900379085	1.0
H2	H2-F0-L2	2	sub-95	62	20040.0	0.9820137900379085	1.0
H2	H2-F0-L2	2	sub-95	62	21990.0	0.9820137900379085	1.0
H2	H2-F0-L2	2	sub-95	62	23610.0	0.9820137900379085	1.0
H2	H2-F1-L2	2	sub-10	91	11040.0	0.9820137900379085	1.0
H2	H2-F1-L2	2	sub-10	91	11940.0	0.9820137900379085	1.0
H2	H2-F1-L2	2	sub-10	91	12270.0	0.9820137900379085	1.0
H2	H2-F1-L2	2	sub-10	91	12390.0	0.9820137900379085	1.0
H2	H2-F1-L2	2	sub-10	91	12780.0	0.9820137900379085	1.0
H2	H2-F1-L2	2	sub-10	91	19260.0	0.9820137900379085	1.0
H2	H2-F1-L2	2	sub-10	91	19350.0	0.9820137900379085	1.0
H2	H2-F1-L2	2	sub-10	91	24750.0	0.9820137900379085	1.0
H2	H2-F1-L2	2	sub-10	91	24960.0	0.9820137900379085	1.0
H2	H2-F1-L2	2	sub-10	91	28800.0	0.9820137900379085	1.0
H2	H2-F1-L2	2	sub-118	99	18600.0	0.9820137900379085	1.0
H2	H2-F1-L2	2	sub-118	99	19170.0	0.9820137900379085	1.0
H2	H2-F1-L2	2	sub-118	99	21570.0	0.9820137900379085	1.0
H2	H2-F1-L2	2	sub-118	99	26250.0	0.9820137900379085	1.0
H2	H2-F1-L2	2	sub-118	99	26310.0	0.9820137900379085	1.0
H2	H2-F1-L2	2	sub-118	99	26400.0	0.9820137900379085	1.0
H2	H2-F1-L2	2	sub-118	99	26490.0	0.9820137900379085	1.0
H2	H2-F1-L2	2	sub-119	99	390.0	0.9820137900379085	1.0
H2	H2-F1-L2	2	sub-119	99	6870.0	0.9820137900379085	1.0
H2	H2-F1-L2	2	sub-119	99	13290.0	0.9820137900379085	1.0
H2	H2-F1-L2	2	sub-119	99	18330.0	0.9820137900379085	1.0
H2	H2-F1-L2	2	sub-119	99	18840.0	0.9820137900379085	1.0
H2	H2-F1-L2	2	sub-119	99	19410.0	0.9820137900379085	1.0
H2	H2-F1-L2	2	sub-119	99	20010.0	0.9820137900379085	1.0
H2	H2-F1-L2	2	sub-119	99	22950.0	0.9820137900379085	1.0
H2	H2-F1-L2	2	sub-119	99	26250.0	0.9820137900379085	1.0
H2	H2-F1-L2	2	sub-120	99	600.0	0.9820137900379085	1.0
H2	H2-F1-L2	2	sub-120	99	3630.0	0.9820137900379085	1.0
H2	H2-F1-L2	2	sub-120	99	6480.0	0.9820137900379085	1.0
H2	H2-F1-L2	2	sub-120	99	7260.0	0.9820137900379085	1.0
H2	H2-F1-L2	2	sub-120	99	12930.0	0.9820137900379085	1.0
H2	H2-F1-L2	2	sub-120	99	13290.0	0.9820137900379085	1.0
H2	H2-F1-L2	2	sub-120	99	13830.0	0.9820137900379085	1.0
H2	H2-F1-L2	2	sub-120	99	19800.0	0.9820137900379085	1.0
H2	H2-F1-L2	2	sub-120	99	19890.0	0.9820137900379085	1.0
H2	H2-F1-L2	2	sub-120	99	20070.0	0.9820137900379085	1.0
H2	H2-F1-L2	2	sub-120	99	20220.0	0.9820137900379085	1.0
H2	H2-F1-L2	2	sub-120	99	22560.0	0.9820137900379085	1.0
H2	H2-F1-L2	2	sub-120	99	22680.0	0.9820137900379085	1.0
H2	H2-F1-L2	2	sub-120	99	22740.0	0.9820137900379085	1.0
H2	H2-F1-L2	2	sub-120	99	23430.0	0.9820137900379085	1.0
H2	H2-F1-L2	2	sub-128	108	11790.0	0.9820137900379085	1.0
H2	H2-F1-L2	2	sub-128	108	15210.0	0.9820137900379085	1.0
H2	H2-F1-L2	2	sub-128	108	16950.0	0.9820137900379085	1.0
H2	H2-F1-L2	2	sub-128	108	18390.0	0.9820137900379085	1.0
H2	H2-F1-L2	2	sub-128	108	18720.0	0.9820137900379085	1.0
H2	H2-F1-L2	2	sub-13	91	2640.0	0.9820137900379085	1.0
H2	H2-F1-L2	2	sub-13	91	6840.0	0.9820137900379085	1.0
H2	H2-F1-L2	2	sub-13	91	9180.0	0.9820137900379085	1.0
H2	H2-F1-L2	2	sub-13	91	9270.0	0.9820137900379085	1.0
H2	H2-F1-L2	2	sub-13	91	9330.0	0.9820137900379085	1.0
H2	H2-F1-L2	2	sub-13	91	12180.0	0.9820137900379085	1.0
H2	H2-F1-L2	2	sub-13	91	13500.0	0.9820137900379085	1.0
H2	H2-F1-L2	2	sub-13	91	13590.0	0.9820137900379085	1.0
H2	H2-F1-L2	2	sub-13	91	13710.0	0.9820137900379085	1.0
H2	H2-F1-L2	2	sub-15	10	11970.0	0.9820137900379085	1.0
H2	H2-F1-L2	2	sub-15	10	12870.0	0.9820137900379085	1.0
H2	H2-F1-L2	2	sub-15	10	24900.0	0.9820137900379085	1.0
H2	H2-F1-L2	2	sub-15	10	25080.0	0.9820137900379085	1.0
H2	H2-F1-L2	2	sub-15	10	25470.0	0.9820137900379085	1.0
H2	H2-F1-L2	2	sub-15	10	25620.0	0.9820137900379085	1.0
H2	H2-F1-L2	2	sub-15	10	25710.0	0.9820137900379085	1.0
H2	H2-F1-L2	2	sub-15	10	26310.0	0.9820137900379085	1.0
H2	H2-F1-L2	2	sub-15	10	29790.0	0.9820137900379085	1.0
H2	H2-F1-L2	2	sub-15	10	29880.0	0.9820137900379085	1.0
H2	H2-F1-L2	2	sub-15	10	30900.0	0.9820137900379085	1.0
H2	H2-F1-L2	2	sub-15	10	31530.0	0.9820137900379085	1.0
H2	H2-F1-L2	2	sub-15	10	31920.0	0.9820137900379085	1.0
H2	H2-F1-L2	2	sub-30	94	14130.0	0.9820137900379085	1.0
H2	H2-F1-L2	2	sub-30	94	19830.0	0.9820137900379085	1.0
H2	H2-F1-L2	2	sub-30	94	20100.0	0.9820137900379085	1.0
H2	H2-F1-L2	2	sub-30	94	22800.0	0.9820137900379085	1.0
H2	H2-F1-L2	2	sub-30	94	23160.0	0.9820137900379085	1.0
H2	H2-F1-L2	2	sub-30	94	24240.0	0.9820137900379085	1.0
H2	H2-F1-L2	2	sub-30	94	24300.0	0.9820137900379085	1.0
H2	H2-F1-L2	2	sub-30	94	24630.0	0.9820137900379085	1.0
H2	H2-F1-L2	2	sub-39	85	6300.0	0.9820137900379085	1.0
H2	H2-F1-L2	2	sub-39	85	15360.0	0.9820137900379085	1.0
H2	H2-F1-L2	2	sub-39	85	15900.0	0.9820137900379085	1.0
H2	H2-F1-L2	2	sub-8	6	4680.0	0.9820137900379085	1.0
H2	H2-F1-L2	2	sub-87	54	14160.0	0.9820137900379085	1.0
H2	H2-F1-L2	2	sub-87	54	19230.0	0.9820137900379085	1.0
H2	H2-F1-L2	2	sub-87	54	19320.0	0.9820137900379085	1.0
H2	H2-F1-L2	2	sub-87	54	23520.0	0.9820137900379085	1.0
H2	H2-F1-L2	2	sub-87	54	25890.0	0.9820137900379085	1.0
H2	H2-F1-L2	2	sub-87	54	26010.0	0.9820137900379085	1.0
H2	H2-F1-L2	2	sub-87	54	28050.0	0.9820137900379085	1.0
H2	H2-F1-L2	2	sub-87	54	28140.0	0.9820137900379085	1.0
H2	H2-F1-L2	2	sub-87	54	28230.0	0.9820137900379085	1.0
H2	H2-F1-L2	2	sub-87	54	28320.0	0.9820137900379085	1.0
H2	H2-F1-L2	2	sub-87	54	28410.0	0.9820137900379085	1.0
H2	H2-F1-L2	2	sub-87	54	28590.0	0.9820137900379085	1.0
H2	H2-F1-L2	2	sub-92	59	5130.0	0.9820137900379085	1.0
H2	H2-F1-L2	2	sub-92	59	6570.0	0.9820137900379085	1.0
H2	H2-F1-L2	2	sub-92	59	7380.0	0.9820137900379085	1.0
H2	H2-F1-L2	2	sub-92	59	8370.0	0.9820137900379085	1.0
H2	H2-F1-L2	2	sub-92	59	9000.0	0.9820137900379085	1.0
H2	H2-F1-L2	2	sub-92	59	10860.0	0.9820137900379085	1.0
H2	H2-F1-L2	2	sub-92	59	13500.0	0.9820137900379085	1.0
H2	H2-F1-L2	2	sub-92	59	22980.0	0.9820137900379085	1.0
H2	H2-F1-L2	2	sub-92	59	25140.0	0.9820137900379085	1.0
H2	H2-F1-L2	2	sub-94	61	3540.0	0.9820137900379085	1.0
H2	H2-F1-L2	2	sub-94	61	7320.0	0.9820137900379085	1.0
H2	H2-F1-L2	2	sub-94	61	15000.0	0.9820137900379085	1.0
H2	H2-F1-L2	2	sub-94	61	15060.0	0.9820137900379085	1.0
H2	H2-F1-L2	2	sub-94	61	15870.0	0.9820137900379085	1.0
H2	H2-F1-L2	2	sub-94	61	15930.0	0.9820137900379085	1.0
H2	H2-F1-L2	2	sub-94	61	16440.0	0.9820137900379085	1.0
H2	H2-F1-L2	2	sub-94	61	16500.0	0.9820137900379085	1.0
H2	H2-F1-L2	2	sub-94	61	22620.0	0.9820137900379085	1.0
H2	H2-F1-L2	2	sub-94	61	22890.0	0.9820137900379085	1.0
H2	H2-F1-L2	2	sub-94	61	23010.0	0.9820137900379085	1.0
H2	H2-F1-L2	2	sub-94	61	23670.0	0.9820137900379085	1.0
H2	H2-F1-L2	2	sub-94	61	24240.0	0.9820137900379085	1.0
H2	H2-F1-L2	2	sub-94	61	24990.0	0.9820137900379085	1.0
H2	H2-F1-L2	2	sub-94	61	25680.0	0.9820137900379085	1.0
H2	H2-F1-L2	2	sub-94	61	26130.0	0.9820137900379085	1.0
H2	H2-F1-L2	2	sub-94	61	29520.0	0.9820137900379085	1.0
H2	H2-F1-L2	2	sub-94	61	29610.0	0.9820137900379085	1.0
H2	H2-F1-L2	2	sub-95	62	5100.0	0.9820137900379085	1.0
H2	H2-F1-L2	2	sub-95	62	17340.0	0.9820137900379085	1.0
H2	H2-F1-L2	2	sub-95	62	17640.0	0.9820137900379085	1.0
H2	H2-F1-L2	2	sub-95	62	27720.0	0.9820137900379085	1.0
H2	H2-F1-EN	2	sub-10	91	11040.0	0.9525741268224334	0.1
H2	H2-F1-EN	2	sub-10	91	11940.0	0.9525741268224334	0.1
H2	H2-F1-EN	2	sub-10	91	12270.0	0.9525741268224334	0.1
H2	H2-F1-EN	2	sub-10	91	12390.0	0.9525741268224334	0.1
H2	H2-F1-EN	2	sub-10	91	12780.0	0.9525741268224334	0.1
H2	H2-F1-EN	2	sub-10	91	19350.0	0.9525741268224334	0.1
H2	H2-F1-EN	2	sub-10	91	22410.0	0.9525741268224334	0.1
H2	H2-F1-EN	2	sub-10	91	24750.0	0.9525741268224334	0.1
H2	H2-F1-EN	2	sub-10	91	24960.0	0.9525741268224334	0.1
H2	H2-F1-EN	2	sub-10	91	28800.0	0.9525741268224334	0.1
H2	H2-F1-EN	2	sub-118	99	13590.0	0.9525741268224334	0.1
H2	H2-F1-EN	2	sub-118	99	19080.0	0.9525741268224334	0.1
H2	H2-F1-EN	2	sub-118	99	26400.0	0.9525741268224334	0.1
H2	H2-F1-EN	2	sub-118	99	26490.0	0.9525741268224334	0.1
H2	H2-F1-EN	2	sub-119	99	13290.0	0.9525741268224334	0.1
H2	H2-F1-EN	2	sub-119	99	14130.0	0.9525741268224334	0.1
H2	H2-F1-EN	2	sub-119	99	19380.0	0.9525741268224334	0.1
H2	H2-F1-EN	2	sub-120	99	600.0	0.9525741268224334	0.1
H2	H2-F1-EN	2	sub-120	99	3630.0	0.9525741268224334	0.1
H2	H2-F1-EN	2	sub-120	99	12930.0	0.9525741268224334	0.1
H2	H2-F1-EN	2	sub-120	99	13290.0	0.9525741268224334	0.1
H2	H2-F1-EN	2	sub-120	99	13830.0	0.9525741268224334	0.1
H2	H2-F1-EN	2	sub-120	99	19800.0	0.9525741268224334	0.1
H2	H2-F1-EN	2	sub-120	99	20070.0	0.9525741268224334	0.1
H2	H2-F1-EN	2	sub-120	99	22560.0	0.9525741268224334	0.1
H2	H2-F1-EN	2	sub-128	108	3090.0	0.9525741268224334	0.1
H2	H2-F1-EN	2	sub-128	108	11460.0	0.9525741268224334	0.1
H2	H2-F1-EN	2	sub-128	108	11790.0	0.9525741268224334	0.1
H2	H2-F1-EN	2	sub-128	108	14730.0	0.9525741268224334	0.1
H2	H2-F1-EN	2	sub-128	108	15060.0	0.9525741268224334	0.1
H2	H2-F1-EN	2	sub-128	108	15210.0	0.9525741268224334	0.1
H2	H2-F1-EN	2	sub-128	108	16260.0	0.9525741268224334	0.1
H2	H2-F1-EN	2	sub-128	108	18390.0	0.9525741268224334	0.1
H2	H2-F1-EN	2	sub-128	108	18720.0	0.9525741268224334	0.1
H2	H2-F1-EN	2	sub-13	91	6900.0	0.9525741268224334	0.1
H2	H2-F1-EN	2	sub-13	91	9180.0	0.9525741268224334	0.1
H2	H2-F1-EN	2	sub-13	91	9270.0	0.9525741268224334	0.1
H2	H2-F1-EN	2	sub-13	91	9330.0	0.9525741268224334	0.1
H2	H2-F1-EN	2	sub-13	91	9660.0	0.9525741268224334	0.1
H2	H2-F1-EN	2	sub-13	91	12180.0	0.9525741268224334	0.1
H2	H2-F1-EN	2	sub-13	91	13590.0	0.9525741268224334	0.1
H2	H2-F1-EN	2	sub-13	91	13710.0	0.9525741268224334	0.1
H2	H2-F1-EN	2	sub-15	10	18810.0	0.9525741268224334	0.1
H2	H2-F1-EN	2	sub-15	10	21180.0	0.9525741268224334	0.1
H2	H2-F1-EN	2	sub-15	10	25080.0	0.9525741268224334	0.1
H2	H2-F1-EN	2	sub-15	10	25710.0	0.9525741268224334	0.1
H2	H2-F1-EN	2	sub-15	10	26310.0	0.9525741268224334	0.1
H2	H2-F1-EN	2	sub-15	10	26640.0	0.9525741268224334	0.1
H2	H2-F1-EN	2	sub-15	10	29790.0	0.9525741268224334	0.1
H2	H2-F1-EN	2	sub-30	94	14130.0	0.9525741268224334	0.1
H2	H2-F1-EN	2	sub-30	94	19830.0	0.9525741268224334	0.1
H2	H2-F1-EN	2	sub-30	94	20100.0	0.9525741268224334	0.1
H2	H2-F1-EN	2	sub-30	94	24300.0	0.9525741268224334	0.1
H2	H2-F1-EN	2	sub-39	85	22920.0	0.9525741268224334	0.1
H2	H2-F1-EN	2	sub-8	6	3390.0	0.9525741268224334	0.1
H2	H2-F1-EN	2	sub-8	6	4680.0	0.9525741268224334	0.1
H2	H2-F1-EN	2	sub-87	54	14280.0	0.9525741268224334	0.1
H2	H2-F1-EN	2	sub-87	54	19230.0	0.9525741268224334	0.1
H2	H2-F1-EN	2	sub-87	54	20310.0	0.9525741268224334	0.1
H2	H2-F1-EN	2	sub-87	54	25890.0	0.9525741268224334	0.1
H2	H2-F1-EN	2	sub-87	54	26040.0	0.9525741268224334	0.1
H2	H2-F1-EN	2	sub-87	54	28170.0	0.9525741268224334	0.1
H2	H2-F1-EN	2	sub-87	54	28230.0	0.9525741268224334	0.1
H2	H2-F1-EN	2	sub-92	59	5130.0	0.9525741268224334	0.1
H2	H2-F1-EN	2	sub-92	59	5520.0	0.9525741268224334	0.1
H2	H2-F1-EN	2	sub-92	59	6300.0	0.9525741268224334	0.1
H2	H2-F1-EN	2	sub-92	59	6570.0	0.9525741268224334	0.1
H2	H2-F1-EN	2	sub-92	59	8370.0	0.9525741268224334	0.1
H2	H2-F1-EN	2	sub-92	59	9000.0	0.9525741268224334	0.1
H2	H2-F1-EN	2	sub-92	59	10860.0	0.9525741268224334	0.1
H2	H2-F1-EN	2	sub-92	59	12720.0	0.9525741268224334	0.1
H2	H2-F1-EN	2	sub-92	59	19050.0	0.9525741268224334	0.1
H2	H2-F1-EN	2	sub-92	59	21210.0	0.9525741268224334	0.1
H2	H2-F1-EN	2	sub-92	59	22980.0	0.9525741268224334	0.1
H2	H2-F1-EN	2	sub-92	59	24690.0	0.9525741268224334	0.1
H2	H2-F1-EN	2	sub-92	59	25140.0	0.9525741268224334	0.1
H2	H2-F1-EN	2	sub-92	59	26640.0	0.9525741268224334	0.1
H2	H2-F1-EN	2	sub-93	60	19770.0	0.9525741268224334	0.1
H2	H2-F1-EN	2	sub-94	61	3540.0	0.9525741268224334	0.1
H2	H2-F1-EN	2	sub-94	61	7320.0	0.9525741268224334	0.1
H2	H2-F1-EN	2	sub-94	61	10230.0	0.9525741268224334	0.1
H2	H2-F1-EN	2	sub-94	61	11370.0	0.9525741268224334	0.1
H2	H2-F1-EN	2	sub-94	61	11970.0	0.9525741268224334	0.1
H2	H2-F1-EN	2	sub-94	61	15060.0	0.9525741268224334	0.1
H2	H2-F1-EN	2	sub-94	61	15930.0	0.9525741268224334	0.1
H2	H2-F1-EN	2	sub-94	61	16500.0	0.9525741268224334	0.1
H2	H2-F1-EN	2	sub-94	61	20220.0	0.9525741268224334	0.1
H2	H2-F1-EN	2	sub-94	61	24240.0	0.9525741268224334	0.1
H2	H2-F1-EN	2	sub-94	61	25680.0	0.9525741268224334	0.1
H2	H2-F1-EN	2	sub-94	61	26130.0	0.9525741268224334	0.1
H2	H2-F1-EN	2	sub-94	61	29520.0	0.9525741268224334	0.1
H2	H2-F1-EN	2	sub-94	61	29610.0	0.9525741268224334	0.1
H2	H2-F1-EN	2	sub-95	62	17340.0	0.9525741268224334	0.1
H2	H2-F1-EN	2	sub-95	62	21990.0	0.9525741268224334	0.1
H2	H2-F0-L2	3	sub-101	68	630.0	0.9706877692486436	1.0
H2	H2-F0-L2	3	sub-101	68	24960.0	0.9706877692486436	1.0
H2	H2-F0-L2	3	sub-101	68	25110.0	0.9706877692486436	1.0
H2	H2-F0-L2	3	sub-109	96	690.0	0.9706877692486436	1.0
H2	H2-F0-L2	3	sub-109	96	12270.0	0.9706877692486436	1.0
H2	H2-F0-L2	3	sub-109	96	18840.0	0.9706877692486436	1.0
H2	H2-F0-L2	3	sub-110	96	1950.0	0.9706877692486436	1.0
H2	H2-F0-L2	3	sub-110	96	4680.0	0.9706877692486436	1.0
H2	H2-F0-L2	3	sub-110	96	7200.0	0.9706877692486436	1.0
H2	H2-F0-L2	3	sub-110	96	7260.0	0.9706877692486436	1.0
H2	H2-F0-L2	3	sub-110	96	7350.0	0.9706877692486436	1.0
H2	H2-F0-L2	3	sub-110	96	8910.0	0.9706877692486436	1.0
H2	H2-F0-L2	3	sub-110	96	9180.0	0.9706877692486436	1.0
H2	H2-F0-L2	3	sub-110	96	11550.0	0.9706877692486436	1.0
H2	H2-F0-L2	3	sub-110	96	13170.0	0.9706877692486436	1.0
H2	H2-F0-L2	3	sub-110	96	15960.0	0.9706877692486436	1.0
H2	H2-F0-L2	3	sub-110	96	19740.0	0.9706877692486436	1.0
H2	H2-F0-L2	3	sub-110	96	20790.0	0.9706877692486436	1.0
H2	H2-F0-L2	3	sub-110	96	21300.0	0.9706877692486436	1.0
H2	H2-F0-L2	3	sub-110	96	22050.0	0.9706877692486436	1.0
H2	H2-F0-L2	3	sub-110	96	25650.0	0.9706877692486436	1.0
H2	H2-F0-L2	3	sub-110	96	26910.0	0.9706877692486436	1.0
H2	H2-F0-L2	3	sub-110	96	27270.0	0.9706877692486436	1.0
H2	H2-F0-L2	3	sub-110	96	27450.0	0.9706877692486436	1.0
H2	H2-F0-L2	3	sub-110	96	27540.0	0.9706877692486436	1.0
H2	H2-F0-L2	3	sub-110	96	27870.0	0.9706877692486436	1.0
H2	H2-F0-L2	3	sub-110	96	27960.0	0.9706877692486436	1.0
H2	H2-F0-L2	3	sub-111	96	1260.0	0.9706877692486436	1.0
H2	H2-F0-L2	3	sub-111	96	4860.0	0.9706877692486436	1.0
H2	H2-F0-L2	3	sub-111	96	9930.0	0.9706877692486436	1.0
H2	H2-F0-L2	3	sub-111	96	10320.0	0.9706877692486436	1.0
H2	H2-F0-L2	3	sub-111	96	16620.0	0.9706877692486436	1.0
H2	H2-F0-L2	3	sub-111	96	20310.0	0.9706877692486436	1.0
H2	H2-F0-L2	3	sub-111	96	23010.0	0.9706877692486436	1.0
H2	H2-F0-L2	3	sub-111	96	23940.0	0.9706877692486436	1.0
H2	H2-F0-L2	3	sub-111	96	24270.0	0.9706877692486436	1.0
H2	H2-F0-L2	3	sub-111	96	24480.0	0.9706877692486436	1.0
H2	H2-F0-L2	3	sub-111	96	25800.0	0.9706877692486436	1.0
H2	H2-F0-L2	3	sub-111	96	28350.0	0.9706877692486436	1.0
H2	H2-F0-L2	3	sub-122	101	11190.0	0.9706877692486436	1.0
H2	H2-F0-L2	3	sub-122	101	12870.0	0.9706877692486436	1.0
H2	H2-F0-L2	3	sub-122	101	21810.0	0.9706877692486436	1.0
H2	H2-F0-L2	3	sub-22	14	1140.0	0.9706877692486436	1.0
H2	H2-F0-L2	3	sub-22	14	1950.0	0.9706877692486436	1.0
H2	H2-F0-L2	3	sub-22	14	6210.0	0.9706877692486436	1.0
H2	H2-F0-L2	3	sub-22	14	12450.0	0.9706877692486436	1.0
H2	H2-F0-L2	3	sub-22	14	17310.0	0.9706877692486436	1.0
H2	H2-F0-L2	3	sub-22	14	22410.0	0.9706877692486436	1.0
H2	H2-F0-L2	3	sub-22	14	25950.0	0.9706877692486436	1.0
H2	H2-F0-L2	3	sub-22	14	27420.0	0.9706877692486436	1.0
H2	H2-F0-L2	3	sub-22	14	27660.0	0.9706877692486436	1.0
H2	H2-F0-L2	3	sub-3	1	900.0	0.9706877692486436	1.0
H2	H2-F0-L2	3	sub-3	1	1110.0	0.9706877692486436	1.0
H2	H2-F0-L2	3	sub-3	1	4440.0	0.9706877692486436	1.0
H2	H2-F0-L2	3	sub-3	1	6360.0	0.9706877692486436	1.0
H2	H2-F0-L2	3	sub-3	1	6750.0	0.9706877692486436	1.0
H2	H2-F0-L2	3	sub-3	1	9810.0	0.9706877692486436	1.0
H2	H2-F0-L2	3	sub-3	1	12510.0	0.9706877692486436	1.0
H2	H2-F0-L2	3	sub-3	1	15570.0	0.9706877692486436	1.0
H2	H2-F0-L2	3	sub-3	1	17280.0	0.9706877692486436	1.0
H2	H2-F0-L2	3	sub-3	1	18840.0	0.9706877692486436	1.0
H2	H2-F0-L2	3	sub-3	1	19530.0	0.9706877692486436	1.0
H2	H2-F0-L2	3	sub-3	1	22350.0	0.9706877692486436	1.0
H2	H2-F0-L2	3	sub-3	1	23700.0	0.9706877692486436	1.0
H2	H2-F0-L2	3	sub-3	1	23970.0	0.9706877692486436	1.0
H2	H2-F0-L2	3	sub-3	1	24840.0	0.9706877692486436	1.0
H2	H2-F0-L2	3	sub-3	1	25680.0	0.9706877692486436	1.0
H2	H2-F0-L2	3	sub-3	1	26340.0	0.9706877692486436	1.0
H2	H2-F0-L2	3	sub-3	1	26670.0	0.9706877692486436	1.0
H2	H2-F0-L2	3	sub-3	1	27030.0	0.9706877692486436	1.0
H2	H2-F0-L2	3	sub-3	1	27810.0	0.9706877692486436	1.0
H2	H2-F0-L2	3	sub-3	1	29340.0	0.9706877692486436	1.0
H2	H2-F0-L2	3	sub-52	31	17670.0	0.9706877692486436	1.0
H2	H2-F0-L2	3	sub-52	31	22500.0	0.9706877692486436	1.0
H2	H2-F0-L2	3	sub-60	80	1710.0	0.9706877692486436	1.0
H2	H2-F0-L2	3	sub-60	80	25290.0	0.9706877692486436	1.0
H2	H2-F0-L2	3	sub-62	80	180.0	0.9706877692486436	1.0
H2	H2-F0-L2	3	sub-62	80	1080.0	0.9706877692486436	1.0
H2	H2-F0-L2	3	sub-62	80	25980.0	0.9706877692486436	1.0
H2	H2-F0-L2	3	sub-62	80	28920.0	0.9706877692486436	1.0
H2	H2-F0-L2	3	sub-68	33	600.0	0.9706877692486436	1.0
H2	H2-F0-L2	3	sub-68	33	5700.0	0.9706877692486436	1.0
H2	H2-F0-L2	3	sub-68	33	7980.0	0.9706877692486436	1.0
H2	H2-F0-L2	3	sub-68	33	8730.0	0.9706877692486436	1.0
H2	H2-F0-L2	3	sub-68	33	9660.0	0.9706877692486436	1.0
H2	H2-F0-L2	3	sub-68	33	10020.0	0.9706877692486436	1.0
H2	H2-F0-L2	3	sub-68	33	16620.0	0.9706877692486436	1.0
H2	H2-F0-L2	3	sub-68	33	19410.0	0.9706877692486436	1.0
H2	H2-F0-L2	3	sub-68	33	19830.0	0.9706877692486436	1.0
H2	H2-F0-L2	3	sub-68	33	20460.0	0.9706877692486436	1.0
H2	H2-F0-L2	3	sub-68	33	20670.0	0.9706877692486436	1.0
H2	H2-F0-L2	3	sub-68	33	22410.0	0.9706877692486436	1.0
H2	H2-F0-L2	3	sub-68	33	22620.0	0.9706877692486436	1.0
H2	H2-F0-L2	3	sub-68	33	22770.0	0.9706877692486436	1.0
H2	H2-F0-L2	3	sub-68	33	23700.0	0.9706877692486436	1.0
H2	H2-F0-L2	3	sub-68	33	24240.0	0.9706877692486436	1.0
H2	H2-F0-L2	3	sub-68	33	25500.0	0.9706877692486436	1.0
H2	H2-F0-L2	3	sub-68	33	25710.0	0.9706877692486436	1.0
H2	H2-F0-L2	3	sub-77	42	210.0	0.9706877692486436	1.0
H2	H2-F0-L2	3	sub-77	42	570.0	0.9706877692486436	1.0
H2	H2-F0-L2	3	sub-77	42	6210.0	0.9706877692486436	1.0
H2	H2-F0-L2	3	sub-77	42	6450.0	0.9706877692486436	1.0
H2	H2-F0-L2	3	sub-77	42	9480.0	0.9706877692486436	1.0
H2	H2-F0-L2	3	sub-77	42	11490.0	0.9706877692486436	1.0
H2	H2-F0-L2	3	sub-77	42	11970.0	0.9706877692486436	1.0
H2	H2-F0-L2	3	sub-77	42	12600.0	0.9706877692486436	1.0
H2	H2-F0-L2	3	sub-77	42	13590.0	0.9706877692486436	1.0
H2	H2-F0-L2	3	sub-77	42	13740.0	0.9706877692486436	1.0
H2	H2-F0-L2	3	sub-77	42	14340.0	0.9706877692486436	1.0
H2	H2-F0-L2	3	sub-77	42	17910.0	0.9706877692486436	1.0
H2	H2-F0-L2	3	sub-77	42	20310.0	0.9706877692486436	1.0
H2	H2-F0-L2	3	sub-77	42	21900.0	0.9706877692486436	1.0
H2	H2-F0-L2	3	sub-77	42	21990.0	0.9706877692486436	1.0
H2	H2-F0-L2	3	sub-77	42	23340.0	0.9706877692486436	1.0
H2	H2-F0-L2	3	sub-77	42	25080.0	0.9706877692486436	1.0
H2	H2-F0-L2	3	sub-77	42	26670.0	0.9706877692486436	1.0
H2	H2-F0-L2	3	sub-77	42	27540.0	0.9706877692486436	1.0
H2	H2-F0-L2	3	sub-81	46	2910.0	0.9706877692486436	1.0
H2	H2-F0-L2	3	sub-81	46	13350.0	0.9706877692486436	1.0
H2	H2-F0-L2	3	sub-81	46	13590.0	0.9706877692486436	1.0
H2	H2-F0-L2	3	sub-81	46	14550.0	0.9706877692486436	1.0
H2	H2-F0-L2	3	sub-81	46	14820.0	0.9706877692486436	1.0
H2	H2-F0-L2	3	sub-81	46	16290.0	0.9706877692486436	1.0
H2	H2-F0-L2	3	sub-81	46	20190.0	0.9706877692486436	1.0
H2	H2-F0-L2	3	sub-81	46	21150.0	0.9706877692486436	1.0
H2	H2-F0-L2	3	sub-81	46	21720.0	0.9706877692486436	1.0
H2	H2-F0-L2	3	sub-81	46	22140.0	0.9706877692486436	1.0
H2	H2-F0-L2	3	sub-81	46	22710.0	0.9706877692486436	1.0
H2	H2-F0-L2	3	sub-81	46	25110.0	0.9706877692486436	1.0
H2	H2-F0-L2	3	sub-81	46	26190.0	0.9706877692486436	1.0
H2	H2-F0-L2	3	sub-81	46	27000.0	0.9706877692486436	1.0
H2	H2-F0-L2	3	sub-84	51	3780.0	0.9706877692486436	1.0
H2	H2-F0-L2	3	sub-84	51	5850.0	0.9706877692486436	1.0
H2	H2-F0-L2	3	sub-84	51	11940.0	0.9706877692486436	1.0
H2	H2-F0-L2	3	sub-84	51	12600.0	0.9706877692486436	1.0
H2	H2-F0-L2	3	sub-84	51	24810.0	0.9706877692486436	1.0
H2	H2-F0-L2	3	sub-84	51	28500.0	0.9706877692486436	1.0
H2	H2-F0-L2	3	sub-86	53	2970.0	0.9706877692486436	1.0
H2	H2-F0-L2	3	sub-86	53	26400.0	0.9706877692486436	1.0
H2	H2-F0-L2	3	sub-86	53	26640.0	0.9706877692486436	1.0
H2	H2-F0-L2	3	sub-99	66	22140.0	0.9706877692486436	1.0
H2	H2-F0-L2	3	sub-99	66	24690.0	0.9706877692486436	1.0
H2	H2-F0-L2	3	sub-99	66	29700.0	0.9706877692486436	1.0
H2	H2-F0-L2	3	sub-99	66	31350.0	0.9706877692486436	1.0
H2	H2-F1-L2	3	sub-101	68	630.0	0.9933071490757153	1.0
H2	H2-F1-L2	3	sub-101	68	23220.0	0.9933071490757153	1.0
H2	H2-F1-L2	3	sub-101	68	23820.0	0.9933071490757153	1.0
H2	H2-F1-L2	3	sub-101	68	24960.0	0.9933071490757153	1.0
H2	H2-F1-L2	3	sub-101	68	25110.0	0.9933071490757153	1.0
H2	H2-F1-L2	3	sub-110	96	1890.0	0.9933071490757153	1.0
H2	H2-F1-L2	3	sub-110	96	4650.0	0.9933071490757153	1.0
H2	H2-F1-L2	3	sub-110	96	6810.0	0.9933071490757153	1.0
H2	H2-F1-L2	3	sub-110	96	6960.0	0.9933071490757153	1.0
H2	H2-F1-L2	3	sub-110	96	9000.0	0.9933071490757153	1.0
H2	H2-F1-L2	3	sub-110	96	9240.0	0.9933071490757153	1.0
H2	H2-F1-L2	3	sub-110	96	11550.0	0.9933071490757153	1.0
H2	H2-F1-L2	3	sub-110	96	11880.0	0.9933071490757153	1.0
H2	H2-F1-L2	3	sub-110	96	13590.0	0.9933071490757153	1.0
H2	H2-F1-L2	3	sub-110	96	21960.0	0.9933071490757153	1.0
H2	H2-F1-L2	3	sub-110	96	22050.0	0.9933071490757153	1.0
H2	H2-F1-L2	3	sub-110	96	25590.0	0.9933071490757153	1.0
H2	H2-F1-L2	3	sub-110	96	25680.0	0.9933071490757153	1.0
H2	H2-F1-L2	3	sub-110	96	26670.0	0.9933071490757153	1.0
H2	H2-F1-L2	3	sub-110	96	26850.0	0.9933071490757153	1.0
H2	H2-F1-L2	3	sub-110	96	27090.0	0.9933071490757153	1.0
H2	H2-F1-L2	3	sub-110	96	27270.0	0.9933071490757153	1.0
H2	H2-F1-L2	3	sub-110	96	27450.0	0.9933071490757153	1.0
H2	H2-F1-L2	3	sub-110	96	27870.0	0.9933071490757153	1.0
H2	H2-F1-L2	3	sub-110	96	27960.0	0.9933071490757153	1.0
H2	H2-F1-L2	3	sub-111	96	4800.0	0.9933071490757153	1.0
H2	H2-F1-L2	3	sub-111	96	15660.0	0.9933071490757153	1.0
H2	H2-F1-L2	3	sub-111	96	23490.0	0.9933071490757153	1.0
H2	H2-F1-L2	3	sub-111	96	28350.0	0.9933071490757153	1.0
H2	H2-F1-L2	3	sub-22	14	25980.0	0.9933071490757153	1.0
H2	H2-F1-L2	3	sub-3	1	12510.0	0.9933071490757153	1.0
H2	H2-F1-L2	3	sub-3	1	17850.0	0.9933071490757153	1.0
H2	H2-F1-L2	3	sub-3	1	19530.0	0.9933071490757153	1.0
H2	H2-F1-L2	3	sub-3	1	23970.0	0.9933071490757153	1.0
H2	H2-F1-L2	3	sub-3	1	26340.0	0.9933071490757153	1.0
H2	H2-F1-L2	3	sub-3	1	26670.0	0.9933071490757153	1.0
H2	H2-F1-L2	3	sub-3	1	29640.0	0.9933071490757153	1.0
H2	H2-F1-L2	3	sub-3	1	29790.0	0.9933071490757153	1.0
H2	H2-F1-L2	3	sub-52	31	17670.0	0.9933071490757153	1.0
H2	H2-F1-L2	3	sub-62	80	17040.0	0.9933071490757153	1.0
H2	H2-F1-L2	3	sub-62	80	28770.0	0.9933071490757153	1.0
H2	H2-F1-L2	3	sub-62	80	28890.0	0.9933071490757153	1.0
H2	H2-F1-L2	3	sub-68	33	600.0	0.9933071490757153	1.0
H2	H2-F1-L2	3	sub-68	33	9660.0	0.9933071490757153	1.0
H2	H2-F1-L2	3	sub-68	33	15300.0	0.9933071490757153	1.0
H2	H2-F1-L2	3	sub-68	33	22410.0	0.9933071490757153	1.0
H2	H2-F1-L2	3	sub-68	33	22770.0	0.9933071490757153	1.0
H2	H2-F1-L2	3	sub-68	33	23190.0	0.9933071490757153	1.0
H2	H2-F1-L2	3	sub-68	33	25530.0	0.9933071490757153	1.0
H2	H2-F1-L2	3	sub-68	33	25710.0	0.9933071490757153	1.0
H2	H2-F1-L2	3	sub-77	42	270.0	0.9933071490757153	1.0
H2	H2-F1-L2	3	sub-77	42	570.0	0.9933071490757153	1.0
H2	H2-F1-L2	3	sub-77	42	11460.0	0.9933071490757153	1.0
H2	H2-F1-L2	3	sub-77	42	12540.0	0.9933071490757153	1.0
H2	H2-F1-L2	3	sub-77	42	12600.0	0.9933071490757153	1.0
H2	H2-F1-L2	3	sub-77	42	12660.0	0.9933071490757153	1.0
H2	H2-F1-L2	3	sub-77	42	17940.0	0.9933071490757153	1.0
H2	H2-F1-L2	3	sub-77	42	20310.0	0.9933071490757153	1.0
H2	H2-F1-L2	3	sub-77	42	21930.0	0.9933071490757153	1.0
H2	H2-F1-L2	3	sub-77	42	22800.0	0.9933071490757153	1.0
H2	H2-F1-L2	3	sub-77	42	23190.0	0.9933071490757153	1.0
H2	H2-F1-L2	3	sub-77	42	23340.0	0.9933071490757153	1.0
H2	H2-F1-L2	3	sub-77	42	23430.0	0.9933071490757153	1.0
H2	H2-F1-L2	3	sub-77	42	24120.0	0.9933071490757153	1.0
H2	H2-F1-L2	3	sub-77	42	25050.0	0.9933071490757153	1.0
H2	H2-F1-L2	3	sub-77	42	27390.0	0.9933071490757153	1.0
H2	H2-F1-L2	3	sub-77	42	27480.0	0.9933071490757153	1.0
H2	H2-F1-L2	3	sub-81	46	2910.0	0.9933071490757153	1.0
H2	H2-F1-L2	3	sub-81	46	13350.0	0.9933071490757153	1.0
H2	H2-F1-L2	3	sub-81	46	14430.0	0.9933071490757153	1.0
H2	H2-F1-L2	3	sub-81	46	14820.0	0.9933071490757153	1.0
H2	H2-F1-L2	3	sub-81	46	20130.0	0.9933071490757153	1.0
H2	H2-F1-L2	3	sub-81	46	20190.0	0.9933071490757153	1.0
H2	H2-F1-L2	3	sub-81	46	21750.0	0.9933071490757153	1.0
H2	H2-F1-L2	3	sub-81	46	26190.0	0.9933071490757153	1.0
H2	H2-F1-L2	3	sub-81	46	26370.0	0.9933071490757153	1.0
H2	H2-F1-L2	3	sub-81	46	27000.0	0.9933071490757153	1.0
H2	H2-F1-L2	3	sub-84	51	11940.0	0.9933071490757153	1.0
H2	H2-F1-L2	3	sub-84	51	12630.0	0.9933071490757153	1.0
H2	H2-F1-L2	3	sub-84	51	19290.0	0.9933071490757153	1.0
H2	H2-F1-L2	3	sub-84	51	28350.0	0.9933071490757153	1.0
H2	H2-F1-L2	3	sub-84	51	28440.0	0.9933071490757153	1.0
H2	H2-F1-L2	3	sub-86	53	5190.0	0.9933071490757153	1.0
H2	H2-F1-L2	3	sub-86	53	26640.0	0.9933071490757153	1.0
H2	H2-F1-L2	3	sub-99	66	31200.0	0.9933071490757153	1.0
H2	H2-F1-L2	3	sub-99	66	31320.0	0.9933071490757153	1.0
H2	H2-F1-EN	3	sub-101	68	11790.0	0.91	0.1
H2	H2-F1-EN	3	sub-101	68	23820.0	0.91	0.1
H2	H2-F1-EN	3	sub-101	68	24960.0	0.91	0.1
H2	H2-F1-EN	3	sub-101	68	25110.0	0.91	0.1
H2	H2-F1-EN	3	sub-109	96	19320.0	0.91	0.1
H2	H2-F1-EN	3	sub-110	96	6810.0	0.91	0.1
H2	H2-F1-EN	3	sub-110	96	7260.0	0.91	0.1
H2	H2-F1-EN	3	sub-110	96	11550.0	0.91	0.1
H2	H2-F1-EN	3	sub-110	96	13170.0	0.91	0.1
H2	H2-F1-EN	3	sub-110	96	19710.0	0.91	0.1
H2	H2-F1-EN	3	sub-110	96	20820.0	0.91	0.1
H2	H2-F1-EN	3	sub-110	96	21300.0	0.91	0.1
H2	H2-F1-EN	3	sub-110	96	22050.0	0.91	0.1
H2	H2-F1-EN	3	sub-110	96	25650.0	0.91	0.1
H2	H2-F1-EN	3	sub-110	96	26910.0	0.91	0.1
H2	H2-F1-EN	3	sub-110	96	27270.0	0.91	0.1
H2	H2-F1-EN	3	sub-110	96	27450.0	0.91	0.1
H2	H2-F1-EN	3	sub-111	96	16620.0	0.91	0.1
H2	H2-F1-EN	3	sub-111	96	20310.0	0.91	0.1
H2	H2-F1-EN	3	sub-111	96	23010.0	0.91	0.1
H2	H2-F1-EN	3	sub-111	96	25800.0	0.91	0.1
H2	H2-F1-EN	3	sub-111	96	28350.0	0.91	0.1
H2	H2-F1-EN	3	sub-122	101	21810.0	0.91	0.1
H2	H2-F1-EN	3	sub-22	14	25980.0	0.91	0.1
H2	H2-F1-EN	3	sub-3	1	4440.0	0.91	0.1
H2	H2-F1-EN	3	sub-3	1	6360.0	0.91	0.1
H2	H2-F1-EN	3	sub-3	1	12510.0	0.91	0.1
H2	H2-F1-EN	3	sub-3	1	15570.0	0.91	0.1
H2	H2-F1-EN	3	sub-3	1	17280.0	0.91	0.1
H2	H2-F1-EN	3	sub-3	1	17850.0	0.91	0.1
H2	H2-F1-EN	3	sub-3	1	18840.0	0.91	0.1
H2	H2-F1-EN	3	sub-3	1	19530.0	0.91	0.1
H2	H2-F1-EN	3	sub-3	1	20370.0	0.91	0.1
H2	H2-F1-EN	3	sub-3	1	22350.0	0.91	0.1
H2	H2-F1-EN	3	sub-3	1	23700.0	0.91	0.1
H2	H2-F1-EN	3	sub-3	1	23970.0	0.91	0.1
H2	H2-F1-EN	3	sub-3	1	24840.0	0.91	0.1
H2	H2-F1-EN	3	sub-3	1	25680.0	0.91	0.1
H2	H2-F1-EN	3	sub-3	1	26340.0	0.91	0.1
H2	H2-F1-EN	3	sub-3	1	26670.0	0.91	0.1
H2	H2-F1-EN	3	sub-3	1	27030.0	0.91	0.1
H2	H2-F1-EN	3	sub-3	1	27810.0	0.91	0.1
H2	H2-F1-EN	3	sub-3	1	29370.0	0.91	0.1
H2	H2-F1-EN	3	sub-3	1	29670.0	0.91	0.1
H2	H2-F1-EN	3	sub-3	1	29790.0	0.91	0.1
H2	H2-F1-EN	3	sub-52	31	12000.0	0.91	0.1
H2	H2-F1-EN	3	sub-52	31	15750.0	0.91	0.1
H2	H2-F1-EN	3	sub-52	31	17670.0	0.91	0.1
H2	H2-F1-EN	3	sub-52	31	22500.0	0.91	0.1
H2	H2-F1-EN	3	sub-60	80	25290.0	0.91	0.1
H2	H2-F1-EN	3	sub-62	80	8160.0	0.91	0.1
H2	H2-F1-EN	3	sub-62	80	17040.0	0.91	0.1
H2	H2-F1-EN	3	sub-62	80	23940.0	0.91	0.1
H2	H2-F1-EN	3	sub-62	80	25980.0	0.91	0.1
H2	H2-F1-EN	3	sub-62	80	28770.0	0.91	0.1
H2	H2-F1-EN	3	sub-62	80	28890.0	0.91	0.1
H2	H2-F1-EN	3	sub-68	33	600.0	0.91	0.1
H2	H2-F1-EN	3	sub-68	33	7980.0	0.91	0.1
H2	H2-F1-EN	3	sub-68	33	8730.0	0.91	0.1
H2	H2-F1-EN	3	sub-68	33	9300.0	0.91	0.1
H2	H2-F1-EN	3	sub-68	33	9660.0	0.91	0.1
H2	H2-F1-EN	3	sub-68	33	10020.0	0.91	0.1
H2	H2-F1-EN	3	sub-68	33	15300.0	0.91	0.1
H2	H2-F1-EN	3	sub-68	33	18810.0	0.91	0.1
H2	H2-F1-EN	3	sub-68	33	19080.0	0.91	0.1
H2	H2-F1-EN	3	sub-68	33	20460.0	0.91	0.1
H2	H2-F1-EN	3	sub-68	33	20670.0	0.91	0.1
H2	H2-F1-EN	3	sub-68	33	21120.0	0.91	0.1
H2	H2-F1-EN	3	sub-68	33	22410.0	0.91	0.1
H2	H2-F1-EN	3	sub-68	33	22770.0	0.91	0.1
H2	H2-F1-EN	3	sub-68	33	23700.0	0.91	0.1
H2	H2-F1-EN	3	sub-68	33	25500.0	0.91	0.1
H2	H2-F1-EN	3	sub-68	33	25710.0	0.91	0.1
H2	H2-F1-EN	3	sub-77	42	180.0	0.91	0.1
H2	H2-F1-EN	3	sub-77	42	570.0	0.91	0.1
H2	H2-F1-EN	3	sub-77	42	6210.0	0.91	0.1
H2	H2-F1-EN	3	sub-77	42	6450.0	0.91	0.1
H2	H2-F1-EN	3	sub-77	42	11490.0	0.91	0.1
H2	H2-F1-EN	3	sub-77	42	12600.0	0.91	0.1
H2	H2-F1-EN	3	sub-77	42	14340.0	0.91	0.1
H2	H2-F1-EN	3	sub-77	42	15000.0	0.91	0.1
H2	H2-F1-EN	3	sub-77	42	17910.0	0.91	0.1
H2	H2-F1-EN	3	sub-77	42	20310.0	0.91	0.1
H2	H2-F1-EN	3	sub-77	42	20400.0	0.91	0.1
H2	H2-F1-EN	3	sub-77	42	21900.0	0.91	0.1
H2	H2-F1-EN	3	sub-77	42	24120.0	0.91	0.1
H2	H2-F1-EN	3	sub-77	42	25080.0	0.91	0.1
H2	H2-F1-EN	3	sub-77	42	27390.0	0.91	0.1
H2	H2-F1-EN	3	sub-77	42	27510.0	0.91	0.1
H2	H2-F1-EN	3	sub-81	46	2910.0	0.91	0.1
H2	H2-F1-EN	3	sub-81	46	13350.0	0.91	0.1
H2	H2-F1-EN	3	sub-81	46	13590.0	0.91	0.1
H2	H2-F1-EN	3	sub-81	46	13710.0	0.91	0.1
H2	H2-F1-EN	3	sub-81	46	14820.0	0.91	0.1
H2	H2-F1-EN	3	sub-81	46	16290.0	0.91	0.1
H2	H2-F1-EN	3	sub-81	46	19980.0	0.91	0.1
H2	H2-F1-EN	3	sub-81	46	20130.0	0.91	0.1
H2	H2-F1-EN	3	sub-81	46	20190.0	0.91	0.1
H2	H2-F1-EN	3	sub-81	46	21150.0	0.91	0.1
H2	H2-F1-EN	3	sub-81	46	21750.0	0.91	0.1
H2	H2-F1-EN	3	sub-81	46	22140.0	0.91	0.1
H2	H2-F1-EN	3	sub-81	46	22710.0	0.91	0.1
H2	H2-F1-EN	3	sub-81	46	26190.0	0.91	0.1
H2	H2-F1-EN	3	sub-81	46	26370.0	0.91	0.1
H2	H2-F1-EN	3	sub-81	46	27000.0	0.91	0.1
H2	H2-F1-EN	3	sub-84	51	5850.0	0.91	0.1
H2	H2-F1-EN	3	sub-84	51	11940.0	0.91	0.1
H2	H2-F1-EN	3	sub-84	51	12090.0	0.91	0.1
H2	H2-F1-EN	3	sub-84	51	12630.0	0.91	0.1
H2	H2-F1-EN	3	sub-84	51	24810.0	0.91	0.1
H2	H2-F1-EN	3	sub-84	51	26280.0	0.91	0.1
H2	H2-F1-EN	3	sub-84	51	28350.0	0.91	0.1
H2	H2-F1-EN	3	sub-84	51	28470.0	0.91	0.1
H2	H2-F1-EN	3	sub-86	53	5190.0	0.91	0.1
H2	H2-F1-EN	3	sub-86	53	24510.0	0.91	0.1
H2	H2-F1-EN	3	sub-86	53	26400.0	0.91	0.1
H2	H2-F1-EN	3	sub-86	53	26640.0	0.91	0.1
H2	H2-F1-EN	3	sub-99	66	22140.0	0.91	0.1
H2	H2-F1-EN	3	sub-99	66	29700.0	0.91	0.1
H2	H2-F1-EN	3	sub-99	66	31200.0	0.91	0.1
H2	H2-F1-EN	3	sub-99	66	31320.0	0.91	0.1
H2	H2-F0-L2	4	sub-100	67	150.0	0.9525741268224334	1.0
H2	H2-F0-L2	4	sub-100	67	2160.0	0.9525741268224334	1.0
H2	H2-F0-L2	4	sub-100	67	11490.0	0.9525741268224334	1.0
H2	H2-F0-L2	4	sub-100	67	12270.0	0.9525741268224334	1.0
H2	H2-F0-L2	4	sub-100	67	12690.0	0.9525741268224334	1.0
H2	H2-F0-L2	4	sub-100	67	13830.0	0.9525741268224334	1.0
H2	H2-F0-L2	4	sub-100	67	14010.0	0.9525741268224334	1.0
H2	H2-F0-L2	4	sub-100	67	16470.0	0.9525741268224334	1.0
H2	H2-F0-L2	4	sub-100	67	19560.0	0.9525741268224334	1.0
H2	H2-F0-L2	4	sub-100	67	19800.0	0.9525741268224334	1.0
H2	H2-F0-L2	4	sub-100	67	20640.0	0.9525741268224334	1.0
H2	H2-F0-L2	4	sub-100	67	20940.0	0.9525741268224334	1.0
H2	H2-F0-L2	4	sub-100	67	22710.0	0.9525741268224334	1.0
H2	H2-F0-L2	4	sub-100	67	23790.0	0.9525741268224334	1.0
H2	H2-F0-L2	4	sub-100	67	24120.0	0.9525741268224334	1.0
H2	H2-F0-L2	4	sub-100	67	26250.0	0.9525741268224334	1.0
H2	H2-F0-L2	4	sub-100	67	27630.0	0.9525741268224334	1.0
H2	H2-F0-L2	4	sub-100	67	27990.0	0.9525741268224334	1.0
H2	H2-F0-L2	4	sub-100	67	28920.0	0.9525741268224334	1.0
H2	H2-F0-L2	4	sub-100	67	29160.0	0.9525741268224334	1.0
H2	H2-F0-L2	4	sub-100	67	29340.0	0.9525741268224334	1.0
H2	H2-F0-L2	4	sub-11	8	2670.0	0.9525741268224334	1.0
H2	H2-F0-L2	4	sub-11	8	5670.0	0.9525741268224334	1.0
H2	H2-F0-L2	4	sub-11	8	7980.0	0.9525741268224334	1.0
H2	H2-F0-L2	4	sub-11	8	9780.0	0.9525741268224334	1.0
H2	H2-F0-L2	4	sub-11	8	10410.0	0.9525741268224334	1.0
H2	H2-F0-L2	4	sub-11	8	10890.0	0.9525741268224334	1.0
H2	H2-F0-L2	4	sub-11	8	11040.0	0.9525741268224334	1.0
H2	H2-F0-L2	4	sub-11	8	11220.0	0.9525741268224334	1.0
H2	H2-F0-L2	4	sub-11	8	11340.0	0.9525741268224334	1.0
H2	H2-F0-L2	4	sub-11	8	11610.0	0.9525741268224334	1.0
H2	H2-F0-L2	4	sub-11	8	11730.0	0.9525741268224334	1.0
H2	H2-F0-L2	4	sub-11	8	12180.0	0.9525741268224334	1.0
H2	H2-F0-L2	4	sub-11	8	12240.0	0.9525741268224334	1.0
H2	H2-F0-L2	4	sub-11	8	12600.0	0.9525741268224334	1.0
H2	H2-F0-L2	4	sub-11	8	12870.0	0.9525741268224334	1.0
H2	H2-F0-L2	4	sub-11	8	13020.0	0.9525741268224334	1.0
H2	H2-F0-L2	4	sub-11	8	13080.0	0.9525741268224334	1.0
H2	H2-F0-L2	4	sub-11	8	13140.0	0.9525741268224334	1.0
H2	H2-F0-L2	4	sub-11	8	13200.0	0.9525741268224334	1.0
H2	H2-F0-L2	4	sub-11	8	13260.0	0.9525741268224334	1.0
H2	H2-F0-L2	4	sub-11	8	13380.0	0.9525741268224334	1.0
H2	H2-F0-L2	4	sub-11	8	13590.0	0.9525741268224334	1.0
H2	H2-F0-L2	4	sub-11	8	13710.0	0.9525741268224334	1.0
H2	H2-F0-L2	4	sub-11	8	14220.0	0.9525741268224334	1.0
H2	H2-F0-L2	4	sub-11	8	14370.0	0.9525741268224334	1.0
H2	H2-F0-L2	4	sub-11	8	16170.0	0.9525741268224334	1.0
H2	H2-F0-L2	4	sub-11	8	17250.0	0.9525741268224334	1.0
H2	H2-F0-L2	4	sub-11	8	17310.0	0.9525741268224334	1.0
H2	H2-F0-L2	4	sub-11	8	19500.0	0.9525741268224334	1.0
H2	H2-F0-L2	4	sub-11	8	22350.0	0.9525741268224334	1.0
H2	H2-F0-L2	4	sub-11	8	22410.0	0.9525741268224334	1.0
H2	H2-F0-L2	4	sub-11	8	22770.0	0.9525741268224334	1.0
H2	H2-F0-L2	4	sub-11	8	23580.0	0.9525741268224334	1.0
H2	H2-F0-L2	4	sub-11	8	23940.0	0.9525741268224334	1.0
H2	H2-F0-L2	4	sub-11	8	24090.0	0.9525741268224334	1.0
H2	H2-F0-L2	4	sub-11	8	24300.0	0.9525741268224334	1.0
H2	H2-F0-L2	4	sub-11	8	24360.0	0.9525741268224334	1.0
H2	H2-F0-L2	4	sub-11	8	24600.0	0.9525741268224334	1.0
H2	H2-F0-L2	4	sub-11	8	24900.0	0.9525741268224334	1.0
H2	H2-F0-L2	4	sub-11	8	25200.0	0.9525741268224334	1.0
H2	H2-F0-L2	4	sub-11	8	25410.0	0.9525741268224334	1.0
H2	H2-F0-L2	4	sub-11	8	25530.0	0.9525741268224334	1.0
H2	H2-F0-L2	4	sub-11	8	25620.0	0.9525741268224334	1.0
H2	H2-F0-L2	4	sub-11	8	25710.0	0.9525741268224334	1.0
H2	H2-F0-L2	4	sub-11	8	25860.0	0.9525741268224334	1.0
H2	H2-F0-L2	4	sub-11	8	25950.0	0.9525741268224334	1.0
H2	H2-F0-L2	4	sub-11	8	26190.0	0.9525741268224334	1.0
H2	H2-F0-L2	4	sub-11	8	26730.0	0.9525741268224334	1.0
H2	H2-F0-L2	4	sub-11	8	26910.0	0.9525741268224334	1.0
H2	H2-F0-L2	4	sub-11	8	27270.0	0.9525741268224334	1.0
H2	H2-F0-L2	4	sub-11	8	27660.0	0.9525741268224334	1.0
H2	H2-F0-L2	4	sub-11	8	27900.0	0.9525741268224334	1.0
H2	H2-F0-L2	4	sub-11	8	28080.0	0.9525741268224334	1.0
H2	H2-F0-L2	4	sub-11	8	28560.0	0.9525741268224334	1.0
H2	H2-F0-L2	4	sub-12	92	2190.0	0.9525741268224334	1.0
H2	H2-F0-L2	4	sub-12	92	9480.0	0.9525741268224334	1.0
H2	H2-F0-L2	4	sub-12	92	9900.0	0.9525741268224334	1.0
H2	H2-F0-L2	4	sub-12	92	10830.0	0.9525741268224334	1.0
H2	H2-F0-L2	4	sub-12	92	12990.0	0.9525741268224334	1.0
H2	H2-F0-L2	4	sub-12	92	13980.0	0.9525741268224334	1.0
H2	H2-F0-L2	4	sub-12	92	15120.0	0.9525741268224334	1.0
H2	H2-F0-L2	4	sub-12	92	18000.0	0.9525741268224334	1.0
H2	H2-F0-L2	4	sub-12	92	22800.0	0.9525741268224334	1.0
H2	H2-F0-L2	4	sub-12	92	23490.0	0.9525741268224334	1.0
H2	H2-F0-L2	4	sub-12	92	24720.0	0.9525741268224334	1.0
H2	H2-F0-L2	4	sub-12	92	25260.0	0.9525741268224334	1.0
H2	H2-F0-L2	4	sub-12	92	27690.0	0.9525741268224334	1.0
H2	H2-F0-L2	4	sub-121	100	12330.0	0.9525741268224334	1.0
H2	H2-F0-L2	4	sub-121	100	13950.0	0.9525741268224334	1.0
H2	H2-F0-L2	4	sub-121	100	14280.0	0.9525741268224334	1.0
H2	H2-F0-L2	4	sub-121	100	15300.0	0.9525741268224334	1.0
H2	H2-F0-L2	4	sub-121	100	15420.0	0.9525741268224334	1.0
H2	H2-F0-L2	4	sub-121	100	16230.0	0.9525741268224334	1.0
H2	H2-F0-L2	4	sub-121	100	17910.0	0.9525741268224334	1.0
H2	H2-F0-L2	4	sub-121	100	22590.0	0.9525741268224334	1.0
H2	H2-F0-L2	4	sub-121	100	23370.0	0.9525741268224334	1.0
H2	H2-F0-L2	4	sub-121	100	25350.0	0.9525741268224334	1.0
H2	H2-F0-L2	4	sub-121	100	25620.0	0.9525741268224334	1.0
H2	H2-F0-L2	4	sub-16	11	3780.0	0.9525741268224334	1.0
H2	H2-F0-L2	4	sub-16	11	3900.0	0.9525741268224334	1.0
H2	H2-F0-L2	4	sub-16	11	15510.0	0.9525741268224334	1.0
H2	H2-F0-L2	4	sub-16	11	17640.0	0.9525741268224334	1.0
H2	H2-F0-L2	4	sub-16	11	18900.0	0.9525741268224334	1.0
H2	H2-F0-L2	4	sub-16	11	19440.0	0.9525741268224334	1.0
H2	H2-F0-L2	4	sub-16	11	25470.0	0.9525741268224334	1.0
H2	H2-F0-L2	4	sub-16	11	25860.0	0.9525741268224334	1.0
H2	H2-F0-L2	4	sub-16	11	26070.0	0.9525741268224334	1.0
H2	H2-F0-L2	4	sub-16	11	26790.0	0.9525741268224334	1.0
H2	H2-F0-L2	4	sub-16	11	27210.0	0.9525741268224334	1.0
H2	H2-F0-L2	4	sub-16	11	27420.0	0.9525741268224334	1.0
H2	H2-F0-L2	4	sub-16	11	27690.0	0.9525741268224334	1.0
H2	H2-F0-L2	4	sub-16	11	30390.0	0.9525741268224334	1.0
H2	H2-F0-L2	4	sub-17	92	3720.0	0.9525741268224334	1.0
H2	H2-F0-L2	4	sub-17	92	7410.0	0.9525741268224334	1.0
H2	H2-F0-L2	4	sub-17	92	11520.0	0.9525741268224334	1.0
H2	H2-F0-L2	4	sub-17	92	12150.0	0.9525741268224334	1.0
H2	H2-F0-L2	4	sub-17	92	13530.0	0.9525741268224334	1.0
H2	H2-F0-L2	4	sub-17	92	20760.0	0.9525741268224334	1.0
H2	H2-F0-L2	4	sub-17	92	21120.0	0.9525741268224334	1.0
H2	H2-F0-L2	4	sub-17	92	29160.0	0.9525741268224334	1.0
H2	H2-F0-L2	4	sub-45	24	1200.0	0.9525741268224334	1.0
H2	H2-F0-L2	4	sub-45	24	1680.0	0.9525741268224334	1.0
H2	H2-F0-L2	4	sub-45	24	1860.0	0.9525741268224334	1.0
H2	H2-F0-L2	4	sub-45	24	4980.0	0.9525741268224334	1.0
H2	H2-F0-L2	4	sub-45	24	5670.0	0.9525741268224334	1.0
H2	H2-F0-L2	4	sub-45	24	11820.0	0.9525741268224334	1.0
H2	H2-F0-L2	4	sub-45	24	12750.0	0.9525741268224334	1.0
H2	H2-F0-L2	4	sub-45	24	13620.0	0.9525741268224334	1.0
H2	H2-F0-L2	4	sub-45	24	15540.0	0.9525741268224334	1.0
H2	H2-F0-L2	4	sub-45	24	17190.0	0.9525741268224334	1.0
H2	H2-F0-L2	4	sub-45	24	19920.0	0.9525741268224334	1.0
H2	H2-F0-L2	4	sub-45	24	20190.0	0.9525741268224334	1.0
H2	H2-F0-L2	4	sub-45	24	24480.0	0.9525741268224334	1.0
H2	H2-F0-L2	4	sub-59	79	14100.0	0.9525741268224334	1.0
H2	H2-F0-L2	4	sub-59	79	16530.0	0.9525741268224334	1.0
H2	H2-F0-L2	4	sub-59	79	21510.0	0.9525741268224334	1.0
H2	H2-F0-L2	4	sub-59	79	27270.0	0.9525741268224334	1.0
H2	H2-F0-L2	4	sub-59	79	29760.0	0.9525741268224334	1.0
H2	H2-F0-L2	4	sub-59	79	29970.0	0.9525741268224334	1.0
H2	H2-F0-L2	4	sub-61	79	1470.0	0.9525741268224334	1.0
H2	H2-F0-L2	4	sub-61	79	1530.0	0.9525741268224334	1.0
H2	H2-F0-L2	4	sub-61	79	1920.0	0.9525741268224334	1.0
H2	H2-F0-L2	4	sub-61	79	2040.0	0.9525741268224334	1.0
H2	H2-F0-L2	4	sub-61	79	2220.0	0.9525741268224334	1.0
H2	H2-F0-L2	4	sub-61	79	3330.0	0.9525741268224334	1.0
H2	H2-F0-L2	4	sub-61	79	3390.0	0.9525741268224334	1.0
H2	H2-F0-L2	4	sub-61	79	3750.0	0.9525741268224334	1.0
H2	H2-F0-L2	4	sub-61	79	4140.0	0.9525741268224334	1.0
H2	H2-F0-L2	4	sub-61	79	4200.0	0.9525741268224334	1.0
H2	H2-F0-L2	4	sub-61	79	4350.0	0.9525741268224334	1.0
H2	H2-F0-L2	4	sub-61	79	4410.0	0.9525741268224334	1.0
H2	H2-F0-L2	4	sub-61	79	4500.0	0.9525741268224334	1.0
H2	H2-F0-L2	4	sub-61	79	4680.0	0.9525741268224334	1.0
H2	H2-F0-L2	4	sub-61	79	4890.0	0.9525741268224334	1.0
H2	H2-F0-L2	4	sub-61	79	5010.0	0.9525741268224334	1.0
H2	H2-F0-L2	4	sub-61	79	5130.0	0.9525741268224334	1.0
H2	H2-F0-L2	4	sub-61	79	5220.0	0.9525741268224334	1.0
H2	H2-F0-L2	4	sub-61	79	5400.0	0.9525741268224334	1.0
H2	H2-F0-L2	4	sub-61	79	5670.0	0.9525741268224334	1.0
H2	H2-F0-L2	4	sub-61	79	5850.0	0.9525741268224334	1.0
H2	H2-F0-L2	4	sub-61	79	6210.0	0.9525741268224334	1.0
H2	H2-F0-L2	4	sub-61	79	6270.0	0.9525741268224334	1.0
H2	H2-F0-L2	4	sub-61	79	6420.0	0.9525741268224334	1.0
H2	H2-F0-L2	4	sub-61	79	6510.0	0.9525741268224334	1.0
H2	H2-F0-L2	4	sub-61	79	6570.0	0.9525741268224334	1.0
H2	H2-F0-L2	4	sub-61	79	6630.0	0.9525741268224334	1.0
H2	H2-F0-L2	4	sub-61	79	6690.0	0.9525741268224334	1.0
H2	H2-F0-L2	4	sub-61	79	7410.0	0.9525741268224334	1.0
H2	H2-F0-L2	4	sub-61	79	7590.0	0.9525741268224334	1.0
H2	H2-F0-L2	4	sub-61	79	8340.0	0.9525741268224334	1.0
H2	H2-F0-L2	4	sub-61	79	8490.0	0.9525741268224334	1.0
H2	H2-F0-L2	4	sub-61	79	8610.0	0.9525741268224334	1.0
H2	H2-F0-L2	4	sub-61	79	8730.0	0.9525741268224334	1.0
H2	H2-F0-L2	4	sub-61	79	8910.0	0.9525741268224334	1.0
H2	H2-F0-L2	4	sub-61	79	9210.0	0.9525741268224334	1.0
H2	H2-F0-L2	4	sub-61	79	9270.0	0.9525741268224334	1.0
H2	H2-F0-L2	4	sub-61	79	9330.0	0.9525741268224334	1.0
H2	H2-F0-L2	4	sub-61	79	9480.0	0.9525741268224334	1.0
H2	H2-F0-L2	4	sub-61	79	9600.0	0.9525741268224334	1.0
H2	H2-F0-L2	4	sub-61	79	9720.0	0.9525741268224334	1.0
H2	H2-F0-L2	4	sub-61	79	9840.0	0.9525741268224334	1.0
H2	H2-F0-L2	4	sub-61	79	9900.0	0.9525741268224334	1.0
H2	H2-F0-L2	4	sub-61	79	10020.0	0.9525741268224334	1.0
H2	H2-F0-L2	4	sub-61	79	10140.0	0.9525741268224334	1.0
H2	H2-F0-L2	4	sub-61	79	10440.0	0.9525741268224334	1.0
H2	H2-F0-L2	4	sub-61	79	10650.0	0.9525741268224334	1.0
H2	H2-F0-L2	4	sub-61	79	11070.0	0.9525741268224334	1.0
H2	H2-F0-L2	4	sub-61	79	11190.0	0.9525741268224334	1.0
H2	H2-F0-L2	4	sub-61	79	11340.0	0.9525741268224334	1.0
H2	H2-F0-L2	4	sub-61	79	11460.0	0.9525741268224334	1.0
H2	H2-F0-L2	4	sub-61	79	11610.0	0.9525741268224334	1.0
H2	H2-F0-L2	4	sub-61	79	13380.0	0.9525741268224334	1.0
H2	H2-F0-L2	4	sub-61	79	14190.0	0.9525741268224334	1.0
H2	H2-F0-L2	4	sub-61	79	14370.0	0.9525741268224334	1.0
H2	H2-F0-L2	4	sub-61	79	14490.0	0.9525741268224334	1.0
H2	H2-F0-L2	4	sub-61	79	14670.0	0.9525741268224334	1.0
H2	H2-F0-L2	4	sub-61	79	14760.0	0.9525741268224334	1.0
H2	H2-F0-L2	4	sub-61	79	14880.0	0.9525741268224334	1.0
H2	H2-F0-L2	4	sub-61	79	14970.0	0.9525741268224334	1.0
H2	H2-F0-L2	4	sub-61	79	15090.0	0.9525741268224334	1.0
H2	H2-F0-L2	4	sub-61	79	15150.0	0.9525741268224334	1.0
H2	H2-F0-L2	4	sub-61	79	15330.0	0.9525741268224334	1.0
H2	H2-F0-L2	4	sub-61	79	15600.0	0.9525741268224334	1.0
H2	H2-F0-L2	4	sub-61	79	15690.0	0.9525741268224334	1.0
H2	H2-F0-L2	4	sub-61	79	15780.0	0.9525741268224334	1.0
H2	H2-F0-L2	4	sub-61	79	16020.0	0.9525741268224334	1.0
H2	H2-F0-L2	4	sub-61	79	16320.0	0.9525741268224334	1.0
H2	H2-F0-L2	4	sub-61	79	16500.0	0.9525741268224334	1.0
H2	H2-F0-L2	4	sub-61	79	16800.0	0.9525741268224334	1.0
H2	H2-F0-L2	4	sub-61	79	16890.0	0.9525741268224334	1.0
H2	H2-F0-L2	4	sub-61	79	16950.0	0.9525741268224334	1.0
H2	H2-F0-L2	4	sub-61	79	17070.0	0.9525741268224334	1.0
H2	H2-F0-L2	4	sub-61	79	17280.0	0.9525741268224334	1.0
H2	H2-F0-L2	4	sub-61	79	17910.0	0.9525741268224334	1.0
H2	H2-F0-L2	4	sub-61	79	18570.0	0.9525741268224334	1.0
H2	H2-F0-L2	4	sub-61	79	18690.0	0.9525741268224334	1.0
H2	H2-F0-L2	4	sub-61	79	18810.0	0.9525741268224334	1.0
H2	H2-F0-L2	4	sub-61	79	18990.0	0.9525741268224334	1.0
H2	H2-F0-L2	4	sub-61	79	19110.0	0.9525741268224334	1.0
H2	H2-F0-L2	4	sub-61	79	19440.0	0.9525741268224334	1.0
H2	H2-F0-L2	4	sub-61	79	19590.0	0.9525741268224334	1.0
H2	H2-F0-L2	4	sub-61	79	19920.0	0.9525741268224334	1.0
H2	H2-F0-L2	4	sub-61	79	20400.0	0.9525741268224334	1.0
H2	H2-F0-L2	4	sub-61	79	20760.0	0.9525741268224334	1.0
H2	H2-F0-L2	4	sub-61	79	20940.0	0.9525741268224334	1.0
H2	H2-F0-L2	4	sub-61	79	21540.0	0.9525741268224334	1.0
H2	H2-F0-L2	4	sub-61	79	21660.0	0.9525741268224334	1.0
H2	H2-F0-L2	4	sub-61	79	21870.0	0.9525741268224334	1.0
H2	H2-F0-L2	4	sub-61	79	22020.0	0.9525741268224334	1.0
H2	H2-F0-L2	4	sub-61	79	22080.0	0.9525741268224334	1.0
H2	H2-F0-L2	4	sub-61	79	22620.0	0.9525741268224334	1.0
H2	H2-F0-L2	4	sub-61	79	22830.0	0.9525741268224334	1.0
H2	H2-F0-L2	4	sub-61	79	23520.0	0.9525741268224334	1.0
H2	H2-F0-L2	4	sub-61	79	25290.0	0.9525741268224334	1.0
H2	H2-F0-L2	4	sub-61	79	25380.0	0.9525741268224334	1.0
H2	H2-F0-L2	4	sub-61	79	25440.0	0.9525741268224334	1.0
H2	H2-F0-L2	4	sub-61	79	25770.0	0.9525741268224334	1.0
H2	H2-F0-L2	4	sub-61	79	26310.0	0.9525741268224334	1.0
H2	H2-F0-L2	4	sub-61	79	26490.0	0.9525741268224334	1.0
H2	H2-F0-L2	4	sub-61	79	26550.0	0.9525741268224334	1.0
H2	H2-F0-L2	4	sub-61	79	26730.0	0.9525741268224334	1.0
H2	H2-F0-L2	4	sub-61	79	26820.0	0.9525741268224334	1.0
H2	H2-F0-L2	4	sub-61	79	26880.0	0.9525741268224334	1.0
H2	H2-F0-L2	4	sub-61	79	26940.0	0.9525741268224334	1.0
H2	H2-F0-L2	4	sub-61	79	27180.0	0.9525741268224334	1.0
H2	H2-F0-L2	4	sub-61	79	27480.0	0.9525741268224334	1.0
H2	H2-F0-L2	4	sub-61	79	27930.0	0.9525741268224334	1.0
H2	H2-F0-L2	4	sub-61	79	28050.0	0.9525741268224334	1.0
H2	H2-F0-L2	4	sub-61	79	28200.0	0.9525741268224334	1.0
H2	H2-F0-L2	4	sub-63	81	3660.0	0.9525741268224334	1.0
H2	H2-F0-L2	4	sub-63	81	22920.0	0.9525741268224334	1.0
H2	H2-F0-L2	4	sub-63	81	26010.0	0.9525741268224334	1.0
H2	H2-F0-L2	4	sub-64	82	22560.0	0.9525741268224334	1.0
H2	H2-F0-L2	4	sub-65	81	3960.0	0.9525741268224334	1.0
H2	H2-F0-L2	4	sub-65	81	4080.0	0.9525741268224334	1.0
H2	H2-F0-L2	4	sub-65	81	5130.0	0.9525741268224334	1.0
H2	H2-F0-L2	4	sub-65	81	5970.0	0.9525741268224334	1.0
H2	H2-F0-L2	4	sub-65	81	6090.0	0.9525741268224334	1.0
H2	H2-F0-L2	4	sub-65	81	6600.0	0.9525741268224334	1.0
H2	H2-F0-L2	4	sub-65	81	7230.0	0.9525741268224334	1.0
H2	H2-F0-L2	4	sub-65	81	7650.0	0.9525741268224334	1.0
H2	H2-F0-L2	4	sub-65	81	8070.0	0.9525741268224334	1.0
H2	H2-F0-L2	4	sub-65	81	8250.0	0.9525741268224334	1.0
H2	H2-F0-L2	4	sub-65	81	8430.0	0.9525741268224334	1.0
H2	H2-F0-L2	4	sub-65	81	10230.0	0.9525741268224334	1.0
H2	H2-F0-L2	4	sub-65	81	10290.0	0.9525741268224334	1.0
H2	H2-F0-L2	4	sub-65	81	10440.0	0.9525741268224334	1.0
H2	H2-F0-L2	4	sub-65	81	10560.0	0.9525741268224334	1.0
H2	H2-F0-L2	4	sub-65	81	10650.0	0.9525741268224334	1.0
H2	H2-F0-L2	4	sub-65	81	11040.0	0.9525741268224334	1.0
H2	H2-F0-L2	4	sub-65	81	11100.0	0.9525741268224334	1.0
H2	H2-F0-L2	4	sub-65	81	11250.0	0.9525741268224334	1.0
H2	H2-F0-L2	4	sub-65	81	11370.0	0.9525741268224334	1.0
H2	H2-F0-L2	4	sub-65	81	13110.0	0.9525741268224334	1.0
H2	H2-F0-L2	4	sub-65	81	13320.0	0.9525741268224334	1.0
H2	H2-F0-L2	4	sub-65	81	13470.0	0.9525741268224334	1.0
H2	H2-F0-L2	4	sub-65	81	13590.0	0.9525741268224334	1.0
H2	H2-F0-L2	4	sub-65	81	13860.0	0.9525741268224334	1.0
H2	H2-F0-L2	4	sub-65	81	14100.0	0.9525741268224334	1.0
H2	H2-F0-L2	4	sub-65	81	14970.0	0.9525741268224334	1.0
H2	H2-F0-L2	4	sub-65	81	15030.0	0.9525741268224334	1.0
H2	H2-F0-L2	4	sub-65	81	15150.0	0.9525741268224334	1.0
H2	H2-F0-L2	4	sub-65	81	15360.0	0.9525741268224334	1.0
H2	H2-F0-L2	4	sub-65	81	15480.0	0.9525741268224334	1.0
H2	H2-F0-L2	4	sub-65	81	15930.0	0.9525741268224334	1.0
H2	H2-F0-L2	4	sub-65	81	15990.0	0.9525741268224334	1.0
H2	H2-F0-L2	4	sub-65	81	16200.0	0.9525741268224334	1.0
H2	H2-F0-L2	4	sub-65	81	17550.0	0.9525741268224334	1.0
H2	H2-F0-L2	4	sub-65	81	17790.0	0.9525741268224334	1.0
H2	H2-F0-L2	4	sub-65	81	17910.0	0.9525741268224334	1.0
H2	H2-F0-L2	4	sub-65	81	18360.0	0.9525741268224334	1.0
H2	H2-F0-L2	4	sub-65	81	18420.0	0.9525741268224334	1.0
H2	H2-F0-L2	4	sub-65	81	18870.0	0.9525741268224334	1.0
H2	H2-F0-L2	4	sub-65	81	18930.0	0.9525741268224334	1.0
H2	H2-F0-L2	4	sub-65	81	19050.0	0.9525741268224334	1.0
H2	H2-F0-L2	4	sub-65	81	19110.0	0.9525741268224334	1.0
H2	H2-F0-L2	4	sub-65	81	19170.0	0.9525741268224334	1.0
H2	H2-F0-L2	4	sub-65	81	19230.0	0.9525741268224334	1.0
H2	H2-F0-L2	4	sub-65	81	19560.0	0.9525741268224334	1.0
H2	H2-F0-L2	4	sub-65	81	19620.0	0.9525741268224334	1.0
H2	H2-F0-L2	4	sub-65	81	19740.0	0.9525741268224334	1.0
H2	H2-F0-L2	4	sub-65	81	21750.0	0.9525741268224334	1.0
H2	H2-F0-L2	4	sub-65	81	21810.0	0.9525741268224334	1.0
H2	H2-F0-L2	4	sub-65	81	21960.0	0.9525741268224334	1.0
H2	H2-F0-L2	4	sub-65	81	22830.0	0.9525741268224334	1.0
H2	H2-F0-L2	4	sub-65	81	22890.0	0.9525741268224334	1.0
H2	H2-F0-L2	4	sub-65	81	23010.0	0.9525741268224334	1.0
H2	H2-F0-L2	4	sub-65	81	23070.0	0.9525741268224334	1.0
H2	H2-F0-L2	4	sub-65	81	23130.0	0.9525741268224334	1.0
H2	H2-F0-L2	4	sub-65	81	23250.0	0.9525741268224334	1.0
H2	H2-F0-L2	4	sub-65	81	23310.0	0.9525741268224334	1.0
H2	H2-F0-L2	4	sub-65	81	23430.0	0.9525741268224334	1.0
H2	H2-F0-L2	4	sub-65	81	23520.0	0.9525741268224334	1.0
H2	H2-F0-L2	4	sub-65	81	23640.0	0.9525741268224334	1.0
H2	H2-F0-L2	4	sub-65	81	23760.0	0.9525741268224334	1.0
H2	H2-F0-L2	4	sub-65	81	23850.0	0.9525741268224334	1.0
H2	H2-F0-L2	4	sub-65	81	24000.0	0.9525741268224334	1.0
H2	H2-F0-L2	4	sub-65	81	24180.0	0.9525741268224334	1.0
H2	H2-F0-L2	4	sub-65	81	24300.0	0.9525741268224334	1.0
H2	H2-F0-L2	4	sub-65	81	24360.0	0.9525741268224334	1.0
H2	H2-F0-L2	4	sub-65	81	24660.0	0.9525741268224334	1.0
H2	H2-F0-L2	4	sub-65	81	24990.0	0.9525741268224334	1.0
H2	H2-F0-L2	4	sub-65	81	25170.0	0.9525741268224334	1.0
H2	H2-F0-L2	4	sub-65	81	25230.0	0.9525741268224334	1.0
H2	H2-F0-L2	4	sub-65	81	25350.0	0.9525741268224334	1.0
H2	H2-F0-L2	4	sub-65	81	25860.0	0.9525741268224334	1.0
H2	H2-F0-L2	4	sub-66	82	30150.0	0.9525741268224334	1.0
H2	H2-F0-L2	4	sub-66	82	31560.0	0.9525741268224334	1.0
H2	H2-F0-L2	4	sub-74	39	2850.0	0.9525741268224334	1.0
H2	H2-F0-L2	4	sub-74	39	13920.0	0.9525741268224334	1.0
H2	H2-F0-L2	4	sub-74	39	28380.0	0.9525741268224334	1.0
H2	H2-F0-L2	4	sub-78	43	5700.0	0.9525741268224334	1.0
H2	H2-F0-L2	4	sub-78	43	5760.0	0.9525741268224334	1.0
H2	H2-F0-L2	4	sub-78	43	5880.0	0.9525741268224334	1.0
H2	H2-F0-L2	4	sub-78	43	5970.0	0.9525741268224334	1.0
H2	H2-F0-L2	4	sub-78	43	6030.0	0.9525741268224334	1.0
H2	H2-F0-L2	4	sub-78	43	10350.0	0.9525741268224334	1.0
H2	H2-F0-L2	4	sub-78	43	15360.0	0.9525741268224334	1.0
H2	H2-F0-L2	4	sub-78	43	23910.0	0.9525741268224334	1.0
H2	H2-F0-L2	4	sub-78	43	24570.0	0.9525741268224334	1.0
H2	H2-F0-L2	4	sub-78	43	25230.0	0.9525741268224334	1.0
H2	H2-F0-L2	4	sub-80	45	1320.0	0.9525741268224334	1.0
H2	H2-F0-L2	4	sub-80	45	20670.0	0.9525741268224334	1.0
H2	H2-F0-L2	4	sub-83	50	6900.0	0.9525741268224334	1.0
H2	H2-F0-L2	4	sub-83	50	21390.0	0.9525741268224334	1.0
H2	H2-F0-L2	4	sub-83	50	21600.0	0.9525741268224334	1.0
H2	H2-F0-L2	4	sub-83	50	22530.0	0.9525741268224334	1.0
H2	H2-F0-L2	4	sub-83	50	22650.0	0.9525741268224334	1.0
H2	H2-F0-L2	4	sub-83	50	23040.0	0.9525741268224334	1.0
H2	H2-F0-L2	4	sub-83	50	26820.0	0.9525741268224334	1.0
H2	H2-F1-L2	4	sub-100	67	16470.0	0.9706877692486436	1.0
H2	H2-F1-L2	4	sub-100	67	23790.0	0.9706877692486436	1.0
H2	H2-F1-L2	4	sub-100	67	26250.0	0.9706877692486436	1.0
H2	H2-F1-L2	4	sub-100	67	27600.0	0.9706877692486436	1.0
H2	H2-F1-L2	4	sub-100	67	28920.0	0.9706877692486436	1.0
H2	H2-F1-L2	4	sub-11	8	2670.0	0.9706877692486436	1.0
H2	H2-F1-L2	4	sub-11	8	9780.0	0.9706877692486436	1.0
H2	H2-F1-L2	4	sub-11	8	10890.0	0.9706877692486436	1.0
H2	H2-F1-L2	4	sub-11	8	11160.0	0.9706877692486436	1.0
H2	H2-F1-L2	4	sub-11	8	11310.0	0.9706877692486436	1.0
H2	H2-F1-L2	4	sub-11	8	11580.0	0.9706877692486436	1.0
H2	H2-F1-L2	4	sub-11	8	11730.0	0.9706877692486436	1.0
H2	H2-F1-L2	4	sub-11	8	12990.0	0.9706877692486436	1.0
H2	H2-F1-L2	4	sub-11	8	13260.0	0.9706877692486436	1.0
H2	H2-F1-L2	4	sub-11	8	14220.0	0.9706877692486436	1.0
H2	H2-F1-L2	4	sub-11	8	14370.0	0.9706877692486436	1.0
H2	H2-F1-L2	4	sub-11	8	15690.0	0.9706877692486436	1.0
H2	H2-F1-L2	4	sub-11	8	16170.0	0.9706877692486436	1.0
H2	H2-F1-L2	4	sub-11	8	16740.0	0.9706877692486436	1.0
H2	H2-F1-L2	4	sub-11	8	17040.0	0.9706877692486436	1.0
H2	H2-F1-L2	4	sub-11	8	28350.0	0.9706877692486436	1.0
H2	H2-F1-L2	4	sub-11	8	28440.0	0.9706877692486436	1.0
H2	H2-F1-L2	4	sub-11	8	28530.0	0.9706877692486436	1.0
H2	H2-F1-L2	4	sub-12	92	2190.0	0.9706877692486436	1.0
H2	H2-F1-L2	4	sub-12	92	9480.0	0.9706877692486436	1.0
H2	H2-F1-L2	4	sub-12	92	9900.0	0.9706877692486436	1.0
H2	H2-F1-L2	4	sub-12	92	25260.0	0.9706877692486436	1.0
H2	H2-F1-L2	4	sub-121	100	2280.0	0.9706877692486436	1.0
H2	H2-F1-L2	4	sub-121	100	7920.0	0.9706877692486436	1.0
H2	H2-F1-L2	4	sub-121	100	8310.0	0.9706877692486436	1.0
H2	H2-F1-L2	4	sub-121	100	12330.0	0.9706877692486436	1.0
H2	H2-F1-L2	4	sub-121	100	13770.0	0.9706877692486436	1.0
H2	H2-F1-L2	4	sub-121	100	14280.0	0.9706877692486436	1.0
H2	H2-F1-L2	4	sub-121	100	15300.0	0.9706877692486436	1.0
H2	H2-F1-L2	4	sub-121	100	15420.0	0.9706877692486436	1.0
H2	H2-F1-L2	4	sub-121	100	17400.0	0.9706877692486436	1.0
H2	H2-F1-L2	4	sub-121	100	17910.0	0.9706877692486436	1.0
H2	H2-F1-L2	4	sub-121	100	22530.0	0.9706877692486436	1.0
H2	H2-F1-L2	4	sub-121	100	25170.0	0.9706877692486436	1.0
H2	H2-F1-L2	4	sub-121	100	25620.0	0.9706877692486436	1.0
H2	H2-F1-L2	4	sub-121	100	26040.0	0.9706877692486436	1.0
H2	H2-F1-L2	4	sub-121	100	26550.0	0.9706877692486436	1.0
H2	H2-F1-L2	4	sub-16	11	17460.0	0.9706877692486436	1.0
H2	H2-F1-L2	4	sub-16	11	17610.0	0.9706877692486436	1.0
H2	H2-F1-L2	4	sub-16	11	17910.0	0.9706877692486436	1.0
H2	H2-F1-L2	4	sub-16	11	18360.0	0.9706877692486436	1.0
H2	H2-F1-L2	4	sub-16	11	18900.0	0.9706877692486436	1.0
H2	H2-F1-L2	4	sub-16	11	19440.0	0.9706877692486436	1.0
H2	H2-F1-L2	4	sub-16	11	25860.0	0.9706877692486436	1.0
H2	H2-F1-L2	4	sub-16	11	26790.0	0.9706877692486436	1.0
H2	H2-F1-L2	4	sub-16	11	27210.0	0.9706877692486436	1.0
H2	H2-F1-L2	4	sub-16	11	27390.0	0.9706877692486436	1.0
H2	H2-F1-L2	4	sub-16	11	27690.0	0.9706877692486436	1.0
H2	H2-F1-L2	4	sub-16	11	27780.0	0.9706877692486436	1.0
H2	H2-F1-L2	4	sub-16	11	28560.0	0.9706877692486436	1.0
H2	H2-F1-L2	4	sub-16	11	30390.0	0.9706877692486436	1.0
H2	H2-F1-L2	4	sub-17	92	7410.0	0.9706877692486436	1.0
H2	H2-F1-L2	4	sub-17	92	12060.0	0.9706877692486436	1.0
H2	H2-F1-L2	4	sub-17	92	12150.0	0.9706877692486436	1.0
H2	H2-F1-L2	4	sub-17	92	13530.0	0.9706877692486436	1.0
H2	H2-F1-L2	4	sub-17	92	16860.0	0.9706877692486436	1.0
H2	H2-F1-L2	4	sub-17	92	18960.0	0.9706877692486436	1.0
H2	H2-F1-L2	4	sub-17	92	20760.0	0.9706877692486436	1.0
H2	H2-F1-L2	4	sub-17	92	23310.0	0.9706877692486436	1.0
H2	H2-F1-L2	4	sub-17	92	25110.0	0.9706877692486436	1.0
H2	H2-F1-L2	4	sub-17	92	27840.0	0.9706877692486436	1.0
H2	H2-F1-L2	4	sub-17	92	28470.0	0.9706877692486436	1.0
H2	H2-F1-L2	4	sub-17	92	28830.0	0.9706877692486436	1.0
H2	H2-F1-L2	4	sub-17	92	29190.0	0.9706877692486436	1.0
H2	H2-F1-L2	4	sub-17	92	29400.0	0.9706877692486436	1.0
H2	H2-F1-L2	4	sub-45	24	1200.0	0.9706877692486436	1.0
H2	H2-F1-L2	4	sub-45	24	2010.0	0.9706877692486436	1.0
H2	H2-F1-L2	4	sub-45	24	4080.0	0.9706877692486436	1.0
H2	H2-F1-L2	4	sub-45	24	4410.0	0.9706877692486436	1.0
H2	H2-F1-L2	4	sub-45	24	5670.0	0.9706877692486436	1.0
H2	H2-F1-L2	4	sub-45	24	5910.0	0.9706877692486436	1.0
H2	H2-F1-L2	4	sub-45	24	6780.0	0.9706877692486436	1.0
H2	H2-F1-L2	4	sub-45	24	11820.0	0.9706877692486436	1.0
H2	H2-F1-L2	4	sub-45	24	12750.0	0.9706877692486436	1.0
H2	H2-F1-L2	4	sub-45	24	13620.0	0.9706877692486436	1.0
H2	H2-F1-L2	4	sub-45	24	15510.0	0.9706877692486436	1.0
H2	H2-F1-L2	4	sub-45	24	17190.0	0.9706877692486436	1.0
H2	H2-F1-L2	4	sub-45	24	19860.0	0.9706877692486436	1.0
H2	H2-F1-L2	4	sub-45	24	20190.0	0.9706877692486436	1.0
H2	H2-F1-L2	4	sub-59	79	9330.0	0.9706877692486436	1.0
H2	H2-F1-L2	4	sub-59	79	14040.0	0.9706877692486436	1.0
H2	H2-F1-L2	4	sub-59	79	14430.0	0.9706877692486436	1.0
H2	H2-F1-L2	4	sub-59	79	14520.0	0.9706877692486436	1.0
H2	H2-F1-L2	4	sub-59	79	14640.0	0.9706877692486436	1.0
H2	H2-F1-L2	4	sub-59	79	21510.0	0.9706877692486436	1.0
H2	H2-F1-L2	4	sub-59	79	27300.0	0.9706877692486436	1.0
H2	H2-F1-L2	4	sub-59	79	27840.0	0.9706877692486436	1.0
H2	H2-F1-L2	4	sub-59	79	27960.0	0.9706877692486436	1.0
H2	H2-F1-L2	4	sub-59	79	28290.0	0.9706877692486436	1.0
H2	H2-F1-L2	4	sub-59	79	28950.0	0.9706877692486436	1.0
H2	H2-F1-L2	4	sub-59	79	29040.0	0.9706877692486436	1.0
H2	H2-F1-L2	4	sub-59	79	29760.0	0.9706877692486436	1.0
H2	H2-F1-L2	4	sub-59	79	29820.0	0.9706877692486436	1.0
H2	H2-F1-L2	4	sub-59	79	29910.0	0.9706877692486436	1.0
H2	H2-F1-L2	4	sub-61	79	3990.0	0.9706877692486436	1.0
H2	H2-F1-L2	4	sub-61	79	4230.0	0.9706877692486436	1.0
H2	H2-F1-L2	4	sub-61	79	4500.0	0.9706877692486436	1.0
H2	H2-F1-L2	4	sub-61	79	5220.0	0.9706877692486436	1.0
H2	H2-F1-L2	4	sub-61	79	6270.0	0.9706877692486436	1.0
H2	H2-F1-L2	4	sub-61	79	6390.0	0.9706877692486436	1.0
H2	H2-F1-L2	4	sub-61	79	6720.0	0.9706877692486436	1.0
H2	H2-F1-L2	4	sub-61	79	8490.0	0.9706877692486436	1.0
H2	H2-F1-L2	4	sub-61	79	8610.0	0.9706877692486436	1.0
H2	H2-F1-L2	4	sub-61	79	8730.0	0.9706877692486436	1.0
H2	H2-F1-L2	4	sub-61	79	8880.0	0.9706877692486436	1.0
H2	H2-F1-L2	4	sub-61	79	9450.0	0.9706877692486436	1.0
H2	H2-F1-L2	4	sub-61	79	9600.0	0.9706877692486436	1.0
H2	H2-F1-L2	4	sub-61	79	9900.0	0.9706877692486436	1.0
H2	H2-F1-L2	4	sub-61	79	10020.0	0.9706877692486436	1.0
H2	H2-F1-L2	4	sub-61	79	11460.0	0.9706877692486436	1.0
H2	H2-F1-L2	4	sub-61	79	11610.0	0.9706877692486436	1.0
H2	H2-F1-L2	4	sub-61	79	14370.0	0.9706877692486436	1.0
H2	H2-F1-L2	4	sub-61	79	14490.0	0.9706877692486436	1.0
H2	H2-F1-L2	4	sub-61	79	15540.0	0.9706877692486436	1.0
H2	H2-F1-L2	4	sub-61	79	15690.0	0.9706877692486436	1.0
H2	H2-F1-L2	4	sub-61	79	16470.0	0.9706877692486436	1.0
H2	H2-F1-L2	4	sub-61	79	16950.0	0.9706877692486436	1.0
H2	H2-F1-L2	4	sub-61	79	19620.0	0.9706877692486436	1.0
H2	H2-F1-L2	4	sub-61	79	20610.0	0.9706877692486436	1.0
H2	H2-F1-L2	4	sub-61	79	21840.0	0.9706877692486436	1.0
H2	H2-F1-L2	4	sub-61	79	21960.0	0.9706877692486436	1.0
H2	H2-F1-L2	4	sub-61	79	22740.0	0.9706877692486436	1.0
H2	H2-F1-L2	4	sub-61	79	22830.0	0.9706877692486436	1.0
H2	H2-F1-L2	4	sub-61	79	23070.0	0.9706877692486436	1.0
H2	H2-F1-L2	4	sub-61	79	23280.0	0.9706877692486436	1.0
H2	H2-F1-L2	4	sub-61	79	23850.0	0.9706877692486436	1.0
H2	H2-F1-L2	4	sub-61	79	24030.0	0.9706877692486436	1.0
H2	H2-F1-L2	4	sub-61	79	24480.0	0.9706877692486436	1.0
H2	H2-F1-L2	4	sub-61	79	25140.0	0.9706877692486436	1.0
H2	H2-F1-L2	4	sub-61	79	25230.0	0.9706877692486436	1.0
H2	H2-F1-L2	4	sub-61	79	25770.0	0.9706877692486436	1.0
H2	H2-F1-L2	4	sub-61	79	26250.0	0.9706877692486436	1.0
H2	H2-F1-L2	4	sub-61	79	26880.0	0.9706877692486436	1.0
H2	H2-F1-L2	4	sub-61	79	27030.0	0.9706877692486436	1.0
H2	H2-F1-L2	4	sub-61	79	28020.0	0.9706877692486436	1.0
H2	H2-F1-L2	4	sub-63	81	3660.0	0.9706877692486436	1.0
H2	H2-F1-L2	4	sub-63	81	22920.0	0.9706877692486436	1.0
H2	H2-F1-L2	4	sub-63	81	26010.0	0.9706877692486436	1.0
H2	H2-F1-L2	4	sub-65	81	3960.0	0.9706877692486436	1.0
H2	H2-F1-L2	4	sub-65	81	5940.0	0.9706877692486436	1.0
H2	H2-F1-L2	4	sub-65	81	6090.0	0.9706877692486436	1.0
H2	H2-F1-L2	4	sub-65	81	8250.0	0.9706877692486436	1.0
H2	H2-F1-L2	4	sub-65	81	8430.0	0.9706877692486436	1.0
H2	H2-F1-L2	4	sub-65	81	10320.0	0.9706877692486436	1.0
H2	H2-F1-L2	4	sub-65	81	10560.0	0.9706877692486436	1.0
H2	H2-F1-L2	4	sub-65	81	11100.0	0.9706877692486436	1.0
H2	H2-F1-L2	4	sub-65	81	11250.0	0.9706877692486436	1.0
H2	H2-F1-L2	4	sub-65	81	11370.0	0.9706877692486436	1.0
H2	H2-F1-L2	4	sub-65	81	13320.0	0.9706877692486436	1.0
H2	H2-F1-L2	4	sub-65	81	13470.0	0.9706877692486436	1.0
H2	H2-F1-L2	4	sub-65	81	13890.0	0.9706877692486436	1.0
H2	H2-F1-L2	4	sub-65	81	14100.0	0.9706877692486436	1.0
H2	H2-F1-L2	4	sub-65	81	15030.0	0.9706877692486436	1.0
H2	H2-F1-L2	4	sub-65	81	15330.0	0.9706877692486436	1.0
H2	H2-F1-L2	4	sub-65	81	15480.0	0.9706877692486436	1.0
H2	H2-F1-L2	4	sub-65	81	15990.0	0.9706877692486436	1.0
H2	H2-F1-L2	4	sub-65	81	16200.0	0.9706877692486436	1.0
H2	H2-F1-L2	4	sub-65	81	17550.0	0.9706877692486436	1.0
H2	H2-F1-L2	4	sub-65	81	17760.0	0.9706877692486436	1.0
H2	H2-F1-L2	4	sub-65	81	17910.0	0.9706877692486436	1.0
H2	H2-F1-L2	4	sub-65	81	18420.0	0.9706877692486436	1.0
H2	H2-F1-L2	4	sub-65	81	18870.0	0.9706877692486436	1.0
H2	H2-F1-L2	4	sub-65	81	19020.0	0.9706877692486436	1.0
H2	H2-F1-L2	4	sub-65	81	19230.0	0.9706877692486436	1.0
H2	H2-F1-L2	4	sub-65	81	19590.0	0.9706877692486436	1.0
H2	H2-F1-L2	4	sub-65	81	19740.0	0.9706877692486436	1.0
H2	H2-F1-L2	4	sub-65	81	21810.0	0.9706877692486436	1.0
H2	H2-F1-L2	4	sub-65	81	21960.0	0.9706877692486436	1.0
H2	H2-F1-L2	4	sub-65	81	22890.0	0.9706877692486436	1.0
H2	H2-F1-L2	4	sub-65	81	23010.0	0.9706877692486436	1.0
H2	H2-F1-L2	4	sub-65	81	23130.0	0.9706877692486436	1.0
H2	H2-F1-L2	4	sub-65	81	23250.0	0.9706877692486436	1.0
H2	H2-F1-L2	4	sub-65	81	23490.0	0.9706877692486436	1.0
H2	H2-F1-L2	4	sub-65	81	23610.0	0.9706877692486436	1.0
H2	H2-F1-L2	4	sub-65	81	23760.0	0.9706877692486436	1.0
H2	H2-F1-L2	4	sub-65	81	24360.0	0.9706877692486436	1.0
H2	H2-F1-L2	4	sub-65	81	24480.0	0.9706877692486436	1.0
H2	H2-F1-L2	4	sub-65	81	24660.0	0.9706877692486436	1.0
H2	H2-F1-L2	4	sub-65	81	25230.0	0.9706877692486436	1.0
H2	H2-F1-L2	4	sub-65	81	25350.0	0.9706877692486436	1.0
H2	H2-F1-L2	4	sub-65	81	25890.0	0.9706877692486436	1.0
H2	H2-F1-L2	4	sub-66	82	29820.0	0.9706877692486436	1.0
H2	H2-F1-L2	4	sub-66	82	30060.0	0.9706877692486436	1.0
H2	H2-F1-L2	4	sub-66	82	30150.0	0.9706877692486436	1.0
H2	H2-F1-L2	4	sub-66	82	31410.0	0.9706877692486436	1.0
H2	H2-F1-L2	4	sub-66	82	31500.0	0.9706877692486436	1.0
H2	H2-F1-L2	4	sub-74	39	7920.0	0.9706877692486436	1.0
H2	H2-F1-L2	4	sub-74	39	13890.0	0.9706877692486436	1.0
H2	H2-F1-L2	4	sub-74	39	21420.0	0.9706877692486436	1.0
H2	H2-F1-L2	4	sub-74	39	24570.0	0.9706877692486436	1.0
H2	H2-F1-L2	4	sub-74	39	27660.0	0.9706877692486436	1.0
H2	H2-F1-L2	4	sub-74	39	28380.0	0.9706877692486436	1.0
H2	H2-F1-L2	4	sub-74	39	28560.0	0.9706877692486436	1.0
H2	H2-F1-L2	4	sub-78	43	4560.0	0.9706877692486436	1.0
H2	H2-F1-L2	4	sub-78	43	5850.0	0.9706877692486436	1.0
H2	H2-F1-L2	4	sub-78	43	5970.0	0.9706877692486436	1.0
H2	H2-F1-L2	4	sub-78	43	6060.0	0.9706877692486436	1.0
H2	H2-F1-L2	4	sub-78	43	9570.0	0.9706877692486436	1.0
H2	H2-F1-L2	4	sub-78	43	20370.0	0.9706877692486436	1.0
H2	H2-F1-L2	4	sub-78	43	23910.0	0.9706877692486436	1.0
H2	H2-F1-L2	4	sub-78	43	25170.0	0.9706877692486436	1.0
H2	H2-F1-L2	4	sub-78	43	25380.0	0.9706877692486436	1.0
H2	H2-F1-L2	4	sub-80	45	21180.0	0.9706877692486436	1.0
H2	H2-F1-L2	4	sub-83	50	8790.0	0.9706877692486436	1.0
H2	H2-F1-L2	4	sub-83	50	13920.0	0.9706877692486436	1.0
H2	H2-F1-L2	4	sub-83	50	17640.0	0.9706877692486436	1.0
H2	H2-F1-L2	4	sub-83	50	21390.0	0.9706877692486436	1.0
H2	H2-F1-L2	4	sub-83	50	21600.0	0.9706877692486436	1.0
H2	H2-F1-L2	4	sub-83	50	22530.0	0.9706877692486436	1.0
H2	H2-F1-L2	4	sub-83	50	22650.0	0.9706877692486436	1.0
H2	H2-F1-EN	4	sub-100	67	12270.0	0.9525741268224334	0.1
H2	H2-F1-EN	4	sub-100	67	16470.0	0.9525741268224334	0.1
H2	H2-F1-EN	4	sub-100	67	22710.0	0.9525741268224334	0.1
H2	H2-F1-EN	4	sub-100	67	23790.0	0.9525741268224334	0.1
H2	H2-F1-EN	4	sub-100	67	26250.0	0.9525741268224334	0.1
H2	H2-F1-EN	4	sub-100	67	27600.0	0.9525741268224334	0.1
H2	H2-F1-EN	4	sub-100	67	27990.0	0.9525741268224334	0.1
H2	H2-F1-EN	4	sub-100	67	28920.0	0.9525741268224334	0.1
H2	H2-F1-EN	4	sub-11	8	10410.0	0.9525741268224334	0.1
H2	H2-F1-EN	4	sub-11	8	11220.0	0.9525741268224334	0.1
H2	H2-F1-EN	4	sub-11	8	11610.0	0.9525741268224334	0.1
H2	H2-F1-EN	4	sub-11	8	14250.0	0.9525741268224334	0.1
H2	H2-F1-EN	4	sub-11	8	15690.0	0.9525741268224334	0.1
H2	H2-F1-EN	4	sub-11	8	28410.0	0.9525741268224334	0.1
H2	H2-F1-EN	4	sub-11	8	28530.0	0.9525741268224334	0.1
H2	H2-F1-EN	4	sub-12	92	9480.0	0.9525741268224334	0.1
H2	H2-F1-EN	4	sub-12	92	12990.0	0.9525741268224334	0.1
H2	H2-F1-EN	4	sub-12	92	22890.0	0.9525741268224334	0.1
H2	H2-F1-EN	4	sub-12	92	25260.0	0.9525741268224334	0.1
H2	H2-F1-EN	4	sub-12	92	28170.0	0.9525741268224334	0.1
H2	H2-F1-EN	4	sub-121	100	8310.0	0.9525741268224334	0.1
H2	H2-F1-EN	4	sub-121	100	12330.0	0.9525741268224334	0.1
H2	H2-F1-EN	4	sub-121	100	14280.0	0.9525741268224334	0.1
H2	H2-F1-EN	4	sub-121	100	15300.0	0.9525741268224334	0.1
H2	H2-F1-EN	4	sub-121	100	17400.0	0.9525741268224334	0.1
H2	H2-F1-EN	4	sub-121	100	26010.0	0.9525741268224334	0.1
H2	H2-F1-EN	4	sub-16	11	17460.0	0.9525741268224334	0.1
H2	H2-F1-EN	4	sub-16	11	18900.0	0.9525741268224334	0.1
H2	H2-F1-EN	4	sub-16	11	25860.0	0.9525741268224334	0.1
H2	H2-F1-EN	4	sub-16	11	26790.0	0.9525741268224334	0.1
H2	H2-F1-EN	4	sub-16	11	27210.0	0.9525741268224334	0.1
H2	H2-F1-EN	4	sub-16	11	27690.0	0.9525741268224334	0.1
H2	H2-F1-EN	4	sub-16	11	27780.0	0.9525741268224334	0.1
H2	H2-F1-EN	4	sub-16	11	28560.0	0.9525741268224334	0.1
H2	H2-F1-EN	4	sub-17	92	12150.0	0.9525741268224334	0.1
H2	H2-F1-EN	4	sub-17	92	13530.0	0.9525741268224334	0.1
H2	H2-F1-EN	4	sub-17	92	20760.0	0.9525741268224334	0.1
H2	H2-F1-EN	4	sub-17	92	21120.0	0.9525741268224334	0.1
H2	H2-F1-EN	4	sub-17	92	25260.0	0.9525741268224334	0.1
H2	H2-F1-EN	4	sub-45	24	12750.0	0.9525741268224334	0.1
H2	H2-F1-EN	4	sub-45	24	13620.0	0.9525741268224334	0.1
H2	H2-F1-EN	4	sub-45	24	17190.0	0.9525741268224334	0.1
H2	H2-F1-EN	4	sub-45	24	20190.0	0.9525741268224334	0.1
H2	H2-F1-EN	4	sub-59	79	9330.0	0.9525741268224334	0.1
H2	H2-F1-EN	4	sub-59	79	14100.0	0.9525741268224334	0.1
H2	H2-F1-EN	4	sub-59	79	21510.0	0.9525741268224334	0.1
H2	H2-F1-EN	4	sub-59	79	27270.0	0.9525741268224334	0.1
H2	H2-F1-EN	4	sub-59	79	28950.0	0.9525741268224334	0.1
H2	H2-F1-EN	4	sub-59	79	29100.0	0.9525741268224334	0.1
H2	H2-F1-EN	4	sub-59	79	29820.0	0.9525741268224334	0.1
H2	H2-F1-EN	4	sub-59	79	29940.0	0.9525741268224334	0.1
H2	H2-F1-EN	4	sub-61	79	4230.0	0.9525741268224334	0.1
H2	H2-F1-EN	4	sub-61	79	4530.0	0.9525741268224334	0.1
H2	H2-F1-EN	4	sub-61	79	5220.0	0.9525741268224334	0.1
H2	H2-F1-EN	4	sub-61	79	6720.0	0.9525741268224334	0.1
H2	H2-F1-EN	4	sub-61	79	8760.0	0.9525741268224334	0.1
H2	H2-F1-EN	4	sub-61	79	8910.0	0.9525741268224334	0.1
H2	H2-F1-EN	4	sub-61	79	9480.0	0.9525741268224334	0.1
H2	H2-F1-EN	4	sub-61	79	9900.0	0.9525741268224334	0.1
H2	H2-F1-EN	4	sub-61	79	11460.0	0.9525741268224334	0.1
H2	H2-F1-EN	4	sub-61	79	14370.0	0.9525741268224334	0.1
H2	H2-F1-EN	4	sub-61	79	16530.0	0.9525741268224334	0.1
H2	H2-F1-EN	4	sub-61	79	16950.0	0.9525741268224334	0.1
H2	H2-F1-EN	4	sub-61	79	22710.0	0.9525741268224334	0.1
H2	H2-F1-EN	4	sub-61	79	22800.0	0.9525741268224334	0.1
H2	H2-F1-EN	4	sub-61	79	25320.0	0.9525741268224334	0.1
H2	H2-F1-EN	4	sub-61	79	25440.0	0.9525741268224334	0.1
H2	H2-F1-EN	4	sub-61	79	25830.0	0.9525741268224334	0.1
H2	H2-F1-EN	4	sub-61	79	26370.0	0.9525741268224334	0.1
H2	H2-F1-EN	4	sub-61	79	26880.0	0.9525741268224334	0.1
H2	H2-F1-EN	4	sub-61	79	28230.0	0.9525741268224334	0.1
H2	H2-F1-EN	4	sub-63	81	3660.0	0.9525741268224334	0.1
H2	H2-F1-EN	4	sub-63	81	21330.0	0.9525741268224334	0.1
H2	H2-F1-EN	4	sub-63	81	22920.0	0.9525741268224334	0.1
H2	H2-F1-EN	4	sub-63	81	26010.0	0.9525741268224334	0.1
H2	H2-F1-EN	4	sub-63	81	26190.0	0.9525741268224334	0.1
H2	H2-F1-EN	4	sub-63	81	26460.0	0.9525741268224334	0.1
H2	H2-F1-EN	4	sub-65	81	3960.0	0.9525741268224334	0.1
H2	H2-F1-EN	4	sub-65	81	5970.0	0.9525741268224334	0.1
H2	H2-F1-EN	4	sub-65	81	8280.0	0.9525741268224334	0.1
H2	H2-F1-EN	4	sub-65	81	10320.0	0.9525741268224334	0.1
H2	H2-F1-EN	4	sub-65	81	11100.0	0.9525741268224334	0.1
H2	H2-F1-EN	4	sub-65	81	11250.0	0.9525741268224334	0.1
H2	H2-F1-EN	4	sub-65	81	13350.0	0.9525741268224334	0.1
H2	H2-F1-EN	4	sub-65	81	13890.0	0.9525741268224334	0.1
H2	H2-F1-EN	4	sub-65	81	14970.0	0.9525741268224334	0.1
H2	H2-F1-EN	4	sub-65	81	15030.0	0.9525741268224334	0.1
H2	H2-F1-EN	4	sub-65	81	15360.0	0.9525741268224334	0.1
H2	H2-F1-EN	4	sub-65	81	16020.0	0.9525741268224334	0.1
H2	H2-F1-EN	4	sub-65	81	16080.0	0.9525741268224334	0.1
H2	H2-F1-EN	4	sub-65	81	17580.0	0.9525741268224334	0.1
H2	H2-F1-EN	4	sub-65	81	17790.0	0.9525741268224334	0.1
H2	H2-F1-EN	4	sub-65	81	18450.0	0.9525741268224334	0.1
H2	H2-F1-EN	4	sub-65	81	18930.0	0.9525741268224334	0.1
H2	H2-F1-EN	4	sub-65	81	19260.0	0.9525741268224334	0.1
H2	H2-F1-EN	4	sub-65	81	19620.0	0.9525741268224334	0.1
H2	H2-F1-EN	4	sub-65	81	21840.0	0.9525741268224334	0.1
H2	H2-F1-EN	4	sub-65	81	22890.0	0.9525741268224334	0.1
H2	H2-F1-EN	4	sub-65	81	23130.0	0.9525741268224334	0.1
H2	H2-F1-EN	4	sub-65	81	23310.0	0.9525741268224334	0.1
H2	H2-F1-EN	4	sub-65	81	23520.0	0.9525741268224334	0.1
H2	H2-F1-EN	4	sub-65	81	23640.0	0.9525741268224334	0.1
H2	H2-F1-EN	4	sub-65	81	24390.0	0.9525741268224334	0.1
H2	H2-F1-EN	4	sub-65	81	24690.0	0.9525741268224334	0.1
H2	H2-F1-EN	4	sub-65	81	25890.0	0.9525741268224334	0.1
H2	H2-F1-EN	4	sub-66	82	30720.0	0.9525741268224334	0.1
H2	H2-F1-EN	4	sub-66	82	31410.0	0.9525741268224334	0.1
H2	H2-F1-EN	4	sub-66	82	31530.0	0.9525741268224334	0.1
H2	H2-F1-EN	4	sub-74	39	13890.0	0.9525741268224334	0.1
H2	H2-F1-EN	4	sub-74	39	28380.0	0.9525741268224334	0.1
H2	H2-F1-EN	4	sub-78	43	5880.0	0.9525741268224334	0.1
H2	H2-F1-EN	4	sub-78	43	6060.0	0.9525741268224334	0.1
H2	H2-F1-EN	4	sub-78	43	15360.0	0.9525741268224334	0.1
H2	H2-F1-EN	4	sub-78	43	23910.0	0.9525741268224334	0.1
H2	H2-F1-EN	4	sub-78	43	24570.0	0.9525741268224334	0.1
H2	H2-F1-EN	4	sub-83	50	17640.0	0.9525741268224334	0.1
H2	H2-F1-EN	4	sub-83	50	21390.0	0.9525741268224334	0.1
H2	H2-F1-EN	4	sub-83	50	22530.0	0.9525741268224334	0.1
H2	H2-F0-L2	5	sub-104	72	24510.0	0.9706877692486436	1.0
H2	H2-F0-L2	5	sub-115	98	7680.0	0.9706877692486436	1.0
H2	H2-F0-L2	5	sub-115	98	19380.0	0.9706877692486436	1.0
H2	H2-F0-L2	5	sub-115	98	23190.0	0.9706877692486436	1.0
H2	H2-F0-L2	5	sub-116	98	2190.0	0.9706877692486436	1.0
H2	H2-F0-L2	5	sub-116	98	2340.0	0.9706877692486436	1.0
H2	H2-F0-L2	5	sub-116	98	8760.0	0.9706877692486436	1.0
H2	H2-F0-L2	5	sub-116	98	9630.0	0.9706877692486436	1.0
H2	H2-F0-L2	5	sub-116	98	14070.0	0.9706877692486436	1.0
H2	H2-F0-L2	5	sub-116	98	14520.0	0.9706877692486436	1.0
H2	H2-F0-L2	5	sub-116	98	14610.0	0.9706877692486436	1.0
H2	H2-F0-L2	5	sub-116	98	16980.0	0.9706877692486436	1.0
H2	H2-F0-L2	5	sub-116	98	17070.0	0.9706877692486436	1.0
H2	H2-F0-L2	5	sub-116	98	25050.0	0.9706877692486436	1.0
H2	H2-F0-L2	5	sub-117	98	540.0	0.9706877692486436	1.0
H2	H2-F0-L2	5	sub-117	98	1410.0	0.9706877692486436	1.0
H2	H2-F0-L2	5	sub-117	98	1500.0	0.9706877692486436	1.0
H2	H2-F0-L2	5	sub-117	98	20640.0	0.9706877692486436	1.0
H2	H2-F0-L2	5	sub-125	104	780.0	0.9706877692486436	1.0
H2	H2-F0-L2	5	sub-125	104	1410.0	0.9706877692486436	1.0
H2	H2-F0-L2	5	sub-125	104	13230.0	0.9706877692486436	1.0
H2	H2-F0-L2	5	sub-125	104	28470.0	0.9706877692486436	1.0
H2	H2-F0-L2	5	sub-14	9	150.0	0.9706877692486436	1.0
H2	H2-F0-L2	5	sub-14	9	1140.0	0.9706877692486436	1.0
H2	H2-F0-L2	5	sub-14	9	1380.0	0.9706877692486436	1.0
H2	H2-F0-L2	5	sub-14	9	1710.0	0.9706877692486436	1.0
H2	H2-F0-L2	5	sub-14	9	1980.0	0.9706877692486436	1.0
H2	H2-F0-L2	5	sub-14	9	2790.0	0.9706877692486436	1.0
H2	H2-F0-L2	5	sub-14	9	7260.0	0.9706877692486436	1.0
H2	H2-F0-L2	5	sub-14	9	8310.0	0.9706877692486436	1.0
H2	H2-F0-L2	5	sub-14	9	10140.0	0.9706877692486436	1.0
H2	H2-F0-L2	5	sub-14	9	10860.0	0.9706877692486436	1.0
H2	H2-F0-L2	5	sub-14	9	11100.0	0.9706877692486436	1.0
H2	H2-F0-L2	5	sub-14	9	12570.0	0.9706877692486436	1.0
H2	H2-F0-L2	5	sub-14	9	14700.0	0.9706877692486436	1.0
H2	H2-F0-L2	5	sub-14	9	15480.0	0.9706877692486436	1.0
H2	H2-F0-L2	5	sub-14	9	20550.0	0.9706877692486436	1.0
H2	H2-F0-L2	5	sub-14	9	20940.0	0.9706877692486436	1.0
H2	H2-F0-L2	5	sub-14	9	21150.0	0.9706877692486436	1.0
H2	H2-F0-L2	5	sub-14	9	21540.0	0.9706877692486436	1.0
H2	H2-F0-L2	5	sub-14	9	25740.0	0.9706877692486436	1.0
H2	H2-F0-L2	5	sub-14	9	26430.0	0.9706877692486436	1.0
H2	H2-F0-L2	5	sub-14	9	26940.0	0.9706877692486436	1.0
H2	H2-F0-L2	5	sub-14	9	28500.0	0.9706877692486436	1.0
H2	H2-F0-L2	5	sub-14	9	29940.0	0.9706877692486436	1.0
H2	H2-F0-L2	5	sub-14	9	30870.0	0.9706877692486436	1.0
H2	H2-F0-L2	5	sub-14	9	31350.0	0.9706877692486436	1.0
H2	H2-F0-L2	5	sub-14	9	31950.0	0.9706877692486436	1.0
H2	H2-F0-L2	5	sub-19	93	930.0	0.9706877692486436	1.0
H2	H2-F0-L2	5	sub-19	93	1980.0	0.9706877692486436	1.0
H2	H2-F0-L2	5	sub-19	93	2280.0	0.9706877692486436	1.0
H2	H2-F0-L2	5	sub-19	93	3090.0	0.9706877692486436	1.0
H2	H2-F0-L2	5	sub-19	93	3720.0	0.9706877692486436	1.0
H2	H2-F0-L2	5	sub-19	93	3990.0	0.9706877692486436	1.0
H2	H2-F0-L2	5	sub-19	93	8880.0	0.9706877692486436	1.0
H2	H2-F0-L2	5	sub-19	93	13050.0	0.9706877692486436	1.0
H2	H2-F0-L2	5	sub-19	93	14310.0	0.9706877692486436	1.0
H2	H2-F0-L2	5	sub-19	93	17220.0	0.9706877692486436	1.0
H2	H2-F0-L2	5	sub-19	93	22560.0	0.9706877692486436	1.0
H2	H2-F0-L2	5	sub-19	93	22680.0	0.9706877692486436	1.0
H2	H2-F0-L2	5	sub-19	93	23670.0	0.9706877692486436	1.0
H2	H2-F0-L2	5	sub-19	93	23880.0	0.9706877692486436	1.0
H2	H2-F0-L2	5	sub-19	93	24180.0	0.9706877692486436	1.0
H2	H2-F0-L2	5	sub-19	93	24360.0	0.9706877692486436	1.0
H2	H2-F0-L2	5	sub-19	93	27450.0	0.9706877692486436	1.0
H2	H2-F0-L2	5	sub-19	93	27720.0	0.9706877692486436	1.0
H2	H2-F0-L2	5	sub-19	93	27780.0	0.9706877692486436	1.0
H2	H2-F0-L2	5	sub-19	93	27900.0	0.9706877692486436	1.0
H2	H2-F0-L2	5	sub-19	93	27960.0	0.9706877692486436	1.0
H2	H2-F0-L2	5	sub-19	93	28020.0	0.9706877692486436	1.0
H2	H2-F0-L2	5	sub-19	93	28110.0	0.9706877692486436	1.0
H2	H2-F0-L2	5	sub-19	93	28170.0	0.9706877692486436	1.0
H2	H2-F0-L2	5	sub-19	93	28470.0	0.9706877692486436	1.0
H2	H2-F0-L2	5	sub-19	93	28560.0	0.9706877692486436	1.0
H2	H2-F0-L2	5	sub-19	93	28890.0	0.9706877692486436	1.0
H2	H2-F0-L2	5	sub-19	93	28980.0	0.9706877692486436	1.0
H2	H2-F0-L2	5	sub-19	93	29040.0	0.9706877692486436	1.0
H2	H2-F0-L2	5	sub-19	93	29100.0	0.9706877692486436	1.0
H2	H2-F0-L2	5	sub-19	93	29250.0	0.9706877692486436	1.0
H2	H2-F0-L2	5	sub-19	93	29340.0	0.9706877692486436	1.0
H2	H2-F0-L2	5	sub-19	93	29400.0	0.9706877692486436	1.0
H2	H2-F0-L2	5	sub-19	93	29460.0	0.9706877692486436	1.0
H2	H2-F0-L2	5	sub-19	93	29550.0	0.9706877692486436	1.0
H2	H2-F0-L2	5	sub-19	93	29670.0	0.9706877692486436	1.0
H2	H2-F0-L2	5	sub-19	93	29820.0	0.9706877692486436	1.0
H2	H2-F0-L2	5	sub-19	93	29880.0	0.9706877692486436	1.0
H2	H2-F0-L2	5	sub-20	13	3030.0	0.9706877692486436	1.0
H2	H2-F0-L2	5	sub-20	13	3540.0	0.9706877692486436	1.0
H2	H2-F0-L2	5	sub-20	13	3630.0	0.9706877692486436	1.0
H2	H2-F0-L2	5	sub-20	13	11010.0	0.9706877692486436	1.0
H2	H2-F0-L2	5	sub-20	13	19050.0	0.9706877692486436	1.0
H2	H2-F0-L2	5	sub-20	13	24900.0	0.9706877692486436	1.0
H2	H2-F0-L2	5	sub-20	13	28020.0	0.9706877692486436	1.0
H2	H2-F0-L2	5	sub-20	13	29250.0	0.9706877692486436	1.0
H2	H2-F0-L2	5	sub-20	13	30900.0	0.9706877692486436	1.0
H2	H2-F0-L2	5	sub-20	13	31050.0	0.9706877692486436	1.0
H2	H2-F0-L2	5	sub-21	93	600.0	0.9706877692486436	1.0
H2	H2-F0-L2	5	sub-21	93	3990.0	0.9706877692486436	1.0
H2	H2-F0-L2	5	sub-21	93	9540.0	0.9706877692486436	1.0
H2	H2-F0-L2	5	sub-21	93	10560.0	0.9706877692486436	1.0
H2	H2-F0-L2	5	sub-21	93	13260.0	0.9706877692486436	1.0
H2	H2-F0-L2	5	sub-21	93	15120.0	0.9706877692486436	1.0
H2	H2-F0-L2	5	sub-21	93	17220.0	0.9706877692486436	1.0
H2	H2-F0-L2	5	sub-21	93	22950.0	0.9706877692486436	1.0
H2	H2-F0-L2	5	sub-21	93	23970.0	0.9706877692486436	1.0
H2	H2-F0-L2	5	sub-21	93	24930.0	0.9706877692486436	1.0
H2	H2-F0-L2	5	sub-21	93	26010.0	0.9706877692486436	1.0
H2	H2-F0-L2	5	sub-21	93	26100.0	0.9706877692486436	1.0
H2	H2-F0-L2	5	sub-21	93	27180.0	0.9706877692486436	1.0
H2	H2-F0-L2	5	sub-21	93	28950.0	0.9706877692486436	1.0
H2	H2-F0-L2	5	sub-21	93	29880.0	0.9706877692486436	1.0
H2	H2-F0-L2	5	sub-21	93	30240.0	0.9706877692486436	1.0
H2	H2-F0-L2	5	sub-24	16	1680.0	0.9706877692486436	1.0
H2	H2-F0-L2	5	sub-24	16	4710.0	0.9706877692486436	1.0
H2	H2-F0-L2	5	sub-24	16	4950.0	0.9706877692486436	1.0
H2	H2-F0-L2	5	sub-24	16	5130.0	0.9706877692486436	1.0
H2	H2-F0-L2	5	sub-24	16	8190.0	0.9706877692486436	1.0
H2	H2-F0-L2	5	sub-24	16	17370.0	0.9706877692486436	1.0
H2	H2-F0-L2	5	sub-24	16	17880.0	0.9706877692486436	1.0
H2	H2-F0-L2	5	sub-24	16	18090.0	0.9706877692486436	1.0
H2	H2-F0-L2	5	sub-24	16	18780.0	0.9706877692486436	1.0
H2	H2-F0-L2	5	sub-24	16	20070.0	0.9706877692486436	1.0
H2	H2-F0-L2	5	sub-24	16	21240.0	0.9706877692486436	1.0
H2	H2-F0-L2	5	sub-24	16	23190.0	0.9706877692486436	1.0
H2	H2-F0-L2	5	sub-24	16	23310.0	0.9706877692486436	1.0
H2	H2-F0-L2	5	sub-24	16	24780.0	0.9706877692486436	1.0
H2	H2-F0-L2	5	sub-24	16	25020.0	0.9706877692486436	1.0
H2	H2-F0-L2	5	sub-24	16	25110.0	0.9706877692486436	1.0
H2	H2-F0-L2	5	sub-24	16	25380.0	0.9706877692486436	1.0
H2	H2-F0-L2	5	sub-24	16	25500.0	0.9706877692486436	1.0
H2	H2-F0-L2	5	sub-24	16	25920.0	0.9706877692486436	1.0
H2	H2-F0-L2	5	sub-24	16	26340.0	0.9706877692486436	1.0
H2	H2-F0-L2	5	sub-24	16	26490.0	0.9706877692486436	1.0
H2	H2-F0-L2	5	sub-38	87	1500.0	0.9706877692486436	1.0
H2	H2-F0-L2	5	sub-38	87	2460.0	0.9706877692486436	1.0
H2	H2-F0-L2	5	sub-38	87	2790.0	0.9706877692486436	1.0
H2	H2-F0-L2	5	sub-38	87	2970.0	0.9706877692486436	1.0
H2	H2-F0-L2	5	sub-38	87	3180.0	0.9706877692486436	1.0
H2	H2-F0-L2	5	sub-38	87	3330.0	0.9706877692486436	1.0
H2	H2-F0-L2	5	sub-38	87	3540.0	0.9706877692486436	1.0
H2	H2-F0-L2	5	sub-38	87	3870.0	0.9706877692486436	1.0
H2	H2-F0-L2	5	sub-38	87	3990.0	0.9706877692486436	1.0
H2	H2-F0-L2	5	sub-38	87	4200.0	0.9706877692486436	1.0
H2	H2-F0-L2	5	sub-38	87	4560.0	0.9706877692486436	1.0
H2	H2-F0-L2	5	sub-38	87	4860.0	0.9706877692486436	1.0
H2	H2-F0-L2	5	sub-38	87	5220.0	0.9706877692486436	1.0
H2	H2-F0-L2	5	sub-38	87	5550.0	0.9706877692486436	1.0
H2	H2-F0-L2	5	sub-38	87	5880.0	0.9706877692486436	1.0
H2	H2-F0-L2	5	sub-38	87	6570.0	0.9706877692486436	1.0
H2	H2-F0-L2	5	sub-38	87	6720.0	0.9706877692486436	1.0
H2	H2-F0-L2	5	sub-38	87	6780.0	0.9706877692486436	1.0
H2	H2-F0-L2	5	sub-38	87	7110.0	0.9706877692486436	1.0
H2	H2-F0-L2	5	sub-38	87	7260.0	0.9706877692486436	1.0
H2	H2-F0-L2	5	sub-38	87	7860.0	0.9706877692486436	1.0
H2	H2-F0-L2	5	sub-38	87	8250.0	0.9706877692486436	1.0
H2	H2-F0-L2	5	sub-38	87	8520.0	0.9706877692486436	1.0
H2	H2-F0-L2	5	sub-38	87	9120.0	0.9706877692486436	1.0
H2	H2-F0-L2	5	sub-38	87	9450.0	0.9706877692486436	1.0
H2	H2-F0-L2	5	sub-38	87	9570.0	0.9706877692486436	1.0
H2	H2-F0-L2	5	sub-38	87	9660.0	0.9706877692486436	1.0
H2	H2-F0-L2	5	sub-38	87	9840.0	0.9706877692486436	1.0
H2	H2-F0-L2	5	sub-38	87	9930.0	0.9706877692486436	1.0
H2	H2-F0-L2	5	sub-38	87	10710.0	0.9706877692486436	1.0
H2	H2-F0-L2	5	sub-38	87	10800.0	0.9706877692486436	1.0
H2	H2-F0-L2	5	sub-38	87	10860.0	0.9706877692486436	1.0
H2	H2-F0-L2	5	sub-38	87	10920.0	0.9706877692486436	1.0
H2	H2-F0-L2	5	sub-38	87	11010.0	0.9706877692486436	1.0
H2	H2-F0-L2	5	sub-38	87	11130.0	0.9706877692486436	1.0
H2	H2-F0-L2	5	sub-38	87	11220.0	0.9706877692486436	1.0
H2	H2-F0-L2	5	sub-38	87	11310.0	0.9706877692486436	1.0
H2	H2-F0-L2	5	sub-38	87	11490.0	0.9706877692486436	1.0
H2	H2-F0-L2	5	sub-38	87	11640.0	0.9706877692486436	1.0
H2	H2-F0-L2	5	sub-38	87	11880.0	0.9706877692486436	1.0
H2	H2-F0-L2	5	sub-38	87	12090.0	0.9706877692486436	1.0
H2	H2-F0-L2	5	sub-38	87	12240.0	0.9706877692486436	1.0
H2	H2-F0-L2	5	sub-38	87	12360.0	0.9706877692486436	1.0
H2	H2-F0-L2	5	sub-38	87	12510.0	0.9706877692486436	1.0
H2	H2-F0-L2	5	sub-38	87	12600.0	0.9706877692486436	1.0
H2	H2-F0-L2	5	sub-38	87	12750.0	0.9706877692486436	1.0
H2	H2-F0-L2	5	sub-38	87	12840.0	0.9706877692486436	1.0
H2	H2-F0-L2	5	sub-38	87	13230.0	0.9706877692486436	1.0
H2	H2-F0-L2	5	sub-38	87	13320.0	0.9706877692486436	1.0
H2	H2-F0-L2	5	sub-38	87	13470.0	0.9706877692486436	1.0
H2	H2-F0-L2	5	sub-38	87	13560.0	0.9706877692486436	1.0
H2	H2-F0-L2	5	sub-38	87	13680.0	0.9706877692486436	1.0
H2	H2-F0-L2	5	sub-38	87	13980.0	0.9706877692486436	1.0
H2	H2-F0-L2	5	sub-38	87	14130.0	0.9706877692486436	1.0
H2	H2-F0-L2	5	sub-38	87	14250.0	0.9706877692486436	1.0
H2	H2-F0-L2	5	sub-38	87	14310.0	0.9706877692486436	1.0
H2	H2-F0-L2	5	sub-38	87	14460.0	0.9706877692486436	1.0
H2	H2-F0-L2	5	sub-38	87	14520.0	0.9706877692486436	1.0
H2	H2-F0-L2	5	sub-38	87	14610.0	0.9706877692486436	1.0
H2	H2-F0-L2	5	sub-38	87	14700.0	0.9706877692486436	1.0
H2	H2-F0-L2	5	sub-38	87	15060.0	0.9706877692486436	1.0
H2	H2-F0-L2	5	sub-38	87	15120.0	0.9706877692486436	1.0
H2	H2-F0-L2	5	sub-38	87	15300.0	0.9706877692486436	1.0
H2	H2-F0-L2	5	sub-38	87	15450.0	0.9706877692486436	1.0
H2	H2-F0-L2	5	sub-38	87	15540.0	0.9706877692486436	1.0
H2	H2-F0-L2	5	sub-38	87	15600.0	0.9706877692486436	1.0
H2	H2-F0-L2	5	sub-38	87	15810.0	0.9706877692486436	1.0
H2	H2-F0-L2	5	sub-38	87	15960.0	0.9706877692486436	1.0
H2	H2-F0-L2	5	sub-38	87	16020.0	0.9706877692486436	1.0
H2	H2-F0-L2	5	sub-38	87	16260.0	0.9706877692486436	1.0
H2	H2-F0-L2	5	sub-38	87	16320.0	0.9706877692486436	1.0
H2	H2-F0-L2	5	sub-38	87	16410.0	0.9706877692486436	1.0
H2	H2-F0-L2	5	sub-38	87	17070.0	0.9706877692486436	1.0
H2	H2-F0-L2	5	sub-38	87	17160.0	0.9706877692486436	1.0
H2	H2-F0-L2	5	sub-38	87	17340.0	0.9706877692486436	1.0
H2	H2-F0-L2	5	sub-38	87	17550.0	0.9706877692486436	1.0
H2	H2-F0-L2	5	sub-38	87	17670.0	0.9706877692486436	1.0
H2	H2-F0-L2	5	sub-38	87	17760.0	0.9706877692486436	1.0
H2	H2-F0-L2	5	sub-38	87	18030.0	0.9706877692486436	1.0
H2	H2-F0-L2	5	sub-38	87	18900.0	0.9706877692486436	1.0
H2	H2-F0-L2	5	sub-38	87	19020.0	0.9706877692486436	1.0
H2	H2-F0-L2	5	sub-38	87	19590.0	0.9706877692486436	1.0
H2	H2-F0-L2	5	sub-38	87	19680.0	0.9706877692486436	1.0
H2	H2-F0-L2	5	sub-38	87	20070.0	0.9706877692486436	1.0
H2	H2-F0-L2	5	sub-38	87	20160.0	0.9706877692486436	1.0
H2	H2-F0-L2	5	sub-38	87	21720.0	0.9706877692486436	1.0
H2	H2-F0-L2	5	sub-38	87	21810.0	0.9706877692486436	1.0
H2	H2-F0-L2	5	sub-38	87	22170.0	0.9706877692486436	1.0
H2	H2-F0-L2	5	sub-38	87	22230.0	0.9706877692486436	1.0
H2	H2-F0-L2	5	sub-38	87	22320.0	0.9706877692486436	1.0
H2	H2-F0-L2	5	sub-38	87	22500.0	0.9706877692486436	1.0
H2	H2-F0-L2	5	sub-38	87	22650.0	0.9706877692486436	1.0
H2	H2-F0-L2	5	sub-38	87	22800.0	0.9706877692486436	1.0
H2	H2-F0-L2	5	sub-38	87	22980.0	0.9706877692486436	1.0
H2	H2-F0-L2	5	sub-38	87	23280.0	0.9706877692486436	1.0
H2	H2-F0-L2	5	sub-38	87	23670.0	0.9706877692486436	1.0
H2	H2-F0-L2	5	sub-38	87	24000.0	0.9706877692486436	1.0
H2	H2-F0-L2	5	sub-38	87	24330.0	0.9706877692486436	1.0
H2	H2-F0-L2	5	sub-38	87	24510.0	0.9706877692486436	1.0
H2	H2-F0-L2	5	sub-38	87	24600.0	0.9706877692486436	1.0
H2	H2-F0-L2	5	sub-38	87	24990.0	0.9706877692486436	1.0
H2	H2-F0-L2	5	sub-38	87	25320.0	0.9706877692486436	1.0
H2	H2-F0-L2	5	sub-43	87	2340.0	0.9706877692486436	1.0
H2	H2-F0-L2	5	sub-43	87	2700.0	0.9706877692486436	1.0
H2	H2-F0-L2	5	sub-43	87	6360.0	0.9706877692486436	1.0
H2	H2-F0-L2	5	sub-43	87	8010.0	0.9706877692486436	1.0
H2	H2-F0-L2	5	sub-43	87	10860.0	0.9706877692486436	1.0
H2	H2-F0-L2	5	sub-43	87	11310.0	0.9706877692486436	1.0
H2	H2-F0-L2	5	sub-47	87	12480.0	0.9706877692486436	1.0
H2	H2-F0-L2	5	sub-49	29	2820.0	0.9706877692486436	1.0
H2	H2-F0-L2	5	sub-49	29	4620.0	0.9706877692486436	1.0
H2	H2-F0-L2	5	sub-49	29	19560.0	0.9706877692486436	1.0
H2	H2-F0-L2	5	sub-49	29	23250.0	0.9706877692486436	1.0
H2	H2-F0-L2	5	sub-49	29	23760.0	0.9706877692486436	1.0
H2	H2-F0-L2	5	sub-49	29	24720.0	0.9706877692486436	1.0
H2	H2-F0-L2	5	sub-49	29	25560.0	0.9706877692486436	1.0
H2	H2-F0-L2	5	sub-49	29	26160.0	0.9706877692486436	1.0
H2	H2-F0-L2	5	sub-49	29	26310.0	0.9706877692486436	1.0
H2	H2-F0-L2	5	sub-69	34	1980.0	0.9706877692486436	1.0
H2	H2-F0-L2	5	sub-69	34	3540.0	0.9706877692486436	1.0
H2	H2-F0-L2	5	sub-69	34	4230.0	0.9706877692486436	1.0
H2	H2-F0-L2	5	sub-69	34	7440.0	0.9706877692486436	1.0
H2	H2-F0-L2	5	sub-69	34	8550.0	0.9706877692486436	1.0
H2	H2-F0-L2	5	sub-69	34	8850.0	0.9706877692486436	1.0
H2	H2-F0-L2	5	sub-69	34	9690.0	0.9706877692486436	1.0
H2	H2-F0-L2	5	sub-69	34	13050.0	0.9706877692486436	1.0
H2	H2-F0-L2	5	sub-69	34	15420.0	0.9706877692486436	1.0
H2	H2-F0-L2	5	sub-69	34	18390.0	0.9706877692486436	1.0
H2	H2-F0-L2	5	sub-69	34	23040.0	0.9706877692486436	1.0
H2	H2-F0-L2	5	sub-69	34	24450.0	0.9706877692486436	1.0
H2	H2-F0-L2	5	sub-69	34	29490.0	0.9706877692486436	1.0
H2	H2-F0-L2	5	sub-71	36	6870.0	0.9706877692486436	1.0
H2	H2-F0-L2	5	sub-71	36	11760.0	0.9706877692486436	1.0
H2	H2-F0-L2	5	sub-71	36	11940.0	0.9706877692486436	1.0
H2	H2-F0-L2	5	sub-71	36	18990.0	0.9706877692486436	1.0
H2	H2-F0-L2	5	sub-71	36	19770.0	0.9706877692486436	1.0
H2	H2-F0-L2	5	sub-71	36	20790.0	0.9706877692486436	1.0
H2	H2-F0-L2	5	sub-71	36	21090.0	0.9706877692486436	1.0
H2	H2-F0-L2	5	sub-71	36	22740.0	0.9706877692486436	1.0
H2	H2-F0-L2	5	sub-71	36	24390.0	0.9706877692486436	1.0
H2	H2-F0-L2	5	sub-71	36	25830.0	0.9706877692486436	1.0
H2	H2-F0-L2	5	sub-71	36	26880.0	0.9706877692486436	1.0
H2	H2-F0-L2	5	sub-71	36	27210.0	0.9706877692486436	1.0
H2	H2-F0-L2	5	sub-71	36	27570.0	0.9706877692486436	1.0
H2	H2-F0-L2	5	sub-71	36	28290.0	0.9706877692486436	1.0
H2	H2-F0-L2	5	sub-71	36	28560.0	0.9706877692486436	1.0
H2	H2-F0-L2	5	sub-71	36	29940.0	0.9706877692486436	1.0
H2	H2-F0-L2	5	sub-71	36	30420.0	0.9706877692486436	1.0
H2	H2-F0-L2	5	sub-71	36	30540.0	0.9706877692486436	1.0
H2	H2-F0-L2	5	sub-71	36	30780.0	0.9706877692486436	1.0
H2	H2-F0-L2	5	sub-71	36	31260.0	0.9706877692486436	1.0
H2	H2-F0-L2	5	sub-71	36	31410.0	0.9706877692486436	1.0
H2	H2-F1-L2	5	sub-104	72	16650.0	0.9770226300899744	1.0
H2	H2-F1-L2	5	sub-115	98	15330.0	0.9770226300899744	1.0
H2	H2-F1-L2	5	sub-116	98	16980.0	0.9770226300899744	1.0
H2	H2-F1-L2	5	sub-116	98	24690.0	0.9770226300899744	1.0
H2	H2-F1-L2	5	sub-117	98	150.0	0.9770226300899744	1.0
H2	H2-F1-L2	5	sub-117	98	1230.0	0.9770226300899744	1.0
H2	H2-F1-L2	5	sub-117	98	1290.0	0.9770226300899744	1.0
H2	H2-F1-L2	5	sub-117	98	1380.0	0.9770226300899744	1.0
H2	H2-F1-L2	5	sub-117	98	1470.0	0.9770226300899744	1.0
H2	H2-F1-L2	5	sub-117	98	1560.0	0.9770226300899744	1.0
H2	H2-F1-L2	5	sub-125	104	12840.0	0.9770226300899744	1.0
H2	H2-F1-L2	5	sub-125	104	12990.0	0.9770226300899744	1.0
H2	H2-F1-L2	5	sub-125	104	13200.0	0.9770226300899744	1.0
H2	H2-F1-L2	5	sub-125	104	17760.0	0.9770226300899744	1.0
H2	H2-F1-L2	5	sub-125	104	23760.0	0.9770226300899744	1.0
H2	H2-F1-L2	5	sub-125	104	23940.0	0.9770226300899744	1.0
H2	H2-F1-L2	5	sub-125	104	24450.0	0.9770226300899744	1.0
H2	H2-F1-L2	5	sub-125	104	27900.0	0.9770226300899744	1.0
H2	H2-F1-L2	5	sub-125	104	29100.0	0.9770226300899744	1.0
H2	H2-F1-L2	5	sub-14	9	300.0	0.9770226300899744	1.0
H2	H2-F1-L2	5	sub-14	9	1140.0	0.9770226300899744	1.0
H2	H2-F1-L2	5	sub-14	9	1380.0	0.9770226300899744	1.0
H2	H2-F1-L2	5	sub-14	9	2790.0	0.9770226300899744	1.0
H2	H2-F1-L2	5	sub-14	9	2880.0	0.9770226300899744	1.0
H2	H2-F1-L2	5	sub-14	9	11010.0	0.9770226300899744	1.0
H2	H2-F1-L2	5	sub-14	9	13890.0	0.9770226300899744	1.0
H2	H2-F1-L2	5	sub-14	9	14070.0	0.9770226300899744	1.0
H2	H2-F1-L2	5	sub-14	9	14670.0	0.9770226300899744	1.0
H2	H2-F1-L2	5	sub-14	9	20430.0	0.9770226300899744	1.0
H2	H2-F1-L2	5	sub-14	9	26940.0	0.9770226300899744	1.0
H2	H2-F1-L2	5	sub-14	9	27540.0	0.9770226300899744	1.0
H2	H2-F1-L2	5	sub-14	9	28500.0	0.9770226300899744	1.0
H2	H2-F1-L2	5	sub-14	9	31950.0	0.9770226300899744	1.0
H2	H2-F1-L2	5	sub-19	93	930.0	0.9770226300899744	1.0
H2	H2-F1-L2	5	sub-19	93	1980.0	0.9770226300899744	1.0
H2	H2-F1-L2	5	sub-19	93	2310.0	0.9770226300899744	1.0
H2	H2-F1-L2	5	sub-19	93	3120.0	0.9770226300899744	1.0
H2	H2-F1-L2	5	sub-19	93	3210.0	0.9770226300899744	1.0
H2	H2-F1-L2	5	sub-19	93	3720.0	0.9770226300899744	1.0
H2	H2-F1-L2	5	sub-19	93	3810.0	0.9770226300899744	1.0
H2	H2-F1-L2	5	sub-19	93	3990.0	0.9770226300899744	1.0
H2	H2-F1-L2	5	sub-19	93	8880.0	0.9770226300899744	1.0
H2	H2-F1-L2	5	sub-19	93	8970.0	0.9770226300899744	1.0
H2	H2-F1-L2	5	sub-19	93	9090.0	0.9770226300899744	1.0
H2	H2-F1-L2	5	sub-19	93	9300.0	0.9770226300899744	1.0
H2	H2-F1-L2	5	sub-19	93	9360.0	0.9770226300899744	1.0
H2	H2-F1-L2	5	sub-19	93	9420.0	0.9770226300899744	1.0
H2	H2-F1-L2	5	sub-19	93	24390.0	0.9770226300899744	1.0
H2	H2-F1-L2	5	sub-19	93	27270.0	0.9770226300899744	1.0
H2	H2-F1-L2	5	sub-19	93	28020.0	0.9770226300899744	1.0
H2	H2-F1-L2	5	sub-19	93	28110.0	0.9770226300899744	1.0
H2	H2-F1-L2	5	sub-19	93	29400.0	0.9770226300899744	1.0
H2	H2-F1-L2	5	sub-19	93	29460.0	0.9770226300899744	1.0
H2	H2-F1-L2	5	sub-19	93	29580.0	0.9770226300899744	1.0
H2	H2-F1-L2	5	sub-20	13	3000.0	0.9770226300899744	1.0
H2	H2-F1-L2	5	sub-20	13	24480.0	0.9770226300899744	1.0
H2	H2-F1-L2	5	sub-20	13	24630.0	0.9770226300899744	1.0
H2	H2-F1-L2	5	sub-20	13	24900.0	0.9770226300899744	1.0
H2	H2-F1-L2	5	sub-20	13	29250.0	0.9770226300899744	1.0
H2	H2-F1-L2	5	sub-20	13	30900.0	0.9770226300899744	1.0
H2	H2-F1-L2	5	sub-20	13	31020.0	0.9770226300899744	1.0
H2	H2-F1-L2	5	sub-21	93	4020.0	0.9770226300899744	1.0
H2	H2-F1-L2	5	sub-21	93	9540.0	0.9770226300899744	1.0
H2	H2-F1-L2	5	sub-21	93	15120.0	0.9770226300899744	1.0
H2	H2-F1-L2	5	sub-21	93	22860.0	0.9770226300899744	1.0
H2	H2-F1-L2	5	sub-21	93	22950.0	0.9770226300899744	1.0
H2	H2-F1-L2	5	sub-21	93	23130.0	0.9770226300899744	1.0
H2	H2-F1-L2	5	sub-21	93	26010.0	0.9770226300899744	1.0
H2	H2-F1-L2	5	sub-21	93	26100.0	0.9770226300899744	1.0
H2	H2-F1-L2	5	sub-21	93	28950.0	0.9770226300899744	1.0
H2	H2-F1-L2	5	sub-21	93	29880.0	0.9770226300899744	1.0
H2	H2-F1-L2	5	sub-24	16	1680.0	0.9770226300899744	1.0
H2	H2-F1-L2	5	sub-24	16	7290.0	0.9770226300899744	1.0
H2	H2-F1-L2	5	sub-24	16	7560.0	0.9770226300899744	1.0
H2	H2-F1-L2	5	sub-24	16	7830.0	0.9770226300899744	1.0
H2	H2-F1-L2	5	sub-24	16	7920.0	0.9770226300899744	1.0
H2	H2-F1-L2	5	sub-24	16	8220.0	0.9770226300899744	1.0
H2	H2-F1-L2	5	sub-24	16	17370.0	0.9770226300899744	1.0
H2	H2-F1-L2	5	sub-24	16	18000.0	0.9770226300899744	1.0
H2	H2-F1-L2	5	sub-24	16	23400.0	0.9770226300899744	1.0
H2	H2-F1-L2	5	sub-24	16	24270.0	0.9770226300899744	1.0
H2	H2-F1-L2	5	sub-24	16	24330.0	0.9770226300899744	1.0
H2	H2-F1-L2	5	sub-24	16	24720.0	0.9770226300899744	1.0
H2	H2-F1-L2	5	sub-24	16	24780.0	0.9770226300899744	1.0
H2	H2-F1-L2	5	sub-24	16	25140.0	0.9770226300899744	1.0
H2	H2-F1-L2	5	sub-24	16	25230.0	0.9770226300899744	1.0
H2	H2-F1-L2	5	sub-24	16	25410.0	0.9770226300899744	1.0
H2	H2-F1-L2	5	sub-24	16	25470.0	0.9770226300899744	1.0
H2	H2-F1-L2	5	sub-24	16	25890.0	0.9770226300899744	1.0
H2	H2-F1-L2	5	sub-24	16	26340.0	0.9770226300899744	1.0
H2	H2-F1-L2	5	sub-24	16	26460.0	0.9770226300899744	1.0
H2	H2-F1-L2	5	sub-38	87	2460.0	0.9770226300899744	1.0
H2	H2-F1-L2	5	sub-38	87	2580.0	0.9770226300899744	1.0
H2	H2-F1-L2	5	sub-38	87	2820.0	0.9770226300899744	1.0
H2	H2-F1-L2	5	sub-38	87	3090.0	0.9770226300899744	1.0
H2	H2-F1-L2	5	sub-38	87	3390.0	0.9770226300899744	1.0
H2	H2-F1-L2	5	sub-38	87	3540.0	0.9770226300899744	1.0
H2	H2-F1-L2	5	sub-38	87	3750.0	0.9770226300899744	1.0
H2	H2-F1-L2	5	sub-38	87	3930.0	0.9770226300899744	1.0
H2	H2-F1-L2	5	sub-38	87	4110.0	0.9770226300899744	1.0
H2	H2-F1-L2	5	sub-38	87	4200.0	0.9770226300899744	1.0
H2	H2-F1-L2	5	sub-38	87	4440.0	0.9770226300899744	1.0
H2	H2-F1-L2	5	sub-38	87	4800.0	0.9770226300899744	1.0
H2	H2-F1-L2	5	sub-38	87	5070.0	0.9770226300899744	1.0
H2	H2-F1-L2	5	sub-38	87	5490.0	0.9770226300899744	1.0
H2	H2-F1-L2	5	sub-38	87	5760.0	0.9770226300899744	1.0
H2	H2-F1-L2	5	sub-38	87	5940.0	0.9770226300899744	1.0
H2	H2-F1-L2	5	sub-38	87	6120.0	0.9770226300899744	1.0
H2	H2-F1-L2	5	sub-38	87	6450.0	0.9770226300899744	1.0
H2	H2-F1-L2	5	sub-38	87	6810.0	0.9770226300899744	1.0
H2	H2-F1-L2	5	sub-38	87	6870.0	0.9770226300899744	1.0
H2	H2-F1-L2	5	sub-38	87	7080.0	0.9770226300899744	1.0
H2	H2-F1-L2	5	sub-38	87	7170.0	0.9770226300899744	1.0
H2	H2-F1-L2	5	sub-38	87	7470.0	0.9770226300899744	1.0
H2	H2-F1-L2	5	sub-38	87	7560.0	0.9770226300899744	1.0
H2	H2-F1-L2	5	sub-38	87	7830.0	0.9770226300899744	1.0
H2	H2-F1-L2	5	sub-38	87	8250.0	0.9770226300899744	1.0
H2	H2-F1-L2	5	sub-38	87	8430.0	0.9770226300899744	1.0
H2	H2-F1-L2	5	sub-38	87	8550.0	0.9770226300899744	1.0
H2	H2-F1-L2	5	sub-38	87	9180.0	0.9770226300899744	1.0
H2	H2-F1-L2	5	sub-38	87	9240.0	0.9770226300899744	1.0
H2	H2-F1-L2	5	sub-38	87	9480.0	0.9770226300899744	1.0
H2	H2-F1-L2	5	sub-38	87	9540.0	0.9770226300899744	1.0
H2	H2-F1-L2	5	sub-38	87	9810.0	0.9770226300899744	1.0
H2	H2-F1-L2	5	sub-38	87	9930.0	0.9770226300899744	1.0
H2	H2-F1-L2	5	sub-38	87	10080.0	0.9770226300899744	1.0
H2	H2-F1-L2	5	sub-38	87	10170.0	0.9770226300899744	1.0
H2	H2-F1-L2	5	sub-38	87	12840.0	0.9770226300899744	1.0
H2	H2-F1-L2	5	sub-38	87	13140.0	0.9770226300899744	1.0
H2	H2-F1-L2	5	sub-38	87	13560.0	0.9770226300899744	1.0
H2	H2-F1-L2	5	sub-38	87	16410.0	0.9770226300899744	1.0
H2	H2-F1-L2	5	sub-38	87	17160.0	0.9770226300899744	1.0
H2	H2-F1-L2	5	sub-38	87	17760.0	0.9770226300899744	1.0
H2	H2-F1-L2	5	sub-38	87	19680.0	0.9770226300899744	1.0
H2	H2-F1-L2	5	sub-38	87	21810.0	0.9770226300899744	1.0
H2	H2-F1-L2	5	sub-38	87	22020.0	0.9770226300899744	1.0
H2	H2-F1-L2	5	sub-38	87	22230.0	0.9770226300899744	1.0
H2	H2-F1-L2	5	sub-38	87	22500.0	0.9770226300899744	1.0
H2	H2-F1-L2	5	sub-38	87	22890.0	0.9770226300899744	1.0
H2	H2-F1-L2	5	sub-38	87	23190.0	0.9770226300899744	1.0
H2	H2-F1-L2	5	sub-38	87	23580.0	0.9770226300899744	1.0
H2	H2-F1-L2	5	sub-38	87	23910.0	0.9770226300899744	1.0
H2	H2-F1-L2	5	sub-38	87	24330.0	0.9770226300899744	1.0
H2	H2-F1-L2	5	sub-38	87	24510.0	0.9770226300899744	1.0
H2	H2-F1-L2	5	sub-38	87	24600.0	0.9770226300899744	1.0
H2	H2-F1-L2	5	sub-38	87	24960.0	0.9770226300899744	1.0
H2	H2-F1-L2	5	sub-38	87	25260.0	0.9770226300899744	1.0
H2	H2-F1-L2	5	sub-43	87	6360.0	0.9770226300899744	1.0
H2	H2-F1-L2	5	sub-43	87	7170.0	0.9770226300899744	1.0
H2	H2-F1-L2	5	sub-43	87	8010.0	0.9770226300899744	1.0
H2	H2-F1-L2	5	sub-43	87	11310.0	0.9770226300899744	1.0
H2	H2-F1-L2	5	sub-47	87	16860.0	0.9770226300899744	1.0
H2	H2-F1-L2	5	sub-47	87	17160.0	0.9770226300899744	1.0
H2	H2-F1-L2	5	sub-49	29	19560.0	0.9770226300899744	1.0
H2	H2-F1-L2	5	sub-49	29	24720.0	0.9770226300899744	1.0
H2	H2-F1-L2	5	sub-49	29	26160.0	0.9770226300899744	1.0
H2	H2-F1-L2	5	sub-49	29	26280.0	0.9770226300899744	1.0
H2	H2-F1-L2	5	sub-69	34	7440.0	0.9770226300899744	1.0
H2	H2-F1-L2	5	sub-69	34	13050.0	0.9770226300899744	1.0
H2	H2-F1-L2	5	sub-69	34	23040.0	0.9770226300899744	1.0
H2	H2-F1-L2	5	sub-71	36	19770.0	0.9770226300899744	1.0
H2	H2-F1-L2	5	sub-71	36	26880.0	0.9770226300899744	1.0
H2	H2-F1-L2	5	sub-71	36	28560.0	0.9770226300899744	1.0
H2	H2-F1-L2	5	sub-71	36	31260.0	0.9770226300899744	1.0
H2	H2-F1-L2	5	sub-71	36	31380.0	0.9770226300899744	1.0
H2	H2-F1-EN	5	sub-116	98	8760.0	0.9525741268224334	0.1
H2	H2-F1-EN	5	sub-116	98	14070.0	0.9525741268224334	0.1
H2	H2-F1-EN	5	sub-116	98	17070.0	0.9525741268224334	0.1
H2	H2-F1-EN	5	sub-125	104	1410.0	0.9525741268224334	0.1
H2	H2-F1-EN	5	sub-125	104	3630.0	0.9525741268224334	0.1
H2	H2-F1-EN	5	sub-125	104	13230.0	0.9525741268224334	0.1
H2	H2-F1-EN	5	sub-125	104	17760.0	0.9525741268224334	0.1
H2	H2-F1-EN	5	sub-125	104	23760.0	0.9525741268224334	0.1
H2	H2-F1-EN	5	sub-125	104	23940.0	0.9525741268224334	0.1
H2	H2-F1-EN	5	sub-125	104	24450.0	0.9525741268224334	0.1
H2	H2-F1-EN	5	sub-14	9	1140.0	0.9525741268224334	0.1
H2	H2-F1-EN	5	sub-14	9	1380.0	0.9525741268224334	0.1
H2	H2-F1-EN	5	sub-14	9	2790.0	0.9525741268224334	0.1
H2	H2-F1-EN	5	sub-14	9	11100.0	0.9525741268224334	0.1
H2	H2-F1-EN	5	sub-14	9	12570.0	0.9525741268224334	0.1
H2	H2-F1-EN	5	sub-14	9	14700.0	0.9525741268224334	0.1
H2	H2-F1-EN	5	sub-14	9	15480.0	0.9525741268224334	0.1
H2	H2-F1-EN	5	sub-14	9	20940.0	0.9525741268224334	0.1
H2	H2-F1-EN	5	sub-14	9	26940.0	0.9525741268224334	0.1
H2	H2-F1-EN	5	sub-14	9	28500.0	0.9525741268224334	0.1
H2	H2-F1-EN	5	sub-14	9	31530.0	0.9525741268224334	0.1
H2	H2-F1-EN	5	sub-14	9	31920.0	0.9525741268224334	0.1
H2	H2-F1-EN	5	sub-19	93	930.0	0.9525741268224334	0.1
H2	H2-F1-EN	5	sub-19	93	1980.0	0.9525741268224334	0.1
H2	H2-F1-EN	5	sub-19	93	2280.0	0.9525741268224334	0.1
H2	H2-F1-EN	5	sub-19	93	3120.0	0.9525741268224334	0.1
H2	H2-F1-EN	5	sub-19	93	3360.0	0.9525741268224334	0.1
H2	H2-F1-EN	5	sub-19	93	3420.0	0.9525741268224334	0.1
H2	H2-F1-EN	5	sub-19	93	3570.0	0.9525741268224334	0.1
H2	H2-F1-EN	5	sub-19	93	3840.0	0.9525741268224334	0.1
H2	H2-F1-EN	5	sub-19	93	4020.0	0.9525741268224334	0.1
H2	H2-F1-EN	5	sub-19	93	4140.0	0.9525741268224334	0.1
H2	H2-F1-EN	5	sub-19	93	8880.0	0.9525741268224334	0.1
H2	H2-F1-EN	5	sub-19	93	9000.0	0.9525741268224334	0.1
H2	H2-F1-EN	5	sub-19	93	13050.0	0.9525741268224334	0.1
H2	H2-F1-EN	5	sub-19	93	24390.0	0.9525741268224334	0.1
H2	H2-F1-EN	5	sub-19	93	27150.0	0.9525741268224334	0.1
H2	H2-F1-EN	5	sub-20	13	3030.0	0.9525741268224334	0.1
H2	H2-F1-EN	5	sub-20	13	12540.0	0.9525741268224334	0.1
H2	H2-F1-EN	5	sub-20	13	19050.0	0.9525741268224334	0.1
H2	H2-F1-EN	5	sub-20	13	24900.0	0.9525741268224334	0.1
H2	H2-F1-EN	5	sub-20	13	29250.0	0.9525741268224334	0.1
H2	H2-F1-EN	5	sub-20	13	30900.0	0.9525741268224334	0.1
H2	H2-F1-EN	5	sub-20	13	31020.0	0.9525741268224334	0.1
H2	H2-F1-EN	5	sub-21	93	3990.0	0.9525741268224334	0.1
H2	H2-F1-EN	5	sub-21	93	5700.0	0.9525741268224334	0.1
H2	H2-F1-EN	5	sub-21	93	9540.0	0.9525741268224334	0.1
H2	H2-F1-EN	5	sub-21	93	10560.0	0.9525741268224334	0.1
H2	H2-F1-EN	5	sub-21	93	13260.0	0.9525741268224334	0.1
H2	H2-F1-EN	5	sub-21	93	13440.0	0.9525741268224334	0.1
H2	H2-F1-EN	5	sub-21	93	15120.0	0.9525741268224334	0.1
H2	H2-F1-EN	5	sub-21	93	17220.0	0.9525741268224334	0.1
H2	H2-F1-EN	5	sub-21	93	22860.0	0.9525741268224334	0.1
H2	H2-F1-EN	5	sub-21	93	22950.0	0.9525741268224334	0.1
H2	H2-F1-EN	5	sub-21	93	24930.0	0.9525741268224334	0.1
H2	H2-F1-EN	5	sub-21	93	26010.0	0.9525741268224334	0.1
H2	H2-F1-EN	5	sub-21	93	26100.0	0.9525741268224334	0.1
H2	H2-F1-EN	5	sub-21	93	28950.0	0.9525741268224334	0.1
H2	H2-F1-EN	5	sub-21	93	29880.0	0.9525741268224334	0.1
H2	H2-F1-EN	5	sub-21	93	30240.0	0.9525741268224334	0.1
H2	H2-F1-EN	5	sub-24	16	4710.0	0.9525741268224334	0.1
H2	H2-F1-EN	5	sub-24	16	5100.0	0.9525741268224334	0.1
H2	H2-F1-EN	5	sub-24	16	8190.0	0.9525741268224334	0.1
H2	H2-F1-EN	5	sub-24	16	17370.0	0.9525741268224334	0.1
H2	H2-F1-EN	5	sub-24	16	17880.0	0.9525741268224334	0.1
H2	H2-F1-EN	5	sub-24	16	18090.0	0.9525741268224334	0.1
H2	H2-F1-EN	5	sub-24	16	18360.0	0.9525741268224334	0.1
H2	H2-F1-EN	5	sub-24	16	18780.0	0.9525741268224334	0.1
H2	H2-F1-EN	5	sub-24	16	19020.0	0.9525741268224334	0.1
H2	H2-F1-EN	5	sub-24	16	21270.0	0.9525741268224334	0.1
H2	H2-F1-EN	5	sub-24	16	23160.0	0.9525741268224334	0.1
H2	H2-F1-EN	5	sub-24	16	23310.0	0.9525741268224334	0.1
H2	H2-F1-EN	5	sub-24	16	24330.0	0.9525741268224334	0.1
H2	H2-F1-EN	5	sub-24	16	24690.0	0.9525741268224334	0.1
H2	H2-F1-EN	5	sub-24	16	24780.0	0.9525741268224334	0.1
H2	H2-F1-EN	5	sub-24	16	25110.0	0.9525741268224334	0.1
H2	H2-F1-EN	5	sub-24	16	25200.0	0.9525741268224334	0.1
H2	H2-F1-EN	5	sub-24	16	25380.0	0.9525741268224334	0.1
H2	H2-F1-EN	5	sub-24	16	26340.0	0.9525741268224334	0.1
H2	H2-F1-EN	5	sub-24	16	26460.0	0.9525741268224334	0.1
H2	H2-F1-EN	5	sub-31	95	20130.0	0.9525741268224334	0.1
H2	H2-F1-EN	5	sub-38	87	2460.0	0.9525741268224334	0.1
H2	H2-F1-EN	5	sub-38	87	2820.0	0.9525741268224334	0.1
H2	H2-F1-EN	5	sub-38	87	9960.0	0.9525741268224334	0.1
H2	H2-F1-EN	5	sub-38	87	10050.0	0.9525741268224334	0.1
H2	H2-F1-EN	5	sub-38	87	12840.0	0.9525741268224334	0.1
H2	H2-F1-EN	5	sub-38	87	13320.0	0.9525741268224334	0.1
H2	H2-F1-EN	5	sub-38	87	16410.0	0.9525741268224334	0.1
H2	H2-F1-EN	5	sub-38	87	17160.0	0.9525741268224334	0.1
H2	H2-F1-EN	5	sub-38	87	17760.0	0.9525741268224334	0.1
H2	H2-F1-EN	5	sub-38	87	19680.0	0.9525741268224334	0.1
H2	H2-F1-EN	5	sub-38	87	21840.0	0.9525741268224334	0.1
H2	H2-F1-EN	5	sub-38	87	21900.0	0.9525741268224334	0.1
H2	H2-F1-EN	5	sub-38	87	24600.0	0.9525741268224334	0.1
H2	H2-F1-EN	5	sub-43	87	2340.0	0.9525741268224334	0.1
H2	H2-F1-EN	5	sub-43	87	6360.0	0.9525741268224334	0.1
H2	H2-F1-EN	5	sub-43	87	7170.0	0.9525741268224334	0.1
H2	H2-F1-EN	5	sub-43	87	8010.0	0.9525741268224334	0.1
H2	H2-F1-EN	5	sub-43	87	11310.0	0.9525741268224334	0.1
H2	H2-F1-EN	5	sub-47	87	12480.0	0.9525741268224334	0.1
H2	H2-F1-EN	5	sub-49	29	19560.0	0.9525741268224334	0.1
H2	H2-F1-EN	5	sub-49	29	24720.0	0.9525741268224334	0.1
H2	H2-F1-EN	5	sub-49	29	26160.0	0.9525741268224334	0.1
H2	H2-F1-EN	5	sub-49	29	26280.0	0.9525741268224334	0.1
H2	H2-F1-EN	5	sub-69	34	1980.0	0.9525741268224334	0.1
H2	H2-F1-EN	5	sub-69	34	3540.0	0.9525741268224334	0.1
H2	H2-F1-EN	5	sub-69	34	7440.0	0.9525741268224334	0.1
H2	H2-F1-EN	5	sub-69	34	8850.0	0.9525741268224334	0.1
H2	H2-F1-EN	5	sub-69	34	9690.0	0.9525741268224334	0.1
H2	H2-F1-EN	5	sub-69	34	13050.0	0.9525741268224334	0.1
H2	H2-F1-EN	5	sub-69	34	18390.0	0.9525741268224334	0.1
H2	H2-F1-EN	5	sub-69	34	23040.0	0.9525741268224334	0.1
H2	H2-F1-EN	5	sub-71	36	3330.0	0.9525741268224334	0.1
H2	H2-F1-EN	5	sub-71	36	19770.0	0.9525741268224334	0.1
H2	H2-F1-EN	5	sub-71	36	21090.0	0.9525741268224334	0.1
H2	H2-F1-EN	5	sub-71	36	22740.0	0.9525741268224334	0.1
H2	H2-F1-EN	5	sub-71	36	26880.0	0.9525741268224334	0.1
H2	H2-F1-EN	5	sub-71	36	27210.0	0.9525741268224334	0.1
H2	H2-F1-EN	5	sub-71	36	27570.0	0.9525741268224334	0.1
H2	H2-F1-EN	5	sub-71	36	28560.0	0.9525741268224334	0.1
H2	H2-F1-EN	5	sub-71	36	30780.0	0.9525741268224334	0.1
H2	H2-F1-EN	5	sub-71	36	31260.0	0.9525741268224334	0.1
H2	H2-F1-EN	5	sub-71	36	31380.0	0.9525741268224334	0.1
