candidate	partition	membership	tolerance_sec	alarm_budget_per_hour	pid	recordings	reference_events	predicted_events	true_positive	false_positive	false_negative	ignored_predictions	supported_hours	precision	recall	f1	false_alarms_per_hour
RISK-BAL	train_nested_oof	expanded	15.0	0.1	1	1	5	0	0	0	5	0	8.25		0.0	0.0	0.0
RISK-BAL	train_nested_oof	expanded	15.0	0.1	6	1	0	0	0	0	0	0	3.35				0.0
RISK-BAL	train_nested_oof	expanded	15.0	0.1	8	1	2	0	0	0	2	0	8.083333333333334		0.0	0.0	0.0
RISK-BAL	train_nested_oof	expanded	15.0	0.1	9	1	3	0	0	0	3	0	8.725		0.0	0.0	0.0
RISK-BAL	train_nested_oof	expanded	15.0	0.1	10	1	3	0	0	0	3	0	8.991666666666667		0.0	0.0	0.0
RISK-BAL	train_nested_oof	expanded	15.0	0.1	11	1	7	0	0	0	7	0	8.408333333333333		0.0	0.0	0.0
RISK-BAL	train_nested_oof	expanded	15.0	0.1	13	1	2	0	0	0	2	0	8.675		0.0	0.0	0.0
RISK-BAL	train_nested_oof	expanded	15.0	0.1	14	1	2	0	0	0	2	0	8.558333333333334		0.0	0.0	0.0
RISK-BAL	train_nested_oof	expanded	15.0	0.1	16	1	2	0	0	0	2	0	7.716666666666667		0.0	0.0	0.0
RISK-BAL	train_nested_oof	expanded	15.0	0.1	19	1	3	0	0	0	3	0	7.875		0.0	0.0	0.0
RISK-BAL	train_nested_oof	expanded	15.0	0.1	20	1	1	0	0	0	1	0	7.1		0.0	0.0	0.0
RISK-BAL	train_nested_oof	expanded	15.0	0.1	21	1	3	0	0	0	3	0	9.175		0.0	0.0	0.0
RISK-BAL	train_nested_oof	expanded	15.0	0.1	24	1	1	0	0	0	1	0	6.716666666666667		0.0	0.0	0.0
RISK-BAL	train_nested_oof	expanded	15.0	0.1	29	1	2	0	0	0	2	0	7.458333333333333		0.0	0.0	0.0
RISK-BAL	train_nested_oof	expanded	15.0	0.1	31	1	3	0	0	0	3	0	7.633333333333334		0.0	0.0	0.0
RISK-BAL	train_nested_oof	expanded	15.0	0.1	32	1	6	0	0	0	6	0	7.641666666666667		0.0	0.0	0.0
RISK-BAL	train_nested_oof	expanded	15.0	0.1	33	1	2	0	0	0	2	0	7.041666666666667		0.0	0.0	0.0
RISK-BAL	train_nested_oof	expanded	15.0	0.1	34	1	1	0	0	0	1	0	8.3		0.0	0.0	0.0
RISK-BAL	train_nested_oof	expanded	15.0	0.1	35	1	2	0	0	0	2	0	7.225		0.0	0.0	0.0
RISK-BAL	train_nested_oof	expanded	15.0	0.1	36	1	3	0	0	0	3	0	9.225		0.0	0.0	0.0
RISK-BAL	train_nested_oof	expanded	15.0	0.1	38	1	1	0	0	0	1	0	6.858333333333333		0.0	0.0	0.0
RISK-BAL	train_nested_oof	expanded	15.0	0.1	39	1	2	0	0	0	2	0	8.016666666666667		0.0	0.0	0.0
RISK-BAL	train_nested_oof	expanded	15.0	0.1	42	1	2	0	0	0	2	0	8.925		0.0	0.0	0.0
RISK-BAL	train_nested_oof	expanded	15.0	0.1	43	1	2	0	0	0	2	0	7.275		0.0	0.0	0.0
RISK-BAL	train_nested_oof	expanded	15.0	0.1	45	1	0	0	0	0	0	0	6.775				0.0
RISK-BAL	train_nested_oof	expanded	15.0	0.1	46	1	8	0	0	0	8	0	7.483333333333333		0.0	0.0	0.0
RISK-BAL	train_nested_oof	expanded	15.0	0.1	50	1	1	0	0	0	1	0	7.375		0.0	0.0	0.0
RISK-BAL	train_nested_oof	expanded	15.0	0.1	51	1	1	0	0	0	1	0	8.416666666666666		0.0	0.0	0.0
RISK-BAL	train_nested_oof	expanded	15.0	0.1	53	1	0	0	0	0	0	0	7.808333333333334				0.0
RISK-BAL	train_nested_oof	expanded	15.0	0.1	54	1	2	0	0	0	2	0	7.916666666666667		0.0	0.0	0.0
RISK-BAL	train_nested_oof	expanded	15.0	0.1	58	1	5	0	0	0	5	0	8.45		0.0	0.0	0.0
RISK-BAL	train_nested_oof	expanded	15.0	0.1	59	1	3	0	0	0	3	0	8.175		0.0	0.0	0.0
RISK-BAL	train_nested_oof	expanded	15.0	0.1	60	1	3	0	0	0	3	0	7.258333333333334		0.0	0.0	0.0
RISK-BAL	train_nested_oof	expanded	15.0	0.1	61	1	2	0	0	0	2	0	8.316666666666666		0.0	0.0	0.0
RISK-BAL	train_nested_oof	expanded	15.0	0.1	62	1	6	0	0	0	6	0	8.133333333333333		0.0	0.0	0.0
RISK-BAL	train_nested_oof	expanded	15.0	0.1	63	1	4	0	0	0	4	0	8.033333333333333		0.0	0.0	0.0
RISK-BAL	train_nested_oof	expanded	15.0	0.1	65	1	7	0	0	0	7	0	7.45		0.0	0.0	0.0
RISK-BAL	train_nested_oof	expanded	15.0	0.1	66	1	0	0	0	0	0	0	8.708333333333334				0.0
RISK-BAL	train_nested_oof	expanded	15.0	0.1	67	1	5	0	0	0	5	0	8.241666666666667		0.0	0.0	0.0
RISK-BAL	train_nested_oof	expanded	15.0	0.1	68	1	5	0	0	0	5	0	7.733333333333333		0.0	0.0	0.0
RISK-BAL	train_nested_oof	expanded	15.0	0.1	71	1	0	0	0	0	0	0	7.091666666666667				0.0
RISK-BAL	train_nested_oof	expanded	15.0	0.1	72	1	2	0	0	0	2	0	6.933333333333334		0.0	0.0	0.0
RISK-BAL	train_nested_oof	expanded	15.0	0.1	75	1	1	0	0	0	1	0	7.875		0.0	0.0	0.0
RISK-BAL	train_nested_oof	expanded	15.0	0.1	76	1	2	0	0	0	2	0	8.058333333333334		0.0	0.0	0.0
RISK-BAL	train_nested_oof	expanded	15.0	0.1	78	2	10	0	0	0	10	0	16.241666666666667		0.0	0.0	0.0
RISK-BAL	train_nested_oof	expanded	15.0	0.1	79	2	10	0	0	0	10	0	16.35		0.0	0.0	0.0
RISK-BAL	train_nested_oof	expanded	15.0	0.1	80	2	2	0	0	0	2	0	15.274999999999999		0.0	0.0	0.0
RISK-BAL	train_nested_oof	expanded	15.0	0.1	81	2	2	0	0	0	2	0	14.666666666666668		0.0	0.0	0.0
RISK-BAL	train_nested_oof	expanded	15.0	0.1	82	2	4	0	0	0	4	0	16.066666666666666		0.0	0.0	0.0
RISK-BAL	train_nested_oof	expanded	15.0	0.1	84	3	20	0	0	0	20	0	22.03333333333333		0.0	0.0	0.0
RISK-BAL	train_nested_oof	expanded	15.0	0.1	85	1	1	0	0	0	1	0	7.383333333333334		0.0	0.0	0.0
RISK-BAL	train_nested_oof	expanded	15.0	0.1	87	3	1	0	0	0	1	0	20.333333333333336		0.0	0.0	0.0
RISK-BAL	train_nested_oof	expanded	15.0	0.1	91	2	0	0	0	0	0	0	16.46666666666667				0.0
RISK-BAL	train_nested_oof	expanded	15.0	0.1	92	2	20	0	0	0	20	0	16.325000000000003		0.0	0.0	0.0
RISK-BAL	train_nested_oof	expanded	15.0	0.1	93	2	3	0	0	0	3	0	17.008333333333333		0.0	0.0	0.0
RISK-BAL	train_nested_oof	expanded	15.0	0.1	94	1	3	0	0	0	3	0	6.891666666666667		0.0	0.0	0.0
RISK-BAL	train_nested_oof	expanded	15.0	0.1	95	1	0	0	0	0	0	0	7.025				0.0
RISK-BAL	train_nested_oof	expanded	15.0	0.1	96	3	14	0	0	0	14	0	22.8		0.0	0.0	0.0
RISK-BAL	train_nested_oof	expanded	15.0	0.1	98	3	8	0	0	0	8	0	20.616666666666667		0.0	0.0	0.0
RISK-BAL	train_nested_oof	expanded	15.0	0.1	99	3	7	0	0	0	7	0	21.2		0.0	0.0	0.0
RISK-BAL	train_nested_oof	expanded	15.0	0.1	100	1	1	0	0	0	1	0	7.383333333333334		0.0	0.0	0.0
RISK-BAL	train_nested_oof	expanded	15.0	0.1	101	1	0	0	0	0	0	0	7.241666666666666				0.0
RISK-BAL	train_nested_oof	expanded	15.0	0.1	104	1	3	0	0	0	3	0	8.008333333333333		0.0	0.0	0.0
RISK-BAL	train_nested_oof	expanded	15.0	0.1	108	1	1	0	0	0	1	0	6.716666666666667		0.0	0.0	0.0
RISK-BAL	train_nested_oof	expanded	45.0	0.1	1	1	5	0	0	0	5	0	8.25		0.0	0.0	0.0
RISK-BAL	train_nested_oof	expanded	45.0	0.1	6	1	0	0	0	0	0	0	3.35				0.0
RISK-BAL	train_nested_oof	expanded	45.0	0.1	8	1	2	0	0	0	2	0	8.083333333333334		0.0	0.0	0.0
RISK-BAL	train_nested_oof	expanded	45.0	0.1	9	1	3	0	0	0	3	0	8.725		0.0	0.0	0.0
RISK-BAL	train_nested_oof	expanded	45.0	0.1	10	1	3	0	0	0	3	0	8.991666666666667		0.0	0.0	0.0
RISK-BAL	train_nested_oof	expanded	45.0	0.1	11	1	7	0	0	0	7	0	8.408333333333333		0.0	0.0	0.0
RISK-BAL	train_nested_oof	expanded	45.0	0.1	13	1	2	0	0	0	2	0	8.675		0.0	0.0	0.0
RISK-BAL	train_nested_oof	expanded	45.0	0.1	14	1	2	0	0	0	2	0	8.558333333333334		0.0	0.0	0.0
RISK-BAL	train_nested_oof	expanded	45.0	0.1	16	1	2	0	0	0	2	0	7.716666666666667		0.0	0.0	0.0
RISK-BAL	train_nested_oof	expanded	45.0	0.1	19	1	3	0	0	0	3	0	7.875		0.0	0.0	0.0
RISK-BAL	train_nested_oof	expanded	45.0	0.1	20	1	1	0	0	0	1	0	7.1		0.0	0.0	0.0
RISK-BAL	train_nested_oof	expanded	45.0	0.1	21	1	3	0	0	0	3	0	9.175		0.0	0.0	0.0
RISK-BAL	train_nested_oof	expanded	45.0	0.1	24	1	1	0	0	0	1	0	6.716666666666667		0.0	0.0	0.0
RISK-BAL	train_nested_oof	expanded	45.0	0.1	29	1	2	0	0	0	2	0	7.458333333333333		0.0	0.0	0.0
RISK-BAL	train_nested_oof	expanded	45.0	0.1	31	1	3	0	0	0	3	0	7.633333333333334		0.0	0.0	0.0
RISK-BAL	train_nested_oof	expanded	45.0	0.1	32	1	6	0	0	0	6	0	7.641666666666667		0.0	0.0	0.0
RISK-BAL	train_nested_oof	expanded	45.0	0.1	33	1	2	0	0	0	2	0	7.041666666666667		0.0	0.0	0.0
RISK-BAL	train_nested_oof	expanded	45.0	0.1	34	1	1	0	0	0	1	0	8.3		0.0	0.0	0.0
RISK-BAL	train_nested_oof	expanded	45.0	0.1	35	1	2	0	0	0	2	0	7.225		0.0	0.0	0.0
RISK-BAL	train_nested_oof	expanded	45.0	0.1	36	1	3	0	0	0	3	0	9.225		0.0	0.0	0.0
RISK-BAL	train_nested_oof	expanded	45.0	0.1	38	1	1	0	0	0	1	0	6.858333333333333		0.0	0.0	0.0
RISK-BAL	train_nested_oof	expanded	45.0	0.1	39	1	2	0	0	0	2	0	8.016666666666667		0.0	0.0	0.0
RISK-BAL	train_nested_oof	expanded	45.0	0.1	42	1	2	0	0	0	2	0	8.925		0.0	0.0	0.0
RISK-BAL	train_nested_oof	expanded	45.0	0.1	43	1	2	0	0	0	2	0	7.275		0.0	0.0	0.0
RISK-BAL	train_nested_oof	expanded	45.0	0.1	45	1	0	0	0	0	0	0	6.775				0.0
RISK-BAL	train_nested_oof	expanded	45.0	0.1	46	1	8	0	0	0	8	0	7.483333333333333		0.0	0.0	0.0
RISK-BAL	train_nested_oof	expanded	45.0	0.1	50	1	1	0	0	0	1	0	7.375		0.0	0.0	0.0
RISK-BAL	train_nested_oof	expanded	45.0	0.1	51	1	1	0	0	0	1	0	8.416666666666666		0.0	0.0	0.0
RISK-BAL	train_nested_oof	expanded	45.0	0.1	53	1	0	0	0	0	0	0	7.808333333333334				0.0
RISK-BAL	train_nested_oof	expanded	45.0	0.1	54	1	2	0	0	0	2	0	7.916666666666667		0.0	0.0	0.0
RISK-BAL	train_nested_oof	expanded	45.0	0.1	58	1	5	0	0	0	5	0	8.45		0.0	0.0	0.0
RISK-BAL	train_nested_oof	expanded	45.0	0.1	59	1	3	0	0	0	3	0	8.175		0.0	0.0	0.0
RISK-BAL	train_nested_oof	expanded	45.0	0.1	60	1	3	0	0	0	3	0	7.258333333333334		0.0	0.0	0.0
RISK-BAL	train_nested_oof	expanded	45.0	0.1	61	1	2	0	0	0	2	0	8.316666666666666		0.0	0.0	0.0
RISK-BAL	train_nested_oof	expanded	45.0	0.1	62	1	6	0	0	0	6	0	8.133333333333333		0.0	0.0	0.0
RISK-BAL	train_nested_oof	expanded	45.0	0.1	63	1	4	0	0	0	4	0	8.033333333333333		0.0	0.0	0.0
RISK-BAL	train_nested_oof	expanded	45.0	0.1	65	1	7	0	0	0	7	0	7.45		0.0	0.0	0.0
RISK-BAL	train_nested_oof	expanded	45.0	0.1	66	1	0	0	0	0	0	0	8.708333333333334				0.0
RISK-BAL	train_nested_oof	expanded	45.0	0.1	67	1	5	0	0	0	5	0	8.241666666666667		0.0	0.0	0.0
RISK-BAL	train_nested_oof	expanded	45.0	0.1	68	1	5	0	0	0	5	0	7.733333333333333		0.0	0.0	0.0
RISK-BAL	train_nested_oof	expanded	45.0	0.1	71	1	0	0	0	0	0	0	7.091666666666667				0.0
RISK-BAL	train_nested_oof	expanded	45.0	0.1	72	1	2	0	0	0	2	0	6.933333333333334		0.0	0.0	0.0
RISK-BAL	train_nested_oof	expanded	45.0	0.1	75	1	1	0	0	0	1	0	7.875		0.0	0.0	0.0
RISK-BAL	train_nested_oof	expanded	45.0	0.1	76	1	2	0	0	0	2	0	8.058333333333334		0.0	0.0	0.0
RISK-BAL	train_nested_oof	expanded	45.0	0.1	78	2	10	0	0	0	10	0	16.241666666666667		0.0	0.0	0.0
RISK-BAL	train_nested_oof	expanded	45.0	0.1	79	2	10	0	0	0	10	0	16.35		0.0	0.0	0.0
RISK-BAL	train_nested_oof	expanded	45.0	0.1	80	2	2	0	0	0	2	0	15.274999999999999		0.0	0.0	0.0
RISK-BAL	train_nested_oof	expanded	45.0	0.1	81	2	2	0	0	0	2	0	14.666666666666668		0.0	0.0	0.0
RISK-BAL	train_nested_oof	expanded	45.0	0.1	82	2	4	0	0	0	4	0	16.066666666666666		0.0	0.0	0.0
RISK-BAL	train_nested_oof	expanded	45.0	0.1	84	3	20	0	0	0	20	0	22.03333333333333		0.0	0.0	0.0
RISK-BAL	train_nested_oof	expanded	45.0	0.1	85	1	1	0	0	0	1	0	7.383333333333334		0.0	0.0	0.0
RISK-BAL	train_nested_oof	expanded	45.0	0.1	87	3	1	0	0	0	1	0	20.333333333333336		0.0	0.0	0.0
RISK-BAL	train_nested_oof	expanded	45.0	0.1	91	2	0	0	0	0	0	0	16.46666666666667				0.0
RISK-BAL	train_nested_oof	expanded	45.0	0.1	92	2	20	0	0	0	20	0	16.325000000000003		0.0	0.0	0.0
RISK-BAL	train_nested_oof	expanded	45.0	0.1	93	2	3	0	0	0	3	0	17.008333333333333		0.0	0.0	0.0
RISK-BAL	train_nested_oof	expanded	45.0	0.1	94	1	3	0	0	0	3	0	6.891666666666667		0.0	0.0	0.0
RISK-BAL	train_nested_oof	expanded	45.0	0.1	95	1	0	0	0	0	0	0	7.025				0.0
RISK-BAL	train_nested_oof	expanded	45.0	0.1	96	3	14	0	0	0	14	0	22.8		0.0	0.0	0.0
RISK-BAL	train_nested_oof	expanded	45.0	0.1	98	3	8	0	0	0	8	0	20.616666666666667		0.0	0.0	0.0
RISK-BAL	train_nested_oof	expanded	45.0	0.1	99	3	7	0	0	0	7	0	21.2		0.0	0.0	0.0
RISK-BAL	train_nested_oof	expanded	45.0	0.1	100	1	1	0	0	0	1	0	7.383333333333334		0.0	0.0	0.0
RISK-BAL	train_nested_oof	expanded	45.0	0.1	101	1	0	0	0	0	0	0	7.241666666666666				0.0
RISK-BAL	train_nested_oof	expanded	45.0	0.1	104	1	3	0	0	0	3	0	8.008333333333333		0.0	0.0	0.0
RISK-BAL	train_nested_oof	expanded	45.0	0.1	108	1	1	0	0	0	1	0	6.716666666666667		0.0	0.0	0.0
RISK-BAL	train_nested_oof	primary	15.0	0.1	1	1	4	0	0	0	4	0	8.25		0.0	0.0	0.0
RISK-BAL	train_nested_oof	primary	15.0	0.1	6	1	0	0	0	0	0	0	3.35				0.0
RISK-BAL	train_nested_oof	primary	15.0	0.1	8	1	0	0	0	0	0	0	8.083333333333334				0.0
RISK-BAL	train_nested_oof	primary	15.0	0.1	9	1	3	0	0	0	3	0	8.725		0.0	0.0	0.0
RISK-BAL	train_nested_oof	primary	15.0	0.1	10	1	3	0	0	0	3	0	8.991666666666667		0.0	0.0	0.0
RISK-BAL	train_nested_oof	primary	15.0	0.1	11	1	6	0	0	0	6	0	8.408333333333333		0.0	0.0	0.0
RISK-BAL	train_nested_oof	primary	15.0	0.1	13	1	2	0	0	0	2	0	8.675		0.0	0.0	0.0
RISK-BAL	train_nested_oof	primary	15.0	0.1	14	1	1	0	0	0	1	0	8.558333333333334		0.0	0.0	0.0
RISK-BAL	train_nested_oof	primary	15.0	0.1	16	1	2	0	0	0	2	0	7.716666666666667		0.0	0.0	0.0
RISK-BAL	train_nested_oof	primary	15.0	0.1	19	1	3	0	0	0	3	0	7.875		0.0	0.0	0.0
RISK-BAL	train_nested_oof	primary	15.0	0.1	20	1	1	0	0	0	1	0	7.1		0.0	0.0	0.0
RISK-BAL	train_nested_oof	primary	15.0	0.1	21	1	0	0	0	0	0	0	9.175				0.0
RISK-BAL	train_nested_oof	primary	15.0	0.1	24	1	1	0	0	0	1	0	6.716666666666667		0.0	0.0	0.0
RISK-BAL	train_nested_oof	primary	15.0	0.1	29	1	2	0	0	0	2	0	7.458333333333333		0.0	0.0	0.0
RISK-BAL	train_nested_oof	primary	15.0	0.1	31	1	3	0	0	0	3	0	7.633333333333334		0.0	0.0	0.0
RISK-BAL	train_nested_oof	primary	15.0	0.1	32	1	5	0	0	0	5	0	7.641666666666667		0.0	0.0	0.0
RISK-BAL	train_nested_oof	primary	15.0	0.1	33	1	2	0	0	0	2	0	7.041666666666667		0.0	0.0	0.0
RISK-BAL	train_nested_oof	primary	15.0	0.1	34	1	0	0	0	0	0	0	8.3				0.0
RISK-BAL	train_nested_oof	primary	15.0	0.1	35	1	2	0	0	0	2	0	7.225		0.0	0.0	0.0
RISK-BAL	train_nested_oof	primary	15.0	0.1	36	1	3	0	0	0	3	0	9.225		0.0	0.0	0.0
RISK-BAL	train_nested_oof	primary	15.0	0.1	38	1	1	0	0	0	1	0	6.858333333333333		0.0	0.0	0.0
RISK-BAL	train_nested_oof	primary	15.0	0.1	39	1	2	0	0	0	2	0	8.016666666666667		0.0	0.0	0.0
RISK-BAL	train_nested_oof	primary	15.0	0.1	42	1	0	0	0	0	0	0	8.925				0.0
RISK-BAL	train_nested_oof	primary	15.0	0.1	43	1	2	0	0	0	2	0	7.275		0.0	0.0	0.0
RISK-BAL	train_nested_oof	primary	15.0	0.1	45	1	0	0	0	0	0	0	6.775				0.0
RISK-BAL	train_nested_oof	primary	15.0	0.1	46	1	5	0	0	0	5	0	7.483333333333333		0.0	0.0	0.0
RISK-BAL	train_nested_oof	primary	15.0	0.1	50	1	1	0	0	0	1	0	7.375		0.0	0.0	0.0
RISK-BAL	train_nested_oof	primary	15.0	0.1	51	1	1	0	0	0	1	0	8.416666666666666		0.0	0.0	0.0
RISK-BAL	train_nested_oof	primary	15.0	0.1	53	1	0	0	0	0	0	0	7.808333333333334				0.0
RISK-BAL	train_nested_oof	primary	15.0	0.1	54	1	1	0	0	0	1	0	7.916666666666667		0.0	0.0	0.0
RISK-BAL	train_nested_oof	primary	15.0	0.1	58	1	5	0	0	0	5	0	8.45		0.0	0.0	0.0
RISK-BAL	train_nested_oof	primary	15.0	0.1	59	1	3	0	0	0	3	0	8.175		0.0	0.0	0.0
RISK-BAL	train_nested_oof	primary	15.0	0.1	60	1	3	0	0	0	3	0	7.258333333333334		0.0	0.0	0.0
RISK-BAL	train_nested_oof	primary	15.0	0.1	61	1	0	0	0	0	0	0	8.316666666666666				0.0
RISK-BAL	train_nested_oof	primary	15.0	0.1	62	1	4	0	0	0	4	0	8.133333333333333		0.0	0.0	0.0
RISK-BAL	train_nested_oof	primary	15.0	0.1	63	1	4	0	0	0	4	0	8.033333333333333		0.0	0.0	0.0
RISK-BAL	train_nested_oof	primary	15.0	0.1	65	1	7	0	0	0	7	0	7.45		0.0	0.0	0.0
RISK-BAL	train_nested_oof	primary	15.0	0.1	66	1	0	0	0	0	0	0	8.708333333333334				0.0
RISK-BAL	train_nested_oof	primary	15.0	0.1	67	1	4	0	0	0	4	0	8.241666666666667		0.0	0.0	0.0
RISK-BAL	train_nested_oof	primary	15.0	0.1	68	1	5	0	0	0	5	0	7.733333333333333		0.0	0.0	0.0
RISK-BAL	train_nested_oof	primary	15.0	0.1	71	1	0	0	0	0	0	0	7.091666666666667				0.0
RISK-BAL	train_nested_oof	primary	15.0	0.1	72	1	1	0	0	0	1	0	6.933333333333334		0.0	0.0	0.0
RISK-BAL	train_nested_oof	primary	15.0	0.1	75	1	1	0	0	0	1	0	7.875		0.0	0.0	0.0
RISK-BAL	train_nested_oof	primary	15.0	0.1	76	1	1	0	0	0	1	0	8.058333333333334		0.0	0.0	0.0
RISK-BAL	train_nested_oof	primary	15.0	0.1	78	2	7	0	0	0	7	0	16.241666666666667		0.0	0.0	0.0
RISK-BAL	train_nested_oof	primary	15.0	0.1	79	2	4	0	0	0	4	0	16.35		0.0	0.0	0.0
RISK-BAL	train_nested_oof	primary	15.0	0.1	80	2	2	0	0	0	2	0	15.274999999999999		0.0	0.0	0.0
RISK-BAL	train_nested_oof	primary	15.0	0.1	81	2	1	0	0	0	1	0	14.666666666666668		0.0	0.0	0.0
RISK-BAL	train_nested_oof	primary	15.0	0.1	82	2	4	0	0	0	4	0	16.066666666666666		0.0	0.0	0.0
RISK-BAL	train_nested_oof	primary	15.0	0.1	84	3	20	0	0	0	20	0	22.03333333333333		0.0	0.0	0.0
RISK-BAL	train_nested_oof	primary	15.0	0.1	85	1	0	0	0	0	0	0	7.383333333333334				0.0
RISK-BAL	train_nested_oof	primary	15.0	0.1	87	3	0	0	0	0	0	0	20.333333333333336				0.0
RISK-BAL	train_nested_oof	primary	15.0	0.1	91	2	0	0	0	0	0	0	16.46666666666667				0.0
RISK-BAL	train_nested_oof	primary	15.0	0.1	92	2	19	0	0	0	19	0	16.325000000000003		0.0	0.0	0.0
RISK-BAL	train_nested_oof	primary	15.0	0.1	93	2	0	0	0	0	0	0	17.008333333333333				0.0
RISK-BAL	train_nested_oof	primary	15.0	0.1	94	1	2	0	0	0	2	0	6.891666666666667		0.0	0.0	0.0
RISK-BAL	train_nested_oof	primary	15.0	0.1	95	1	0	0	0	0	0	0	7.025				0.0
RISK-BAL	train_nested_oof	primary	15.0	0.1	96	3	10	0	0	0	10	0	22.8		0.0	0.0	0.0
RISK-BAL	train_nested_oof	primary	15.0	0.1	98	3	6	0	0	0	6	0	20.616666666666667		0.0	0.0	0.0
RISK-BAL	train_nested_oof	primary	15.0	0.1	99	3	7	0	0	0	7	0	21.2		0.0	0.0	0.0
RISK-BAL	train_nested_oof	primary	15.0	0.1	100	1	0	0	0	0	0	0	7.383333333333334				0.0
RISK-BAL	train_nested_oof	primary	15.0	0.1	101	1	0	0	0	0	0	0	7.241666666666666				0.0
RISK-BAL	train_nested_oof	primary	15.0	0.1	104	1	3	0	0	0	3	0	8.008333333333333		0.0	0.0	0.0
RISK-BAL	train_nested_oof	primary	15.0	0.1	108	1	1	0	0	0	1	0	6.716666666666667		0.0	0.0	0.0
RISK-BAL	train_nested_oof	primary	45.0	0.1	1	1	4	0	0	0	4	0	8.25		0.0	0.0	0.0
RISK-BAL	train_nested_oof	primary	45.0	0.1	6	1	0	0	0	0	0	0	3.35				0.0
RISK-BAL	train_nested_oof	primary	45.0	0.1	8	1	0	0	0	0	0	0	8.083333333333334				0.0
RISK-BAL	train_nested_oof	primary	45.0	0.1	9	1	3	0	0	0	3	0	8.725		0.0	0.0	0.0
RISK-BAL	train_nested_oof	primary	45.0	0.1	10	1	3	0	0	0	3	0	8.991666666666667		0.0	0.0	0.0
RISK-BAL	train_nested_oof	primary	45.0	0.1	11	1	6	0	0	0	6	0	8.408333333333333		0.0	0.0	0.0
RISK-BAL	train_nested_oof	primary	45.0	0.1	13	1	2	0	0	0	2	0	8.675		0.0	0.0	0.0
RISK-BAL	train_nested_oof	primary	45.0	0.1	14	1	1	0	0	0	1	0	8.558333333333334		0.0	0.0	0.0
RISK-BAL	train_nested_oof	primary	45.0	0.1	16	1	2	0	0	0	2	0	7.716666666666667		0.0	0.0	0.0
RISK-BAL	train_nested_oof	primary	45.0	0.1	19	1	3	0	0	0	3	0	7.875		0.0	0.0	0.0
RISK-BAL	train_nested_oof	primary	45.0	0.1	20	1	1	0	0	0	1	0	7.1		0.0	0.0	0.0
RISK-BAL	train_nested_oof	primary	45.0	0.1	21	1	0	0	0	0	0	0	9.175				0.0
RISK-BAL	train_nested_oof	primary	45.0	0.1	24	1	1	0	0	0	1	0	6.716666666666667		0.0	0.0	0.0
RISK-BAL	train_nested_oof	primary	45.0	0.1	29	1	2	0	0	0	2	0	7.458333333333333		0.0	0.0	0.0
RISK-BAL	train_nested_oof	primary	45.0	0.1	31	1	3	0	0	0	3	0	7.633333333333334		0.0	0.0	0.0
RISK-BAL	train_nested_oof	primary	45.0	0.1	32	1	5	0	0	0	5	0	7.641666666666667		0.0	0.0	0.0
RISK-BAL	train_nested_oof	primary	45.0	0.1	33	1	2	0	0	0	2	0	7.041666666666667		0.0	0.0	0.0
RISK-BAL	train_nested_oof	primary	45.0	0.1	34	1	0	0	0	0	0	0	8.3				0.0
RISK-BAL	train_nested_oof	primary	45.0	0.1	35	1	2	0	0	0	2	0	7.225		0.0	0.0	0.0
RISK-BAL	train_nested_oof	primary	45.0	0.1	36	1	3	0	0	0	3	0	9.225		0.0	0.0	0.0
RISK-BAL	train_nested_oof	primary	45.0	0.1	38	1	1	0	0	0	1	0	6.858333333333333		0.0	0.0	0.0
RISK-BAL	train_nested_oof	primary	45.0	0.1	39	1	2	0	0	0	2	0	8.016666666666667		0.0	0.0	0.0
RISK-BAL	train_nested_oof	primary	45.0	0.1	42	1	0	0	0	0	0	0	8.925				0.0
RISK-BAL	train_nested_oof	primary	45.0	0.1	43	1	2	0	0	0	2	0	7.275		0.0	0.0	0.0
RISK-BAL	train_nested_oof	primary	45.0	0.1	45	1	0	0	0	0	0	0	6.775				0.0
RISK-BAL	train_nested_oof	primary	45.0	0.1	46	1	5	0	0	0	5	0	7.483333333333333		0.0	0.0	0.0
RISK-BAL	train_nested_oof	primary	45.0	0.1	50	1	1	0	0	0	1	0	7.375		0.0	0.0	0.0
RISK-BAL	train_nested_oof	primary	45.0	0.1	51	1	1	0	0	0	1	0	8.416666666666666		0.0	0.0	0.0
RISK-BAL	train_nested_oof	primary	45.0	0.1	53	1	0	0	0	0	0	0	7.808333333333334				0.0
RISK-BAL	train_nested_oof	primary	45.0	0.1	54	1	1	0	0	0	1	0	7.916666666666667		0.0	0.0	0.0
RISK-BAL	train_nested_oof	primary	45.0	0.1	58	1	5	0	0	0	5	0	8.45		0.0	0.0	0.0
RISK-BAL	train_nested_oof	primary	45.0	0.1	59	1	3	0	0	0	3	0	8.175		0.0	0.0	0.0
RISK-BAL	train_nested_oof	primary	45.0	0.1	60	1	3	0	0	0	3	0	7.258333333333334		0.0	0.0	0.0
RISK-BAL	train_nested_oof	primary	45.0	0.1	61	1	0	0	0	0	0	0	8.316666666666666				0.0
RISK-BAL	train_nested_oof	primary	45.0	0.1	62	1	4	0	0	0	4	0	8.133333333333333		0.0	0.0	0.0
RISK-BAL	train_nested_oof	primary	45.0	0.1	63	1	4	0	0	0	4	0	8.033333333333333		0.0	0.0	0.0
RISK-BAL	train_nested_oof	primary	45.0	0.1	65	1	7	0	0	0	7	0	7.45		0.0	0.0	0.0
RISK-BAL	train_nested_oof	primary	45.0	0.1	66	1	0	0	0	0	0	0	8.708333333333334				0.0
RISK-BAL	train_nested_oof	primary	45.0	0.1	67	1	4	0	0	0	4	0	8.241666666666667		0.0	0.0	0.0
RISK-BAL	train_nested_oof	primary	45.0	0.1	68	1	5	0	0	0	5	0	7.733333333333333		0.0	0.0	0.0
RISK-BAL	train_nested_oof	primary	45.0	0.1	71	1	0	0	0	0	0	0	7.091666666666667				0.0
RISK-BAL	train_nested_oof	primary	45.0	0.1	72	1	1	0	0	0	1	0	6.933333333333334		0.0	0.0	0.0
RISK-BAL	train_nested_oof	primary	45.0	0.1	75	1	1	0	0	0	1	0	7.875		0.0	0.0	0.0
RISK-BAL	train_nested_oof	primary	45.0	0.1	76	1	1	0	0	0	1	0	8.058333333333334		0.0	0.0	0.0
RISK-BAL	train_nested_oof	primary	45.0	0.1	78	2	7	0	0	0	7	0	16.241666666666667		0.0	0.0	0.0
RISK-BAL	train_nested_oof	primary	45.0	0.1	79	2	4	0	0	0	4	0	16.35		0.0	0.0	0.0
RISK-BAL	train_nested_oof	primary	45.0	0.1	80	2	2	0	0	0	2	0	15.274999999999999		0.0	0.0	0.0
RISK-BAL	train_nested_oof	primary	45.0	0.1	81	2	1	0	0	0	1	0	14.666666666666668		0.0	0.0	0.0
RISK-BAL	train_nested_oof	primary	45.0	0.1	82	2	4	0	0	0	4	0	16.066666666666666		0.0	0.0	0.0
RISK-BAL	train_nested_oof	primary	45.0	0.1	84	3	20	0	0	0	20	0	22.03333333333333		0.0	0.0	0.0
RISK-BAL	train_nested_oof	primary	45.0	0.1	85	1	0	0	0	0	0	0	7.383333333333334				0.0
RISK-BAL	train_nested_oof	primary	45.0	0.1	87	3	0	0	0	0	0	0	20.333333333333336				0.0
RISK-BAL	train_nested_oof	primary	45.0	0.1	91	2	0	0	0	0	0	0	16.46666666666667				0.0
RISK-BAL	train_nested_oof	primary	45.0	0.1	92	2	19	0	0	0	19	0	16.325000000000003		0.0	0.0	0.0
RISK-BAL	train_nested_oof	primary	45.0	0.1	93	2	0	0	0	0	0	0	17.008333333333333				0.0
RISK-BAL	train_nested_oof	primary	45.0	0.1	94	1	2	0	0	0	2	0	6.891666666666667		0.0	0.0	0.0
RISK-BAL	train_nested_oof	primary	45.0	0.1	95	1	0	0	0	0	0	0	7.025				0.0
RISK-BAL	train_nested_oof	primary	45.0	0.1	96	3	10	0	0	0	10	0	22.8		0.0	0.0	0.0
RISK-BAL	train_nested_oof	primary	45.0	0.1	98	3	6	0	0	0	6	0	20.616666666666667		0.0	0.0	0.0
RISK-BAL	train_nested_oof	primary	45.0	0.1	99	3	7	0	0	0	7	0	21.2		0.0	0.0	0.0
RISK-BAL	train_nested_oof	primary	45.0	0.1	100	1	0	0	0	0	0	0	7.383333333333334				0.0
RISK-BAL	train_nested_oof	primary	45.0	0.1	101	1	0	0	0	0	0	0	7.241666666666666				0.0
RISK-BAL	train_nested_oof	primary	45.0	0.1	104	1	3	0	0	0	3	0	8.008333333333333		0.0	0.0	0.0
RISK-BAL	train_nested_oof	primary	45.0	0.1	108	1	1	0	0	0	1	0	6.716666666666667		0.0	0.0	0.0
RISK-NAT	train_nested_oof	expanded	15.0	0.1	1	1	5	1	1	0	4	0	8.25	1.0	0.2	0.3333333333333333	0.0
RISK-NAT	train_nested_oof	expanded	15.0	0.1	6	1	0	0	0	0	0	0	3.35				0.0
RISK-NAT	train_nested_oof	expanded	15.0	0.1	8	1	2	10	0	10	2	0	8.083333333333334	0.0	0.0	0.0	1.2371134020618555
RISK-NAT	train_nested_oof	expanded	15.0	0.1	9	1	3	4	1	3	2	0	8.725	0.25	0.3333333333333333	0.2857142857142857	0.34383954154727797
RISK-NAT	train_nested_oof	expanded	15.0	0.1	10	1	3	0	0	0	3	0	8.991666666666667		0.0	0.0	0.0
RISK-NAT	train_nested_oof	expanded	15.0	0.1	11	1	7	4	1	3	6	0	8.408333333333333	0.25	0.14285714285714285	0.18181818181818182	0.35678889990089196
RISK-NAT	train_nested_oof	expanded	15.0	0.1	13	1	2	0	0	0	2	0	8.675		0.0	0.0	0.0
RISK-NAT	train_nested_oof	expanded	15.0	0.1	14	1	2	1	0	1	2	0	8.558333333333334	0.0	0.0	0.0	0.11684518013631938
RISK-NAT	train_nested_oof	expanded	15.0	0.1	16	1	2	2	1	1	1	0	7.716666666666667	0.5	0.5	0.5	0.12958963282937364
RISK-NAT	train_nested_oof	expanded	15.0	0.1	19	1	3	2	1	1	2	0	7.875	0.5	0.3333333333333333	0.4	0.12698412698412698
RISK-NAT	train_nested_oof	expanded	15.0	0.1	20	1	1	1	0	1	1	0	7.1	0.0	0.0	0.0	0.14084507042253522
RISK-NAT	train_nested_oof	expanded	15.0	0.1	21	1	3	0	0	0	3	0	9.175		0.0	0.0	0.0
RISK-NAT	train_nested_oof	expanded	15.0	0.1	24	1	1	1	0	1	1	0	6.716666666666667	0.0	0.0	0.0	0.1488833746898263
RISK-NAT	train_nested_oof	expanded	15.0	0.1	29	1	2	0	0	0	2	0	7.458333333333333		0.0	0.0	0.0
RISK-NAT	train_nested_oof	expanded	15.0	0.1	31	1	3	0	0	0	3	0	7.633333333333334		0.0	0.0	0.0
RISK-NAT	train_nested_oof	expanded	15.0	0.1	32	1	6	0	0	0	6	0	7.641666666666667		0.0	0.0	0.0
RISK-NAT	train_nested_oof	expanded	15.0	0.1	33	1	2	0	0	0	2	0	7.041666666666667		0.0	0.0	0.0
RISK-NAT	train_nested_oof	expanded	15.0	0.1	34	1	1	0	0	0	1	0	8.3		0.0	0.0	0.0
RISK-NAT	train_nested_oof	expanded	15.0	0.1	35	1	2	0	0	0	2	0	7.225		0.0	0.0	0.0
RISK-NAT	train_nested_oof	expanded	15.0	0.1	36	1	3	0	0	0	3	0	9.225		0.0	0.0	0.0
RISK-NAT	train_nested_oof	expanded	15.0	0.1	38	1	1	0	0	0	1	0	6.858333333333333		0.0	0.0	0.0
RISK-NAT	train_nested_oof	expanded	15.0	0.1	39	1	2	0	0	0	2	0	8.016666666666667		0.0	0.0	0.0
RISK-NAT	train_nested_oof	expanded	15.0	0.1	42	1	2	0	0	0	2	0	8.925		0.0	0.0	0.0
RISK-NAT	train_nested_oof	expanded	15.0	0.1	43	1	2	2	1	1	1	0	7.275	0.5	0.5	0.5	0.1374570446735395
RISK-NAT	train_nested_oof	expanded	15.0	0.1	45	1	0	0	0	0	0	0	6.775				0.0
RISK-NAT	train_nested_oof	expanded	15.0	0.1	46	1	8	6	3	3	5	0	7.483333333333333	0.5	0.375	0.42857142857142855	0.40089086859688194
RISK-NAT	train_nested_oof	expanded	15.0	0.1	50	1	1	0	0	0	1	0	7.375		0.0	0.0	0.0
RISK-NAT	train_nested_oof	expanded	15.0	0.1	51	1	1	0	0	0	1	0	8.416666666666666		0.0	0.0	0.0
RISK-NAT	train_nested_oof	expanded	15.0	0.1	53	1	0	0	0	0	0	0	7.808333333333334				0.0
RISK-NAT	train_nested_oof	expanded	15.0	0.1	54	1	2	1	0	1	2	0	7.916666666666667	0.0	0.0	0.0	0.12631578947368421
RISK-NAT	train_nested_oof	expanded	15.0	0.1	58	1	5	0	0	0	5	0	8.45		0.0	0.0	0.0
RISK-NAT	train_nested_oof	expanded	15.0	0.1	59	1	3	0	0	0	3	0	8.175		0.0	0.0	0.0
RISK-NAT	train_nested_oof	expanded	15.0	0.1	60	1	3	0	0	0	3	0	7.258333333333334		0.0	0.0	0.0
RISK-NAT	train_nested_oof	expanded	15.0	0.1	61	1	2	2	1	1	1	0	8.316666666666666	0.5	0.5	0.5	0.12024048096192386
RISK-NAT	train_nested_oof	expanded	15.0	0.1	62	1	6	1	0	1	6	0	8.133333333333333	0.0	0.0	0.0	0.12295081967213116
RISK-NAT	train_nested_oof	expanded	15.0	0.1	63	1	4	2	1	1	3	0	8.033333333333333	0.5	0.25	0.3333333333333333	0.12448132780082988
RISK-NAT	train_nested_oof	expanded	15.0	0.1	65	1	7	2	0	2	7	0	7.45	0.0	0.0	0.0	0.2684563758389262
RISK-NAT	train_nested_oof	expanded	15.0	0.1	66	1	0	0	0	0	0	0	8.708333333333334				0.0
RISK-NAT	train_nested_oof	expanded	15.0	0.1	67	1	5	1	1	0	4	0	8.241666666666667	1.0	0.2	0.3333333333333333	0.0
RISK-NAT	train_nested_oof	expanded	15.0	0.1	68	1	5	0	0	0	5	0	7.733333333333333		0.0	0.0	0.0
RISK-NAT	train_nested_oof	expanded	15.0	0.1	71	1	0	0	0	0	0	0	7.091666666666667				0.0
RISK-NAT	train_nested_oof	expanded	15.0	0.1	72	1	2	0	0	0	2	0	6.933333333333334		0.0	0.0	0.0
RISK-NAT	train_nested_oof	expanded	15.0	0.1	75	1	1	0	0	0	1	0	7.875		0.0	0.0	0.0
RISK-NAT	train_nested_oof	expanded	15.0	0.1	76	1	2	0	0	0	2	0	8.058333333333334		0.0	0.0	0.0
RISK-NAT	train_nested_oof	expanded	15.0	0.1	78	2	10	1	0	1	10	0	16.241666666666667	0.0	0.0	0.0	0.06157003591585428
RISK-NAT	train_nested_oof	expanded	15.0	0.1	79	2	10	1	0	1	10	0	16.35	0.0	0.0	0.0	0.061162079510703356
RISK-NAT	train_nested_oof	expanded	15.0	0.1	80	2	2	0	0	0	2	0	15.274999999999999		0.0	0.0	0.0
RISK-NAT	train_nested_oof	expanded	15.0	0.1	81	2	2	3	0	3	2	0	14.666666666666668	0.0	0.0	0.0	0.20454545454545453
RISK-NAT	train_nested_oof	expanded	15.0	0.1	82	2	4	1	0	1	4	0	16.066666666666666	0.0	0.0	0.0	0.06224066390041494
RISK-NAT	train_nested_oof	expanded	15.0	0.1	84	3	20	1	1	0	19	0	22.03333333333333	1.0	0.05	0.09523809523809523	0.0
RISK-NAT	train_nested_oof	expanded	15.0	0.1	85	1	1	0	0	0	1	0	7.383333333333334		0.0	0.0	0.0
RISK-NAT	train_nested_oof	expanded	15.0	0.1	87	3	1	2	0	2	1	0	20.333333333333336	0.0	0.0	0.0	0.0983606557377049
RISK-NAT	train_nested_oof	expanded	15.0	0.1	91	2	0	1	0	1	0	0	16.46666666666667	0.0		0.0	0.060728744939271245
RISK-NAT	train_nested_oof	expanded	15.0	0.1	92	2	20	2	2	0	18	0	16.325000000000003	1.0	0.1	0.18181818181818182	0.0
RISK-NAT	train_nested_oof	expanded	15.0	0.1	93	2	3	8	0	8	3	0	17.008333333333333	0.0	0.0	0.0	0.47035766780989713
RISK-NAT	train_nested_oof	expanded	15.0	0.1	94	1	3	1	0	1	3	0	6.891666666666667	0.0	0.0	0.0	0.14510278113663846
RISK-NAT	train_nested_oof	expanded	15.0	0.1	95	1	0	0	0	0	0	0	7.025				0.0
RISK-NAT	train_nested_oof	expanded	15.0	0.1	96	3	14	2	0	2	14	0	22.8	0.0	0.0	0.0	0.08771929824561403
RISK-NAT	train_nested_oof	expanded	15.0	0.1	98	3	8	0	0	0	8	0	20.616666666666667		0.0	0.0	0.0
RISK-NAT	train_nested_oof	expanded	15.0	0.1	99	3	7	3	1	2	6	0	21.2	0.3333333333333333	0.14285714285714285	0.2	0.09433962264150944
RISK-NAT	train_nested_oof	expanded	15.0	0.1	100	1	1	0	0	0	1	0	7.383333333333334		0.0	0.0	0.0
RISK-NAT	train_nested_oof	expanded	15.0	0.1	101	1	0	0	0	0	0	0	7.241666666666666				0.0
RISK-NAT	train_nested_oof	expanded	15.0	0.1	104	1	3	2	1	1	2	0	8.008333333333333	0.5	0.3333333333333333	0.4	0.12486992715920917
RISK-NAT	train_nested_oof	expanded	15.0	0.1	108	1	1	1	0	1	1	0	6.716666666666667	0.0	0.0	0.0	0.1488833746898263
RISK-NAT	train_nested_oof	expanded	45.0	0.1	1	1	5	1	1	0	4	0	8.25	1.0	0.2	0.3333333333333333	0.0
RISK-NAT	train_nested_oof	expanded	45.0	0.1	6	1	0	0	0	0	0	0	3.35				0.0
RISK-NAT	train_nested_oof	expanded	45.0	0.1	8	1	2	10	0	10	2	0	8.083333333333334	0.0	0.0	0.0	1.2371134020618555
RISK-NAT	train_nested_oof	expanded	45.0	0.1	9	1	3	4	1	3	2	0	8.725	0.25	0.3333333333333333	0.2857142857142857	0.34383954154727797
RISK-NAT	train_nested_oof	expanded	45.0	0.1	10	1	3	0	0	0	3	0	8.991666666666667		0.0	0.0	0.0
RISK-NAT	train_nested_oof	expanded	45.0	0.1	11	1	7	4	1	3	6	0	8.408333333333333	0.25	0.14285714285714285	0.18181818181818182	0.35678889990089196
RISK-NAT	train_nested_oof	expanded	45.0	0.1	13	1	2	0	0	0	2	0	8.675		0.0	0.0	0.0
RISK-NAT	train_nested_oof	expanded	45.0	0.1	14	1	2	1	0	1	2	0	8.558333333333334	0.0	0.0	0.0	0.11684518013631938
RISK-NAT	train_nested_oof	expanded	45.0	0.1	16	1	2	2	2	0	0	0	7.716666666666667	1.0	1.0	1.0	0.0
RISK-NAT	train_nested_oof	expanded	45.0	0.1	19	1	3	2	2	0	1	0	7.875	1.0	0.6666666666666666	0.8	0.0
RISK-NAT	train_nested_oof	expanded	45.0	0.1	20	1	1	1	0	1	1	0	7.1	0.0	0.0	0.0	0.14084507042253522
RISK-NAT	train_nested_oof	expanded	45.0	0.1	21	1	3	0	0	0	3	0	9.175		0.0	0.0	0.0
RISK-NAT	train_nested_oof	expanded	45.0	0.1	24	1	1	1	0	1	1	0	6.716666666666667	0.0	0.0	0.0	0.1488833746898263
RISK-NAT	train_nested_oof	expanded	45.0	0.1	29	1	2	0	0	0	2	0	7.458333333333333		0.0	0.0	0.0
RISK-NAT	train_nested_oof	expanded	45.0	0.1	31	1	3	0	0	0	3	0	7.633333333333334		0.0	0.0	0.0
RISK-NAT	train_nested_oof	expanded	45.0	0.1	32	1	6	0	0	0	6	0	7.641666666666667		0.0	0.0	0.0
RISK-NAT	train_nested_oof	expanded	45.0	0.1	33	1	2	0	0	0	2	0	7.041666666666667		0.0	0.0	0.0
RISK-NAT	train_nested_oof	expanded	45.0	0.1	34	1	1	0	0	0	1	0	8.3		0.0	0.0	0.0
RISK-NAT	train_nested_oof	expanded	45.0	0.1	35	1	2	0	0	0	2	0	7.225		0.0	0.0	0.0
RISK-NAT	train_nested_oof	expanded	45.0	0.1	36	1	3	0	0	0	3	0	9.225		0.0	0.0	0.0
RISK-NAT	train_nested_oof	expanded	45.0	0.1	38	1	1	0	0	0	1	0	6.858333333333333		0.0	0.0	0.0
RISK-NAT	train_nested_oof	expanded	45.0	0.1	39	1	2	0	0	0	2	0	8.016666666666667		0.0	0.0	0.0
RISK-NAT	train_nested_oof	expanded	45.0	0.1	42	1	2	0	0	0	2	0	8.925		0.0	0.0	0.0
RISK-NAT	train_nested_oof	expanded	45.0	0.1	43	1	2	2	1	1	1	0	7.275	0.5	0.5	0.5	0.1374570446735395
RISK-NAT	train_nested_oof	expanded	45.0	0.1	45	1	0	0	0	0	0	0	6.775				0.0
RISK-NAT	train_nested_oof	expanded	45.0	0.1	46	1	8	6	3	3	5	0	7.483333333333333	0.5	0.375	0.42857142857142855	0.40089086859688194
RISK-NAT	train_nested_oof	expanded	45.0	0.1	50	1	1	0	0	0	1	0	7.375		0.0	0.0	0.0
RISK-NAT	train_nested_oof	expanded	45.0	0.1	51	1	1	0	0	0	1	0	8.416666666666666		0.0	0.0	0.0
RISK-NAT	train_nested_oof	expanded	45.0	0.1	53	1	0	0	0	0	0	0	7.808333333333334				0.0
RISK-NAT	train_nested_oof	expanded	45.0	0.1	54	1	2	1	0	1	2	0	7.916666666666667	0.0	0.0	0.0	0.12631578947368421
RISK-NAT	train_nested_oof	expanded	45.0	0.1	58	1	5	0	0	0	5	0	8.45		0.0	0.0	0.0
RISK-NAT	train_nested_oof	expanded	45.0	0.1	59	1	3	0	0	0	3	0	8.175		0.0	0.0	0.0
RISK-NAT	train_nested_oof	expanded	45.0	0.1	60	1	3	0	0	0	3	0	7.258333333333334		0.0	0.0	0.0
RISK-NAT	train_nested_oof	expanded	45.0	0.1	61	1	2	2	1	1	1	0	8.316666666666666	0.5	0.5	0.5	0.12024048096192386
RISK-NAT	train_nested_oof	expanded	45.0	0.1	62	1	6	1	1	0	5	0	8.133333333333333	1.0	0.16666666666666666	0.2857142857142857	0.0
RISK-NAT	train_nested_oof	expanded	45.0	0.1	63	1	4	2	1	1	3	0	8.033333333333333	0.5	0.25	0.3333333333333333	0.12448132780082988
RISK-NAT	train_nested_oof	expanded	45.0	0.1	65	1	7	2	0	2	7	0	7.45	0.0	0.0	0.0	0.2684563758389262
RISK-NAT	train_nested_oof	expanded	45.0	0.1	66	1	0	0	0	0	0	0	8.708333333333334				0.0
RISK-NAT	train_nested_oof	expanded	45.0	0.1	67	1	5	1	1	0	4	0	8.241666666666667	1.0	0.2	0.3333333333333333	0.0
RISK-NAT	train_nested_oof	expanded	45.0	0.1	68	1	5	0	0	0	5	0	7.733333333333333		0.0	0.0	0.0
RISK-NAT	train_nested_oof	expanded	45.0	0.1	71	1	0	0	0	0	0	0	7.091666666666667				0.0
RISK-NAT	train_nested_oof	expanded	45.0	0.1	72	1	2	0	0	0	2	0	6.933333333333334		0.0	0.0	0.0
RISK-NAT	train_nested_oof	expanded	45.0	0.1	75	1	1	0	0	0	1	0	7.875		0.0	0.0	0.0
RISK-NAT	train_nested_oof	expanded	45.0	0.1	76	1	2	0	0	0	2	0	8.058333333333334		0.0	0.0	0.0
RISK-NAT	train_nested_oof	expanded	45.0	0.1	78	2	10	1	0	1	10	0	16.241666666666667	0.0	0.0	0.0	0.06157003591585428
RISK-NAT	train_nested_oof	expanded	45.0	0.1	79	2	10	1	0	1	10	0	16.35	0.0	0.0	0.0	0.061162079510703356
RISK-NAT	train_nested_oof	expanded	45.0	0.1	80	2	2	0	0	0	2	0	15.274999999999999		0.0	0.0	0.0
RISK-NAT	train_nested_oof	expanded	45.0	0.1	81	2	2	3	0	3	2	0	14.666666666666668	0.0	0.0	0.0	0.20454545454545453
RISK-NAT	train_nested_oof	expanded	45.0	0.1	82	2	4	1	0	1	4	0	16.066666666666666	0.0	0.0	0.0	0.06224066390041494
RISK-NAT	train_nested_oof	expanded	45.0	0.1	84	3	20	1	1	0	19	0	22.03333333333333	1.0	0.05	0.09523809523809523	0.0
RISK-NAT	train_nested_oof	expanded	45.0	0.1	85	1	1	0	0	0	1	0	7.383333333333334		0.0	0.0	0.0
RISK-NAT	train_nested_oof	expanded	45.0	0.1	87	3	1	2	0	2	1	0	20.333333333333336	0.0	0.0	0.0	0.0983606557377049
RISK-NAT	train_nested_oof	expanded	45.0	0.1	91	2	0	1	0	1	0	0	16.46666666666667	0.0		0.0	0.060728744939271245
RISK-NAT	train_nested_oof	expanded	45.0	0.1	92	2	20	2	2	0	18	0	16.325000000000003	1.0	0.1	0.18181818181818182	0.0
RISK-NAT	train_nested_oof	expanded	45.0	0.1	93	2	3	8	0	8	3	0	17.008333333333333	0.0	0.0	0.0	0.47035766780989713
RISK-NAT	train_nested_oof	expanded	45.0	0.1	94	1	3	1	0	1	3	0	6.891666666666667	0.0	0.0	0.0	0.14510278113663846
RISK-NAT	train_nested_oof	expanded	45.0	0.1	95	1	0	0	0	0	0	0	7.025				0.0
RISK-NAT	train_nested_oof	expanded	45.0	0.1	96	3	14	2	1	1	13	0	22.8	0.5	0.07142857142857142	0.125	0.043859649122807015
RISK-NAT	train_nested_oof	expanded	45.0	0.1	98	3	8	0	0	0	8	0	20.616666666666667		0.0	0.0	0.0
RISK-NAT	train_nested_oof	expanded	45.0	0.1	99	3	7	3	1	2	6	0	21.2	0.3333333333333333	0.14285714285714285	0.2	0.09433962264150944
RISK-NAT	train_nested_oof	expanded	45.0	0.1	100	1	1	0	0	0	1	0	7.383333333333334		0.0	0.0	0.0
RISK-NAT	train_nested_oof	expanded	45.0	0.1	101	1	0	0	0	0	0	0	7.241666666666666				0.0
RISK-NAT	train_nested_oof	expanded	45.0	0.1	104	1	3	2	1	1	2	0	8.008333333333333	0.5	0.3333333333333333	0.4	0.12486992715920917
RISK-NAT	train_nested_oof	expanded	45.0	0.1	108	1	1	1	0	1	1	0	6.716666666666667	0.0	0.0	0.0	0.1488833746898263
RISK-NAT	train_nested_oof	primary	15.0	0.1	1	1	4	1	0	0	4	1	8.25		0.0	0.0	0.0
RISK-NAT	train_nested_oof	primary	15.0	0.1	6	1	0	0	0	0	0	0	3.35				0.0
RISK-NAT	train_nested_oof	primary	15.0	0.1	8	1	0	10	0	10	0	0	8.083333333333334	0.0		0.0	1.2371134020618555
RISK-NAT	train_nested_oof	primary	15.0	0.1	9	1	3	4	1	3	2	0	8.725	0.25	0.3333333333333333	0.2857142857142857	0.34383954154727797
RISK-NAT	train_nested_oof	primary	15.0	0.1	10	1	3	0	0	0	3	0	8.991666666666667		0.0	0.0	0.0
RISK-NAT	train_nested_oof	primary	15.0	0.1	11	1	6	4	0	3	6	1	8.408333333333333	0.0	0.0	0.0	0.35678889990089196
RISK-NAT	train_nested_oof	primary	15.0	0.1	13	1	2	0	0	0	2	0	8.675		0.0	0.0	0.0
RISK-NAT	train_nested_oof	primary	15.0	0.1	14	1	1	1	0	1	1	0	8.558333333333334	0.0	0.0	0.0	0.11684518013631938
RISK-NAT	train_nested_oof	primary	15.0	0.1	16	1	2	2	1	1	1	0	7.716666666666667	0.5	0.5	0.5	0.12958963282937364
RISK-NAT	train_nested_oof	primary	15.0	0.1	19	1	3	2	1	1	2	0	7.875	0.5	0.3333333333333333	0.4	0.12698412698412698
RISK-NAT	train_nested_oof	primary	15.0	0.1	20	1	1	1	0	1	1	0	7.1	0.0	0.0	0.0	0.14084507042253522
RISK-NAT	train_nested_oof	primary	15.0	0.1	21	1	0	0	0	0	0	0	9.175				0.0
RISK-NAT	train_nested_oof	primary	15.0	0.1	24	1	1	1	0	1	1	0	6.716666666666667	0.0	0.0	0.0	0.1488833746898263
RISK-NAT	train_nested_oof	primary	15.0	0.1	29	1	2	0	0	0	2	0	7.458333333333333		0.0	0.0	0.0
RISK-NAT	train_nested_oof	primary	15.0	0.1	31	1	3	0	0	0	3	0	7.633333333333334		0.0	0.0	0.0
RISK-NAT	train_nested_oof	primary	15.0	0.1	32	1	5	0	0	0	5	0	7.641666666666667		0.0	0.0	0.0
RISK-NAT	train_nested_oof	primary	15.0	0.1	33	1	2	0	0	0	2	0	7.041666666666667		0.0	0.0	0.0
RISK-NAT	train_nested_oof	primary	15.0	0.1	34	1	0	0	0	0	0	0	8.3				0.0
RISK-NAT	train_nested_oof	primary	15.0	0.1	35	1	2	0	0	0	2	0	7.225		0.0	0.0	0.0
RISK-NAT	train_nested_oof	primary	15.0	0.1	36	1	3	0	0	0	3	0	9.225		0.0	0.0	0.0
RISK-NAT	train_nested_oof	primary	15.0	0.1	38	1	1	0	0	0	1	0	6.858333333333333		0.0	0.0	0.0
RISK-NAT	train_nested_oof	primary	15.0	0.1	39	1	2	0	0	0	2	0	8.016666666666667		0.0	0.0	0.0
RISK-NAT	train_nested_oof	primary	15.0	0.1	42	1	0	0	0	0	0	0	8.925				0.0
RISK-NAT	train_nested_oof	primary	15.0	0.1	43	1	2	2	1	1	1	0	7.275	0.5	0.5	0.5	0.1374570446735395
RISK-NAT	train_nested_oof	primary	15.0	0.1	45	1	0	0	0	0	0	0	6.775				0.0
RISK-NAT	train_nested_oof	primary	15.0	0.1	46	1	5	6	2	3	3	1	7.483333333333333	0.4	0.4	0.4	0.40089086859688194
RISK-NAT	train_nested_oof	primary	15.0	0.1	50	1	1	0	0	0	1	0	7.375		0.0	0.0	0.0
RISK-NAT	train_nested_oof	primary	15.0	0.1	51	1	1	0	0	0	1	0	8.416666666666666		0.0	0.0	0.0
RISK-NAT	train_nested_oof	primary	15.0	0.1	53	1	0	0	0	0	0	0	7.808333333333334				0.0
RISK-NAT	train_nested_oof	primary	15.0	0.1	54	1	1	1	0	1	1	0	7.916666666666667	0.0	0.0	0.0	0.12631578947368421
RISK-NAT	train_nested_oof	primary	15.0	0.1	58	1	5	0	0	0	5	0	8.45		0.0	0.0	0.0
RISK-NAT	train_nested_oof	primary	15.0	0.1	59	1	3	0	0	0	3	0	8.175		0.0	0.0	0.0
RISK-NAT	train_nested_oof	primary	15.0	0.1	60	1	3	0	0	0	3	0	7.258333333333334		0.0	0.0	0.0
RISK-NAT	train_nested_oof	primary	15.0	0.1	61	1	0	2	0	1	0	1	8.316666666666666	0.0		0.0	0.12024048096192386
RISK-NAT	train_nested_oof	primary	15.0	0.1	62	1	4	1	0	1	4	0	8.133333333333333	0.0	0.0	0.0	0.12295081967213116
RISK-NAT	train_nested_oof	primary	15.0	0.1	63	1	4	2	1	1	3	0	8.033333333333333	0.5	0.25	0.3333333333333333	0.12448132780082988
RISK-NAT	train_nested_oof	primary	15.0	0.1	65	1	7	2	0	2	7	0	7.45	0.0	0.0	0.0	0.2684563758389262
RISK-NAT	train_nested_oof	primary	15.0	0.1	66	1	0	0	0	0	0	0	8.708333333333334				0.0
RISK-NAT	train_nested_oof	primary	15.0	0.1	67	1	4	1	0	0	4	1	8.241666666666667		0.0	0.0	0.0
RISK-NAT	train_nested_oof	primary	15.0	0.1	68	1	5	0	0	0	5	0	7.733333333333333		0.0	0.0	0.0
RISK-NAT	train_nested_oof	primary	15.0	0.1	71	1	0	0	0	0	0	0	7.091666666666667				0.0
RISK-NAT	train_nested_oof	primary	15.0	0.1	72	1	1	0	0	0	1	0	6.933333333333334		0.0	0.0	0.0
RISK-NAT	train_nested_oof	primary	15.0	0.1	75	1	1	0	0	0	1	0	7.875		0.0	0.0	0.0
RISK-NAT	train_nested_oof	primary	15.0	0.1	76	1	1	0	0	0	1	0	8.058333333333334		0.0	0.0	0.0
RISK-NAT	train_nested_oof	primary	15.0	0.1	78	2	7	1	0	1	7	0	16.241666666666667	0.0	0.0	0.0	0.06157003591585428
RISK-NAT	train_nested_oof	primary	15.0	0.1	79	2	4	1	0	1	4	0	16.35	0.0	0.0	0.0	0.061162079510703356
RISK-NAT	train_nested_oof	primary	15.0	0.1	80	2	2	0	0	0	2	0	15.274999999999999		0.0	0.0	0.0
RISK-NAT	train_nested_oof	primary	15.0	0.1	81	2	1	3	0	3	1	0	14.666666666666668	0.0	0.0	0.0	0.20454545454545453
RISK-NAT	train_nested_oof	primary	15.0	0.1	82	2	4	1	0	1	4	0	16.066666666666666	0.0	0.0	0.0	0.06224066390041494
RISK-NAT	train_nested_oof	primary	15.0	0.1	84	3	20	1	1	0	19	0	22.03333333333333	1.0	0.05	0.09523809523809523	0.0
RISK-NAT	train_nested_oof	primary	15.0	0.1	85	1	0	0	0	0	0	0	7.383333333333334				0.0
RISK-NAT	train_nested_oof	primary	15.0	0.1	87	3	0	2	0	2	0	0	20.333333333333336	0.0		0.0	0.0983606557377049
RISK-NAT	train_nested_oof	primary	15.0	0.1	91	2	0	1	0	1	0	0	16.46666666666667	0.0		0.0	0.060728744939271245
RISK-NAT	train_nested_oof	primary	15.0	0.1	92	2	19	2	2	0	17	0	16.325000000000003	1.0	0.10526315789473684	0.19047619047619047	0.0
RISK-NAT	train_nested_oof	primary	15.0	0.1	93	2	0	8	0	8	0	0	17.008333333333333	0.0		0.0	0.47035766780989713
RISK-NAT	train_nested_oof	primary	15.0	0.1	94	1	2	1	0	1	2	0	6.891666666666667	0.0	0.0	0.0	0.14510278113663846
RISK-NAT	train_nested_oof	primary	15.0	0.1	95	1	0	0	0	0	0	0	7.025				0.0
RISK-NAT	train_nested_oof	primary	15.0	0.1	96	3	10	2	0	2	10	0	22.8	0.0	0.0	0.0	0.08771929824561403
RISK-NAT	train_nested_oof	primary	15.0	0.1	98	3	6	0	0	0	6	0	20.616666666666667		0.0	0.0	0.0
RISK-NAT	train_nested_oof	primary	15.0	0.1	99	3	7	3	1	2	6	0	21.2	0.3333333333333333	0.14285714285714285	0.2	0.09433962264150944
RISK-NAT	train_nested_oof	primary	15.0	0.1	100	1	0	0	0	0	0	0	7.383333333333334				0.0
RISK-NAT	train_nested_oof	primary	15.0	0.1	101	1	0	0	0	0	0	0	7.241666666666666				0.0
RISK-NAT	train_nested_oof	primary	15.0	0.1	104	1	3	2	1	1	2	0	8.008333333333333	0.5	0.3333333333333333	0.4	0.12486992715920917
RISK-NAT	train_nested_oof	primary	15.0	0.1	108	1	1	1	0	1	1	0	6.716666666666667	0.0	0.0	0.0	0.1488833746898263
RISK-NAT	train_nested_oof	primary	45.0	0.1	1	1	4	1	0	0	4	1	8.25		0.0	0.0	0.0
RISK-NAT	train_nested_oof	primary	45.0	0.1	6	1	0	0	0	0	0	0	3.35				0.0
RISK-NAT	train_nested_oof	primary	45.0	0.1	8	1	0	10	0	10	0	0	8.083333333333334	0.0		0.0	1.2371134020618555
RISK-NAT	train_nested_oof	primary	45.0	0.1	9	1	3	4	1	3	2	0	8.725	0.25	0.3333333333333333	0.2857142857142857	0.34383954154727797
RISK-NAT	train_nested_oof	primary	45.0	0.1	10	1	3	0	0	0	3	0	8.991666666666667		0.0	0.0	0.0
RISK-NAT	train_nested_oof	primary	45.0	0.1	11	1	6	4	0	3	6	1	8.408333333333333	0.0	0.0	0.0	0.35678889990089196
RISK-NAT	train_nested_oof	primary	45.0	0.1	13	1	2	0	0	0	2	0	8.675		0.0	0.0	0.0
RISK-NAT	train_nested_oof	primary	45.0	0.1	14	1	1	1	0	1	1	0	8.558333333333334	0.0	0.0	0.0	0.11684518013631938
RISK-NAT	train_nested_oof	primary	45.0	0.1	16	1	2	2	2	0	0	0	7.716666666666667	1.0	1.0	1.0	0.0
RISK-NAT	train_nested_oof	primary	45.0	0.1	19	1	3	2	2	0	1	0	7.875	1.0	0.6666666666666666	0.8	0.0
RISK-NAT	train_nested_oof	primary	45.0	0.1	20	1	1	1	0	1	1	0	7.1	0.0	0.0	0.0	0.14084507042253522
RISK-NAT	train_nested_oof	primary	45.0	0.1	21	1	0	0	0	0	0	0	9.175				0.0
RISK-NAT	train_nested_oof	primary	45.0	0.1	24	1	1	1	0	1	1	0	6.716666666666667	0.0	0.0	0.0	0.1488833746898263
RISK-NAT	train_nested_oof	primary	45.0	0.1	29	1	2	0	0	0	2	0	7.458333333333333		0.0	0.0	0.0
RISK-NAT	train_nested_oof	primary	45.0	0.1	31	1	3	0	0	0	3	0	7.633333333333334		0.0	0.0	0.0
RISK-NAT	train_nested_oof	primary	45.0	0.1	32	1	5	0	0	0	5	0	7.641666666666667		0.0	0.0	0.0
RISK-NAT	train_nested_oof	primary	45.0	0.1	33	1	2	0	0	0	2	0	7.041666666666667		0.0	0.0	0.0
RISK-NAT	train_nested_oof	primary	45.0	0.1	34	1	0	0	0	0	0	0	8.3				0.0
RISK-NAT	train_nested_oof	primary	45.0	0.1	35	1	2	0	0	0	2	0	7.225		0.0	0.0	0.0
RISK-NAT	train_nested_oof	primary	45.0	0.1	36	1	3	0	0	0	3	0	9.225		0.0	0.0	0.0
RISK-NAT	train_nested_oof	primary	45.0	0.1	38	1	1	0	0	0	1	0	6.858333333333333		0.0	0.0	0.0
RISK-NAT	train_nested_oof	primary	45.0	0.1	39	1	2	0	0	0	2	0	8.016666666666667		0.0	0.0	0.0
RISK-NAT	train_nested_oof	primary	45.0	0.1	42	1	0	0	0	0	0	0	8.925				0.0
RISK-NAT	train_nested_oof	primary	45.0	0.1	43	1	2	2	1	1	1	0	7.275	0.5	0.5	0.5	0.1374570446735395
RISK-NAT	train_nested_oof	primary	45.0	0.1	45	1	0	0	0	0	0	0	6.775				0.0
RISK-NAT	train_nested_oof	primary	45.0	0.1	46	1	5	6	2	3	3	1	7.483333333333333	0.4	0.4	0.4	0.40089086859688194
RISK-NAT	train_nested_oof	primary	45.0	0.1	50	1	1	0	0	0	1	0	7.375		0.0	0.0	0.0
RISK-NAT	train_nested_oof	primary	45.0	0.1	51	1	1	0	0	0	1	0	8.416666666666666		0.0	0.0	0.0
RISK-NAT	train_nested_oof	primary	45.0	0.1	53	1	0	0	0	0	0	0	7.808333333333334				0.0
RISK-NAT	train_nested_oof	primary	45.0	0.1	54	1	1	1	0	1	1	0	7.916666666666667	0.0	0.0	0.0	0.12631578947368421
RISK-NAT	train_nested_oof	primary	45.0	0.1	58	1	5	0	0	0	5	0	8.45		0.0	0.0	0.0
RISK-NAT	train_nested_oof	primary	45.0	0.1	59	1	3	0	0	0	3	0	8.175		0.0	0.0	0.0
RISK-NAT	train_nested_oof	primary	45.0	0.1	60	1	3	0	0	0	3	0	7.258333333333334		0.0	0.0	0.0
RISK-NAT	train_nested_oof	primary	45.0	0.1	61	1	0	2	0	1	0	1	8.316666666666666	0.0		0.0	0.12024048096192386
RISK-NAT	train_nested_oof	primary	45.0	0.1	62	1	4	1	0	0	4	1	8.133333333333333		0.0	0.0	0.0
RISK-NAT	train_nested_oof	primary	45.0	0.1	63	1	4	2	1	1	3	0	8.033333333333333	0.5	0.25	0.3333333333333333	0.12448132780082988
RISK-NAT	train_nested_oof	primary	45.0	0.1	65	1	7	2	0	2	7	0	7.45	0.0	0.0	0.0	0.2684563758389262
RISK-NAT	train_nested_oof	primary	45.0	0.1	66	1	0	0	0	0	0	0	8.708333333333334				0.0
RISK-NAT	train_nested_oof	primary	45.0	0.1	67	1	4	1	0	0	4	1	8.241666666666667		0.0	0.0	0.0
RISK-NAT	train_nested_oof	primary	45.0	0.1	68	1	5	0	0	0	5	0	7.733333333333333		0.0	0.0	0.0
RISK-NAT	train_nested_oof	primary	45.0	0.1	71	1	0	0	0	0	0	0	7.091666666666667				0.0
RISK-NAT	train_nested_oof	primary	45.0	0.1	72	1	1	0	0	0	1	0	6.933333333333334		0.0	0.0	0.0
RISK-NAT	train_nested_oof	primary	45.0	0.1	75	1	1	0	0	0	1	0	7.875		0.0	0.0	0.0
RISK-NAT	train_nested_oof	primary	45.0	0.1	76	1	1	0	0	0	1	0	8.058333333333334		0.0	0.0	0.0
RISK-NAT	train_nested_oof	primary	45.0	0.1	78	2	7	1	0	1	7	0	16.241666666666667	0.0	0.0	0.0	0.06157003591585428
RISK-NAT	train_nested_oof	primary	45.0	0.1	79	2	4	1	0	1	4	0	16.35	0.0	0.0	0.0	0.061162079510703356
RISK-NAT	train_nested_oof	primary	45.0	0.1	80	2	2	0	0	0	2	0	15.274999999999999		0.0	0.0	0.0
RISK-NAT	train_nested_oof	primary	45.0	0.1	81	2	1	3	0	3	1	0	14.666666666666668	0.0	0.0	0.0	0.20454545454545453
RISK-NAT	train_nested_oof	primary	45.0	0.1	82	2	4	1	0	1	4	0	16.066666666666666	0.0	0.0	0.0	0.06224066390041494
RISK-NAT	train_nested_oof	primary	45.0	0.1	84	3	20	1	1	0	19	0	22.03333333333333	1.0	0.05	0.09523809523809523	0.0
RISK-NAT	train_nested_oof	primary	45.0	0.1	85	1	0	0	0	0	0	0	7.383333333333334				0.0
RISK-NAT	train_nested_oof	primary	45.0	0.1	87	3	0	2	0	2	0	0	20.333333333333336	0.0		0.0	0.0983606557377049
RISK-NAT	train_nested_oof	primary	45.0	0.1	91	2	0	1	0	1	0	0	16.46666666666667	0.0		0.0	0.060728744939271245
RISK-NAT	train_nested_oof	primary	45.0	0.1	92	2	19	2	2	0	17	0	16.325000000000003	1.0	0.10526315789473684	0.19047619047619047	0.0
RISK-NAT	train_nested_oof	primary	45.0	0.1	93	2	0	8	0	8	0	0	17.008333333333333	0.0		0.0	0.47035766780989713
RISK-NAT	train_nested_oof	primary	45.0	0.1	94	1	2	1	0	1	2	0	6.891666666666667	0.0	0.0	0.0	0.14510278113663846
RISK-NAT	train_nested_oof	primary	45.0	0.1	95	1	0	0	0	0	0	0	7.025				0.0
RISK-NAT	train_nested_oof	primary	45.0	0.1	96	3	10	2	0	1	10	1	22.8	0.0	0.0	0.0	0.043859649122807015
RISK-NAT	train_nested_oof	primary	45.0	0.1	98	3	6	0	0	0	6	0	20.616666666666667		0.0	0.0	0.0
RISK-NAT	train_nested_oof	primary	45.0	0.1	99	3	7	3	1	2	6	0	21.2	0.3333333333333333	0.14285714285714285	0.2	0.09433962264150944
RISK-NAT	train_nested_oof	primary	45.0	0.1	100	1	0	0	0	0	0	0	7.383333333333334				0.0
RISK-NAT	train_nested_oof	primary	45.0	0.1	101	1	0	0	0	0	0	0	7.241666666666666				0.0
RISK-NAT	train_nested_oof	primary	45.0	0.1	104	1	3	2	1	1	2	0	8.008333333333333	0.5	0.3333333333333333	0.4	0.12486992715920917
RISK-NAT	train_nested_oof	primary	45.0	0.1	108	1	1	1	0	1	1	0	6.716666666666667	0.0	0.0	0.0	0.1488833746898263
SAMP-BAL	train_nested_oof	expanded	15.0	0.1	1	1	5	2	0	2	5	0	8.25	0.0	0.0	0.0	0.24242424242424243
SAMP-BAL	train_nested_oof	expanded	15.0	0.1	6	1	0	0	0	0	0	0	3.35				0.0
SAMP-BAL	train_nested_oof	expanded	15.0	0.1	8	1	2	4	0	4	2	0	8.083333333333334	0.0	0.0	0.0	0.49484536082474223
SAMP-BAL	train_nested_oof	expanded	15.0	0.1	9	1	3	1	0	1	3	0	8.725	0.0	0.0	0.0	0.11461318051575932
SAMP-BAL	train_nested_oof	expanded	15.0	0.1	10	1	3	0	0	0	3	0	8.991666666666667		0.0	0.0	0.0
SAMP-BAL	train_nested_oof	expanded	15.0	0.1	11	1	7	0	0	0	7	0	8.408333333333333		0.0	0.0	0.0
SAMP-BAL	train_nested_oof	expanded	15.0	0.1	13	1	2	2	0	2	2	0	8.675	0.0	0.0	0.0	0.23054755043227665
SAMP-BAL	train_nested_oof	expanded	15.0	0.1	14	1	2	0	0	0	2	0	8.558333333333334		0.0	0.0	0.0
SAMP-BAL	train_nested_oof	expanded	15.0	0.1	16	1	2	2	0	2	2	0	7.716666666666667	0.0	0.0	0.0	0.25917926565874727
SAMP-BAL	train_nested_oof	expanded	15.0	0.1	19	1	3	0	0	0	3	0	7.875		0.0	0.0	0.0
SAMP-BAL	train_nested_oof	expanded	15.0	0.1	20	1	1	2	0	2	1	0	7.1	0.0	0.0	0.0	0.28169014084507044
SAMP-BAL	train_nested_oof	expanded	15.0	0.1	21	1	3	0	0	0	3	0	9.175		0.0	0.0	0.0
SAMP-BAL	train_nested_oof	expanded	15.0	0.1	24	1	1	0	0	0	1	0	6.716666666666667		0.0	0.0	0.0
SAMP-BAL	train_nested_oof	expanded	15.0	0.1	29	1	2	2	0	2	2	0	7.458333333333333	0.0	0.0	0.0	0.2681564245810056
SAMP-BAL	train_nested_oof	expanded	15.0	0.1	31	1	3	0	0	0	3	0	7.633333333333334		0.0	0.0	0.0
SAMP-BAL	train_nested_oof	expanded	15.0	0.1	32	1	6	0	0	0	6	0	7.641666666666667		0.0	0.0	0.0
SAMP-BAL	train_nested_oof	expanded	15.0	0.1	33	1	2	0	0	0	2	0	7.041666666666667		0.0	0.0	0.0
SAMP-BAL	train_nested_oof	expanded	15.0	0.1	34	1	1	0	0	0	1	0	8.3		0.0	0.0	0.0
SAMP-BAL	train_nested_oof	expanded	15.0	0.1	35	1	2	0	0	0	2	0	7.225		0.0	0.0	0.0
SAMP-BAL	train_nested_oof	expanded	15.0	0.1	36	1	3	2	0	2	3	0	9.225	0.0	0.0	0.0	0.21680216802168023
SAMP-BAL	train_nested_oof	expanded	15.0	0.1	38	1	1	0	0	0	1	0	6.858333333333333		0.0	0.0	0.0
SAMP-BAL	train_nested_oof	expanded	15.0	0.1	39	1	2	0	0	0	2	0	8.016666666666667		0.0	0.0	0.0
SAMP-BAL	train_nested_oof	expanded	15.0	0.1	42	1	2	2	0	2	2	0	8.925	0.0	0.0	0.0	0.22408963585434172
SAMP-BAL	train_nested_oof	expanded	15.0	0.1	43	1	2	1	0	1	2	0	7.275	0.0	0.0	0.0	0.1374570446735395
SAMP-BAL	train_nested_oof	expanded	15.0	0.1	45	1	0	0	0	0	0	0	6.775				0.0
SAMP-BAL	train_nested_oof	expanded	15.0	0.1	46	1	8	0	0	0	8	0	7.483333333333333		0.0	0.0	0.0
SAMP-BAL	train_nested_oof	expanded	15.0	0.1	50	1	1	0	0	0	1	0	7.375		0.0	0.0	0.0
SAMP-BAL	train_nested_oof	expanded	15.0	0.1	51	1	1	2	0	2	1	0	8.416666666666666	0.0	0.0	0.0	0.23762376237623764
SAMP-BAL	train_nested_oof	expanded	15.0	0.1	53	1	0	0	0	0	0	0	7.808333333333334				0.0
SAMP-BAL	train_nested_oof	expanded	15.0	0.1	54	1	2	1	0	1	2	0	7.916666666666667	0.0	0.0	0.0	0.12631578947368421
SAMP-BAL	train_nested_oof	expanded	15.0	0.1	58	1	5	0	0	0	5	0	8.45		0.0	0.0	0.0
SAMP-BAL	train_nested_oof	expanded	15.0	0.1	59	1	3	0	0	0	3	0	8.175		0.0	0.0	0.0
SAMP-BAL	train_nested_oof	expanded	15.0	0.1	60	1	3	0	0	0	3	0	7.258333333333334		0.0	0.0	0.0
SAMP-BAL	train_nested_oof	expanded	15.0	0.1	61	1	2	2	0	2	2	0	8.316666666666666	0.0	0.0	0.0	0.2404809619238477
SAMP-BAL	train_nested_oof	expanded	15.0	0.1	62	1	6	0	0	0	6	0	8.133333333333333		0.0	0.0	0.0
SAMP-BAL	train_nested_oof	expanded	15.0	0.1	63	1	4	4	0	4	4	0	8.033333333333333	0.0	0.0	0.0	0.4979253112033195
SAMP-BAL	train_nested_oof	expanded	15.0	0.1	65	1	7	0	0	0	7	0	7.45		0.0	0.0	0.0
SAMP-BAL	train_nested_oof	expanded	15.0	0.1	66	1	0	2	0	2	0	0	8.708333333333334	0.0		0.0	0.2296650717703349
SAMP-BAL	train_nested_oof	expanded	15.0	0.1	67	1	5	0	0	0	5	0	8.241666666666667		0.0	0.0	0.0
SAMP-BAL	train_nested_oof	expanded	15.0	0.1	68	1	5	0	0	0	5	0	7.733333333333333		0.0	0.0	0.0
SAMP-BAL	train_nested_oof	expanded	15.0	0.1	71	1	0	0	0	0	0	0	7.091666666666667				0.0
SAMP-BAL	train_nested_oof	expanded	15.0	0.1	72	1	2	0	0	0	2	0	6.933333333333334		0.0	0.0	0.0
SAMP-BAL	train_nested_oof	expanded	15.0	0.1	75	1	1	0	0	0	1	0	7.875		0.0	0.0	0.0
SAMP-BAL	train_nested_oof	expanded	15.0	0.1	76	1	2	0	0	0	2	0	8.058333333333334		0.0	0.0	0.0
SAMP-BAL	train_nested_oof	expanded	15.0	0.1	78	2	10	0	0	0	10	0	16.241666666666667		0.0	0.0	0.0
SAMP-BAL	train_nested_oof	expanded	15.0	0.1	79	2	10	14	1	13	9	0	16.35	0.07142857142857142	0.1	0.08333333333333333	0.7951070336391437
SAMP-BAL	train_nested_oof	expanded	15.0	0.1	80	2	2	1	0	1	2	0	15.274999999999999	0.0	0.0	0.0	0.06546644844517185
SAMP-BAL	train_nested_oof	expanded	15.0	0.1	81	2	2	9	0	9	2	0	14.666666666666668	0.0	0.0	0.0	0.6136363636363635
SAMP-BAL	train_nested_oof	expanded	15.0	0.1	82	2	4	2	0	2	4	0	16.066666666666666	0.0	0.0	0.0	0.12448132780082988
SAMP-BAL	train_nested_oof	expanded	15.0	0.1	84	3	20	2	0	2	20	0	22.03333333333333	0.0	0.0	0.0	0.09077155824508322
SAMP-BAL	train_nested_oof	expanded	15.0	0.1	85	1	1	0	0	0	1	0	7.383333333333334		0.0	0.0	0.0
SAMP-BAL	train_nested_oof	expanded	15.0	0.1	87	3	1	4	0	4	1	0	20.333333333333336	0.0	0.0	0.0	0.1967213114754098
SAMP-BAL	train_nested_oof	expanded	15.0	0.1	91	2	0	2	0	2	0	0	16.46666666666667	0.0		0.0	0.12145748987854249
SAMP-BAL	train_nested_oof	expanded	15.0	0.1	92	2	20	0	0	0	20	0	16.325000000000003		0.0	0.0	0.0
SAMP-BAL	train_nested_oof	expanded	15.0	0.1	93	2	3	0	0	0	3	0	17.008333333333333		0.0	0.0	0.0
SAMP-BAL	train_nested_oof	expanded	15.0	0.1	94	1	3	0	0	0	3	0	6.891666666666667		0.0	0.0	0.0
SAMP-BAL	train_nested_oof	expanded	15.0	0.1	95	1	0	0	0	0	0	0	7.025				0.0
SAMP-BAL	train_nested_oof	expanded	15.0	0.1	96	3	14	0	0	0	14	0	22.8		0.0	0.0	0.0
SAMP-BAL	train_nested_oof	expanded	15.0	0.1	98	3	8	0	0	0	8	0	20.616666666666667		0.0	0.0	0.0
SAMP-BAL	train_nested_oof	expanded	15.0	0.1	99	3	7	0	0	0	7	0	21.2		0.0	0.0	0.0
SAMP-BAL	train_nested_oof	expanded	15.0	0.1	100	1	1	0	0	0	1	0	7.383333333333334		0.0	0.0	0.0
SAMP-BAL	train_nested_oof	expanded	15.0	0.1	101	1	0	0	0	0	0	0	7.241666666666666				0.0
SAMP-BAL	train_nested_oof	expanded	15.0	0.1	104	1	3	0	0	0	3	0	8.008333333333333		0.0	0.0	0.0
SAMP-BAL	train_nested_oof	expanded	15.0	0.1	108	1	1	0	0	0	1	0	6.716666666666667		0.0	0.0	0.0
SAMP-BAL	train_nested_oof	expanded	45.0	0.1	1	1	5	2	0	2	5	0	8.25	0.0	0.0	0.0	0.24242424242424243
SAMP-BAL	train_nested_oof	expanded	45.0	0.1	6	1	0	0	0	0	0	0	3.35				0.0
SAMP-BAL	train_nested_oof	expanded	45.0	0.1	8	1	2	4	0	4	2	0	8.083333333333334	0.0	0.0	0.0	0.49484536082474223
SAMP-BAL	train_nested_oof	expanded	45.0	0.1	9	1	3	1	0	1	3	0	8.725	0.0	0.0	0.0	0.11461318051575932
SAMP-BAL	train_nested_oof	expanded	45.0	0.1	10	1	3	0	0	0	3	0	8.991666666666667		0.0	0.0	0.0
SAMP-BAL	train_nested_oof	expanded	45.0	0.1	11	1	7	0	0	0	7	0	8.408333333333333		0.0	0.0	0.0
SAMP-BAL	train_nested_oof	expanded	45.0	0.1	13	1	2	2	0	2	2	0	8.675	0.0	0.0	0.0	0.23054755043227665
SAMP-BAL	train_nested_oof	expanded	45.0	0.1	14	1	2	0	0	0	2	0	8.558333333333334		0.0	0.0	0.0
SAMP-BAL	train_nested_oof	expanded	45.0	0.1	16	1	2	2	0	2	2	0	7.716666666666667	0.0	0.0	0.0	0.25917926565874727
SAMP-BAL	train_nested_oof	expanded	45.0	0.1	19	1	3	0	0	0	3	0	7.875		0.0	0.0	0.0
SAMP-BAL	train_nested_oof	expanded	45.0	0.1	20	1	1	2	0	2	1	0	7.1	0.0	0.0	0.0	0.28169014084507044
SAMP-BAL	train_nested_oof	expanded	45.0	0.1	21	1	3	0	0	0	3	0	9.175		0.0	0.0	0.0
SAMP-BAL	train_nested_oof	expanded	45.0	0.1	24	1	1	0	0	0	1	0	6.716666666666667		0.0	0.0	0.0
SAMP-BAL	train_nested_oof	expanded	45.0	0.1	29	1	2	2	0	2	2	0	7.458333333333333	0.0	0.0	0.0	0.2681564245810056
SAMP-BAL	train_nested_oof	expanded	45.0	0.1	31	1	3	0	0	0	3	0	7.633333333333334		0.0	0.0	0.0
SAMP-BAL	train_nested_oof	expanded	45.0	0.1	32	1	6	0	0	0	6	0	7.641666666666667		0.0	0.0	0.0
SAMP-BAL	train_nested_oof	expanded	45.0	0.1	33	1	2	0	0	0	2	0	7.041666666666667		0.0	0.0	0.0
SAMP-BAL	train_nested_oof	expanded	45.0	0.1	34	1	1	0	0	0	1	0	8.3		0.0	0.0	0.0
SAMP-BAL	train_nested_oof	expanded	45.0	0.1	35	1	2	0	0	0	2	0	7.225		0.0	0.0	0.0
SAMP-BAL	train_nested_oof	expanded	45.0	0.1	36	1	3	2	0	2	3	0	9.225	0.0	0.0	0.0	0.21680216802168023
SAMP-BAL	train_nested_oof	expanded	45.0	0.1	38	1	1	0	0	0	1	0	6.858333333333333		0.0	0.0	0.0
SAMP-BAL	train_nested_oof	expanded	45.0	0.1	39	1	2	0	0	0	2	0	8.016666666666667		0.0	0.0	0.0
SAMP-BAL	train_nested_oof	expanded	45.0	0.1	42	1	2	2	0	2	2	0	8.925	0.0	0.0	0.0	0.22408963585434172
SAMP-BAL	train_nested_oof	expanded	45.0	0.1	43	1	2	1	0	1	2	0	7.275	0.0	0.0	0.0	0.1374570446735395
SAMP-BAL	train_nested_oof	expanded	45.0	0.1	45	1	0	0	0	0	0	0	6.775				0.0
SAMP-BAL	train_nested_oof	expanded	45.0	0.1	46	1	8	0	0	0	8	0	7.483333333333333		0.0	0.0	0.0
SAMP-BAL	train_nested_oof	expanded	45.0	0.1	50	1	1	0	0	0	1	0	7.375		0.0	0.0	0.0
SAMP-BAL	train_nested_oof	expanded	45.0	0.1	51	1	1	2	0	2	1	0	8.416666666666666	0.0	0.0	0.0	0.23762376237623764
SAMP-BAL	train_nested_oof	expanded	45.0	0.1	53	1	0	0	0	0	0	0	7.808333333333334				0.0
SAMP-BAL	train_nested_oof	expanded	45.0	0.1	54	1	2	1	0	1	2	0	7.916666666666667	0.0	0.0	0.0	0.12631578947368421
SAMP-BAL	train_nested_oof	expanded	45.0	0.1	58	1	5	0	0	0	5	0	8.45		0.0	0.0	0.0
SAMP-BAL	train_nested_oof	expanded	45.0	0.1	59	1	3	0	0	0	3	0	8.175		0.0	0.0	0.0
SAMP-BAL	train_nested_oof	expanded	45.0	0.1	60	1	3	0	0	0	3	0	7.258333333333334		0.0	0.0	0.0
SAMP-BAL	train_nested_oof	expanded	45.0	0.1	61	1	2	2	0	2	2	0	8.316666666666666	0.0	0.0	0.0	0.2404809619238477
SAMP-BAL	train_nested_oof	expanded	45.0	0.1	62	1	6	0	0	0	6	0	8.133333333333333		0.0	0.0	0.0
SAMP-BAL	train_nested_oof	expanded	45.0	0.1	63	1	4	4	0	4	4	0	8.033333333333333	0.0	0.0	0.0	0.4979253112033195
SAMP-BAL	train_nested_oof	expanded	45.0	0.1	65	1	7	0	0	0	7	0	7.45		0.0	0.0	0.0
SAMP-BAL	train_nested_oof	expanded	45.0	0.1	66	1	0	2	0	2	0	0	8.708333333333334	0.0		0.0	0.2296650717703349
SAMP-BAL	train_nested_oof	expanded	45.0	0.1	67	1	5	0	0	0	5	0	8.241666666666667		0.0	0.0	0.0
SAMP-BAL	train_nested_oof	expanded	45.0	0.1	68	1	5	0	0	0	5	0	7.733333333333333		0.0	0.0	0.0
SAMP-BAL	train_nested_oof	expanded	45.0	0.1	71	1	0	0	0	0	0	0	7.091666666666667				0.0
SAMP-BAL	train_nested_oof	expanded	45.0	0.1	72	1	2	0	0	0	2	0	6.933333333333334		0.0	0.0	0.0
SAMP-BAL	train_nested_oof	expanded	45.0	0.1	75	1	1	0	0	0	1	0	7.875		0.0	0.0	0.0
SAMP-BAL	train_nested_oof	expanded	45.0	0.1	76	1	2	0	0	0	2	0	8.058333333333334		0.0	0.0	0.0
SAMP-BAL	train_nested_oof	expanded	45.0	0.1	78	2	10	0	0	0	10	0	16.241666666666667		0.0	0.0	0.0
SAMP-BAL	train_nested_oof	expanded	45.0	0.1	79	2	10	14	1	13	9	0	16.35	0.07142857142857142	0.1	0.08333333333333333	0.7951070336391437
SAMP-BAL	train_nested_oof	expanded	45.0	0.1	80	2	2	1	0	1	2	0	15.274999999999999	0.0	0.0	0.0	0.06546644844517185
SAMP-BAL	train_nested_oof	expanded	45.0	0.1	81	2	2	9	0	9	2	0	14.666666666666668	0.0	0.0	0.0	0.6136363636363635
SAMP-BAL	train_nested_oof	expanded	45.0	0.1	82	2	4	2	0	2	4	0	16.066666666666666	0.0	0.0	0.0	0.12448132780082988
SAMP-BAL	train_nested_oof	expanded	45.0	0.1	84	3	20	2	0	2	20	0	22.03333333333333	0.0	0.0	0.0	0.09077155824508322
SAMP-BAL	train_nested_oof	expanded	45.0	0.1	85	1	1	0	0	0	1	0	7.383333333333334		0.0	0.0	0.0
SAMP-BAL	train_nested_oof	expanded	45.0	0.1	87	3	1	4	0	4	1	0	20.333333333333336	0.0	0.0	0.0	0.1967213114754098
SAMP-BAL	train_nested_oof	expanded	45.0	0.1	91	2	0	2	0	2	0	0	16.46666666666667	0.0		0.0	0.12145748987854249
SAMP-BAL	train_nested_oof	expanded	45.0	0.1	92	2	20	0	0	0	20	0	16.325000000000003		0.0	0.0	0.0
SAMP-BAL	train_nested_oof	expanded	45.0	0.1	93	2	3	0	0	0	3	0	17.008333333333333		0.0	0.0	0.0
SAMP-BAL	train_nested_oof	expanded	45.0	0.1	94	1	3	0	0	0	3	0	6.891666666666667		0.0	0.0	0.0
SAMP-BAL	train_nested_oof	expanded	45.0	0.1	95	1	0	0	0	0	0	0	7.025				0.0
SAMP-BAL	train_nested_oof	expanded	45.0	0.1	96	3	14	0	0	0	14	0	22.8		0.0	0.0	0.0
SAMP-BAL	train_nested_oof	expanded	45.0	0.1	98	3	8	0	0	0	8	0	20.616666666666667		0.0	0.0	0.0
SAMP-BAL	train_nested_oof	expanded	45.0	0.1	99	3	7	0	0	0	7	0	21.2		0.0	0.0	0.0
SAMP-BAL	train_nested_oof	expanded	45.0	0.1	100	1	1	0	0	0	1	0	7.383333333333334		0.0	0.0	0.0
SAMP-BAL	train_nested_oof	expanded	45.0	0.1	101	1	0	0	0	0	0	0	7.241666666666666				0.0
SAMP-BAL	train_nested_oof	expanded	45.0	0.1	104	1	3	0	0	0	3	0	8.008333333333333		0.0	0.0	0.0
SAMP-BAL	train_nested_oof	expanded	45.0	0.1	108	1	1	0	0	0	1	0	6.716666666666667		0.0	0.0	0.0
SAMP-BAL	train_nested_oof	primary	15.0	0.1	1	1	4	2	0	2	4	0	8.25	0.0	0.0	0.0	0.24242424242424243
SAMP-BAL	train_nested_oof	primary	15.0	0.1	6	1	0	0	0	0	0	0	3.35				0.0
SAMP-BAL	train_nested_oof	primary	15.0	0.1	8	1	0	4	0	4	0	0	8.083333333333334	0.0		0.0	0.49484536082474223
SAMP-BAL	train_nested_oof	primary	15.0	0.1	9	1	3	1	0	1	3	0	8.725	0.0	0.0	0.0	0.11461318051575932
SAMP-BAL	train_nested_oof	primary	15.0	0.1	10	1	3	0	0	0	3	0	8.991666666666667		0.0	0.0	0.0
SAMP-BAL	train_nested_oof	primary	15.0	0.1	11	1	6	0	0	0	6	0	8.408333333333333		0.0	0.0	0.0
SAMP-BAL	train_nested_oof	primary	15.0	0.1	13	1	2	2	0	2	2	0	8.675	0.0	0.0	0.0	0.23054755043227665
SAMP-BAL	train_nested_oof	primary	15.0	0.1	14	1	1	0	0	0	1	0	8.558333333333334		0.0	0.0	0.0
SAMP-BAL	train_nested_oof	primary	15.0	0.1	16	1	2	2	0	2	2	0	7.716666666666667	0.0	0.0	0.0	0.25917926565874727
SAMP-BAL	train_nested_oof	primary	15.0	0.1	19	1	3	0	0	0	3	0	7.875		0.0	0.0	0.0
SAMP-BAL	train_nested_oof	primary	15.0	0.1	20	1	1	2	0	2	1	0	7.1	0.0	0.0	0.0	0.28169014084507044
SAMP-BAL	train_nested_oof	primary	15.0	0.1	21	1	0	0	0	0	0	0	9.175				0.0
SAMP-BAL	train_nested_oof	primary	15.0	0.1	24	1	1	0	0	0	1	0	6.716666666666667		0.0	0.0	0.0
SAMP-BAL	train_nested_oof	primary	15.0	0.1	29	1	2	2	0	2	2	0	7.458333333333333	0.0	0.0	0.0	0.2681564245810056
SAMP-BAL	train_nested_oof	primary	15.0	0.1	31	1	3	0	0	0	3	0	7.633333333333334		0.0	0.0	0.0
SAMP-BAL	train_nested_oof	primary	15.0	0.1	32	1	5	0	0	0	5	0	7.641666666666667		0.0	0.0	0.0
SAMP-BAL	train_nested_oof	primary	15.0	0.1	33	1	2	0	0	0	2	0	7.041666666666667		0.0	0.0	0.0
SAMP-BAL	train_nested_oof	primary	15.0	0.1	34	1	0	0	0	0	0	0	8.3				0.0
SAMP-BAL	train_nested_oof	primary	15.0	0.1	35	1	2	0	0	0	2	0	7.225		0.0	0.0	0.0
SAMP-BAL	train_nested_oof	primary	15.0	0.1	36	1	3	2	0	2	3	0	9.225	0.0	0.0	0.0	0.21680216802168023
SAMP-BAL	train_nested_oof	primary	15.0	0.1	38	1	1	0	0	0	1	0	6.858333333333333		0.0	0.0	0.0
SAMP-BAL	train_nested_oof	primary	15.0	0.1	39	1	2	0	0	0	2	0	8.016666666666667		0.0	0.0	0.0
SAMP-BAL	train_nested_oof	primary	15.0	0.1	42	1	0	2	0	2	0	0	8.925	0.0		0.0	0.22408963585434172
SAMP-BAL	train_nested_oof	primary	15.0	0.1	43	1	2	1	0	1	2	0	7.275	0.0	0.0	0.0	0.1374570446735395
SAMP-BAL	train_nested_oof	primary	15.0	0.1	45	1	0	0	0	0	0	0	6.775				0.0
SAMP-BAL	train_nested_oof	primary	15.0	0.1	46	1	5	0	0	0	5	0	7.483333333333333		0.0	0.0	0.0
SAMP-BAL	train_nested_oof	primary	15.0	0.1	50	1	1	0	0	0	1	0	7.375		0.0	0.0	0.0
SAMP-BAL	train_nested_oof	primary	15.0	0.1	51	1	1	2	0	2	1	0	8.416666666666666	0.0	0.0	0.0	0.23762376237623764
SAMP-BAL	train_nested_oof	primary	15.0	0.1	53	1	0	0	0	0	0	0	7.808333333333334				0.0
SAMP-BAL	train_nested_oof	primary	15.0	0.1	54	1	1	1	0	1	1	0	7.916666666666667	0.0	0.0	0.0	0.12631578947368421
SAMP-BAL	train_nested_oof	primary	15.0	0.1	58	1	5	0	0	0	5	0	8.45		0.0	0.0	0.0
SAMP-BAL	train_nested_oof	primary	15.0	0.1	59	1	3	0	0	0	3	0	8.175		0.0	0.0	0.0
SAMP-BAL	train_nested_oof	primary	15.0	0.1	60	1	3	0	0	0	3	0	7.258333333333334		0.0	0.0	0.0
SAMP-BAL	train_nested_oof	primary	15.0	0.1	61	1	0	2	0	2	0	0	8.316666666666666	0.0		0.0	0.2404809619238477
SAMP-BAL	train_nested_oof	primary	15.0	0.1	62	1	4	0	0	0	4	0	8.133333333333333		0.0	0.0	0.0
SAMP-BAL	train_nested_oof	primary	15.0	0.1	63	1	4	4	0	4	4	0	8.033333333333333	0.0	0.0	0.0	0.4979253112033195
SAMP-BAL	train_nested_oof	primary	15.0	0.1	65	1	7	0	0	0	7	0	7.45		0.0	0.0	0.0
SAMP-BAL	train_nested_oof	primary	15.0	0.1	66	1	0	2	0	2	0	0	8.708333333333334	0.0		0.0	0.2296650717703349
SAMP-BAL	train_nested_oof	primary	15.0	0.1	67	1	4	0	0	0	4	0	8.241666666666667		0.0	0.0	0.0
SAMP-BAL	train_nested_oof	primary	15.0	0.1	68	1	5	0	0	0	5	0	7.733333333333333		0.0	0.0	0.0
SAMP-BAL	train_nested_oof	primary	15.0	0.1	71	1	0	0	0	0	0	0	7.091666666666667				0.0
SAMP-BAL	train_nested_oof	primary	15.0	0.1	72	1	1	0	0	0	1	0	6.933333333333334		0.0	0.0	0.0
SAMP-BAL	train_nested_oof	primary	15.0	0.1	75	1	1	0	0	0	1	0	7.875		0.0	0.0	0.0
SAMP-BAL	train_nested_oof	primary	15.0	0.1	76	1	1	0	0	0	1	0	8.058333333333334		0.0	0.0	0.0
SAMP-BAL	train_nested_oof	primary	15.0	0.1	78	2	7	0	0	0	7	0	16.241666666666667		0.0	0.0	0.0
SAMP-BAL	train_nested_oof	primary	15.0	0.1	79	2	4	14	0	13	4	1	16.35	0.0	0.0	0.0	0.7951070336391437
SAMP-BAL	train_nested_oof	primary	15.0	0.1	80	2	2	1	0	1	2	0	15.274999999999999	0.0	0.0	0.0	0.06546644844517185
SAMP-BAL	train_nested_oof	primary	15.0	0.1	81	2	1	9	0	9	1	0	14.666666666666668	0.0	0.0	0.0	0.6136363636363635
SAMP-BAL	train_nested_oof	primary	15.0	0.1	82	2	4	2	0	2	4	0	16.066666666666666	0.0	0.0	0.0	0.12448132780082988
SAMP-BAL	train_nested_oof	primary	15.0	0.1	84	3	20	2	0	2	20	0	22.03333333333333	0.0	0.0	0.0	0.09077155824508322
SAMP-BAL	train_nested_oof	primary	15.0	0.1	85	1	0	0	0	0	0	0	7.383333333333334				0.0
SAMP-BAL	train_nested_oof	primary	15.0	0.1	87	3	0	4	0	4	0	0	20.333333333333336	0.0		0.0	0.1967213114754098
SAMP-BAL	train_nested_oof	primary	15.0	0.1	91	2	0	2	0	2	0	0	16.46666666666667	0.0		0.0	0.12145748987854249
SAMP-BAL	train_nested_oof	primary	15.0	0.1	92	2	19	0	0	0	19	0	16.325000000000003		0.0	0.0	0.0
SAMP-BAL	train_nested_oof	primary	15.0	0.1	93	2	0	0	0	0	0	0	17.008333333333333				0.0
SAMP-BAL	train_nested_oof	primary	15.0	0.1	94	1	2	0	0	0	2	0	6.891666666666667		0.0	0.0	0.0
SAMP-BAL	train_nested_oof	primary	15.0	0.1	95	1	0	0	0	0	0	0	7.025				0.0
SAMP-BAL	train_nested_oof	primary	15.0	0.1	96	3	10	0	0	0	10	0	22.8		0.0	0.0	0.0
SAMP-BAL	train_nested_oof	primary	15.0	0.1	98	3	6	0	0	0	6	0	20.616666666666667		0.0	0.0	0.0
SAMP-BAL	train_nested_oof	primary	15.0	0.1	99	3	7	0	0	0	7	0	21.2		0.0	0.0	0.0
SAMP-BAL	train_nested_oof	primary	15.0	0.1	100	1	0	0	0	0	0	0	7.383333333333334				0.0
SAMP-BAL	train_nested_oof	primary	15.0	0.1	101	1	0	0	0	0	0	0	7.241666666666666				0.0
SAMP-BAL	train_nested_oof	primary	15.0	0.1	104	1	3	0	0	0	3	0	8.008333333333333		0.0	0.0	0.0
SAMP-BAL	train_nested_oof	primary	15.0	0.1	108	1	1	0	0	0	1	0	6.716666666666667		0.0	0.0	0.0
SAMP-BAL	train_nested_oof	primary	45.0	0.1	1	1	4	2	0	2	4	0	8.25	0.0	0.0	0.0	0.24242424242424243
SAMP-BAL	train_nested_oof	primary	45.0	0.1	6	1	0	0	0	0	0	0	3.35				0.0
SAMP-BAL	train_nested_oof	primary	45.0	0.1	8	1	0	4	0	4	0	0	8.083333333333334	0.0		0.0	0.49484536082474223
SAMP-BAL	train_nested_oof	primary	45.0	0.1	9	1	3	1	0	1	3	0	8.725	0.0	0.0	0.0	0.11461318051575932
SAMP-BAL	train_nested_oof	primary	45.0	0.1	10	1	3	0	0	0	3	0	8.991666666666667		0.0	0.0	0.0
SAMP-BAL	train_nested_oof	primary	45.0	0.1	11	1	6	0	0	0	6	0	8.408333333333333		0.0	0.0	0.0
SAMP-BAL	train_nested_oof	primary	45.0	0.1	13	1	2	2	0	2	2	0	8.675	0.0	0.0	0.0	0.23054755043227665
SAMP-BAL	train_nested_oof	primary	45.0	0.1	14	1	1	0	0	0	1	0	8.558333333333334		0.0	0.0	0.0
SAMP-BAL	train_nested_oof	primary	45.0	0.1	16	1	2	2	0	2	2	0	7.716666666666667	0.0	0.0	0.0	0.25917926565874727
SAMP-BAL	train_nested_oof	primary	45.0	0.1	19	1	3	0	0	0	3	0	7.875		0.0	0.0	0.0
SAMP-BAL	train_nested_oof	primary	45.0	0.1	20	1	1	2	0	2	1	0	7.1	0.0	0.0	0.0	0.28169014084507044
SAMP-BAL	train_nested_oof	primary	45.0	0.1	21	1	0	0	0	0	0	0	9.175				0.0
SAMP-BAL	train_nested_oof	primary	45.0	0.1	24	1	1	0	0	0	1	0	6.716666666666667		0.0	0.0	0.0
SAMP-BAL	train_nested_oof	primary	45.0	0.1	29	1	2	2	0	2	2	0	7.458333333333333	0.0	0.0	0.0	0.2681564245810056
SAMP-BAL	train_nested_oof	primary	45.0	0.1	31	1	3	0	0	0	3	0	7.633333333333334		0.0	0.0	0.0
SAMP-BAL	train_nested_oof	primary	45.0	0.1	32	1	5	0	0	0	5	0	7.641666666666667		0.0	0.0	0.0
SAMP-BAL	train_nested_oof	primary	45.0	0.1	33	1	2	0	0	0	2	0	7.041666666666667		0.0	0.0	0.0
SAMP-BAL	train_nested_oof	primary	45.0	0.1	34	1	0	0	0	0	0	0	8.3				0.0
SAMP-BAL	train_nested_oof	primary	45.0	0.1	35	1	2	0	0	0	2	0	7.225		0.0	0.0	0.0
SAMP-BAL	train_nested_oof	primary	45.0	0.1	36	1	3	2	0	2	3	0	9.225	0.0	0.0	0.0	0.21680216802168023
SAMP-BAL	train_nested_oof	primary	45.0	0.1	38	1	1	0	0	0	1	0	6.858333333333333		0.0	0.0	0.0
SAMP-BAL	train_nested_oof	primary	45.0	0.1	39	1	2	0	0	0	2	0	8.016666666666667		0.0	0.0	0.0
SAMP-BAL	train_nested_oof	primary	45.0	0.1	42	1	0	2	0	2	0	0	8.925	0.0		0.0	0.22408963585434172
SAMP-BAL	train_nested_oof	primary	45.0	0.1	43	1	2	1	0	1	2	0	7.275	0.0	0.0	0.0	0.1374570446735395
SAMP-BAL	train_nested_oof	primary	45.0	0.1	45	1	0	0	0	0	0	0	6.775				0.0
SAMP-BAL	train_nested_oof	primary	45.0	0.1	46	1	5	0	0	0	5	0	7.483333333333333		0.0	0.0	0.0
SAMP-BAL	train_nested_oof	primary	45.0	0.1	50	1	1	0	0	0	1	0	7.375		0.0	0.0	0.0
SAMP-BAL	train_nested_oof	primary	45.0	0.1	51	1	1	2	0	2	1	0	8.416666666666666	0.0	0.0	0.0	0.23762376237623764
SAMP-BAL	train_nested_oof	primary	45.0	0.1	53	1	0	0	0	0	0	0	7.808333333333334				0.0
SAMP-BAL	train_nested_oof	primary	45.0	0.1	54	1	1	1	0	1	1	0	7.916666666666667	0.0	0.0	0.0	0.12631578947368421
SAMP-BAL	train_nested_oof	primary	45.0	0.1	58	1	5	0	0	0	5	0	8.45		0.0	0.0	0.0
SAMP-BAL	train_nested_oof	primary	45.0	0.1	59	1	3	0	0	0	3	0	8.175		0.0	0.0	0.0
SAMP-BAL	train_nested_oof	primary	45.0	0.1	60	1	3	0	0	0	3	0	7.258333333333334		0.0	0.0	0.0
SAMP-BAL	train_nested_oof	primary	45.0	0.1	61	1	0	2	0	2	0	0	8.316666666666666	0.0		0.0	0.2404809619238477
SAMP-BAL	train_nested_oof	primary	45.0	0.1	62	1	4	0	0	0	4	0	8.133333333333333		0.0	0.0	0.0
SAMP-BAL	train_nested_oof	primary	45.0	0.1	63	1	4	4	0	4	4	0	8.033333333333333	0.0	0.0	0.0	0.4979253112033195
SAMP-BAL	train_nested_oof	primary	45.0	0.1	65	1	7	0	0	0	7	0	7.45		0.0	0.0	0.0
SAMP-BAL	train_nested_oof	primary	45.0	0.1	66	1	0	2	0	2	0	0	8.708333333333334	0.0		0.0	0.2296650717703349
SAMP-BAL	train_nested_oof	primary	45.0	0.1	67	1	4	0	0	0	4	0	8.241666666666667		0.0	0.0	0.0
SAMP-BAL	train_nested_oof	primary	45.0	0.1	68	1	5	0	0	0	5	0	7.733333333333333		0.0	0.0	0.0
SAMP-BAL	train_nested_oof	primary	45.0	0.1	71	1	0	0	0	0	0	0	7.091666666666667				0.0
SAMP-BAL	train_nested_oof	primary	45.0	0.1	72	1	1	0	0	0	1	0	6.933333333333334		0.0	0.0	0.0
SAMP-BAL	train_nested_oof	primary	45.0	0.1	75	1	1	0	0	0	1	0	7.875		0.0	0.0	0.0
SAMP-BAL	train_nested_oof	primary	45.0	0.1	76	1	1	0	0	0	1	0	8.058333333333334		0.0	0.0	0.0
SAMP-BAL	train_nested_oof	primary	45.0	0.1	78	2	7	0	0	0	7	0	16.241666666666667		0.0	0.0	0.0
SAMP-BAL	train_nested_oof	primary	45.0	0.1	79	2	4	14	0	13	4	1	16.35	0.0	0.0	0.0	0.7951070336391437
SAMP-BAL	train_nested_oof	primary	45.0	0.1	80	2	2	1	0	1	2	0	15.274999999999999	0.0	0.0	0.0	0.06546644844517185
SAMP-BAL	train_nested_oof	primary	45.0	0.1	81	2	1	9	0	9	1	0	14.666666666666668	0.0	0.0	0.0	0.6136363636363635
SAMP-BAL	train_nested_oof	primary	45.0	0.1	82	2	4	2	0	2	4	0	16.066666666666666	0.0	0.0	0.0	0.12448132780082988
SAMP-BAL	train_nested_oof	primary	45.0	0.1	84	3	20	2	0	2	20	0	22.03333333333333	0.0	0.0	0.0	0.09077155824508322
SAMP-BAL	train_nested_oof	primary	45.0	0.1	85	1	0	0	0	0	0	0	7.383333333333334				0.0
SAMP-BAL	train_nested_oof	primary	45.0	0.1	87	3	0	4	0	4	0	0	20.333333333333336	0.0		0.0	0.1967213114754098
SAMP-BAL	train_nested_oof	primary	45.0	0.1	91	2	0	2	0	2	0	0	16.46666666666667	0.0		0.0	0.12145748987854249
SAMP-BAL	train_nested_oof	primary	45.0	0.1	92	2	19	0	0	0	19	0	16.325000000000003		0.0	0.0	0.0
SAMP-BAL	train_nested_oof	primary	45.0	0.1	93	2	0	0	0	0	0	0	17.008333333333333				0.0
SAMP-BAL	train_nested_oof	primary	45.0	0.1	94	1	2	0	0	0	2	0	6.891666666666667		0.0	0.0	0.0
SAMP-BAL	train_nested_oof	primary	45.0	0.1	95	1	0	0	0	0	0	0	7.025				0.0
SAMP-BAL	train_nested_oof	primary	45.0	0.1	96	3	10	0	0	0	10	0	22.8		0.0	0.0	0.0
SAMP-BAL	train_nested_oof	primary	45.0	0.1	98	3	6	0	0	0	6	0	20.616666666666667		0.0	0.0	0.0
SAMP-BAL	train_nested_oof	primary	45.0	0.1	99	3	7	0	0	0	7	0	21.2		0.0	0.0	0.0
SAMP-BAL	train_nested_oof	primary	45.0	0.1	100	1	0	0	0	0	0	0	7.383333333333334				0.0
SAMP-BAL	train_nested_oof	primary	45.0	0.1	101	1	0	0	0	0	0	0	7.241666666666666				0.0
SAMP-BAL	train_nested_oof	primary	45.0	0.1	104	1	3	0	0	0	3	0	8.008333333333333		0.0	0.0	0.0
SAMP-BAL	train_nested_oof	primary	45.0	0.1	108	1	1	0	0	0	1	0	6.716666666666667		0.0	0.0	0.0
RISK-BAL	train_nested_oof	expanded	15.0	0.25	1	1	5	0	0	0	5	0	8.25		0.0	0.0	0.0
RISK-BAL	train_nested_oof	expanded	15.0	0.25	6	1	0	0	0	0	0	0	3.35				0.0
RISK-BAL	train_nested_oof	expanded	15.0	0.25	8	1	2	0	0	0	2	0	8.083333333333334		0.0	0.0	0.0
RISK-BAL	train_nested_oof	expanded	15.0	0.25	9	1	3	0	0	0	3	0	8.725		0.0	0.0	0.0
RISK-BAL	train_nested_oof	expanded	15.0	0.25	10	1	3	0	0	0	3	0	8.991666666666667		0.0	0.0	0.0
RISK-BAL	train_nested_oof	expanded	15.0	0.25	11	1	7	0	0	0	7	0	8.408333333333333		0.0	0.0	0.0
RISK-BAL	train_nested_oof	expanded	15.0	0.25	13	1	2	0	0	0	2	0	8.675		0.0	0.0	0.0
RISK-BAL	train_nested_oof	expanded	15.0	0.25	14	1	2	0	0	0	2	0	8.558333333333334		0.0	0.0	0.0
RISK-BAL	train_nested_oof	expanded	15.0	0.25	16	1	2	0	0	0	2	0	7.716666666666667		0.0	0.0	0.0
RISK-BAL	train_nested_oof	expanded	15.0	0.25	19	1	3	0	0	0	3	0	7.875		0.0	0.0	0.0
RISK-BAL	train_nested_oof	expanded	15.0	0.25	20	1	1	0	0	0	1	0	7.1		0.0	0.0	0.0
RISK-BAL	train_nested_oof	expanded	15.0	0.25	21	1	3	0	0	0	3	0	9.175		0.0	0.0	0.0
RISK-BAL	train_nested_oof	expanded	15.0	0.25	24	1	1	0	0	0	1	0	6.716666666666667		0.0	0.0	0.0
RISK-BAL	train_nested_oof	expanded	15.0	0.25	29	1	2	0	0	0	2	0	7.458333333333333		0.0	0.0	0.0
RISK-BAL	train_nested_oof	expanded	15.0	0.25	31	1	3	0	0	0	3	0	7.633333333333334		0.0	0.0	0.0
RISK-BAL	train_nested_oof	expanded	15.0	0.25	32	1	6	0	0	0	6	0	7.641666666666667		0.0	0.0	0.0
RISK-BAL	train_nested_oof	expanded	15.0	0.25	33	1	2	0	0	0	2	0	7.041666666666667		0.0	0.0	0.0
RISK-BAL	train_nested_oof	expanded	15.0	0.25	34	1	1	0	0	0	1	0	8.3		0.0	0.0	0.0
RISK-BAL	train_nested_oof	expanded	15.0	0.25	35	1	2	0	0	0	2	0	7.225		0.0	0.0	0.0
RISK-BAL	train_nested_oof	expanded	15.0	0.25	36	1	3	0	0	0	3	0	9.225		0.0	0.0	0.0
RISK-BAL	train_nested_oof	expanded	15.0	0.25	38	1	1	0	0	0	1	0	6.858333333333333		0.0	0.0	0.0
RISK-BAL	train_nested_oof	expanded	15.0	0.25	39	1	2	0	0	0	2	0	8.016666666666667		0.0	0.0	0.0
RISK-BAL	train_nested_oof	expanded	15.0	0.25	42	1	2	0	0	0	2	0	8.925		0.0	0.0	0.0
RISK-BAL	train_nested_oof	expanded	15.0	0.25	43	1	2	0	0	0	2	0	7.275		0.0	0.0	0.0
RISK-BAL	train_nested_oof	expanded	15.0	0.25	45	1	0	0	0	0	0	0	6.775				0.0
RISK-BAL	train_nested_oof	expanded	15.0	0.25	46	1	8	0	0	0	8	0	7.483333333333333		0.0	0.0	0.0
RISK-BAL	train_nested_oof	expanded	15.0	0.25	50	1	1	0	0	0	1	0	7.375		0.0	0.0	0.0
RISK-BAL	train_nested_oof	expanded	15.0	0.25	51	1	1	0	0	0	1	0	8.416666666666666		0.0	0.0	0.0
RISK-BAL	train_nested_oof	expanded	15.0	0.25	53	1	0	0	0	0	0	0	7.808333333333334				0.0
RISK-BAL	train_nested_oof	expanded	15.0	0.25	54	1	2	0	0	0	2	0	7.916666666666667		0.0	0.0	0.0
RISK-BAL	train_nested_oof	expanded	15.0	0.25	58	1	5	0	0	0	5	0	8.45		0.0	0.0	0.0
RISK-BAL	train_nested_oof	expanded	15.0	0.25	59	1	3	0	0	0	3	0	8.175		0.0	0.0	0.0
RISK-BAL	train_nested_oof	expanded	15.0	0.25	60	1	3	0	0	0	3	0	7.258333333333334		0.0	0.0	0.0
RISK-BAL	train_nested_oof	expanded	15.0	0.25	61	1	2	0	0	0	2	0	8.316666666666666		0.0	0.0	0.0
RISK-BAL	train_nested_oof	expanded	15.0	0.25	62	1	6	0	0	0	6	0	8.133333333333333		0.0	0.0	0.0
RISK-BAL	train_nested_oof	expanded	15.0	0.25	63	1	4	0	0	0	4	0	8.033333333333333		0.0	0.0	0.0
RISK-BAL	train_nested_oof	expanded	15.0	0.25	65	1	7	0	0	0	7	0	7.45		0.0	0.0	0.0
RISK-BAL	train_nested_oof	expanded	15.0	0.25	66	1	0	0	0	0	0	0	8.708333333333334				0.0
RISK-BAL	train_nested_oof	expanded	15.0	0.25	67	1	5	0	0	0	5	0	8.241666666666667		0.0	0.0	0.0
RISK-BAL	train_nested_oof	expanded	15.0	0.25	68	1	5	0	0	0	5	0	7.733333333333333		0.0	0.0	0.0
RISK-BAL	train_nested_oof	expanded	15.0	0.25	71	1	0	0	0	0	0	0	7.091666666666667				0.0
RISK-BAL	train_nested_oof	expanded	15.0	0.25	72	1	2	0	0	0	2	0	6.933333333333334		0.0	0.0	0.0
RISK-BAL	train_nested_oof	expanded	15.0	0.25	75	1	1	0	0	0	1	0	7.875		0.0	0.0	0.0
RISK-BAL	train_nested_oof	expanded	15.0	0.25	76	1	2	0	0	0	2	0	8.058333333333334		0.0	0.0	0.0
RISK-BAL	train_nested_oof	expanded	15.0	0.25	78	2	10	0	0	0	10	0	16.241666666666667		0.0	0.0	0.0
RISK-BAL	train_nested_oof	expanded	15.0	0.25	79	2	10	0	0	0	10	0	16.35		0.0	0.0	0.0
RISK-BAL	train_nested_oof	expanded	15.0	0.25	80	2	2	0	0	0	2	0	15.274999999999999		0.0	0.0	0.0
RISK-BAL	train_nested_oof	expanded	15.0	0.25	81	2	2	0	0	0	2	0	14.666666666666668		0.0	0.0	0.0
RISK-BAL	train_nested_oof	expanded	15.0	0.25	82	2	4	0	0	0	4	0	16.066666666666666		0.0	0.0	0.0
RISK-BAL	train_nested_oof	expanded	15.0	0.25	84	3	20	0	0	0	20	0	22.03333333333333		0.0	0.0	0.0
RISK-BAL	train_nested_oof	expanded	15.0	0.25	85	1	1	0	0	0	1	0	7.383333333333334		0.0	0.0	0.0
RISK-BAL	train_nested_oof	expanded	15.0	0.25	87	3	1	0	0	0	1	0	20.333333333333336		0.0	0.0	0.0
RISK-BAL	train_nested_oof	expanded	15.0	0.25	91	2	0	0	0	0	0	0	16.46666666666667				0.0
RISK-BAL	train_nested_oof	expanded	15.0	0.25	92	2	20	0	0	0	20	0	16.325000000000003		0.0	0.0	0.0
RISK-BAL	train_nested_oof	expanded	15.0	0.25	93	2	3	0	0	0	3	0	17.008333333333333		0.0	0.0	0.0
RISK-BAL	train_nested_oof	expanded	15.0	0.25	94	1	3	0	0	0	3	0	6.891666666666667		0.0	0.0	0.0
RISK-BAL	train_nested_oof	expanded	15.0	0.25	95	1	0	0	0	0	0	0	7.025				0.0
RISK-BAL	train_nested_oof	expanded	15.0	0.25	96	3	14	0	0	0	14	0	22.8		0.0	0.0	0.0
RISK-BAL	train_nested_oof	expanded	15.0	0.25	98	3	8	0	0	0	8	0	20.616666666666667		0.0	0.0	0.0
RISK-BAL	train_nested_oof	expanded	15.0	0.25	99	3	7	0	0	0	7	0	21.2		0.0	0.0	0.0
RISK-BAL	train_nested_oof	expanded	15.0	0.25	100	1	1	0	0	0	1	0	7.383333333333334		0.0	0.0	0.0
RISK-BAL	train_nested_oof	expanded	15.0	0.25	101	1	0	0	0	0	0	0	7.241666666666666				0.0
RISK-BAL	train_nested_oof	expanded	15.0	0.25	104	1	3	0	0	0	3	0	8.008333333333333		0.0	0.0	0.0
RISK-BAL	train_nested_oof	expanded	15.0	0.25	108	1	1	0	0	0	1	0	6.716666666666667		0.0	0.0	0.0
RISK-BAL	train_nested_oof	expanded	45.0	0.25	1	1	5	0	0	0	5	0	8.25		0.0	0.0	0.0
RISK-BAL	train_nested_oof	expanded	45.0	0.25	6	1	0	0	0	0	0	0	3.35				0.0
RISK-BAL	train_nested_oof	expanded	45.0	0.25	8	1	2	0	0	0	2	0	8.083333333333334		0.0	0.0	0.0
RISK-BAL	train_nested_oof	expanded	45.0	0.25	9	1	3	0	0	0	3	0	8.725		0.0	0.0	0.0
RISK-BAL	train_nested_oof	expanded	45.0	0.25	10	1	3	0	0	0	3	0	8.991666666666667		0.0	0.0	0.0
RISK-BAL	train_nested_oof	expanded	45.0	0.25	11	1	7	0	0	0	7	0	8.408333333333333		0.0	0.0	0.0
RISK-BAL	train_nested_oof	expanded	45.0	0.25	13	1	2	0	0	0	2	0	8.675		0.0	0.0	0.0
RISK-BAL	train_nested_oof	expanded	45.0	0.25	14	1	2	0	0	0	2	0	8.558333333333334		0.0	0.0	0.0
RISK-BAL	train_nested_oof	expanded	45.0	0.25	16	1	2	0	0	0	2	0	7.716666666666667		0.0	0.0	0.0
RISK-BAL	train_nested_oof	expanded	45.0	0.25	19	1	3	0	0	0	3	0	7.875		0.0	0.0	0.0
RISK-BAL	train_nested_oof	expanded	45.0	0.25	20	1	1	0	0	0	1	0	7.1		0.0	0.0	0.0
RISK-BAL	train_nested_oof	expanded	45.0	0.25	21	1	3	0	0	0	3	0	9.175		0.0	0.0	0.0
RISK-BAL	train_nested_oof	expanded	45.0	0.25	24	1	1	0	0	0	1	0	6.716666666666667		0.0	0.0	0.0
RISK-BAL	train_nested_oof	expanded	45.0	0.25	29	1	2	0	0	0	2	0	7.458333333333333		0.0	0.0	0.0
RISK-BAL	train_nested_oof	expanded	45.0	0.25	31	1	3	0	0	0	3	0	7.633333333333334		0.0	0.0	0.0
RISK-BAL	train_nested_oof	expanded	45.0	0.25	32	1	6	0	0	0	6	0	7.641666666666667		0.0	0.0	0.0
RISK-BAL	train_nested_oof	expanded	45.0	0.25	33	1	2	0	0	0	2	0	7.041666666666667		0.0	0.0	0.0
RISK-BAL	train_nested_oof	expanded	45.0	0.25	34	1	1	0	0	0	1	0	8.3		0.0	0.0	0.0
RISK-BAL	train_nested_oof	expanded	45.0	0.25	35	1	2	0	0	0	2	0	7.225		0.0	0.0	0.0
RISK-BAL	train_nested_oof	expanded	45.0	0.25	36	1	3	0	0	0	3	0	9.225		0.0	0.0	0.0
RISK-BAL	train_nested_oof	expanded	45.0	0.25	38	1	1	0	0	0	1	0	6.858333333333333		0.0	0.0	0.0
RISK-BAL	train_nested_oof	expanded	45.0	0.25	39	1	2	0	0	0	2	0	8.016666666666667		0.0	0.0	0.0
RISK-BAL	train_nested_oof	expanded	45.0	0.25	42	1	2	0	0	0	2	0	8.925		0.0	0.0	0.0
RISK-BAL	train_nested_oof	expanded	45.0	0.25	43	1	2	0	0	0	2	0	7.275		0.0	0.0	0.0
RISK-BAL	train_nested_oof	expanded	45.0	0.25	45	1	0	0	0	0	0	0	6.775				0.0
RISK-BAL	train_nested_oof	expanded	45.0	0.25	46	1	8	0	0	0	8	0	7.483333333333333		0.0	0.0	0.0
RISK-BAL	train_nested_oof	expanded	45.0	0.25	50	1	1	0	0	0	1	0	7.375		0.0	0.0	0.0
RISK-BAL	train_nested_oof	expanded	45.0	0.25	51	1	1	0	0	0	1	0	8.416666666666666		0.0	0.0	0.0
RISK-BAL	train_nested_oof	expanded	45.0	0.25	53	1	0	0	0	0	0	0	7.808333333333334				0.0
RISK-BAL	train_nested_oof	expanded	45.0	0.25	54	1	2	0	0	0	2	0	7.916666666666667		0.0	0.0	0.0
RISK-BAL	train_nested_oof	expanded	45.0	0.25	58	1	5	0	0	0	5	0	8.45		0.0	0.0	0.0
RISK-BAL	train_nested_oof	expanded	45.0	0.25	59	1	3	0	0	0	3	0	8.175		0.0	0.0	0.0
RISK-BAL	train_nested_oof	expanded	45.0	0.25	60	1	3	0	0	0	3	0	7.258333333333334		0.0	0.0	0.0
RISK-BAL	train_nested_oof	expanded	45.0	0.25	61	1	2	0	0	0	2	0	8.316666666666666		0.0	0.0	0.0
RISK-BAL	train_nested_oof	expanded	45.0	0.25	62	1	6	0	0	0	6	0	8.133333333333333		0.0	0.0	0.0
RISK-BAL	train_nested_oof	expanded	45.0	0.25	63	1	4	0	0	0	4	0	8.033333333333333		0.0	0.0	0.0
RISK-BAL	train_nested_oof	expanded	45.0	0.25	65	1	7	0	0	0	7	0	7.45		0.0	0.0	0.0
RISK-BAL	train_nested_oof	expanded	45.0	0.25	66	1	0	0	0	0	0	0	8.708333333333334				0.0
RISK-BAL	train_nested_oof	expanded	45.0	0.25	67	1	5	0	0	0	5	0	8.241666666666667		0.0	0.0	0.0
RISK-BAL	train_nested_oof	expanded	45.0	0.25	68	1	5	0	0	0	5	0	7.733333333333333		0.0	0.0	0.0
RISK-BAL	train_nested_oof	expanded	45.0	0.25	71	1	0	0	0	0	0	0	7.091666666666667				0.0
RISK-BAL	train_nested_oof	expanded	45.0	0.25	72	1	2	0	0	0	2	0	6.933333333333334		0.0	0.0	0.0
RISK-BAL	train_nested_oof	expanded	45.0	0.25	75	1	1	0	0	0	1	0	7.875		0.0	0.0	0.0
RISK-BAL	train_nested_oof	expanded	45.0	0.25	76	1	2	0	0	0	2	0	8.058333333333334		0.0	0.0	0.0
RISK-BAL	train_nested_oof	expanded	45.0	0.25	78	2	10	0	0	0	10	0	16.241666666666667		0.0	0.0	0.0
RISK-BAL	train_nested_oof	expanded	45.0	0.25	79	2	10	0	0	0	10	0	16.35		0.0	0.0	0.0
RISK-BAL	train_nested_oof	expanded	45.0	0.25	80	2	2	0	0	0	2	0	15.274999999999999		0.0	0.0	0.0
RISK-BAL	train_nested_oof	expanded	45.0	0.25	81	2	2	0	0	0	2	0	14.666666666666668		0.0	0.0	0.0
RISK-BAL	train_nested_oof	expanded	45.0	0.25	82	2	4	0	0	0	4	0	16.066666666666666		0.0	0.0	0.0
RISK-BAL	train_nested_oof	expanded	45.0	0.25	84	3	20	0	0	0	20	0	22.03333333333333		0.0	0.0	0.0
RISK-BAL	train_nested_oof	expanded	45.0	0.25	85	1	1	0	0	0	1	0	7.383333333333334		0.0	0.0	0.0
RISK-BAL	train_nested_oof	expanded	45.0	0.25	87	3	1	0	0	0	1	0	20.333333333333336		0.0	0.0	0.0
RISK-BAL	train_nested_oof	expanded	45.0	0.25	91	2	0	0	0	0	0	0	16.46666666666667				0.0
RISK-BAL	train_nested_oof	expanded	45.0	0.25	92	2	20	0	0	0	20	0	16.325000000000003		0.0	0.0	0.0
RISK-BAL	train_nested_oof	expanded	45.0	0.25	93	2	3	0	0	0	3	0	17.008333333333333		0.0	0.0	0.0
RISK-BAL	train_nested_oof	expanded	45.0	0.25	94	1	3	0	0	0	3	0	6.891666666666667		0.0	0.0	0.0
RISK-BAL	train_nested_oof	expanded	45.0	0.25	95	1	0	0	0	0	0	0	7.025				0.0
RISK-BAL	train_nested_oof	expanded	45.0	0.25	96	3	14	0	0	0	14	0	22.8		0.0	0.0	0.0
RISK-BAL	train_nested_oof	expanded	45.0	0.25	98	3	8	0	0	0	8	0	20.616666666666667		0.0	0.0	0.0
RISK-BAL	train_nested_oof	expanded	45.0	0.25	99	3	7	0	0	0	7	0	21.2		0.0	0.0	0.0
RISK-BAL	train_nested_oof	expanded	45.0	0.25	100	1	1	0	0	0	1	0	7.383333333333334		0.0	0.0	0.0
RISK-BAL	train_nested_oof	expanded	45.0	0.25	101	1	0	0	0	0	0	0	7.241666666666666				0.0
RISK-BAL	train_nested_oof	expanded	45.0	0.25	104	1	3	0	0	0	3	0	8.008333333333333		0.0	0.0	0.0
RISK-BAL	train_nested_oof	expanded	45.0	0.25	108	1	1	0	0	0	1	0	6.716666666666667		0.0	0.0	0.0
RISK-BAL	train_nested_oof	primary	15.0	0.25	1	1	4	0	0	0	4	0	8.25		0.0	0.0	0.0
RISK-BAL	train_nested_oof	primary	15.0	0.25	6	1	0	0	0	0	0	0	3.35				0.0
RISK-BAL	train_nested_oof	primary	15.0	0.25	8	1	0	0	0	0	0	0	8.083333333333334				0.0
RISK-BAL	train_nested_oof	primary	15.0	0.25	9	1	3	0	0	0	3	0	8.725		0.0	0.0	0.0
RISK-BAL	train_nested_oof	primary	15.0	0.25	10	1	3	0	0	0	3	0	8.991666666666667		0.0	0.0	0.0
RISK-BAL	train_nested_oof	primary	15.0	0.25	11	1	6	0	0	0	6	0	8.408333333333333		0.0	0.0	0.0
RISK-BAL	train_nested_oof	primary	15.0	0.25	13	1	2	0	0	0	2	0	8.675		0.0	0.0	0.0
RISK-BAL	train_nested_oof	primary	15.0	0.25	14	1	1	0	0	0	1	0	8.558333333333334		0.0	0.0	0.0
RISK-BAL	train_nested_oof	primary	15.0	0.25	16	1	2	0	0	0	2	0	7.716666666666667		0.0	0.0	0.0
RISK-BAL	train_nested_oof	primary	15.0	0.25	19	1	3	0	0	0	3	0	7.875		0.0	0.0	0.0
RISK-BAL	train_nested_oof	primary	15.0	0.25	20	1	1	0	0	0	1	0	7.1		0.0	0.0	0.0
RISK-BAL	train_nested_oof	primary	15.0	0.25	21	1	0	0	0	0	0	0	9.175				0.0
RISK-BAL	train_nested_oof	primary	15.0	0.25	24	1	1	0	0	0	1	0	6.716666666666667		0.0	0.0	0.0
RISK-BAL	train_nested_oof	primary	15.0	0.25	29	1	2	0	0	0	2	0	7.458333333333333		0.0	0.0	0.0
RISK-BAL	train_nested_oof	primary	15.0	0.25	31	1	3	0	0	0	3	0	7.633333333333334		0.0	0.0	0.0
RISK-BAL	train_nested_oof	primary	15.0	0.25	32	1	5	0	0	0	5	0	7.641666666666667		0.0	0.0	0.0
RISK-BAL	train_nested_oof	primary	15.0	0.25	33	1	2	0	0	0	2	0	7.041666666666667		0.0	0.0	0.0
RISK-BAL	train_nested_oof	primary	15.0	0.25	34	1	0	0	0	0	0	0	8.3				0.0
RISK-BAL	train_nested_oof	primary	15.0	0.25	35	1	2	0	0	0	2	0	7.225		0.0	0.0	0.0
RISK-BAL	train_nested_oof	primary	15.0	0.25	36	1	3	0	0	0	3	0	9.225		0.0	0.0	0.0
RISK-BAL	train_nested_oof	primary	15.0	0.25	38	1	1	0	0	0	1	0	6.858333333333333		0.0	0.0	0.0
RISK-BAL	train_nested_oof	primary	15.0	0.25	39	1	2	0	0	0	2	0	8.016666666666667		0.0	0.0	0.0
RISK-BAL	train_nested_oof	primary	15.0	0.25	42	1	0	0	0	0	0	0	8.925				0.0
RISK-BAL	train_nested_oof	primary	15.0	0.25	43	1	2	0	0	0	2	0	7.275		0.0	0.0	0.0
RISK-BAL	train_nested_oof	primary	15.0	0.25	45	1	0	0	0	0	0	0	6.775				0.0
RISK-BAL	train_nested_oof	primary	15.0	0.25	46	1	5	0	0	0	5	0	7.483333333333333		0.0	0.0	0.0
RISK-BAL	train_nested_oof	primary	15.0	0.25	50	1	1	0	0	0	1	0	7.375		0.0	0.0	0.0
RISK-BAL	train_nested_oof	primary	15.0	0.25	51	1	1	0	0	0	1	0	8.416666666666666		0.0	0.0	0.0
RISK-BAL	train_nested_oof	primary	15.0	0.25	53	1	0	0	0	0	0	0	7.808333333333334				0.0
RISK-BAL	train_nested_oof	primary	15.0	0.25	54	1	1	0	0	0	1	0	7.916666666666667		0.0	0.0	0.0
RISK-BAL	train_nested_oof	primary	15.0	0.25	58	1	5	0	0	0	5	0	8.45		0.0	0.0	0.0
RISK-BAL	train_nested_oof	primary	15.0	0.25	59	1	3	0	0	0	3	0	8.175		0.0	0.0	0.0
RISK-BAL	train_nested_oof	primary	15.0	0.25	60	1	3	0	0	0	3	0	7.258333333333334		0.0	0.0	0.0
RISK-BAL	train_nested_oof	primary	15.0	0.25	61	1	0	0	0	0	0	0	8.316666666666666				0.0
RISK-BAL	train_nested_oof	primary	15.0	0.25	62	1	4	0	0	0	4	0	8.133333333333333		0.0	0.0	0.0
RISK-BAL	train_nested_oof	primary	15.0	0.25	63	1	4	0	0	0	4	0	8.033333333333333		0.0	0.0	0.0
RISK-BAL	train_nested_oof	primary	15.0	0.25	65	1	7	0	0	0	7	0	7.45		0.0	0.0	0.0
RISK-BAL	train_nested_oof	primary	15.0	0.25	66	1	0	0	0	0	0	0	8.708333333333334				0.0
RISK-BAL	train_nested_oof	primary	15.0	0.25	67	1	4	0	0	0	4	0	8.241666666666667		0.0	0.0	0.0
RISK-BAL	train_nested_oof	primary	15.0	0.25	68	1	5	0	0	0	5	0	7.733333333333333		0.0	0.0	0.0
RISK-BAL	train_nested_oof	primary	15.0	0.25	71	1	0	0	0	0	0	0	7.091666666666667				0.0
RISK-BAL	train_nested_oof	primary	15.0	0.25	72	1	1	0	0	0	1	0	6.933333333333334		0.0	0.0	0.0
RISK-BAL	train_nested_oof	primary	15.0	0.25	75	1	1	0	0	0	1	0	7.875		0.0	0.0	0.0
RISK-BAL	train_nested_oof	primary	15.0	0.25	76	1	1	0	0	0	1	0	8.058333333333334		0.0	0.0	0.0
RISK-BAL	train_nested_oof	primary	15.0	0.25	78	2	7	0	0	0	7	0	16.241666666666667		0.0	0.0	0.0
RISK-BAL	train_nested_oof	primary	15.0	0.25	79	2	4	0	0	0	4	0	16.35		0.0	0.0	0.0
RISK-BAL	train_nested_oof	primary	15.0	0.25	80	2	2	0	0	0	2	0	15.274999999999999		0.0	0.0	0.0
RISK-BAL	train_nested_oof	primary	15.0	0.25	81	2	1	0	0	0	1	0	14.666666666666668		0.0	0.0	0.0
RISK-BAL	train_nested_oof	primary	15.0	0.25	82	2	4	0	0	0	4	0	16.066666666666666		0.0	0.0	0.0
RISK-BAL	train_nested_oof	primary	15.0	0.25	84	3	20	0	0	0	20	0	22.03333333333333		0.0	0.0	0.0
RISK-BAL	train_nested_oof	primary	15.0	0.25	85	1	0	0	0	0	0	0	7.383333333333334				0.0
RISK-BAL	train_nested_oof	primary	15.0	0.25	87	3	0	0	0	0	0	0	20.333333333333336				0.0
RISK-BAL	train_nested_oof	primary	15.0	0.25	91	2	0	0	0	0	0	0	16.46666666666667				0.0
RISK-BAL	train_nested_oof	primary	15.0	0.25	92	2	19	0	0	0	19	0	16.325000000000003		0.0	0.0	0.0
RISK-BAL	train_nested_oof	primary	15.0	0.25	93	2	0	0	0	0	0	0	17.008333333333333				0.0
RISK-BAL	train_nested_oof	primary	15.0	0.25	94	1	2	0	0	0	2	0	6.891666666666667		0.0	0.0	0.0
RISK-BAL	train_nested_oof	primary	15.0	0.25	95	1	0	0	0	0	0	0	7.025				0.0
RISK-BAL	train_nested_oof	primary	15.0	0.25	96	3	10	0	0	0	10	0	22.8		0.0	0.0	0.0
RISK-BAL	train_nested_oof	primary	15.0	0.25	98	3	6	0	0	0	6	0	20.616666666666667		0.0	0.0	0.0
RISK-BAL	train_nested_oof	primary	15.0	0.25	99	3	7	0	0	0	7	0	21.2		0.0	0.0	0.0
RISK-BAL	train_nested_oof	primary	15.0	0.25	100	1	0	0	0	0	0	0	7.383333333333334				0.0
RISK-BAL	train_nested_oof	primary	15.0	0.25	101	1	0	0	0	0	0	0	7.241666666666666				0.0
RISK-BAL	train_nested_oof	primary	15.0	0.25	104	1	3	0	0	0	3	0	8.008333333333333		0.0	0.0	0.0
RISK-BAL	train_nested_oof	primary	15.0	0.25	108	1	1	0	0	0	1	0	6.716666666666667		0.0	0.0	0.0
RISK-BAL	train_nested_oof	primary	45.0	0.25	1	1	4	0	0	0	4	0	8.25		0.0	0.0	0.0
RISK-BAL	train_nested_oof	primary	45.0	0.25	6	1	0	0	0	0	0	0	3.35				0.0
RISK-BAL	train_nested_oof	primary	45.0	0.25	8	1	0	0	0	0	0	0	8.083333333333334				0.0
RISK-BAL	train_nested_oof	primary	45.0	0.25	9	1	3	0	0	0	3	0	8.725		0.0	0.0	0.0
RISK-BAL	train_nested_oof	primary	45.0	0.25	10	1	3	0	0	0	3	0	8.991666666666667		0.0	0.0	0.0
RISK-BAL	train_nested_oof	primary	45.0	0.25	11	1	6	0	0	0	6	0	8.408333333333333		0.0	0.0	0.0
RISK-BAL	train_nested_oof	primary	45.0	0.25	13	1	2	0	0	0	2	0	8.675		0.0	0.0	0.0
RISK-BAL	train_nested_oof	primary	45.0	0.25	14	1	1	0	0	0	1	0	8.558333333333334		0.0	0.0	0.0
RISK-BAL	train_nested_oof	primary	45.0	0.25	16	1	2	0	0	0	2	0	7.716666666666667		0.0	0.0	0.0
RISK-BAL	train_nested_oof	primary	45.0	0.25	19	1	3	0	0	0	3	0	7.875		0.0	0.0	0.0
RISK-BAL	train_nested_oof	primary	45.0	0.25	20	1	1	0	0	0	1	0	7.1		0.0	0.0	0.0
RISK-BAL	train_nested_oof	primary	45.0	0.25	21	1	0	0	0	0	0	0	9.175				0.0
RISK-BAL	train_nested_oof	primary	45.0	0.25	24	1	1	0	0	0	1	0	6.716666666666667		0.0	0.0	0.0
RISK-BAL	train_nested_oof	primary	45.0	0.25	29	1	2	0	0	0	2	0	7.458333333333333		0.0	0.0	0.0
RISK-BAL	train_nested_oof	primary	45.0	0.25	31	1	3	0	0	0	3	0	7.633333333333334		0.0	0.0	0.0
RISK-BAL	train_nested_oof	primary	45.0	0.25	32	1	5	0	0	0	5	0	7.641666666666667		0.0	0.0	0.0
RISK-BAL	train_nested_oof	primary	45.0	0.25	33	1	2	0	0	0	2	0	7.041666666666667		0.0	0.0	0.0
RISK-BAL	train_nested_oof	primary	45.0	0.25	34	1	0	0	0	0	0	0	8.3				0.0
RISK-BAL	train_nested_oof	primary	45.0	0.25	35	1	2	0	0	0	2	0	7.225		0.0	0.0	0.0
RISK-BAL	train_nested_oof	primary	45.0	0.25	36	1	3	0	0	0	3	0	9.225		0.0	0.0	0.0
RISK-BAL	train_nested_oof	primary	45.0	0.25	38	1	1	0	0	0	1	0	6.858333333333333		0.0	0.0	0.0
RISK-BAL	train_nested_oof	primary	45.0	0.25	39	1	2	0	0	0	2	0	8.016666666666667		0.0	0.0	0.0
RISK-BAL	train_nested_oof	primary	45.0	0.25	42	1	0	0	0	0	0	0	8.925				0.0
RISK-BAL	train_nested_oof	primary	45.0	0.25	43	1	2	0	0	0	2	0	7.275		0.0	0.0	0.0
RISK-BAL	train_nested_oof	primary	45.0	0.25	45	1	0	0	0	0	0	0	6.775				0.0
RISK-BAL	train_nested_oof	primary	45.0	0.25	46	1	5	0	0	0	5	0	7.483333333333333		0.0	0.0	0.0
RISK-BAL	train_nested_oof	primary	45.0	0.25	50	1	1	0	0	0	1	0	7.375		0.0	0.0	0.0
RISK-BAL	train_nested_oof	primary	45.0	0.25	51	1	1	0	0	0	1	0	8.416666666666666		0.0	0.0	0.0
RISK-BAL	train_nested_oof	primary	45.0	0.25	53	1	0	0	0	0	0	0	7.808333333333334				0.0
RISK-BAL	train_nested_oof	primary	45.0	0.25	54	1	1	0	0	0	1	0	7.916666666666667		0.0	0.0	0.0
RISK-BAL	train_nested_oof	primary	45.0	0.25	58	1	5	0	0	0	5	0	8.45		0.0	0.0	0.0
RISK-BAL	train_nested_oof	primary	45.0	0.25	59	1	3	0	0	0	3	0	8.175		0.0	0.0	0.0
RISK-BAL	train_nested_oof	primary	45.0	0.25	60	1	3	0	0	0	3	0	7.258333333333334		0.0	0.0	0.0
RISK-BAL	train_nested_oof	primary	45.0	0.25	61	1	0	0	0	0	0	0	8.316666666666666				0.0
RISK-BAL	train_nested_oof	primary	45.0	0.25	62	1	4	0	0	0	4	0	8.133333333333333		0.0	0.0	0.0
RISK-BAL	train_nested_oof	primary	45.0	0.25	63	1	4	0	0	0	4	0	8.033333333333333		0.0	0.0	0.0
RISK-BAL	train_nested_oof	primary	45.0	0.25	65	1	7	0	0	0	7	0	7.45		0.0	0.0	0.0
RISK-BAL	train_nested_oof	primary	45.0	0.25	66	1	0	0	0	0	0	0	8.708333333333334				0.0
RISK-BAL	train_nested_oof	primary	45.0	0.25	67	1	4	0	0	0	4	0	8.241666666666667		0.0	0.0	0.0
RISK-BAL	train_nested_oof	primary	45.0	0.25	68	1	5	0	0	0	5	0	7.733333333333333		0.0	0.0	0.0
RISK-BAL	train_nested_oof	primary	45.0	0.25	71	1	0	0	0	0	0	0	7.091666666666667				0.0
RISK-BAL	train_nested_oof	primary	45.0	0.25	72	1	1	0	0	0	1	0	6.933333333333334		0.0	0.0	0.0
RISK-BAL	train_nested_oof	primary	45.0	0.25	75	1	1	0	0	0	1	0	7.875		0.0	0.0	0.0
RISK-BAL	train_nested_oof	primary	45.0	0.25	76	1	1	0	0	0	1	0	8.058333333333334		0.0	0.0	0.0
RISK-BAL	train_nested_oof	primary	45.0	0.25	78	2	7	0	0	0	7	0	16.241666666666667		0.0	0.0	0.0
RISK-BAL	train_nested_oof	primary	45.0	0.25	79	2	4	0	0	0	4	0	16.35		0.0	0.0	0.0
RISK-BAL	train_nested_oof	primary	45.0	0.25	80	2	2	0	0	0	2	0	15.274999999999999		0.0	0.0	0.0
RISK-BAL	train_nested_oof	primary	45.0	0.25	81	2	1	0	0	0	1	0	14.666666666666668		0.0	0.0	0.0
RISK-BAL	train_nested_oof	primary	45.0	0.25	82	2	4	0	0	0	4	0	16.066666666666666		0.0	0.0	0.0
RISK-BAL	train_nested_oof	primary	45.0	0.25	84	3	20	0	0	0	20	0	22.03333333333333		0.0	0.0	0.0
RISK-BAL	train_nested_oof	primary	45.0	0.25	85	1	0	0	0	0	0	0	7.383333333333334				0.0
RISK-BAL	train_nested_oof	primary	45.0	0.25	87	3	0	0	0	0	0	0	20.333333333333336				0.0
RISK-BAL	train_nested_oof	primary	45.0	0.25	91	2	0	0	0	0	0	0	16.46666666666667				0.0
RISK-BAL	train_nested_oof	primary	45.0	0.25	92	2	19	0	0	0	19	0	16.325000000000003		0.0	0.0	0.0
RISK-BAL	train_nested_oof	primary	45.0	0.25	93	2	0	0	0	0	0	0	17.008333333333333				0.0
RISK-BAL	train_nested_oof	primary	45.0	0.25	94	1	2	0	0	0	2	0	6.891666666666667		0.0	0.0	0.0
RISK-BAL	train_nested_oof	primary	45.0	0.25	95	1	0	0	0	0	0	0	7.025				0.0
RISK-BAL	train_nested_oof	primary	45.0	0.25	96	3	10	0	0	0	10	0	22.8		0.0	0.0	0.0
RISK-BAL	train_nested_oof	primary	45.0	0.25	98	3	6	0	0	0	6	0	20.616666666666667		0.0	0.0	0.0
RISK-BAL	train_nested_oof	primary	45.0	0.25	99	3	7	0	0	0	7	0	21.2		0.0	0.0	0.0
RISK-BAL	train_nested_oof	primary	45.0	0.25	100	1	0	0	0	0	0	0	7.383333333333334				0.0
RISK-BAL	train_nested_oof	primary	45.0	0.25	101	1	0	0	0	0	0	0	7.241666666666666				0.0
RISK-BAL	train_nested_oof	primary	45.0	0.25	104	1	3	0	0	0	3	0	8.008333333333333		0.0	0.0	0.0
RISK-BAL	train_nested_oof	primary	45.0	0.25	108	1	1	0	0	0	1	0	6.716666666666667		0.0	0.0	0.0
RISK-NAT	train_nested_oof	expanded	15.0	0.25	1	1	5	8	2	6	3	0	8.25	0.25	0.4	0.3076923076923077	0.7272727272727273
RISK-NAT	train_nested_oof	expanded	15.0	0.25	6	1	0	1	0	1	0	0	3.35	0.0		0.0	0.29850746268656714
RISK-NAT	train_nested_oof	expanded	15.0	0.25	8	1	2	10	0	10	2	0	8.083333333333334	0.0	0.0	0.0	1.2371134020618555
RISK-NAT	train_nested_oof	expanded	15.0	0.25	9	1	3	5	2	3	1	0	8.725	0.4	0.6666666666666666	0.5	0.34383954154727797
RISK-NAT	train_nested_oof	expanded	15.0	0.25	10	1	3	8	0	8	3	0	8.991666666666667	0.0	0.0	0.0	0.8897126969416126
RISK-NAT	train_nested_oof	expanded	15.0	0.25	11	1	7	8	1	7	6	0	8.408333333333333	0.125	0.14285714285714285	0.13333333333333333	0.8325074331020813
RISK-NAT	train_nested_oof	expanded	15.0	0.25	13	1	2	0	0	0	2	0	8.675		0.0	0.0	0.0
RISK-NAT	train_nested_oof	expanded	15.0	0.25	14	1	2	1	0	1	2	0	8.558333333333334	0.0	0.0	0.0	0.11684518013631938
RISK-NAT	train_nested_oof	expanded	15.0	0.25	16	1	2	3	1	2	1	0	7.716666666666667	0.3333333333333333	0.5	0.4	0.25917926565874727
RISK-NAT	train_nested_oof	expanded	15.0	0.25	19	1	3	11	1	10	2	0	7.875	0.09090909090909091	0.3333333333333333	0.14285714285714285	1.2698412698412698
RISK-NAT	train_nested_oof	expanded	15.0	0.25	20	1	1	2	0	2	1	0	7.1	0.0	0.0	0.0	0.28169014084507044
RISK-NAT	train_nested_oof	expanded	15.0	0.25	21	1	3	0	0	0	3	0	9.175		0.0	0.0	0.0
RISK-NAT	train_nested_oof	expanded	15.0	0.25	24	1	1	1	0	1	1	0	6.716666666666667	0.0	0.0	0.0	0.1488833746898263
RISK-NAT	train_nested_oof	expanded	15.0	0.25	29	1	2	0	0	0	2	0	7.458333333333333		0.0	0.0	0.0
RISK-NAT	train_nested_oof	expanded	15.0	0.25	31	1	3	2	1	1	2	0	7.633333333333334	0.5	0.3333333333333333	0.4	0.13100436681222707
RISK-NAT	train_nested_oof	expanded	15.0	0.25	32	1	6	0	0	0	6	0	7.641666666666667		0.0	0.0	0.0
RISK-NAT	train_nested_oof	expanded	15.0	0.25	33	1	2	1	0	1	2	0	7.041666666666667	0.0	0.0	0.0	0.14201183431952663
RISK-NAT	train_nested_oof	expanded	15.0	0.25	34	1	1	3	1	2	0	0	8.3	0.3333333333333333	1.0	0.5	0.24096385542168672
RISK-NAT	train_nested_oof	expanded	15.0	0.25	35	1	2	3	0	3	2	0	7.225	0.0	0.0	0.0	0.4152249134948097
RISK-NAT	train_nested_oof	expanded	15.0	0.25	36	1	3	4	1	3	2	0	9.225	0.25	0.3333333333333333	0.2857142857142857	0.3252032520325203
RISK-NAT	train_nested_oof	expanded	15.0	0.25	38	1	1	0	0	0	1	0	6.858333333333333		0.0	0.0	0.0
RISK-NAT	train_nested_oof	expanded	15.0	0.25	39	1	2	1	0	1	2	0	8.016666666666667	0.0	0.0	0.0	0.12474012474012473
RISK-NAT	train_nested_oof	expanded	15.0	0.25	42	1	2	0	0	0	2	0	8.925		0.0	0.0	0.0
RISK-NAT	train_nested_oof	expanded	15.0	0.25	43	1	2	2	1	1	1	0	7.275	0.5	0.5	0.5	0.1374570446735395
RISK-NAT	train_nested_oof	expanded	15.0	0.25	45	1	0	0	0	0	0	0	6.775				0.0
RISK-NAT	train_nested_oof	expanded	15.0	0.25	46	1	8	8	4	4	4	0	7.483333333333333	0.5	0.5	0.5	0.5345211581291759
RISK-NAT	train_nested_oof	expanded	15.0	0.25	50	1	1	3	0	3	1	0	7.375	0.0	0.0	0.0	0.4067796610169492
RISK-NAT	train_nested_oof	expanded	15.0	0.25	51	1	1	1	0	1	1	0	8.416666666666666	0.0	0.0	0.0	0.11881188118811882
RISK-NAT	train_nested_oof	expanded	15.0	0.25	53	1	0	0	0	0	0	0	7.808333333333334				0.0
RISK-NAT	train_nested_oof	expanded	15.0	0.25	54	1	2	12	0	12	2	0	7.916666666666667	0.0	0.0	0.0	1.5157894736842106
RISK-NAT	train_nested_oof	expanded	15.0	0.25	58	1	5	0	0	0	5	0	8.45		0.0	0.0	0.0
RISK-NAT	train_nested_oof	expanded	15.0	0.25	59	1	3	1	1	0	2	0	8.175	1.0	0.3333333333333333	0.5	0.0
RISK-NAT	train_nested_oof	expanded	15.0	0.25	60	1	3	0	0	0	3	0	7.258333333333334		0.0	0.0	0.0
RISK-NAT	train_nested_oof	expanded	15.0	0.25	61	1	2	6	2	4	0	0	8.316666666666666	0.3333333333333333	1.0	0.5	0.4809619238476954
RISK-NAT	train_nested_oof	expanded	15.0	0.25	62	1	6	1	0	1	6	0	8.133333333333333	0.0	0.0	0.0	0.12295081967213116
RISK-NAT	train_nested_oof	expanded	15.0	0.25	63	1	4	9	2	7	2	0	8.033333333333333	0.2222222222222222	0.5	0.3076923076923077	0.8713692946058091
RISK-NAT	train_nested_oof	expanded	15.0	0.25	65	1	7	13	3	10	4	0	7.45	0.23076923076923078	0.42857142857142855	0.3	1.342281879194631
RISK-NAT	train_nested_oof	expanded	15.0	0.25	66	1	0	0	0	0	0	0	8.708333333333334				0.0
RISK-NAT	train_nested_oof	expanded	15.0	0.25	67	1	5	1	1	0	4	0	8.241666666666667	1.0	0.2	0.3333333333333333	0.0
RISK-NAT	train_nested_oof	expanded	15.0	0.25	68	1	5	1	0	1	5	0	7.733333333333333	0.0	0.0	0.0	0.12931034482758622
RISK-NAT	train_nested_oof	expanded	15.0	0.25	71	1	0	0	0	0	0	0	7.091666666666667				0.0
RISK-NAT	train_nested_oof	expanded	15.0	0.25	72	1	2	0	0	0	2	0	6.933333333333334		0.0	0.0	0.0
RISK-NAT	train_nested_oof	expanded	15.0	0.25	75	1	1	4	0	4	1	0	7.875	0.0	0.0	0.0	0.5079365079365079
RISK-NAT	train_nested_oof	expanded	15.0	0.25	76	1	2	1	1	0	1	0	8.058333333333334	1.0	0.5	0.6666666666666666	0.0
RISK-NAT	train_nested_oof	expanded	15.0	0.25	78	2	10	2	0	2	10	0	16.241666666666667	0.0	0.0	0.0	0.12314007183170857
RISK-NAT	train_nested_oof	expanded	15.0	0.25	79	2	10	3	0	3	10	0	16.35	0.0	0.0	0.0	0.18348623853211007
RISK-NAT	train_nested_oof	expanded	15.0	0.25	80	2	2	2	1	1	1	0	15.274999999999999	0.5	0.5	0.5	0.06546644844517185
RISK-NAT	train_nested_oof	expanded	15.0	0.25	81	2	2	8	1	7	1	0	14.666666666666668	0.125	0.5	0.2	0.47727272727272724
RISK-NAT	train_nested_oof	expanded	15.0	0.25	82	2	4	7	2	5	2	0	16.066666666666666	0.2857142857142857	0.5	0.36363636363636365	0.3112033195020747
RISK-NAT	train_nested_oof	expanded	15.0	0.25	84	3	20	1	1	0	19	0	22.03333333333333	1.0	0.05	0.09523809523809523	0.0
RISK-NAT	train_nested_oof	expanded	15.0	0.25	85	1	1	1	0	1	1	0	7.383333333333334	0.0	0.0	0.0	0.13544018058690743
RISK-NAT	train_nested_oof	expanded	15.0	0.25	87	3	1	3	0	3	1	0	20.333333333333336	0.0	0.0	0.0	0.14754098360655735
RISK-NAT	train_nested_oof	expanded	15.0	0.25	91	2	0	4	0	4	0	0	16.46666666666667	0.0		0.0	0.24291497975708498
RISK-NAT	train_nested_oof	expanded	15.0	0.25	92	2	20	3	3	0	17	0	16.325000000000003	1.0	0.15	0.2608695652173913	0.0
RISK-NAT	train_nested_oof	expanded	15.0	0.25	93	2	3	13	0	13	3	0	17.008333333333333	0.0	0.0	0.0	0.7643312101910829
RISK-NAT	train_nested_oof	expanded	15.0	0.25	94	1	3	3	1	2	2	0	6.891666666666667	0.3333333333333333	0.3333333333333333	0.3333333333333333	0.29020556227327693
RISK-NAT	train_nested_oof	expanded	15.0	0.25	95	1	0	0	0	0	0	0	7.025				0.0
RISK-NAT	train_nested_oof	expanded	15.0	0.25	96	3	14	2	0	2	14	0	22.8	0.0	0.0	0.0	0.08771929824561403
RISK-NAT	train_nested_oof	expanded	15.0	0.25	98	3	8	0	0	0	8	0	20.616666666666667		0.0	0.0	0.0
RISK-NAT	train_nested_oof	expanded	15.0	0.25	99	3	7	6	1	5	6	0	21.2	0.16666666666666666	0.14285714285714285	0.15384615384615385	0.2358490566037736
RISK-NAT	train_nested_oof	expanded	15.0	0.25	100	1	1	1	0	1	1	0	7.383333333333334	0.0	0.0	0.0	0.13544018058690743
RISK-NAT	train_nested_oof	expanded	15.0	0.25	101	1	0	0	0	0	0	0	7.241666666666666				0.0
RISK-NAT	train_nested_oof	expanded	15.0	0.25	104	1	3	6	1	5	2	0	8.008333333333333	0.16666666666666666	0.3333333333333333	0.2222222222222222	0.6243496357960459
RISK-NAT	train_nested_oof	expanded	15.0	0.25	108	1	1	3	0	3	1	0	6.716666666666667	0.0	0.0	0.0	0.4466501240694789
RISK-NAT	train_nested_oof	expanded	45.0	0.25	1	1	5	8	2	6	3	0	8.25	0.25	0.4	0.3076923076923077	0.7272727272727273
RISK-NAT	train_nested_oof	expanded	45.0	0.25	6	1	0	1	0	1	0	0	3.35	0.0		0.0	0.29850746268656714
RISK-NAT	train_nested_oof	expanded	45.0	0.25	8	1	2	10	0	10	2	0	8.083333333333334	0.0	0.0	0.0	1.2371134020618555
RISK-NAT	train_nested_oof	expanded	45.0	0.25	9	1	3	5	2	3	1	0	8.725	0.4	0.6666666666666666	0.5	0.34383954154727797
RISK-NAT	train_nested_oof	expanded	45.0	0.25	10	1	3	8	0	8	3	0	8.991666666666667	0.0	0.0	0.0	0.8897126969416126
RISK-NAT	train_nested_oof	expanded	45.0	0.25	11	1	7	8	1	7	6	0	8.408333333333333	0.125	0.14285714285714285	0.13333333333333333	0.8325074331020813
RISK-NAT	train_nested_oof	expanded	45.0	0.25	13	1	2	0	0	0	2	0	8.675		0.0	0.0	0.0
RISK-NAT	train_nested_oof	expanded	45.0	0.25	14	1	2	1	0	1	2	0	8.558333333333334	0.0	0.0	0.0	0.11684518013631938
RISK-NAT	train_nested_oof	expanded	45.0	0.25	16	1	2	3	2	1	0	0	7.716666666666667	0.6666666666666666	1.0	0.8	0.12958963282937364
RISK-NAT	train_nested_oof	expanded	45.0	0.25	19	1	3	11	2	9	1	0	7.875	0.18181818181818182	0.6666666666666666	0.2857142857142857	1.1428571428571428
RISK-NAT	train_nested_oof	expanded	45.0	0.25	20	1	1	2	0	2	1	0	7.1	0.0	0.0	0.0	0.28169014084507044
RISK-NAT	train_nested_oof	expanded	45.0	0.25	21	1	3	0	0	0	3	0	9.175		0.0	0.0	0.0
RISK-NAT	train_nested_oof	expanded	45.0	0.25	24	1	1	1	0	1	1	0	6.716666666666667	0.0	0.0	0.0	0.1488833746898263
RISK-NAT	train_nested_oof	expanded	45.0	0.25	29	1	2	0	0	0	2	0	7.458333333333333		0.0	0.0	0.0
RISK-NAT	train_nested_oof	expanded	45.0	0.25	31	1	3	2	1	1	2	0	7.633333333333334	0.5	0.3333333333333333	0.4	0.13100436681222707
RISK-NAT	train_nested_oof	expanded	45.0	0.25	32	1	6	0	0	0	6	0	7.641666666666667		0.0	0.0	0.0
RISK-NAT	train_nested_oof	expanded	45.0	0.25	33	1	2	1	0	1	2	0	7.041666666666667	0.0	0.0	0.0	0.14201183431952663
RISK-NAT	train_nested_oof	expanded	45.0	0.25	34	1	1	3	1	2	0	0	8.3	0.3333333333333333	1.0	0.5	0.24096385542168672
RISK-NAT	train_nested_oof	expanded	45.0	0.25	35	1	2	3	0	3	2	0	7.225	0.0	0.0	0.0	0.4152249134948097
RISK-NAT	train_nested_oof	expanded	45.0	0.25	36	1	3	4	1	3	2	0	9.225	0.25	0.3333333333333333	0.2857142857142857	0.3252032520325203
RISK-NAT	train_nested_oof	expanded	45.0	0.25	38	1	1	0	0	0	1	0	6.858333333333333		0.0	0.0	0.0
RISK-NAT	train_nested_oof	expanded	45.0	0.25	39	1	2	1	0	1	2	0	8.016666666666667	0.0	0.0	0.0	0.12474012474012473
RISK-NAT	train_nested_oof	expanded	45.0	0.25	42	1	2	0	0	0	2	0	8.925		0.0	0.0	0.0
RISK-NAT	train_nested_oof	expanded	45.0	0.25	43	1	2	2	1	1	1	0	7.275	0.5	0.5	0.5	0.1374570446735395
RISK-NAT	train_nested_oof	expanded	45.0	0.25	45	1	0	0	0	0	0	0	6.775				0.0
RISK-NAT	train_nested_oof	expanded	45.0	0.25	46	1	8	8	4	4	4	0	7.483333333333333	0.5	0.5	0.5	0.5345211581291759
RISK-NAT	train_nested_oof	expanded	45.0	0.25	50	1	1	3	0	3	1	0	7.375	0.0	0.0	0.0	0.4067796610169492
RISK-NAT	train_nested_oof	expanded	45.0	0.25	51	1	1	1	0	1	1	0	8.416666666666666	0.0	0.0	0.0	0.11881188118811882
RISK-NAT	train_nested_oof	expanded	45.0	0.25	53	1	0	0	0	0	0	0	7.808333333333334				0.0
RISK-NAT	train_nested_oof	expanded	45.0	0.25	54	1	2	12	1	11	1	0	7.916666666666667	0.08333333333333333	0.5	0.14285714285714285	1.3894736842105262
RISK-NAT	train_nested_oof	expanded	45.0	0.25	58	1	5	0	0	0	5	0	8.45		0.0	0.0	0.0
RISK-NAT	train_nested_oof	expanded	45.0	0.25	59	1	3	1	1	0	2	0	8.175	1.0	0.3333333333333333	0.5	0.0
RISK-NAT	train_nested_oof	expanded	45.0	0.25	60	1	3	0	0	0	3	0	7.258333333333334		0.0	0.0	0.0
RISK-NAT	train_nested_oof	expanded	45.0	0.25	61	1	2	6	2	4	0	0	8.316666666666666	0.3333333333333333	1.0	0.5	0.4809619238476954
RISK-NAT	train_nested_oof	expanded	45.0	0.25	62	1	6	1	1	0	5	0	8.133333333333333	1.0	0.16666666666666666	0.2857142857142857	0.0
RISK-NAT	train_nested_oof	expanded	45.0	0.25	63	1	4	9	2	7	2	0	8.033333333333333	0.2222222222222222	0.5	0.3076923076923077	0.8713692946058091
RISK-NAT	train_nested_oof	expanded	45.0	0.25	65	1	7	13	3	10	4	0	7.45	0.23076923076923078	0.42857142857142855	0.3	1.342281879194631
RISK-NAT	train_nested_oof	expanded	45.0	0.25	66	1	0	0	0	0	0	0	8.708333333333334				0.0
RISK-NAT	train_nested_oof	expanded	45.0	0.25	67	1	5	1	1	0	4	0	8.241666666666667	1.0	0.2	0.3333333333333333	0.0
RISK-NAT	train_nested_oof	expanded	45.0	0.25	68	1	5	1	0	1	5	0	7.733333333333333	0.0	0.0	0.0	0.12931034482758622
RISK-NAT	train_nested_oof	expanded	45.0	0.25	71	1	0	0	0	0	0	0	7.091666666666667				0.0
RISK-NAT	train_nested_oof	expanded	45.0	0.25	72	1	2	0	0	0	2	0	6.933333333333334		0.0	0.0	0.0
RISK-NAT	train_nested_oof	expanded	45.0	0.25	75	1	1	4	1	3	0	0	7.875	0.25	1.0	0.4	0.38095238095238093
RISK-NAT	train_nested_oof	expanded	45.0	0.25	76	1	2	1	1	0	1	0	8.058333333333334	1.0	0.5	0.6666666666666666	0.0
RISK-NAT	train_nested_oof	expanded	45.0	0.25	78	2	10	2	0	2	10	0	16.241666666666667	0.0	0.0	0.0	0.12314007183170857
RISK-NAT	train_nested_oof	expanded	45.0	0.25	79	2	10	3	0	3	10	0	16.35	0.0	0.0	0.0	0.18348623853211007
RISK-NAT	train_nested_oof	expanded	45.0	0.25	80	2	2	2	1	1	1	0	15.274999999999999	0.5	0.5	0.5	0.06546644844517185
RISK-NAT	train_nested_oof	expanded	45.0	0.25	81	2	2	8	1	7	1	0	14.666666666666668	0.125	0.5	0.2	0.47727272727272724
RISK-NAT	train_nested_oof	expanded	45.0	0.25	82	2	4	7	2	5	2	0	16.066666666666666	0.2857142857142857	0.5	0.36363636363636365	0.3112033195020747
RISK-NAT	train_nested_oof	expanded	45.0	0.25	84	3	20	1	1	0	19	0	22.03333333333333	1.0	0.05	0.09523809523809523	0.0
RISK-NAT	train_nested_oof	expanded	45.0	0.25	85	1	1	1	0	1	1	0	7.383333333333334	0.0	0.0	0.0	0.13544018058690743
RISK-NAT	train_nested_oof	expanded	45.0	0.25	87	3	1	3	0	3	1	0	20.333333333333336	0.0	0.0	0.0	0.14754098360655735
RISK-NAT	train_nested_oof	expanded	45.0	0.25	91	2	0	4	0	4	0	0	16.46666666666667	0.0		0.0	0.24291497975708498
RISK-NAT	train_nested_oof	expanded	45.0	0.25	92	2	20	3	3	0	17	0	16.325000000000003	1.0	0.15	0.2608695652173913	0.0
RISK-NAT	train_nested_oof	expanded	45.0	0.25	93	2	3	13	0	13	3	0	17.008333333333333	0.0	0.0	0.0	0.7643312101910829
RISK-NAT	train_nested_oof	expanded	45.0	0.25	94	1	3	3	1	2	2	0	6.891666666666667	0.3333333333333333	0.3333333333333333	0.3333333333333333	0.29020556227327693
RISK-NAT	train_nested_oof	expanded	45.0	0.25	95	1	0	0	0	0	0	0	7.025				0.0
RISK-NAT	train_nested_oof	expanded	45.0	0.25	96	3	14	2	1	1	13	0	22.8	0.5	0.07142857142857142	0.125	0.043859649122807015
RISK-NAT	train_nested_oof	expanded	45.0	0.25	98	3	8	0	0	0	8	0	20.616666666666667		0.0	0.0	0.0
RISK-NAT	train_nested_oof	expanded	45.0	0.25	99	3	7	6	1	5	6	0	21.2	0.16666666666666666	0.14285714285714285	0.15384615384615385	0.2358490566037736
RISK-NAT	train_nested_oof	expanded	45.0	0.25	100	1	1	1	0	1	1	0	7.383333333333334	0.0	0.0	0.0	0.13544018058690743
RISK-NAT	train_nested_oof	expanded	45.0	0.25	101	1	0	0	0	0	0	0	7.241666666666666				0.0
RISK-NAT	train_nested_oof	expanded	45.0	0.25	104	1	3	6	2	4	1	0	8.008333333333333	0.3333333333333333	0.6666666666666666	0.4444444444444444	0.49947970863683666
RISK-NAT	train_nested_oof	expanded	45.0	0.25	108	1	1	3	0	3	1	0	6.716666666666667	0.0	0.0	0.0	0.4466501240694789
RISK-NAT	train_nested_oof	primary	15.0	0.25	1	1	4	8	1	6	3	1	8.25	0.14285714285714285	0.25	0.18181818181818182	0.7272727272727273
RISK-NAT	train_nested_oof	primary	15.0	0.25	6	1	0	1	0	1	0	0	3.35	0.0		0.0	0.29850746268656714
RISK-NAT	train_nested_oof	primary	15.0	0.25	8	1	0	10	0	10	0	0	8.083333333333334	0.0		0.0	1.2371134020618555
RISK-NAT	train_nested_oof	primary	15.0	0.25	9	1	3	5	2	3	1	0	8.725	0.4	0.6666666666666666	0.5	0.34383954154727797
RISK-NAT	train_nested_oof	primary	15.0	0.25	10	1	3	8	0	8	3	0	8.991666666666667	0.0	0.0	0.0	0.8897126969416126
RISK-NAT	train_nested_oof	primary	15.0	0.25	11	1	6	8	0	7	6	1	8.408333333333333	0.0	0.0	0.0	0.8325074331020813
RISK-NAT	train_nested_oof	primary	15.0	0.25	13	1	2	0	0	0	2	0	8.675		0.0	0.0	0.0
RISK-NAT	train_nested_oof	primary	15.0	0.25	14	1	1	1	0	1	1	0	8.558333333333334	0.0	0.0	0.0	0.11684518013631938
RISK-NAT	train_nested_oof	primary	15.0	0.25	16	1	2	3	1	2	1	0	7.716666666666667	0.3333333333333333	0.5	0.4	0.25917926565874727
RISK-NAT	train_nested_oof	primary	15.0	0.25	19	1	3	11	1	10	2	0	7.875	0.09090909090909091	0.3333333333333333	0.14285714285714285	1.2698412698412698
RISK-NAT	train_nested_oof	primary	15.0	0.25	20	1	1	2	0	2	1	0	7.1	0.0	0.0	0.0	0.28169014084507044
RISK-NAT	train_nested_oof	primary	15.0	0.25	21	1	0	0	0	0	0	0	9.175				0.0
RISK-NAT	train_nested_oof	primary	15.0	0.25	24	1	1	1	0	1	1	0	6.716666666666667	0.0	0.0	0.0	0.1488833746898263
RISK-NAT	train_nested_oof	primary	15.0	0.25	29	1	2	0	0	0	2	0	7.458333333333333		0.0	0.0	0.0
RISK-NAT	train_nested_oof	primary	15.0	0.25	31	1	3	2	1	1	2	0	7.633333333333334	0.5	0.3333333333333333	0.4	0.13100436681222707
RISK-NAT	train_nested_oof	primary	15.0	0.25	32	1	5	0	0	0	5	0	7.641666666666667		0.0	0.0	0.0
RISK-NAT	train_nested_oof	primary	15.0	0.25	33	1	2	1	0	1	2	0	7.041666666666667	0.0	0.0	0.0	0.14201183431952663
RISK-NAT	train_nested_oof	primary	15.0	0.25	34	1	0	3	0	2	0	1	8.3	0.0		0.0	0.24096385542168672
RISK-NAT	train_nested_oof	primary	15.0	0.25	35	1	2	3	0	3	2	0	7.225	0.0	0.0	0.0	0.4152249134948097
RISK-NAT	train_nested_oof	primary	15.0	0.25	36	1	3	4	1	3	2	0	9.225	0.25	0.3333333333333333	0.2857142857142857	0.3252032520325203
RISK-NAT	train_nested_oof	primary	15.0	0.25	38	1	1	0	0	0	1	0	6.858333333333333		0.0	0.0	0.0
RISK-NAT	train_nested_oof	primary	15.0	0.25	39	1	2	1	0	1	2	0	8.016666666666667	0.0	0.0	0.0	0.12474012474012473
RISK-NAT	train_nested_oof	primary	15.0	0.25	42	1	0	0	0	0	0	0	8.925				0.0
RISK-NAT	train_nested_oof	primary	15.0	0.25	43	1	2	2	1	1	1	0	7.275	0.5	0.5	0.5	0.1374570446735395
RISK-NAT	train_nested_oof	primary	15.0	0.25	45	1	0	0	0	0	0	0	6.775				0.0
RISK-NAT	train_nested_oof	primary	15.0	0.25	46	1	5	8	3	4	2	1	7.483333333333333	0.42857142857142855	0.6	0.5	0.5345211581291759
RISK-NAT	train_nested_oof	primary	15.0	0.25	50	1	1	3	0	3	1	0	7.375	0.0	0.0	0.0	0.4067796610169492
RISK-NAT	train_nested_oof	primary	15.0	0.25	51	1	1	1	0	1	1	0	8.416666666666666	0.0	0.0	0.0	0.11881188118811882
RISK-NAT	train_nested_oof	primary	15.0	0.25	53	1	0	0	0	0	0	0	7.808333333333334				0.0
RISK-NAT	train_nested_oof	primary	15.0	0.25	54	1	1	12	0	12	1	0	7.916666666666667	0.0	0.0	0.0	1.5157894736842106
RISK-NAT	train_nested_oof	primary	15.0	0.25	58	1	5	0	0	0	5	0	8.45		0.0	0.0	0.0
RISK-NAT	train_nested_oof	primary	15.0	0.25	59	1	3	1	1	0	2	0	8.175	1.0	0.3333333333333333	0.5	0.0
RISK-NAT	train_nested_oof	primary	15.0	0.25	60	1	3	0	0	0	3	0	7.258333333333334		0.0	0.0	0.0
RISK-NAT	train_nested_oof	primary	15.0	0.25	61	1	0	6	0	4	0	2	8.316666666666666	0.0		0.0	0.4809619238476954
RISK-NAT	train_nested_oof	primary	15.0	0.25	62	1	4	1	0	1	4	0	8.133333333333333	0.0	0.0	0.0	0.12295081967213116
RISK-NAT	train_nested_oof	primary	15.0	0.25	63	1	4	9	2	7	2	0	8.033333333333333	0.2222222222222222	0.5	0.3076923076923077	0.8713692946058091
RISK-NAT	train_nested_oof	primary	15.0	0.25	65	1	7	13	3	10	4	0	7.45	0.23076923076923078	0.42857142857142855	0.3	1.342281879194631
RISK-NAT	train_nested_oof	primary	15.0	0.25	66	1	0	0	0	0	0	0	8.708333333333334				0.0
RISK-NAT	train_nested_oof	primary	15.0	0.25	67	1	4	1	0	0	4	1	8.241666666666667		0.0	0.0	0.0
RISK-NAT	train_nested_oof	primary	15.0	0.25	68	1	5	1	0	1	5	0	7.733333333333333	0.0	0.0	0.0	0.12931034482758622
RISK-NAT	train_nested_oof	primary	15.0	0.25	71	1	0	0	0	0	0	0	7.091666666666667				0.0
RISK-NAT	train_nested_oof	primary	15.0	0.25	72	1	1	0	0	0	1	0	6.933333333333334		0.0	0.0	0.0
RISK-NAT	train_nested_oof	primary	15.0	0.25	75	1	1	4	0	4	1	0	7.875	0.0	0.0	0.0	0.5079365079365079
RISK-NAT	train_nested_oof	primary	15.0	0.25	76	1	1	1	1	0	0	0	8.058333333333334	1.0	1.0	1.0	0.0
RISK-NAT	train_nested_oof	primary	15.0	0.25	78	2	7	2	0	2	7	0	16.241666666666667	0.0	0.0	0.0	0.12314007183170857
RISK-NAT	train_nested_oof	primary	15.0	0.25	79	2	4	3	0	3	4	0	16.35	0.0	0.0	0.0	0.18348623853211007
RISK-NAT	train_nested_oof	primary	15.0	0.25	80	2	2	2	1	1	1	0	15.274999999999999	0.5	0.5	0.5	0.06546644844517185
RISK-NAT	train_nested_oof	primary	15.0	0.25	81	2	1	8	1	7	0	0	14.666666666666668	0.125	1.0	0.2222222222222222	0.47727272727272724
RISK-NAT	train_nested_oof	primary	15.0	0.25	82	2	4	7	2	5	2	0	16.066666666666666	0.2857142857142857	0.5	0.36363636363636365	0.3112033195020747
RISK-NAT	train_nested_oof	primary	15.0	0.25	84	3	20	1	1	0	19	0	22.03333333333333	1.0	0.05	0.09523809523809523	0.0
RISK-NAT	train_nested_oof	primary	15.0	0.25	85	1	0	1	0	1	0	0	7.383333333333334	0.0		0.0	0.13544018058690743
RISK-NAT	train_nested_oof	primary	15.0	0.25	87	3	0	3	0	3	0	0	20.333333333333336	0.0		0.0	0.14754098360655735
RISK-NAT	train_nested_oof	primary	15.0	0.25	91	2	0	4	0	4	0	0	16.46666666666667	0.0		0.0	0.24291497975708498
RISK-NAT	train_nested_oof	primary	15.0	0.25	92	2	19	3	3	0	16	0	16.325000000000003	1.0	0.15789473684210525	0.2727272727272727	0.0
RISK-NAT	train_nested_oof	primary	15.0	0.25	93	2	0	13	0	13	0	0	17.008333333333333	0.0		0.0	0.7643312101910829
RISK-NAT	train_nested_oof	primary	15.0	0.25	94	1	2	3	1	2	1	0	6.891666666666667	0.3333333333333333	0.5	0.4	0.29020556227327693
RISK-NAT	train_nested_oof	primary	15.0	0.25	95	1	0	0	0	0	0	0	7.025				0.0
RISK-NAT	train_nested_oof	primary	15.0	0.25	96	3	10	2	0	2	10	0	22.8	0.0	0.0	0.0	0.08771929824561403
RISK-NAT	train_nested_oof	primary	15.0	0.25	98	3	6	0	0	0	6	0	20.616666666666667		0.0	0.0	0.0
RISK-NAT	train_nested_oof	primary	15.0	0.25	99	3	7	6	1	5	6	0	21.2	0.16666666666666666	0.14285714285714285	0.15384615384615385	0.2358490566037736
RISK-NAT	train_nested_oof	primary	15.0	0.25	100	1	0	1	0	1	0	0	7.383333333333334	0.0		0.0	0.13544018058690743
RISK-NAT	train_nested_oof	primary	15.0	0.25	101	1	0	0	0	0	0	0	7.241666666666666				0.0
RISK-NAT	train_nested_oof	primary	15.0	0.25	104	1	3	6	1	5	2	0	8.008333333333333	0.16666666666666666	0.3333333333333333	0.2222222222222222	0.6243496357960459
RISK-NAT	train_nested_oof	primary	15.0	0.25	108	1	1	3	0	3	1	0	6.716666666666667	0.0	0.0	0.0	0.4466501240694789
RISK-NAT	train_nested_oof	primary	45.0	0.25	1	1	4	8	1	6	3	1	8.25	0.14285714285714285	0.25	0.18181818181818182	0.7272727272727273
RISK-NAT	train_nested_oof	primary	45.0	0.25	6	1	0	1	0	1	0	0	3.35	0.0		0.0	0.29850746268656714
RISK-NAT	train_nested_oof	primary	45.0	0.25	8	1	0	10	0	10	0	0	8.083333333333334	0.0		0.0	1.2371134020618555
RISK-NAT	train_nested_oof	primary	45.0	0.25	9	1	3	5	2	3	1	0	8.725	0.4	0.6666666666666666	0.5	0.34383954154727797
RISK-NAT	train_nested_oof	primary	45.0	0.25	10	1	3	8	0	8	3	0	8.991666666666667	0.0	0.0	0.0	0.8897126969416126
RISK-NAT	train_nested_oof	primary	45.0	0.25	11	1	6	8	0	7	6	1	8.408333333333333	0.0	0.0	0.0	0.8325074331020813
RISK-NAT	train_nested_oof	primary	45.0	0.25	13	1	2	0	0	0	2	0	8.675		0.0	0.0	0.0
RISK-NAT	train_nested_oof	primary	45.0	0.25	14	1	1	1	0	1	1	0	8.558333333333334	0.0	0.0	0.0	0.11684518013631938
RISK-NAT	train_nested_oof	primary	45.0	0.25	16	1	2	3	2	1	0	0	7.716666666666667	0.6666666666666666	1.0	0.8	0.12958963282937364
RISK-NAT	train_nested_oof	primary	45.0	0.25	19	1	3	11	2	9	1	0	7.875	0.18181818181818182	0.6666666666666666	0.2857142857142857	1.1428571428571428
RISK-NAT	train_nested_oof	primary	45.0	0.25	20	1	1	2	0	2	1	0	7.1	0.0	0.0	0.0	0.28169014084507044
RISK-NAT	train_nested_oof	primary	45.0	0.25	21	1	0	0	0	0	0	0	9.175				0.0
RISK-NAT	train_nested_oof	primary	45.0	0.25	24	1	1	1	0	1	1	0	6.716666666666667	0.0	0.0	0.0	0.1488833746898263
RISK-NAT	train_nested_oof	primary	45.0	0.25	29	1	2	0	0	0	2	0	7.458333333333333		0.0	0.0	0.0
RISK-NAT	train_nested_oof	primary	45.0	0.25	31	1	3	2	1	1	2	0	7.633333333333334	0.5	0.3333333333333333	0.4	0.13100436681222707
RISK-NAT	train_nested_oof	primary	45.0	0.25	32	1	5	0	0	0	5	0	7.641666666666667		0.0	0.0	0.0
RISK-NAT	train_nested_oof	primary	45.0	0.25	33	1	2	1	0	1	2	0	7.041666666666667	0.0	0.0	0.0	0.14201183431952663
RISK-NAT	train_nested_oof	primary	45.0	0.25	34	1	0	3	0	2	0	1	8.3	0.0		0.0	0.24096385542168672
RISK-NAT	train_nested_oof	primary	45.0	0.25	35	1	2	3	0	3	2	0	7.225	0.0	0.0	0.0	0.4152249134948097
RISK-NAT	train_nested_oof	primary	45.0	0.25	36	1	3	4	1	3	2	0	9.225	0.25	0.3333333333333333	0.2857142857142857	0.3252032520325203
RISK-NAT	train_nested_oof	primary	45.0	0.25	38	1	1	0	0	0	1	0	6.858333333333333		0.0	0.0	0.0
RISK-NAT	train_nested_oof	primary	45.0	0.25	39	1	2	1	0	1	2	0	8.016666666666667	0.0	0.0	0.0	0.12474012474012473
RISK-NAT	train_nested_oof	primary	45.0	0.25	42	1	0	0	0	0	0	0	8.925				0.0
RISK-NAT	train_nested_oof	primary	45.0	0.25	43	1	2	2	1	1	1	0	7.275	0.5	0.5	0.5	0.1374570446735395
RISK-NAT	train_nested_oof	primary	45.0	0.25	45	1	0	0	0	0	0	0	6.775				0.0
RISK-NAT	train_nested_oof	primary	45.0	0.25	46	1	5	8	3	4	2	1	7.483333333333333	0.42857142857142855	0.6	0.5	0.5345211581291759
RISK-NAT	train_nested_oof	primary	45.0	0.25	50	1	1	3	0	3	1	0	7.375	0.0	0.0	0.0	0.4067796610169492
RISK-NAT	train_nested_oof	primary	45.0	0.25	51	1	1	1	0	1	1	0	8.416666666666666	0.0	0.0	0.0	0.11881188118811882
RISK-NAT	train_nested_oof	primary	45.0	0.25	53	1	0	0	0	0	0	0	7.808333333333334				0.0
RISK-NAT	train_nested_oof	primary	45.0	0.25	54	1	1	12	1	11	0	0	7.916666666666667	0.08333333333333333	1.0	0.15384615384615385	1.3894736842105262
RISK-NAT	train_nested_oof	primary	45.0	0.25	58	1	5	0	0	0	5	0	8.45		0.0	0.0	0.0
RISK-NAT	train_nested_oof	primary	45.0	0.25	59	1	3	1	1	0	2	0	8.175	1.0	0.3333333333333333	0.5	0.0
RISK-NAT	train_nested_oof	primary	45.0	0.25	60	1	3	0	0	0	3	0	7.258333333333334		0.0	0.0	0.0
RISK-NAT	train_nested_oof	primary	45.0	0.25	61	1	0	6	0	4	0	2	8.316666666666666	0.0		0.0	0.4809619238476954
RISK-NAT	train_nested_oof	primary	45.0	0.25	62	1	4	1	0	0	4	1	8.133333333333333		0.0	0.0	0.0
RISK-NAT	train_nested_oof	primary	45.0	0.25	63	1	4	9	2	7	2	0	8.033333333333333	0.2222222222222222	0.5	0.3076923076923077	0.8713692946058091
RISK-NAT	train_nested_oof	primary	45.0	0.25	65	1	7	13	3	10	4	0	7.45	0.23076923076923078	0.42857142857142855	0.3	1.342281879194631
RISK-NAT	train_nested_oof	primary	45.0	0.25	66	1	0	0	0	0	0	0	8.708333333333334				0.0
RISK-NAT	train_nested_oof	primary	45.0	0.25	67	1	4	1	0	0	4	1	8.241666666666667		0.0	0.0	0.0
RISK-NAT	train_nested_oof	primary	45.0	0.25	68	1	5	1	0	1	5	0	7.733333333333333	0.0	0.0	0.0	0.12931034482758622
RISK-NAT	train_nested_oof	primary	45.0	0.25	71	1	0	0	0	0	0	0	7.091666666666667				0.0
RISK-NAT	train_nested_oof	primary	45.0	0.25	72	1	1	0	0	0	1	0	6.933333333333334		0.0	0.0	0.0
RISK-NAT	train_nested_oof	primary	45.0	0.25	75	1	1	4	1	3	0	0	7.875	0.25	1.0	0.4	0.38095238095238093
RISK-NAT	train_nested_oof	primary	45.0	0.25	76	1	1	1	1	0	0	0	8.058333333333334	1.0	1.0	1.0	0.0
RISK-NAT	train_nested_oof	primary	45.0	0.25	78	2	7	2	0	2	7	0	16.241666666666667	0.0	0.0	0.0	0.12314007183170857
RISK-NAT	train_nested_oof	primary	45.0	0.25	79	2	4	3	0	3	4	0	16.35	0.0	0.0	0.0	0.18348623853211007
RISK-NAT	train_nested_oof	primary	45.0	0.25	80	2	2	2	1	1	1	0	15.274999999999999	0.5	0.5	0.5	0.06546644844517185
RISK-NAT	train_nested_oof	primary	45.0	0.25	81	2	1	8	1	7	0	0	14.666666666666668	0.125	1.0	0.2222222222222222	0.47727272727272724
RISK-NAT	train_nested_oof	primary	45.0	0.25	82	2	4	7	2	5	2	0	16.066666666666666	0.2857142857142857	0.5	0.36363636363636365	0.3112033195020747
RISK-NAT	train_nested_oof	primary	45.0	0.25	84	3	20	1	1	0	19	0	22.03333333333333	1.0	0.05	0.09523809523809523	0.0
RISK-NAT	train_nested_oof	primary	45.0	0.25	85	1	0	1	0	1	0	0	7.383333333333334	0.0		0.0	0.13544018058690743
RISK-NAT	train_nested_oof	primary	45.0	0.25	87	3	0	3	0	3	0	0	20.333333333333336	0.0		0.0	0.14754098360655735
RISK-NAT	train_nested_oof	primary	45.0	0.25	91	2	0	4	0	4	0	0	16.46666666666667	0.0		0.0	0.24291497975708498
RISK-NAT	train_nested_oof	primary	45.0	0.25	92	2	19	3	3	0	16	0	16.325000000000003	1.0	0.15789473684210525	0.2727272727272727	0.0
RISK-NAT	train_nested_oof	primary	45.0	0.25	93	2	0	13	0	13	0	0	17.008333333333333	0.0		0.0	0.7643312101910829
RISK-NAT	train_nested_oof	primary	45.0	0.25	94	1	2	3	1	2	1	0	6.891666666666667	0.3333333333333333	0.5	0.4	0.29020556227327693
RISK-NAT	train_nested_oof	primary	45.0	0.25	95	1	0	0	0	0	0	0	7.025				0.0
RISK-NAT	train_nested_oof	primary	45.0	0.25	96	3	10	2	0	1	10	1	22.8	0.0	0.0	0.0	0.043859649122807015
RISK-NAT	train_nested_oof	primary	45.0	0.25	98	3	6	0	0	0	6	0	20.616666666666667		0.0	0.0	0.0
RISK-NAT	train_nested_oof	primary	45.0	0.25	99	3	7	6	1	5	6	0	21.2	0.16666666666666666	0.14285714285714285	0.15384615384615385	0.2358490566037736
RISK-NAT	train_nested_oof	primary	45.0	0.25	100	1	0	1	0	1	0	0	7.383333333333334	0.0		0.0	0.13544018058690743
RISK-NAT	train_nested_oof	primary	45.0	0.25	101	1	0	0	0	0	0	0	7.241666666666666				0.0
RISK-NAT	train_nested_oof	primary	45.0	0.25	104	1	3	6	2	4	1	0	8.008333333333333	0.3333333333333333	0.6666666666666666	0.4444444444444444	0.49947970863683666
RISK-NAT	train_nested_oof	primary	45.0	0.25	108	1	1	3	0	3	1	0	6.716666666666667	0.0	0.0	0.0	0.4466501240694789
SAMP-BAL	train_nested_oof	expanded	15.0	0.25	1	1	5	3	1	2	4	0	8.25	0.3333333333333333	0.2	0.25	0.24242424242424243
SAMP-BAL	train_nested_oof	expanded	15.0	0.25	6	1	0	0	0	0	0	0	3.35				0.0
SAMP-BAL	train_nested_oof	expanded	15.0	0.25	8	1	2	5	0	5	2	0	8.083333333333334	0.0	0.0	0.0	0.6185567010309277
SAMP-BAL	train_nested_oof	expanded	15.0	0.25	9	1	3	6	2	4	1	0	8.725	0.3333333333333333	0.6666666666666666	0.4444444444444444	0.4584527220630373
SAMP-BAL	train_nested_oof	expanded	15.0	0.25	10	1	3	0	0	0	3	0	8.991666666666667		0.0	0.0	0.0
SAMP-BAL	train_nested_oof	expanded	15.0	0.25	11	1	7	1	0	1	7	0	8.408333333333333	0.0	0.0	0.0	0.11892963330029732
SAMP-BAL	train_nested_oof	expanded	15.0	0.25	13	1	2	2	0	2	2	0	8.675	0.0	0.0	0.0	0.23054755043227665
SAMP-BAL	train_nested_oof	expanded	15.0	0.25	14	1	2	0	0	0	2	0	8.558333333333334		0.0	0.0	0.0
SAMP-BAL	train_nested_oof	expanded	15.0	0.25	16	1	2	4	1	3	1	0	7.716666666666667	0.25	0.5	0.3333333333333333	0.38876889848812096
SAMP-BAL	train_nested_oof	expanded	15.0	0.25	19	1	3	2	1	1	2	0	7.875	0.5	0.3333333333333333	0.4	0.12698412698412698
SAMP-BAL	train_nested_oof	expanded	15.0	0.25	20	1	1	2	0	2	1	0	7.1	0.0	0.0	0.0	0.28169014084507044
SAMP-BAL	train_nested_oof	expanded	15.0	0.25	21	1	3	15	2	13	1	0	9.175	0.13333333333333333	0.6666666666666666	0.2222222222222222	1.416893732970027
SAMP-BAL	train_nested_oof	expanded	15.0	0.25	24	1	1	0	0	0	1	0	6.716666666666667		0.0	0.0	0.0
SAMP-BAL	train_nested_oof	expanded	15.0	0.25	29	1	2	2	0	2	2	0	7.458333333333333	0.0	0.0	0.0	0.2681564245810056
SAMP-BAL	train_nested_oof	expanded	15.0	0.25	31	1	3	0	0	0	3	0	7.633333333333334		0.0	0.0	0.0
SAMP-BAL	train_nested_oof	expanded	15.0	0.25	32	1	6	0	0	0	6	0	7.641666666666667		0.0	0.0	0.0
SAMP-BAL	train_nested_oof	expanded	15.0	0.25	33	1	2	0	0	0	2	0	7.041666666666667		0.0	0.0	0.0
SAMP-BAL	train_nested_oof	expanded	15.0	0.25	34	1	1	1	1	0	0	0	8.3	1.0	1.0	1.0	0.0
SAMP-BAL	train_nested_oof	expanded	15.0	0.25	35	1	2	0	0	0	2	0	7.225		0.0	0.0	0.0
SAMP-BAL	train_nested_oof	expanded	15.0	0.25	36	1	3	2	0	2	3	0	9.225	0.0	0.0	0.0	0.21680216802168023
SAMP-BAL	train_nested_oof	expanded	15.0	0.25	38	1	1	0	0	0	1	0	6.858333333333333		0.0	0.0	0.0
SAMP-BAL	train_nested_oof	expanded	15.0	0.25	39	1	2	0	0	0	2	0	8.016666666666667		0.0	0.0	0.0
SAMP-BAL	train_nested_oof	expanded	15.0	0.25	42	1	2	4	0	4	2	0	8.925	0.0	0.0	0.0	0.44817927170868344
SAMP-BAL	train_nested_oof	expanded	15.0	0.25	43	1	2	2	0	2	2	0	7.275	0.0	0.0	0.0	0.274914089347079
SAMP-BAL	train_nested_oof	expanded	15.0	0.25	45	1	0	0	0	0	0	0	6.775				0.0
SAMP-BAL	train_nested_oof	expanded	15.0	0.25	46	1	8	0	0	0	8	0	7.483333333333333		0.0	0.0	0.0
SAMP-BAL	train_nested_oof	expanded	15.0	0.25	50	1	1	0	0	0	1	0	7.375		0.0	0.0	0.0
SAMP-BAL	train_nested_oof	expanded	15.0	0.25	51	1	1	2	0	2	1	0	8.416666666666666	0.0	0.0	0.0	0.23762376237623764
SAMP-BAL	train_nested_oof	expanded	15.0	0.25	53	1	0	0	0	0	0	0	7.808333333333334				0.0
SAMP-BAL	train_nested_oof	expanded	15.0	0.25	54	1	2	3	0	3	2	0	7.916666666666667	0.0	0.0	0.0	0.37894736842105264
SAMP-BAL	train_nested_oof	expanded	15.0	0.25	58	1	5	0	0	0	5	0	8.45		0.0	0.0	0.0
SAMP-BAL	train_nested_oof	expanded	15.0	0.25	59	1	3	0	0	0	3	0	8.175		0.0	0.0	0.0
SAMP-BAL	train_nested_oof	expanded	15.0	0.25	60	1	3	0	0	0	3	0	7.258333333333334		0.0	0.0	0.0
SAMP-BAL	train_nested_oof	expanded	15.0	0.25	61	1	2	2	0	2	2	0	8.316666666666666	0.0	0.0	0.0	0.2404809619238477
SAMP-BAL	train_nested_oof	expanded	15.0	0.25	62	1	6	0	0	0	6	0	8.133333333333333		0.0	0.0	0.0
SAMP-BAL	train_nested_oof	expanded	15.0	0.25	63	1	4	42	2	40	2	0	8.033333333333333	0.047619047619047616	0.5	0.08695652173913043	4.979253112033195
SAMP-BAL	train_nested_oof	expanded	15.0	0.25	65	1	7	0	0	0	7	0	7.45		0.0	0.0	0.0
SAMP-BAL	train_nested_oof	expanded	15.0	0.25	66	1	0	2	0	2	0	0	8.708333333333334	0.0		0.0	0.2296650717703349
SAMP-BAL	train_nested_oof	expanded	15.0	0.25	67	1	5	0	0	0	5	0	8.241666666666667		0.0	0.0	0.0
SAMP-BAL	train_nested_oof	expanded	15.0	0.25	68	1	5	0	0	0	5	0	7.733333333333333		0.0	0.0	0.0
SAMP-BAL	train_nested_oof	expanded	15.0	0.25	71	1	0	0	0	0	0	0	7.091666666666667				0.0
SAMP-BAL	train_nested_oof	expanded	15.0	0.25	72	1	2	0	0	0	2	0	6.933333333333334		0.0	0.0	0.0
SAMP-BAL	train_nested_oof	expanded	15.0	0.25	75	1	1	2	0	2	1	0	7.875	0.0	0.0	0.0	0.25396825396825395
SAMP-BAL	train_nested_oof	expanded	15.0	0.25	76	1	2	1	1	0	1	0	8.058333333333334	1.0	0.5	0.6666666666666666	0.0
SAMP-BAL	train_nested_oof	expanded	15.0	0.25	78	2	10	1	0	1	10	0	16.241666666666667	0.0	0.0	0.0	0.06157003591585428
SAMP-BAL	train_nested_oof	expanded	15.0	0.25	79	2	10	21	2	19	8	0	16.35	0.09523809523809523	0.2	0.12903225806451613	1.162079510703364
SAMP-BAL	train_nested_oof	expanded	15.0	0.25	80	2	2	2	0	2	2	0	15.274999999999999	0.0	0.0	0.0	0.1309328968903437
SAMP-BAL	train_nested_oof	expanded	15.0	0.25	81	2	2	23	0	23	2	0	14.666666666666668	0.0	0.0	0.0	1.5681818181818181
SAMP-BAL	train_nested_oof	expanded	15.0	0.25	82	2	4	2	0	2	4	0	16.066666666666666	0.0	0.0	0.0	0.12448132780082988
SAMP-BAL	train_nested_oof	expanded	15.0	0.25	84	3	20	3	1	2	19	0	22.03333333333333	0.3333333333333333	0.05	0.08695652173913043	0.09077155824508322
SAMP-BAL	train_nested_oof	expanded	15.0	0.25	85	1	1	0	0	0	1	0	7.383333333333334		0.0	0.0	0.0
SAMP-BAL	train_nested_oof	expanded	15.0	0.25	87	3	1	10	0	10	1	0	20.333333333333336	0.0	0.0	0.0	0.4918032786885245
SAMP-BAL	train_nested_oof	expanded	15.0	0.25	91	2	0	2	0	2	0	0	16.46666666666667	0.0		0.0	0.12145748987854249
SAMP-BAL	train_nested_oof	expanded	15.0	0.25	92	2	20	0	0	0	20	0	16.325000000000003		0.0	0.0	0.0
SAMP-BAL	train_nested_oof	expanded	15.0	0.25	93	2	3	6	0	6	3	0	17.008333333333333	0.0	0.0	0.0	0.35276825085742286
SAMP-BAL	train_nested_oof	expanded	15.0	0.25	94	1	3	0	0	0	3	0	6.891666666666667		0.0	0.0	0.0
SAMP-BAL	train_nested_oof	expanded	15.0	0.25	95	1	0	0	0	0	0	0	7.025				0.0
SAMP-BAL	train_nested_oof	expanded	15.0	0.25	96	3	14	1	0	1	14	0	22.8	0.0	0.0	0.0	0.043859649122807015
SAMP-BAL	train_nested_oof	expanded	15.0	0.25	98	3	8	0	0	0	8	0	20.616666666666667		0.0	0.0	0.0
SAMP-BAL	train_nested_oof	expanded	15.0	0.25	99	3	7	0	0	0	7	0	21.2		0.0	0.0	0.0
SAMP-BAL	train_nested_oof	expanded	15.0	0.25	100	1	1	0	0	0	1	0	7.383333333333334		0.0	0.0	0.0
SAMP-BAL	train_nested_oof	expanded	15.0	0.25	101	1	0	0	0	0	0	0	7.241666666666666				0.0
SAMP-BAL	train_nested_oof	expanded	15.0	0.25	104	1	3	0	0	0	3	0	8.008333333333333		0.0	0.0	0.0
SAMP-BAL	train_nested_oof	expanded	15.0	0.25	108	1	1	0	0	0	1	0	6.716666666666667		0.0	0.0	0.0
SAMP-BAL	train_nested_oof	expanded	45.0	0.25	1	1	5	3	1	2	4	0	8.25	0.3333333333333333	0.2	0.25	0.24242424242424243
SAMP-BAL	train_nested_oof	expanded	45.0	0.25	6	1	0	0	0	0	0	0	3.35				0.0
SAMP-BAL	train_nested_oof	expanded	45.0	0.25	8	1	2	5	0	5	2	0	8.083333333333334	0.0	0.0	0.0	0.6185567010309277
SAMP-BAL	train_nested_oof	expanded	45.0	0.25	9	1	3	6	2	4	1	0	8.725	0.3333333333333333	0.6666666666666666	0.4444444444444444	0.4584527220630373
SAMP-BAL	train_nested_oof	expanded	45.0	0.25	10	1	3	0	0	0	3	0	8.991666666666667		0.0	0.0	0.0
SAMP-BAL	train_nested_oof	expanded	45.0	0.25	11	1	7	1	0	1	7	0	8.408333333333333	0.0	0.0	0.0	0.11892963330029732
SAMP-BAL	train_nested_oof	expanded	45.0	0.25	13	1	2	2	0	2	2	0	8.675	0.0	0.0	0.0	0.23054755043227665
SAMP-BAL	train_nested_oof	expanded	45.0	0.25	14	1	2	0	0	0	2	0	8.558333333333334		0.0	0.0	0.0
SAMP-BAL	train_nested_oof	expanded	45.0	0.25	16	1	2	4	1	3	1	0	7.716666666666667	0.25	0.5	0.3333333333333333	0.38876889848812096
SAMP-BAL	train_nested_oof	expanded	45.0	0.25	19	1	3	2	1	1	2	0	7.875	0.5	0.3333333333333333	0.4	0.12698412698412698
SAMP-BAL	train_nested_oof	expanded	45.0	0.25	20	1	1	2	0	2	1	0	7.1	0.0	0.0	0.0	0.28169014084507044
SAMP-BAL	train_nested_oof	expanded	45.0	0.25	21	1	3	15	2	13	1	0	9.175	0.13333333333333333	0.6666666666666666	0.2222222222222222	1.416893732970027
SAMP-BAL	train_nested_oof	expanded	45.0	0.25	24	1	1	0	0	0	1	0	6.716666666666667		0.0	0.0	0.0
SAMP-BAL	train_nested_oof	expanded	45.0	0.25	29	1	2	2	0	2	2	0	7.458333333333333	0.0	0.0	0.0	0.2681564245810056
SAMP-BAL	train_nested_oof	expanded	45.0	0.25	31	1	3	0	0	0	3	0	7.633333333333334		0.0	0.0	0.0
SAMP-BAL	train_nested_oof	expanded	45.0	0.25	32	1	6	0	0	0	6	0	7.641666666666667		0.0	0.0	0.0
SAMP-BAL	train_nested_oof	expanded	45.0	0.25	33	1	2	0	0	0	2	0	7.041666666666667		0.0	0.0	0.0
SAMP-BAL	train_nested_oof	expanded	45.0	0.25	34	1	1	1	1	0	0	0	8.3	1.0	1.0	1.0	0.0
SAMP-BAL	train_nested_oof	expanded	45.0	0.25	35	1	2	0	0	0	2	0	7.225		0.0	0.0	0.0
SAMP-BAL	train_nested_oof	expanded	45.0	0.25	36	1	3	2	0	2	3	0	9.225	0.0	0.0	0.0	0.21680216802168023
SAMP-BAL	train_nested_oof	expanded	45.0	0.25	38	1	1	0	0	0	1	0	6.858333333333333		0.0	0.0	0.0
SAMP-BAL	train_nested_oof	expanded	45.0	0.25	39	1	2	0	0	0	2	0	8.016666666666667		0.0	0.0	0.0
SAMP-BAL	train_nested_oof	expanded	45.0	0.25	42	1	2	4	0	4	2	0	8.925	0.0	0.0	0.0	0.44817927170868344
SAMP-BAL	train_nested_oof	expanded	45.0	0.25	43	1	2	2	0	2	2	0	7.275	0.0	0.0	0.0	0.274914089347079
SAMP-BAL	train_nested_oof	expanded	45.0	0.25	45	1	0	0	0	0	0	0	6.775				0.0
SAMP-BAL	train_nested_oof	expanded	45.0	0.25	46	1	8	0	0	0	8	0	7.483333333333333		0.0	0.0	0.0
SAMP-BAL	train_nested_oof	expanded	45.0	0.25	50	1	1	0	0	0	1	0	7.375		0.0	0.0	0.0
SAMP-BAL	train_nested_oof	expanded	45.0	0.25	51	1	1	2	0	2	1	0	8.416666666666666	0.0	0.0	0.0	0.23762376237623764
SAMP-BAL	train_nested_oof	expanded	45.0	0.25	53	1	0	0	0	0	0	0	7.808333333333334				0.0
SAMP-BAL	train_nested_oof	expanded	45.0	0.25	54	1	2	3	0	3	2	0	7.916666666666667	0.0	0.0	0.0	0.37894736842105264
SAMP-BAL	train_nested_oof	expanded	45.0	0.25	58	1	5	0	0	0	5	0	8.45		0.0	0.0	0.0
SAMP-BAL	train_nested_oof	expanded	45.0	0.25	59	1	3	0	0	0	3	0	8.175		0.0	0.0	0.0
SAMP-BAL	train_nested_oof	expanded	45.0	0.25	60	1	3	0	0	0	3	0	7.258333333333334		0.0	0.0	0.0
SAMP-BAL	train_nested_oof	expanded	45.0	0.25	61	1	2	2	0	2	2	0	8.316666666666666	0.0	0.0	0.0	0.2404809619238477
SAMP-BAL	train_nested_oof	expanded	45.0	0.25	62	1	6	0	0	0	6	0	8.133333333333333		0.0	0.0	0.0
SAMP-BAL	train_nested_oof	expanded	45.0	0.25	63	1	4	42	2	40	2	0	8.033333333333333	0.047619047619047616	0.5	0.08695652173913043	4.979253112033195
SAMP-BAL	train_nested_oof	expanded	45.0	0.25	65	1	7	0	0	0	7	0	7.45		0.0	0.0	0.0
SAMP-BAL	train_nested_oof	expanded	45.0	0.25	66	1	0	2	0	2	0	0	8.708333333333334	0.0		0.0	0.2296650717703349
SAMP-BAL	train_nested_oof	expanded	45.0	0.25	67	1	5	0	0	0	5	0	8.241666666666667		0.0	0.0	0.0
SAMP-BAL	train_nested_oof	expanded	45.0	0.25	68	1	5	0	0	0	5	0	7.733333333333333		0.0	0.0	0.0
SAMP-BAL	train_nested_oof	expanded	45.0	0.25	71	1	0	0	0	0	0	0	7.091666666666667				0.0
SAMP-BAL	train_nested_oof	expanded	45.0	0.25	72	1	2	0	0	0	2	0	6.933333333333334		0.0	0.0	0.0
SAMP-BAL	train_nested_oof	expanded	45.0	0.25	75	1	1	2	0	2	1	0	7.875	0.0	0.0	0.0	0.25396825396825395
SAMP-BAL	train_nested_oof	expanded	45.0	0.25	76	1	2	1	1	0	1	0	8.058333333333334	1.0	0.5	0.6666666666666666	0.0
SAMP-BAL	train_nested_oof	expanded	45.0	0.25	78	2	10	1	0	1	10	0	16.241666666666667	0.0	0.0	0.0	0.06157003591585428
SAMP-BAL	train_nested_oof	expanded	45.0	0.25	79	2	10	21	2	19	8	0	16.35	0.09523809523809523	0.2	0.12903225806451613	1.162079510703364
SAMP-BAL	train_nested_oof	expanded	45.0	0.25	80	2	2	2	0	2	2	0	15.274999999999999	0.0	0.0	0.0	0.1309328968903437
SAMP-BAL	train_nested_oof	expanded	45.0	0.25	81	2	2	23	0	23	2	0	14.666666666666668	0.0	0.0	0.0	1.5681818181818181
SAMP-BAL	train_nested_oof	expanded	45.0	0.25	82	2	4	2	0	2	4	0	16.066666666666666	0.0	0.0	0.0	0.12448132780082988
SAMP-BAL	train_nested_oof	expanded	45.0	0.25	84	3	20	3	1	2	19	0	22.03333333333333	0.3333333333333333	0.05	0.08695652173913043	0.09077155824508322
SAMP-BAL	train_nested_oof	expanded	45.0	0.25	85	1	1	0	0	0	1	0	7.383333333333334		0.0	0.0	0.0
SAMP-BAL	train_nested_oof	expanded	45.0	0.25	87	3	1	10	1	9	0	0	20.333333333333336	0.1	1.0	0.18181818181818182	0.44262295081967207
SAMP-BAL	train_nested_oof	expanded	45.0	0.25	91	2	0	2	0	2	0	0	16.46666666666667	0.0		0.0	0.12145748987854249
SAMP-BAL	train_nested_oof	expanded	45.0	0.25	92	2	20	0	0	0	20	0	16.325000000000003		0.0	0.0	0.0
SAMP-BAL	train_nested_oof	expanded	45.0	0.25	93	2	3	6	0	6	3	0	17.008333333333333	0.0	0.0	0.0	0.35276825085742286
SAMP-BAL	train_nested_oof	expanded	45.0	0.25	94	1	3	0	0	0	3	0	6.891666666666667		0.0	0.0	0.0
SAMP-BAL	train_nested_oof	expanded	45.0	0.25	95	1	0	0	0	0	0	0	7.025				0.0
SAMP-BAL	train_nested_oof	expanded	45.0	0.25	96	3	14	1	0	1	14	0	22.8	0.0	0.0	0.0	0.043859649122807015
SAMP-BAL	train_nested_oof	expanded	45.0	0.25	98	3	8	0	0	0	8	0	20.616666666666667		0.0	0.0	0.0
SAMP-BAL	train_nested_oof	expanded	45.0	0.25	99	3	7	0	0	0	7	0	21.2		0.0	0.0	0.0
SAMP-BAL	train_nested_oof	expanded	45.0	0.25	100	1	1	0	0	0	1	0	7.383333333333334		0.0	0.0	0.0
SAMP-BAL	train_nested_oof	expanded	45.0	0.25	101	1	0	0	0	0	0	0	7.241666666666666				0.0
SAMP-BAL	train_nested_oof	expanded	45.0	0.25	104	1	3	0	0	0	3	0	8.008333333333333		0.0	0.0	0.0
SAMP-BAL	train_nested_oof	expanded	45.0	0.25	108	1	1	0	0	0	1	0	6.716666666666667		0.0	0.0	0.0
SAMP-BAL	train_nested_oof	primary	15.0	0.25	1	1	4	3	1	2	3	0	8.25	0.3333333333333333	0.25	0.2857142857142857	0.24242424242424243
SAMP-BAL	train_nested_oof	primary	15.0	0.25	6	1	0	0	0	0	0	0	3.35				0.0
SAMP-BAL	train_nested_oof	primary	15.0	0.25	8	1	0	5	0	5	0	0	8.083333333333334	0.0		0.0	0.6185567010309277
SAMP-BAL	train_nested_oof	primary	15.0	0.25	9	1	3	6	2	4	1	0	8.725	0.3333333333333333	0.6666666666666666	0.4444444444444444	0.4584527220630373
SAMP-BAL	train_nested_oof	primary	15.0	0.25	10	1	3	0	0	0	3	0	8.991666666666667		0.0	0.0	0.0
SAMP-BAL	train_nested_oof	primary	15.0	0.25	11	1	6	1	0	1	6	0	8.408333333333333	0.0	0.0	0.0	0.11892963330029732
SAMP-BAL	train_nested_oof	primary	15.0	0.25	13	1	2	2	0	2	2	0	8.675	0.0	0.0	0.0	0.23054755043227665
SAMP-BAL	train_nested_oof	primary	15.0	0.25	14	1	1	0	0	0	1	0	8.558333333333334		0.0	0.0	0.0
SAMP-BAL	train_nested_oof	primary	15.0	0.25	16	1	2	4	1	3	1	0	7.716666666666667	0.25	0.5	0.3333333333333333	0.38876889848812096
SAMP-BAL	train_nested_oof	primary	15.0	0.25	19	1	3	2	1	1	2	0	7.875	0.5	0.3333333333333333	0.4	0.12698412698412698
SAMP-BAL	train_nested_oof	primary	15.0	0.25	20	1	1	2	0	2	1	0	7.1	0.0	0.0	0.0	0.28169014084507044
SAMP-BAL	train_nested_oof	primary	15.0	0.25	21	1	0	15	0	13	0	2	9.175	0.0		0.0	1.416893732970027
SAMP-BAL	train_nested_oof	primary	15.0	0.25	24	1	1	0	0	0	1	0	6.716666666666667		0.0	0.0	0.0
SAMP-BAL	train_nested_oof	primary	15.0	0.25	29	1	2	2	0	2	2	0	7.458333333333333	0.0	0.0	0.0	0.2681564245810056
SAMP-BAL	train_nested_oof	primary	15.0	0.25	31	1	3	0	0	0	3	0	7.633333333333334		0.0	0.0	0.0
SAMP-BAL	train_nested_oof	primary	15.0	0.25	32	1	5	0	0	0	5	0	7.641666666666667		0.0	0.0	0.0
SAMP-BAL	train_nested_oof	primary	15.0	0.25	33	1	2	0	0	0	2	0	7.041666666666667		0.0	0.0	0.0
SAMP-BAL	train_nested_oof	primary	15.0	0.25	34	1	0	1	0	0	0	1	8.3				0.0
SAMP-BAL	train_nested_oof	primary	15.0	0.25	35	1	2	0	0	0	2	0	7.225		0.0	0.0	0.0
SAMP-BAL	train_nested_oof	primary	15.0	0.25	36	1	3	2	0	2	3	0	9.225	0.0	0.0	0.0	0.21680216802168023
SAMP-BAL	train_nested_oof	primary	15.0	0.25	38	1	1	0	0	0	1	0	6.858333333333333		0.0	0.0	0.0
SAMP-BAL	train_nested_oof	primary	15.0	0.25	39	1	2	0	0	0	2	0	8.016666666666667		0.0	0.0	0.0
SAMP-BAL	train_nested_oof	primary	15.0	0.25	42	1	0	4	0	4	0	0	8.925	0.0		0.0	0.44817927170868344
SAMP-BAL	train_nested_oof	primary	15.0	0.25	43	1	2	2	0	2	2	0	7.275	0.0	0.0	0.0	0.274914089347079
SAMP-BAL	train_nested_oof	primary	15.0	0.25	45	1	0	0	0	0	0	0	6.775				0.0
SAMP-BAL	train_nested_oof	primary	15.0	0.25	46	1	5	0	0	0	5	0	7.483333333333333		0.0	0.0	0.0
SAMP-BAL	train_nested_oof	primary	15.0	0.25	50	1	1	0	0	0	1	0	7.375		0.0	0.0	0.0
SAMP-BAL	train_nested_oof	primary	15.0	0.25	51	1	1	2	0	2	1	0	8.416666666666666	0.0	0.0	0.0	0.23762376237623764
SAMP-BAL	train_nested_oof	primary	15.0	0.25	53	1	0	0	0	0	0	0	7.808333333333334				0.0
SAMP-BAL	train_nested_oof	primary	15.0	0.25	54	1	1	3	0	3	1	0	7.916666666666667	0.0	0.0	0.0	0.37894736842105264
SAMP-BAL	train_nested_oof	primary	15.0	0.25	58	1	5	0	0	0	5	0	8.45		0.0	0.0	0.0
SAMP-BAL	train_nested_oof	primary	15.0	0.25	59	1	3	0	0	0	3	0	8.175		0.0	0.0	0.0
SAMP-BAL	train_nested_oof	primary	15.0	0.25	60	1	3	0	0	0	3	0	7.258333333333334		0.0	0.0	0.0
SAMP-BAL	train_nested_oof	primary	15.0	0.25	61	1	0	2	0	2	0	0	8.316666666666666	0.0		0.0	0.2404809619238477
SAMP-BAL	train_nested_oof	primary	15.0	0.25	62	1	4	0	0	0	4	0	8.133333333333333		0.0	0.0	0.0
SAMP-BAL	train_nested_oof	primary	15.0	0.25	63	1	4	42	2	40	2	0	8.033333333333333	0.047619047619047616	0.5	0.08695652173913043	4.979253112033195
SAMP-BAL	train_nested_oof	primary	15.0	0.25	65	1	7	0	0	0	7	0	7.45		0.0	0.0	0.0
SAMP-BAL	train_nested_oof	primary	15.0	0.25	66	1	0	2	0	2	0	0	8.708333333333334	0.0		0.0	0.2296650717703349
SAMP-BAL	train_nested_oof	primary	15.0	0.25	67	1	4	0	0	0	4	0	8.241666666666667		0.0	0.0	0.0
SAMP-BAL	train_nested_oof	primary	15.0	0.25	68	1	5	0	0	0	5	0	7.733333333333333		0.0	0.0	0.0
SAMP-BAL	train_nested_oof	primary	15.0	0.25	71	1	0	0	0	0	0	0	7.091666666666667				0.0
SAMP-BAL	train_nested_oof	primary	15.0	0.25	72	1	1	0	0	0	1	0	6.933333333333334		0.0	0.0	0.0
SAMP-BAL	train_nested_oof	primary	15.0	0.25	75	1	1	2	0	2	1	0	7.875	0.0	0.0	0.0	0.25396825396825395
SAMP-BAL	train_nested_oof	primary	15.0	0.25	76	1	1	1	1	0	0	0	8.058333333333334	1.0	1.0	1.0	0.0
SAMP-BAL	train_nested_oof	primary	15.0	0.25	78	2	7	1	0	1	7	0	16.241666666666667	0.0	0.0	0.0	0.06157003591585428
SAMP-BAL	train_nested_oof	primary	15.0	0.25	79	2	4	21	0	19	4	2	16.35	0.0	0.0	0.0	1.162079510703364
SAMP-BAL	train_nested_oof	primary	15.0	0.25	80	2	2	2	0	2	2	0	15.274999999999999	0.0	0.0	0.0	0.1309328968903437
SAMP-BAL	train_nested_oof	primary	15.0	0.25	81	2	1	23	0	23	1	0	14.666666666666668	0.0	0.0	0.0	1.5681818181818181
SAMP-BAL	train_nested_oof	primary	15.0	0.25	82	2	4	2	0	2	4	0	16.066666666666666	0.0	0.0	0.0	0.12448132780082988
SAMP-BAL	train_nested_oof	primary	15.0	0.25	84	3	20	3	1	2	19	0	22.03333333333333	0.3333333333333333	0.05	0.08695652173913043	0.09077155824508322
SAMP-BAL	train_nested_oof	primary	15.0	0.25	85	1	0	0	0	0	0	0	7.383333333333334				0.0
SAMP-BAL	train_nested_oof	primary	15.0	0.25	87	3	0	10	0	10	0	0	20.333333333333336	0.0		0.0	0.4918032786885245
SAMP-BAL	train_nested_oof	primary	15.0	0.25	91	2	0	2	0	2	0	0	16.46666666666667	0.0		0.0	0.12145748987854249
SAMP-BAL	train_nested_oof	primary	15.0	0.25	92	2	19	0	0	0	19	0	16.325000000000003		0.0	0.0	0.0
SAMP-BAL	train_nested_oof	primary	15.0	0.25	93	2	0	6	0	6	0	0	17.008333333333333	0.0		0.0	0.35276825085742286
SAMP-BAL	train_nested_oof	primary	15.0	0.25	94	1	2	0	0	0	2	0	6.891666666666667		0.0	0.0	0.0
SAMP-BAL	train_nested_oof	primary	15.0	0.25	95	1	0	0	0	0	0	0	7.025				0.0
SAMP-BAL	train_nested_oof	primary	15.0	0.25	96	3	10	1	0	1	10	0	22.8	0.0	0.0	0.0	0.043859649122807015
SAMP-BAL	train_nested_oof	primary	15.0	0.25	98	3	6	0	0	0	6	0	20.616666666666667		0.0	0.0	0.0
SAMP-BAL	train_nested_oof	primary	15.0	0.25	99	3	7	0	0	0	7	0	21.2		0.0	0.0	0.0
SAMP-BAL	train_nested_oof	primary	15.0	0.25	100	1	0	0	0	0	0	0	7.383333333333334				0.0
SAMP-BAL	train_nested_oof	primary	15.0	0.25	101	1	0	0	0	0	0	0	7.241666666666666				0.0
SAMP-BAL	train_nested_oof	primary	15.0	0.25	104	1	3	0	0	0	3	0	8.008333333333333		0.0	0.0	0.0
SAMP-BAL	train_nested_oof	primary	15.0	0.25	108	1	1	0	0	0	1	0	6.716666666666667		0.0	0.0	0.0
SAMP-BAL	train_nested_oof	primary	45.0	0.25	1	1	4	3	1	2	3	0	8.25	0.3333333333333333	0.25	0.2857142857142857	0.24242424242424243
SAMP-BAL	train_nested_oof	primary	45.0	0.25	6	1	0	0	0	0	0	0	3.35				0.0
SAMP-BAL	train_nested_oof	primary	45.0	0.25	8	1	0	5	0	5	0	0	8.083333333333334	0.0		0.0	0.6185567010309277
SAMP-BAL	train_nested_oof	primary	45.0	0.25	9	1	3	6	2	4	1	0	8.725	0.3333333333333333	0.6666666666666666	0.4444444444444444	0.4584527220630373
SAMP-BAL	train_nested_oof	primary	45.0	0.25	10	1	3	0	0	0	3	0	8.991666666666667		0.0	0.0	0.0
SAMP-BAL	train_nested_oof	primary	45.0	0.25	11	1	6	1	0	1	6	0	8.408333333333333	0.0	0.0	0.0	0.11892963330029732
SAMP-BAL	train_nested_oof	primary	45.0	0.25	13	1	2	2	0	2	2	0	8.675	0.0	0.0	0.0	0.23054755043227665
SAMP-BAL	train_nested_oof	primary	45.0	0.25	14	1	1	0	0	0	1	0	8.558333333333334		0.0	0.0	0.0
SAMP-BAL	train_nested_oof	primary	45.0	0.25	16	1	2	4	1	3	1	0	7.716666666666667	0.25	0.5	0.3333333333333333	0.38876889848812096
SAMP-BAL	train_nested_oof	primary	45.0	0.25	19	1	3	2	1	1	2	0	7.875	0.5	0.3333333333333333	0.4	0.12698412698412698
SAMP-BAL	train_nested_oof	primary	45.0	0.25	20	1	1	2	0	2	1	0	7.1	0.0	0.0	0.0	0.28169014084507044
SAMP-BAL	train_nested_oof	primary	45.0	0.25	21	1	0	15	0	13	0	2	9.175	0.0		0.0	1.416893732970027
SAMP-BAL	train_nested_oof	primary	45.0	0.25	24	1	1	0	0	0	1	0	6.716666666666667		0.0	0.0	0.0
SAMP-BAL	train_nested_oof	primary	45.0	0.25	29	1	2	2	0	2	2	0	7.458333333333333	0.0	0.0	0.0	0.2681564245810056
SAMP-BAL	train_nested_oof	primary	45.0	0.25	31	1	3	0	0	0	3	0	7.633333333333334		0.0	0.0	0.0
SAMP-BAL	train_nested_oof	primary	45.0	0.25	32	1	5	0	0	0	5	0	7.641666666666667		0.0	0.0	0.0
SAMP-BAL	train_nested_oof	primary	45.0	0.25	33	1	2	0	0	0	2	0	7.041666666666667		0.0	0.0	0.0
SAMP-BAL	train_nested_oof	primary	45.0	0.25	34	1	0	1	0	0	0	1	8.3				0.0
SAMP-BAL	train_nested_oof	primary	45.0	0.25	35	1	2	0	0	0	2	0	7.225		0.0	0.0	0.0
SAMP-BAL	train_nested_oof	primary	45.0	0.25	36	1	3	2	0	2	3	0	9.225	0.0	0.0	0.0	0.21680216802168023
SAMP-BAL	train_nested_oof	primary	45.0	0.25	38	1	1	0	0	0	1	0	6.858333333333333		0.0	0.0	0.0
SAMP-BAL	train_nested_oof	primary	45.0	0.25	39	1	2	0	0	0	2	0	8.016666666666667		0.0	0.0	0.0
SAMP-BAL	train_nested_oof	primary	45.0	0.25	42	1	0	4	0	4	0	0	8.925	0.0		0.0	0.44817927170868344
SAMP-BAL	train_nested_oof	primary	45.0	0.25	43	1	2	2	0	2	2	0	7.275	0.0	0.0	0.0	0.274914089347079
SAMP-BAL	train_nested_oof	primary	45.0	0.25	45	1	0	0	0	0	0	0	6.775				0.0
SAMP-BAL	train_nested_oof	primary	45.0	0.25	46	1	5	0	0	0	5	0	7.483333333333333		0.0	0.0	0.0
SAMP-BAL	train_nested_oof	primary	45.0	0.25	50	1	1	0	0	0	1	0	7.375		0.0	0.0	0.0
SAMP-BAL	train_nested_oof	primary	45.0	0.25	51	1	1	2	0	2	1	0	8.416666666666666	0.0	0.0	0.0	0.23762376237623764
SAMP-BAL	train_nested_oof	primary	45.0	0.25	53	1	0	0	0	0	0	0	7.808333333333334				0.0
SAMP-BAL	train_nested_oof	primary	45.0	0.25	54	1	1	3	0	3	1	0	7.916666666666667	0.0	0.0	0.0	0.37894736842105264
SAMP-BAL	train_nested_oof	primary	45.0	0.25	58	1	5	0	0	0	5	0	8.45		0.0	0.0	0.0
SAMP-BAL	train_nested_oof	primary	45.0	0.25	59	1	3	0	0	0	3	0	8.175		0.0	0.0	0.0
SAMP-BAL	train_nested_oof	primary	45.0	0.25	60	1	3	0	0	0	3	0	7.258333333333334		0.0	0.0	0.0
SAMP-BAL	train_nested_oof	primary	45.0	0.25	61	1	0	2	0	2	0	0	8.316666666666666	0.0		0.0	0.2404809619238477
SAMP-BAL	train_nested_oof	primary	45.0	0.25	62	1	4	0	0	0	4	0	8.133333333333333		0.0	0.0	0.0
SAMP-BAL	train_nested_oof	primary	45.0	0.25	63	1	4	42	2	40	2	0	8.033333333333333	0.047619047619047616	0.5	0.08695652173913043	4.979253112033195
SAMP-BAL	train_nested_oof	primary	45.0	0.25	65	1	7	0	0	0	7	0	7.45		0.0	0.0	0.0
SAMP-BAL	train_nested_oof	primary	45.0	0.25	66	1	0	2	0	2	0	0	8.708333333333334	0.0		0.0	0.2296650717703349
SAMP-BAL	train_nested_oof	primary	45.0	0.25	67	1	4	0	0	0	4	0	8.241666666666667		0.0	0.0	0.0
SAMP-BAL	train_nested_oof	primary	45.0	0.25	68	1	5	0	0	0	5	0	7.733333333333333		0.0	0.0	0.0
SAMP-BAL	train_nested_oof	primary	45.0	0.25	71	1	0	0	0	0	0	0	7.091666666666667				0.0
SAMP-BAL	train_nested_oof	primary	45.0	0.25	72	1	1	0	0	0	1	0	6.933333333333334		0.0	0.0	0.0
SAMP-BAL	train_nested_oof	primary	45.0	0.25	75	1	1	2	0	2	1	0	7.875	0.0	0.0	0.0	0.25396825396825395
SAMP-BAL	train_nested_oof	primary	45.0	0.25	76	1	1	1	1	0	0	0	8.058333333333334	1.0	1.0	1.0	0.0
SAMP-BAL	train_nested_oof	primary	45.0	0.25	78	2	7	1	0	1	7	0	16.241666666666667	0.0	0.0	0.0	0.06157003591585428
SAMP-BAL	train_nested_oof	primary	45.0	0.25	79	2	4	21	0	19	4	2	16.35	0.0	0.0	0.0	1.162079510703364
SAMP-BAL	train_nested_oof	primary	45.0	0.25	80	2	2	2	0	2	2	0	15.274999999999999	0.0	0.0	0.0	0.1309328968903437
SAMP-BAL	train_nested_oof	primary	45.0	0.25	81	2	1	23	0	23	1	0	14.666666666666668	0.0	0.0	0.0	1.5681818181818181
SAMP-BAL	train_nested_oof	primary	45.0	0.25	82	2	4	2	0	2	4	0	16.066666666666666	0.0	0.0	0.0	0.12448132780082988
SAMP-BAL	train_nested_oof	primary	45.0	0.25	84	3	20	3	1	2	19	0	22.03333333333333	0.3333333333333333	0.05	0.08695652173913043	0.09077155824508322
SAMP-BAL	train_nested_oof	primary	45.0	0.25	85	1	0	0	0	0	0	0	7.383333333333334				0.0
SAMP-BAL	train_nested_oof	primary	45.0	0.25	87	3	0	10	0	9	0	1	20.333333333333336	0.0		0.0	0.44262295081967207
SAMP-BAL	train_nested_oof	primary	45.0	0.25	91	2	0	2	0	2	0	0	16.46666666666667	0.0		0.0	0.12145748987854249
SAMP-BAL	train_nested_oof	primary	45.0	0.25	92	2	19	0	0	0	19	0	16.325000000000003		0.0	0.0	0.0
SAMP-BAL	train_nested_oof	primary	45.0	0.25	93	2	0	6	0	6	0	0	17.008333333333333	0.0		0.0	0.35276825085742286
SAMP-BAL	train_nested_oof	primary	45.0	0.25	94	1	2	0	0	0	2	0	6.891666666666667		0.0	0.0	0.0
SAMP-BAL	train_nested_oof	primary	45.0	0.25	95	1	0	0	0	0	0	0	7.025				0.0
SAMP-BAL	train_nested_oof	primary	45.0	0.25	96	3	10	1	0	1	10	0	22.8	0.0	0.0	0.0	0.043859649122807015
SAMP-BAL	train_nested_oof	primary	45.0	0.25	98	3	6	0	0	0	6	0	20.616666666666667		0.0	0.0	0.0
SAMP-BAL	train_nested_oof	primary	45.0	0.25	99	3	7	0	0	0	7	0	21.2		0.0	0.0	0.0
SAMP-BAL	train_nested_oof	primary	45.0	0.25	100	1	0	0	0	0	0	0	7.383333333333334				0.0
SAMP-BAL	train_nested_oof	primary	45.0	0.25	101	1	0	0	0	0	0	0	7.241666666666666				0.0
SAMP-BAL	train_nested_oof	primary	45.0	0.25	104	1	3	0	0	0	3	0	8.008333333333333		0.0	0.0	0.0
SAMP-BAL	train_nested_oof	primary	45.0	0.25	108	1	1	0	0	0	1	0	6.716666666666667		0.0	0.0	0.0
RISK-BAL	train_nested_oof	expanded	15.0	0.5	1	1	5	0	0	0	5	0	8.25		0.0	0.0	0.0
RISK-BAL	train_nested_oof	expanded	15.0	0.5	6	1	0	2	0	2	0	0	3.35	0.0		0.0	0.5970149253731343
RISK-BAL	train_nested_oof	expanded	15.0	0.5	8	1	2	0	0	0	2	0	8.083333333333334		0.0	0.0	0.0
RISK-BAL	train_nested_oof	expanded	15.0	0.5	9	1	3	0	0	0	3	0	8.725		0.0	0.0	0.0
RISK-BAL	train_nested_oof	expanded	15.0	0.5	10	1	3	3	1	2	2	0	8.991666666666667	0.3333333333333333	0.3333333333333333	0.3333333333333333	0.22242817423540315
RISK-BAL	train_nested_oof	expanded	15.0	0.5	11	1	7	0	0	0	7	0	8.408333333333333		0.0	0.0	0.0
RISK-BAL	train_nested_oof	expanded	15.0	0.5	13	1	2	0	0	0	2	0	8.675		0.0	0.0	0.0
RISK-BAL	train_nested_oof	expanded	15.0	0.5	14	1	2	0	0	0	2	0	8.558333333333334		0.0	0.0	0.0
RISK-BAL	train_nested_oof	expanded	15.0	0.5	16	1	2	0	0	0	2	0	7.716666666666667		0.0	0.0	0.0
RISK-BAL	train_nested_oof	expanded	15.0	0.5	19	1	3	5	0	5	3	0	7.875	0.0	0.0	0.0	0.6349206349206349
RISK-BAL	train_nested_oof	expanded	15.0	0.5	20	1	1	3	0	3	1	0	7.1	0.0	0.0	0.0	0.4225352112676057
RISK-BAL	train_nested_oof	expanded	15.0	0.5	21	1	3	3	0	3	3	0	9.175	0.0	0.0	0.0	0.32697547683923706
RISK-BAL	train_nested_oof	expanded	15.0	0.5	24	1	1	0	0	0	1	0	6.716666666666667		0.0	0.0	0.0
RISK-BAL	train_nested_oof	expanded	15.0	0.5	29	1	2	0	0	0	2	0	7.458333333333333		0.0	0.0	0.0
RISK-BAL	train_nested_oof	expanded	15.0	0.5	31	1	3	0	0	0	3	0	7.633333333333334		0.0	0.0	0.0
RISK-BAL	train_nested_oof	expanded	15.0	0.5	32	1	6	0	0	0	6	0	7.641666666666667		0.0	0.0	0.0
RISK-BAL	train_nested_oof	expanded	15.0	0.5	33	1	2	0	0	0	2	0	7.041666666666667		0.0	0.0	0.0
RISK-BAL	train_nested_oof	expanded	15.0	0.5	34	1	1	0	0	0	1	0	8.3		0.0	0.0	0.0
RISK-BAL	train_nested_oof	expanded	15.0	0.5	35	1	2	5	0	5	2	0	7.225	0.0	0.0	0.0	0.6920415224913495
RISK-BAL	train_nested_oof	expanded	15.0	0.5	36	1	3	0	0	0	3	0	9.225		0.0	0.0	0.0
RISK-BAL	train_nested_oof	expanded	15.0	0.5	38	1	1	2	0	2	1	0	6.858333333333333	0.0	0.0	0.0	0.2916160388821385
RISK-BAL	train_nested_oof	expanded	15.0	0.5	39	1	2	0	0	0	2	0	8.016666666666667		0.0	0.0	0.0
RISK-BAL	train_nested_oof	expanded	15.0	0.5	42	1	2	0	0	0	2	0	8.925		0.0	0.0	0.0
RISK-BAL	train_nested_oof	expanded	15.0	0.5	43	1	2	0	0	0	2	0	7.275		0.0	0.0	0.0
RISK-BAL	train_nested_oof	expanded	15.0	0.5	45	1	0	0	0	0	0	0	6.775				0.0
RISK-BAL	train_nested_oof	expanded	15.0	0.5	46	1	8	0	0	0	8	0	7.483333333333333		0.0	0.0	0.0
RISK-BAL	train_nested_oof	expanded	15.0	0.5	50	1	1	0	0	0	1	0	7.375		0.0	0.0	0.0
RISK-BAL	train_nested_oof	expanded	15.0	0.5	51	1	1	0	0	0	1	0	8.416666666666666		0.0	0.0	0.0
RISK-BAL	train_nested_oof	expanded	15.0	0.5	53	1	0	0	0	0	0	0	7.808333333333334				0.0
RISK-BAL	train_nested_oof	expanded	15.0	0.5	54	1	2	28	0	28	2	0	7.916666666666667	0.0	0.0	0.0	3.536842105263158
RISK-BAL	train_nested_oof	expanded	15.0	0.5	58	1	5	0	0	0	5	0	8.45		0.0	0.0	0.0
RISK-BAL	train_nested_oof	expanded	15.0	0.5	59	1	3	2	0	2	3	0	8.175	0.0	0.0	0.0	0.24464831804281342
RISK-BAL	train_nested_oof	expanded	15.0	0.5	60	1	3	1	0	1	3	0	7.258333333333334	0.0	0.0	0.0	0.1377726750861079
RISK-BAL	train_nested_oof	expanded	15.0	0.5	61	1	2	4	0	4	2	0	8.316666666666666	0.0	0.0	0.0	0.4809619238476954
RISK-BAL	train_nested_oof	expanded	15.0	0.5	62	1	6	1	0	1	6	0	8.133333333333333	0.0	0.0	0.0	0.12295081967213116
RISK-BAL	train_nested_oof	expanded	15.0	0.5	63	1	4	7	2	5	2	0	8.033333333333333	0.2857142857142857	0.5	0.36363636363636365	0.6224066390041494
RISK-BAL	train_nested_oof	expanded	15.0	0.5	65	1	7	4	1	3	6	0	7.45	0.25	0.14285714285714285	0.18181818181818182	0.40268456375838924
RISK-BAL	train_nested_oof	expanded	15.0	0.5	66	1	0	0	0	0	0	0	8.708333333333334				0.0
RISK-BAL	train_nested_oof	expanded	15.0	0.5	67	1	5	0	0	0	5	0	8.241666666666667		0.0	0.0	0.0
RISK-BAL	train_nested_oof	expanded	15.0	0.5	68	1	5	0	0	0	5	0	7.733333333333333		0.0	0.0	0.0
RISK-BAL	train_nested_oof	expanded	15.0	0.5	71	1	0	1	0	1	0	0	7.091666666666667	0.0		0.0	0.1410105757931845
RISK-BAL	train_nested_oof	expanded	15.0	0.5	72	1	2	0	0	0	2	0	6.933333333333334		0.0	0.0	0.0
RISK-BAL	train_nested_oof	expanded	15.0	0.5	75	1	1	4	1	3	0	0	7.875	0.25	1.0	0.4	0.38095238095238093
RISK-BAL	train_nested_oof	expanded	15.0	0.5	76	1	2	3	1	2	1	0	8.058333333333334	0.3333333333333333	0.5	0.4	0.2481902792140641
RISK-BAL	train_nested_oof	expanded	15.0	0.5	78	2	10	7	2	5	8	0	16.241666666666667	0.2857142857142857	0.2	0.23529411764705882	0.3078501795792714
RISK-BAL	train_nested_oof	expanded	15.0	0.5	79	2	10	0	0	0	10	0	16.35		0.0	0.0	0.0
RISK-BAL	train_nested_oof	expanded	15.0	0.5	80	2	2	0	0	0	2	0	15.274999999999999		0.0	0.0	0.0
RISK-BAL	train_nested_oof	expanded	15.0	0.5	81	2	2	0	0	0	2	0	14.666666666666668		0.0	0.0	0.0
RISK-BAL	train_nested_oof	expanded	15.0	0.5	82	2	4	0	0	0	4	0	16.066666666666666		0.0	0.0	0.0
RISK-BAL	train_nested_oof	expanded	15.0	0.5	84	3	20	3	2	1	18	0	22.03333333333333	0.6666666666666666	0.1	0.17391304347826086	0.04538577912254161
RISK-BAL	train_nested_oof	expanded	15.0	0.5	85	1	1	1	0	1	1	0	7.383333333333334	0.0	0.0	0.0	0.13544018058690743
RISK-BAL	train_nested_oof	expanded	15.0	0.5	87	3	1	0	0	0	1	0	20.333333333333336		0.0	0.0	0.0
RISK-BAL	train_nested_oof	expanded	15.0	0.5	91	2	0	4	0	4	0	0	16.46666666666667	0.0		0.0	0.24291497975708498
RISK-BAL	train_nested_oof	expanded	15.0	0.5	92	2	20	0	0	0	20	0	16.325000000000003		0.0	0.0	0.0
RISK-BAL	train_nested_oof	expanded	15.0	0.5	93	2	3	0	0	0	3	0	17.008333333333333		0.0	0.0	0.0
RISK-BAL	train_nested_oof	expanded	15.0	0.5	94	1	3	1	1	0	2	0	6.891666666666667	1.0	0.3333333333333333	0.5	0.0
RISK-BAL	train_nested_oof	expanded	15.0	0.5	95	1	0	0	0	0	0	0	7.025				0.0
RISK-BAL	train_nested_oof	expanded	15.0	0.5	96	3	14	0	0	0	14	0	22.8		0.0	0.0	0.0
RISK-BAL	train_nested_oof	expanded	15.0	0.5	98	3	8	0	0	0	8	0	20.616666666666667		0.0	0.0	0.0
RISK-BAL	train_nested_oof	expanded	15.0	0.5	99	3	7	5	1	4	6	0	21.2	0.2	0.14285714285714285	0.16666666666666666	0.18867924528301888
RISK-BAL	train_nested_oof	expanded	15.0	0.5	100	1	1	0	0	0	1	0	7.383333333333334		0.0	0.0	0.0
RISK-BAL	train_nested_oof	expanded	15.0	0.5	101	1	0	0	0	0	0	0	7.241666666666666				0.0
RISK-BAL	train_nested_oof	expanded	15.0	0.5	104	1	3	0	0	0	3	0	8.008333333333333		0.0	0.0	0.0
RISK-BAL	train_nested_oof	expanded	15.0	0.5	108	1	1	2	0	2	1	0	6.716666666666667	0.0	0.0	0.0	0.2977667493796526
RISK-BAL	train_nested_oof	expanded	45.0	0.5	1	1	5	0	0	0	5	0	8.25		0.0	0.0	0.0
RISK-BAL	train_nested_oof	expanded	45.0	0.5	6	1	0	2	0	2	0	0	3.35	0.0		0.0	0.5970149253731343
RISK-BAL	train_nested_oof	expanded	45.0	0.5	8	1	2	0	0	0	2	0	8.083333333333334		0.0	0.0	0.0
RISK-BAL	train_nested_oof	expanded	45.0	0.5	9	1	3	0	0	0	3	0	8.725		0.0	0.0	0.0
RISK-BAL	train_nested_oof	expanded	45.0	0.5	10	1	3	3	2	1	1	0	8.991666666666667	0.6666666666666666	0.6666666666666666	0.6666666666666666	0.11121408711770157
RISK-BAL	train_nested_oof	expanded	45.0	0.5	11	1	7	0	0	0	7	0	8.408333333333333		0.0	0.0	0.0
RISK-BAL	train_nested_oof	expanded	45.0	0.5	13	1	2	0	0	0	2	0	8.675		0.0	0.0	0.0
RISK-BAL	train_nested_oof	expanded	45.0	0.5	14	1	2	0	0	0	2	0	8.558333333333334		0.0	0.0	0.0
RISK-BAL	train_nested_oof	expanded	45.0	0.5	16	1	2	0	0	0	2	0	7.716666666666667		0.0	0.0	0.0
RISK-BAL	train_nested_oof	expanded	45.0	0.5	19	1	3	5	0	5	3	0	7.875	0.0	0.0	0.0	0.6349206349206349
RISK-BAL	train_nested_oof	expanded	45.0	0.5	20	1	1	3	0	3	1	0	7.1	0.0	0.0	0.0	0.4225352112676057
RISK-BAL	train_nested_oof	expanded	45.0	0.5	21	1	3	3	0	3	3	0	9.175	0.0	0.0	0.0	0.32697547683923706
RISK-BAL	train_nested_oof	expanded	45.0	0.5	24	1	1	0	0	0	1	0	6.716666666666667		0.0	0.0	0.0
RISK-BAL	train_nested_oof	expanded	45.0	0.5	29	1	2	0	0	0	2	0	7.458333333333333		0.0	0.0	0.0
RISK-BAL	train_nested_oof	expanded	45.0	0.5	31	1	3	0	0	0	3	0	7.633333333333334		0.0	0.0	0.0
RISK-BAL	train_nested_oof	expanded	45.0	0.5	32	1	6	0	0	0	6	0	7.641666666666667		0.0	0.0	0.0
RISK-BAL	train_nested_oof	expanded	45.0	0.5	33	1	2	0	0	0	2	0	7.041666666666667		0.0	0.0	0.0
RISK-BAL	train_nested_oof	expanded	45.0	0.5	34	1	1	0	0	0	1	0	8.3		0.0	0.0	0.0
RISK-BAL	train_nested_oof	expanded	45.0	0.5	35	1	2	5	0	5	2	0	7.225	0.0	0.0	0.0	0.6920415224913495
RISK-BAL	train_nested_oof	expanded	45.0	0.5	36	1	3	0	0	0	3	0	9.225		0.0	0.0	0.0
RISK-BAL	train_nested_oof	expanded	45.0	0.5	38	1	1	2	0	2	1	0	6.858333333333333	0.0	0.0	0.0	0.2916160388821385
RISK-BAL	train_nested_oof	expanded	45.0	0.5	39	1	2	0	0	0	2	0	8.016666666666667		0.0	0.0	0.0
RISK-BAL	train_nested_oof	expanded	45.0	0.5	42	1	2	0	0	0	2	0	8.925		0.0	0.0	0.0
RISK-BAL	train_nested_oof	expanded	45.0	0.5	43	1	2	0	0	0	2	0	7.275		0.0	0.0	0.0
RISK-BAL	train_nested_oof	expanded	45.0	0.5	45	1	0	0	0	0	0	0	6.775				0.0
RISK-BAL	train_nested_oof	expanded	45.0	0.5	46	1	8	0	0	0	8	0	7.483333333333333		0.0	0.0	0.0
RISK-BAL	train_nested_oof	expanded	45.0	0.5	50	1	1	0	0	0	1	0	7.375		0.0	0.0	0.0
RISK-BAL	train_nested_oof	expanded	45.0	0.5	51	1	1	0	0	0	1	0	8.416666666666666		0.0	0.0	0.0
RISK-BAL	train_nested_oof	expanded	45.0	0.5	53	1	0	0	0	0	0	0	7.808333333333334				0.0
RISK-BAL	train_nested_oof	expanded	45.0	0.5	54	1	2	28	1	27	1	0	7.916666666666667	0.03571428571428571	0.5	0.06666666666666667	3.4105263157894736
RISK-BAL	train_nested_oof	expanded	45.0	0.5	58	1	5	0	0	0	5	0	8.45		0.0	0.0	0.0
RISK-BAL	train_nested_oof	expanded	45.0	0.5	59	1	3	2	0	2	3	0	8.175	0.0	0.0	0.0	0.24464831804281342
RISK-BAL	train_nested_oof	expanded	45.0	0.5	60	1	3	1	0	1	3	0	7.258333333333334	0.0	0.0	0.0	0.1377726750861079
RISK-BAL	train_nested_oof	expanded	45.0	0.5	61	1	2	4	1	3	1	0	8.316666666666666	0.25	0.5	0.3333333333333333	0.36072144288577157
RISK-BAL	train_nested_oof	expanded	45.0	0.5	62	1	6	1	1	0	5	0	8.133333333333333	1.0	0.16666666666666666	0.2857142857142857	0.0
RISK-BAL	train_nested_oof	expanded	45.0	0.5	63	1	4	7	2	5	2	0	8.033333333333333	0.2857142857142857	0.5	0.36363636363636365	0.6224066390041494
RISK-BAL	train_nested_oof	expanded	45.0	0.5	65	1	7	4	1	3	6	0	7.45	0.25	0.14285714285714285	0.18181818181818182	0.40268456375838924
RISK-BAL	train_nested_oof	expanded	45.0	0.5	66	1	0	0	0	0	0	0	8.708333333333334				0.0
RISK-BAL	train_nested_oof	expanded	45.0	0.5	67	1	5	0	0	0	5	0	8.241666666666667		0.0	0.0	0.0
RISK-BAL	train_nested_oof	expanded	45.0	0.5	68	1	5	0	0	0	5	0	7.733333333333333		0.0	0.0	0.0
RISK-BAL	train_nested_oof	expanded	45.0	0.5	71	1	0	1	0	1	0	0	7.091666666666667	0.0		0.0	0.1410105757931845
RISK-BAL	train_nested_oof	expanded	45.0	0.5	72	1	2	0	0	0	2	0	6.933333333333334		0.0	0.0	0.0
RISK-BAL	train_nested_oof	expanded	45.0	0.5	75	1	1	4	1	3	0	0	7.875	0.25	1.0	0.4	0.38095238095238093
RISK-BAL	train_nested_oof	expanded	45.0	0.5	76	1	2	3	2	1	0	0	8.058333333333334	0.6666666666666666	1.0	0.8	0.12409513960703206
RISK-BAL	train_nested_oof	expanded	45.0	0.5	78	2	10	7	3	4	7	0	16.241666666666667	0.42857142857142855	0.3	0.35294117647058826	0.24628014366341713
RISK-BAL	train_nested_oof	expanded	45.0	0.5	79	2	10	0	0	0	10	0	16.35		0.0	0.0	0.0
RISK-BAL	train_nested_oof	expanded	45.0	0.5	80	2	2	0	0	0	2	0	15.274999999999999		0.0	0.0	0.0
RISK-BAL	train_nested_oof	expanded	45.0	0.5	81	2	2	0	0	0	2	0	14.666666666666668		0.0	0.0	0.0
RISK-BAL	train_nested_oof	expanded	45.0	0.5	82	2	4	0	0	0	4	0	16.066666666666666		0.0	0.0	0.0
RISK-BAL	train_nested_oof	expanded	45.0	0.5	84	3	20	3	2	1	18	0	22.03333333333333	0.6666666666666666	0.1	0.17391304347826086	0.04538577912254161
RISK-BAL	train_nested_oof	expanded	45.0	0.5	85	1	1	1	0	1	1	0	7.383333333333334	0.0	0.0	0.0	0.13544018058690743
RISK-BAL	train_nested_oof	expanded	45.0	0.5	87	3	1	0	0	0	1	0	20.333333333333336		0.0	0.0	0.0
RISK-BAL	train_nested_oof	expanded	45.0	0.5	91	2	0	4	0	4	0	0	16.46666666666667	0.0		0.0	0.24291497975708498
RISK-BAL	train_nested_oof	expanded	45.0	0.5	92	2	20	0	0	0	20	0	16.325000000000003		0.0	0.0	0.0
RISK-BAL	train_nested_oof	expanded	45.0	0.5	93	2	3	0	0	0	3	0	17.008333333333333		0.0	0.0	0.0
RISK-BAL	train_nested_oof	expanded	45.0	0.5	94	1	3	1	1	0	2	0	6.891666666666667	1.0	0.3333333333333333	0.5	0.0
RISK-BAL	train_nested_oof	expanded	45.0	0.5	95	1	0	0	0	0	0	0	7.025				0.0
RISK-BAL	train_nested_oof	expanded	45.0	0.5	96	3	14	0	0	0	14	0	22.8		0.0	0.0	0.0
RISK-BAL	train_nested_oof	expanded	45.0	0.5	98	3	8	0	0	0	8	0	20.616666666666667		0.0	0.0	0.0
RISK-BAL	train_nested_oof	expanded	45.0	0.5	99	3	7	5	1	4	6	0	21.2	0.2	0.14285714285714285	0.16666666666666666	0.18867924528301888
RISK-BAL	train_nested_oof	expanded	45.0	0.5	100	1	1	0	0	0	1	0	7.383333333333334		0.0	0.0	0.0
RISK-BAL	train_nested_oof	expanded	45.0	0.5	101	1	0	0	0	0	0	0	7.241666666666666				0.0
RISK-BAL	train_nested_oof	expanded	45.0	0.5	104	1	3	0	0	0	3	0	8.008333333333333		0.0	0.0	0.0
RISK-BAL	train_nested_oof	expanded	45.0	0.5	108	1	1	2	0	2	1	0	6.716666666666667	0.0	0.0	0.0	0.2977667493796526
RISK-BAL	train_nested_oof	primary	15.0	0.5	1	1	4	0	0	0	4	0	8.25		0.0	0.0	0.0
RISK-BAL	train_nested_oof	primary	15.0	0.5	6	1	0	2	0	2	0	0	3.35	0.0		0.0	0.5970149253731343
RISK-BAL	train_nested_oof	primary	15.0	0.5	8	1	0	0	0	0	0	0	8.083333333333334				0.0
RISK-BAL	train_nested_oof	primary	15.0	0.5	9	1	3	0	0	0	3	0	8.725		0.0	0.0	0.0
RISK-BAL	train_nested_oof	primary	15.0	0.5	10	1	3	3	1	2	2	0	8.991666666666667	0.3333333333333333	0.3333333333333333	0.3333333333333333	0.22242817423540315
RISK-BAL	train_nested_oof	primary	15.0	0.5	11	1	6	0	0	0	6	0	8.408333333333333		0.0	0.0	0.0
RISK-BAL	train_nested_oof	primary	15.0	0.5	13	1	2	0	0	0	2	0	8.675		0.0	0.0	0.0
RISK-BAL	train_nested_oof	primary	15.0	0.5	14	1	1	0	0	0	1	0	8.558333333333334		0.0	0.0	0.0
RISK-BAL	train_nested_oof	primary	15.0	0.5	16	1	2	0	0	0	2	0	7.716666666666667		0.0	0.0	0.0
RISK-BAL	train_nested_oof	primary	15.0	0.5	19	1	3	5	0	5	3	0	7.875	0.0	0.0	0.0	0.6349206349206349
RISK-BAL	train_nested_oof	primary	15.0	0.5	20	1	1	3	0	3	1	0	7.1	0.0	0.0	0.0	0.4225352112676057
RISK-BAL	train_nested_oof	primary	15.0	0.5	21	1	0	3	0	3	0	0	9.175	0.0		0.0	0.32697547683923706
RISK-BAL	train_nested_oof	primary	15.0	0.5	24	1	1	0	0	0	1	0	6.716666666666667		0.0	0.0	0.0
RISK-BAL	train_nested_oof	primary	15.0	0.5	29	1	2	0	0	0	2	0	7.458333333333333		0.0	0.0	0.0
RISK-BAL	train_nested_oof	primary	15.0	0.5	31	1	3	0	0	0	3	0	7.633333333333334		0.0	0.0	0.0
RISK-BAL	train_nested_oof	primary	15.0	0.5	32	1	5	0	0	0	5	0	7.641666666666667		0.0	0.0	0.0
RISK-BAL	train_nested_oof	primary	15.0	0.5	33	1	2	0	0	0	2	0	7.041666666666667		0.0	0.0	0.0
RISK-BAL	train_nested_oof	primary	15.0	0.5	34	1	0	0	0	0	0	0	8.3				0.0
RISK-BAL	train_nested_oof	primary	15.0	0.5	35	1	2	5	0	5	2	0	7.225	0.0	0.0	0.0	0.6920415224913495
RISK-BAL	train_nested_oof	primary	15.0	0.5	36	1	3	0	0	0	3	0	9.225		0.0	0.0	0.0
RISK-BAL	train_nested_oof	primary	15.0	0.5	38	1	1	2	0	2	1	0	6.858333333333333	0.0	0.0	0.0	0.2916160388821385
RISK-BAL	train_nested_oof	primary	15.0	0.5	39	1	2	0	0	0	2	0	8.016666666666667		0.0	0.0	0.0
RISK-BAL	train_nested_oof	primary	15.0	0.5	42	1	0	0	0	0	0	0	8.925				0.0
RISK-BAL	train_nested_oof	primary	15.0	0.5	43	1	2	0	0	0	2	0	7.275		0.0	0.0	0.0
RISK-BAL	train_nested_oof	primary	15.0	0.5	45	1	0	0	0	0	0	0	6.775				0.0
RISK-BAL	train_nested_oof	primary	15.0	0.5	46	1	5	0	0	0	5	0	7.483333333333333		0.0	0.0	0.0
RISK-BAL	train_nested_oof	primary	15.0	0.5	50	1	1	0	0	0	1	0	7.375		0.0	0.0	0.0
RISK-BAL	train_nested_oof	primary	15.0	0.5	51	1	1	0	0	0	1	0	8.416666666666666		0.0	0.0	0.0
RISK-BAL	train_nested_oof	primary	15.0	0.5	53	1	0	0	0	0	0	0	7.808333333333334				0.0
RISK-BAL	train_nested_oof	primary	15.0	0.5	54	1	1	28	0	28	1	0	7.916666666666667	0.0	0.0	0.0	3.536842105263158
RISK-BAL	train_nested_oof	primary	15.0	0.5	58	1	5	0	0	0	5	0	8.45		0.0	0.0	0.0
RISK-BAL	train_nested_oof	primary	15.0	0.5	59	1	3	2	0	2	3	0	8.175	0.0	0.0	0.0	0.24464831804281342
RISK-BAL	train_nested_oof	primary	15.0	0.5	60	1	3	1	0	1	3	0	7.258333333333334	0.0	0.0	0.0	0.1377726750861079
RISK-BAL	train_nested_oof	primary	15.0	0.5	61	1	0	4	0	4	0	0	8.316666666666666	0.0		0.0	0.4809619238476954
RISK-BAL	train_nested_oof	primary	15.0	0.5	62	1	4	1	0	1	4	0	8.133333333333333	0.0	0.0	0.0	0.12295081967213116
RISK-BAL	train_nested_oof	primary	15.0	0.5	63	1	4	7	2	5	2	0	8.033333333333333	0.2857142857142857	0.5	0.36363636363636365	0.6224066390041494
RISK-BAL	train_nested_oof	primary	15.0	0.5	65	1	7	4	1	3	6	0	7.45	0.25	0.14285714285714285	0.18181818181818182	0.40268456375838924
RISK-BAL	train_nested_oof	primary	15.0	0.5	66	1	0	0	0	0	0	0	8.708333333333334				0.0
RISK-BAL	train_nested_oof	primary	15.0	0.5	67	1	4	0	0	0	4	0	8.241666666666667		0.0	0.0	0.0
RISK-BAL	train_nested_oof	primary	15.0	0.5	68	1	5	0	0	0	5	0	7.733333333333333		0.0	0.0	0.0
RISK-BAL	train_nested_oof	primary	15.0	0.5	71	1	0	1	0	1	0	0	7.091666666666667	0.0		0.0	0.1410105757931845
RISK-BAL	train_nested_oof	primary	15.0	0.5	72	1	1	0	0	0	1	0	6.933333333333334		0.0	0.0	0.0
RISK-BAL	train_nested_oof	primary	15.0	0.5	75	1	1	4	1	3	0	0	7.875	0.25	1.0	0.4	0.38095238095238093
RISK-BAL	train_nested_oof	primary	15.0	0.5	76	1	1	3	1	2	0	0	8.058333333333334	0.3333333333333333	1.0	0.5	0.2481902792140641
RISK-BAL	train_nested_oof	primary	15.0	0.5	78	2	7	7	2	5	5	0	16.241666666666667	0.2857142857142857	0.2857142857142857	0.2857142857142857	0.3078501795792714
RISK-BAL	train_nested_oof	primary	15.0	0.5	79	2	4	0	0	0	4	0	16.35		0.0	0.0	0.0
RISK-BAL	train_nested_oof	primary	15.0	0.5	80	2	2	0	0	0	2	0	15.274999999999999		0.0	0.0	0.0
RISK-BAL	train_nested_oof	primary	15.0	0.5	81	2	1	0	0	0	1	0	14.666666666666668		0.0	0.0	0.0
RISK-BAL	train_nested_oof	primary	15.0	0.5	82	2	4	0	0	0	4	0	16.066666666666666		0.0	0.0	0.0
RISK-BAL	train_nested_oof	primary	15.0	0.5	84	3	20	3	2	1	18	0	22.03333333333333	0.6666666666666666	0.1	0.17391304347826086	0.04538577912254161
RISK-BAL	train_nested_oof	primary	15.0	0.5	85	1	0	1	0	1	0	0	7.383333333333334	0.0		0.0	0.13544018058690743
RISK-BAL	train_nested_oof	primary	15.0	0.5	87	3	0	0	0	0	0	0	20.333333333333336				0.0
RISK-BAL	train_nested_oof	primary	15.0	0.5	91	2	0	4	0	4	0	0	16.46666666666667	0.0		0.0	0.24291497975708498
RISK-BAL	train_nested_oof	primary	15.0	0.5	92	2	19	0	0	0	19	0	16.325000000000003		0.0	0.0	0.0
RISK-BAL	train_nested_oof	primary	15.0	0.5	93	2	0	0	0	0	0	0	17.008333333333333				0.0
RISK-BAL	train_nested_oof	primary	15.0	0.5	94	1	2	1	1	0	1	0	6.891666666666667	1.0	0.5	0.6666666666666666	0.0
RISK-BAL	train_nested_oof	primary	15.0	0.5	95	1	0	0	0	0	0	0	7.025				0.0
RISK-BAL	train_nested_oof	primary	15.0	0.5	96	3	10	0	0	0	10	0	22.8		0.0	0.0	0.0
RISK-BAL	train_nested_oof	primary	15.0	0.5	98	3	6	0	0	0	6	0	20.616666666666667		0.0	0.0	0.0
RISK-BAL	train_nested_oof	primary	15.0	0.5	99	3	7	5	1	4	6	0	21.2	0.2	0.14285714285714285	0.16666666666666666	0.18867924528301888
RISK-BAL	train_nested_oof	primary	15.0	0.5	100	1	0	0	0	0	0	0	7.383333333333334				0.0
RISK-BAL	train_nested_oof	primary	15.0	0.5	101	1	0	0	0	0	0	0	7.241666666666666				0.0
RISK-BAL	train_nested_oof	primary	15.0	0.5	104	1	3	0	0	0	3	0	8.008333333333333		0.0	0.0	0.0
RISK-BAL	train_nested_oof	primary	15.0	0.5	108	1	1	2	0	2	1	0	6.716666666666667	0.0	0.0	0.0	0.2977667493796526
RISK-BAL	train_nested_oof	primary	45.0	0.5	1	1	4	0	0	0	4	0	8.25		0.0	0.0	0.0
RISK-BAL	train_nested_oof	primary	45.0	0.5	6	1	0	2	0	2	0	0	3.35	0.0		0.0	0.5970149253731343
RISK-BAL	train_nested_oof	primary	45.0	0.5	8	1	0	0	0	0	0	0	8.083333333333334				0.0
RISK-BAL	train_nested_oof	primary	45.0	0.5	9	1	3	0	0	0	3	0	8.725		0.0	0.0	0.0
RISK-BAL	train_nested_oof	primary	45.0	0.5	10	1	3	3	2	1	1	0	8.991666666666667	0.6666666666666666	0.6666666666666666	0.6666666666666666	0.11121408711770157
RISK-BAL	train_nested_oof	primary	45.0	0.5	11	1	6	0	0	0	6	0	8.408333333333333		0.0	0.0	0.0
RISK-BAL	train_nested_oof	primary	45.0	0.5	13	1	2	0	0	0	2	0	8.675		0.0	0.0	0.0
RISK-BAL	train_nested_oof	primary	45.0	0.5	14	1	1	0	0	0	1	0	8.558333333333334		0.0	0.0	0.0
RISK-BAL	train_nested_oof	primary	45.0	0.5	16	1	2	0	0	0	2	0	7.716666666666667		0.0	0.0	0.0
RISK-BAL	train_nested_oof	primary	45.0	0.5	19	1	3	5	0	5	3	0	7.875	0.0	0.0	0.0	0.6349206349206349
RISK-BAL	train_nested_oof	primary	45.0	0.5	20	1	1	3	0	3	1	0	7.1	0.0	0.0	0.0	0.4225352112676057
RISK-BAL	train_nested_oof	primary	45.0	0.5	21	1	0	3	0	3	0	0	9.175	0.0		0.0	0.32697547683923706
RISK-BAL	train_nested_oof	primary	45.0	0.5	24	1	1	0	0	0	1	0	6.716666666666667		0.0	0.0	0.0
RISK-BAL	train_nested_oof	primary	45.0	0.5	29	1	2	0	0	0	2	0	7.458333333333333		0.0	0.0	0.0
RISK-BAL	train_nested_oof	primary	45.0	0.5	31	1	3	0	0	0	3	0	7.633333333333334		0.0	0.0	0.0
RISK-BAL	train_nested_oof	primary	45.0	0.5	32	1	5	0	0	0	5	0	7.641666666666667		0.0	0.0	0.0
RISK-BAL	train_nested_oof	primary	45.0	0.5	33	1	2	0	0	0	2	0	7.041666666666667		0.0	0.0	0.0
RISK-BAL	train_nested_oof	primary	45.0	0.5	34	1	0	0	0	0	0	0	8.3				0.0
RISK-BAL	train_nested_oof	primary	45.0	0.5	35	1	2	5	0	5	2	0	7.225	0.0	0.0	0.0	0.6920415224913495
RISK-BAL	train_nested_oof	primary	45.0	0.5	36	1	3	0	0	0	3	0	9.225		0.0	0.0	0.0
RISK-BAL	train_nested_oof	primary	45.0	0.5	38	1	1	2	0	2	1	0	6.858333333333333	0.0	0.0	0.0	0.2916160388821385
RISK-BAL	train_nested_oof	primary	45.0	0.5	39	1	2	0	0	0	2	0	8.016666666666667		0.0	0.0	0.0
RISK-BAL	train_nested_oof	primary	45.0	0.5	42	1	0	0	0	0	0	0	8.925				0.0
RISK-BAL	train_nested_oof	primary	45.0	0.5	43	1	2	0	0	0	2	0	7.275		0.0	0.0	0.0
RISK-BAL	train_nested_oof	primary	45.0	0.5	45	1	0	0	0	0	0	0	6.775				0.0
RISK-BAL	train_nested_oof	primary	45.0	0.5	46	1	5	0	0	0	5	0	7.483333333333333		0.0	0.0	0.0
RISK-BAL	train_nested_oof	primary	45.0	0.5	50	1	1	0	0	0	1	0	7.375		0.0	0.0	0.0
RISK-BAL	train_nested_oof	primary	45.0	0.5	51	1	1	0	0	0	1	0	8.416666666666666		0.0	0.0	0.0
RISK-BAL	train_nested_oof	primary	45.0	0.5	53	1	0	0	0	0	0	0	7.808333333333334				0.0
RISK-BAL	train_nested_oof	primary	45.0	0.5	54	1	1	28	1	27	0	0	7.916666666666667	0.03571428571428571	1.0	0.06896551724137931	3.4105263157894736
RISK-BAL	train_nested_oof	primary	45.0	0.5	58	1	5	0	0	0	5	0	8.45		0.0	0.0	0.0
RISK-BAL	train_nested_oof	primary	45.0	0.5	59	1	3	2	0	2	3	0	8.175	0.0	0.0	0.0	0.24464831804281342
RISK-BAL	train_nested_oof	primary	45.0	0.5	60	1	3	1	0	1	3	0	7.258333333333334	0.0	0.0	0.0	0.1377726750861079
RISK-BAL	train_nested_oof	primary	45.0	0.5	61	1	0	4	0	3	0	1	8.316666666666666	0.0		0.0	0.36072144288577157
RISK-BAL	train_nested_oof	primary	45.0	0.5	62	1	4	1	0	0	4	1	8.133333333333333		0.0	0.0	0.0
RISK-BAL	train_nested_oof	primary	45.0	0.5	63	1	4	7	2	5	2	0	8.033333333333333	0.2857142857142857	0.5	0.36363636363636365	0.6224066390041494
RISK-BAL	train_nested_oof	primary	45.0	0.5	65	1	7	4	1	3	6	0	7.45	0.25	0.14285714285714285	0.18181818181818182	0.40268456375838924
RISK-BAL	train_nested_oof	primary	45.0	0.5	66	1	0	0	0	0	0	0	8.708333333333334				0.0
RISK-BAL	train_nested_oof	primary	45.0	0.5	67	1	4	0	0	0	4	0	8.241666666666667		0.0	0.0	0.0
RISK-BAL	train_nested_oof	primary	45.0	0.5	68	1	5	0	0	0	5	0	7.733333333333333		0.0	0.0	0.0
RISK-BAL	train_nested_oof	primary	45.0	0.5	71	1	0	1	0	1	0	0	7.091666666666667	0.0		0.0	0.1410105757931845
RISK-BAL	train_nested_oof	primary	45.0	0.5	72	1	1	0	0	0	1	0	6.933333333333334		0.0	0.0	0.0
RISK-BAL	train_nested_oof	primary	45.0	0.5	75	1	1	4	1	3	0	0	7.875	0.25	1.0	0.4	0.38095238095238093
RISK-BAL	train_nested_oof	primary	45.0	0.5	76	1	1	3	1	1	0	1	8.058333333333334	0.5	1.0	0.6666666666666666	0.12409513960703206
RISK-BAL	train_nested_oof	primary	45.0	0.5	78	2	7	7	3	4	4	0	16.241666666666667	0.42857142857142855	0.42857142857142855	0.42857142857142855	0.24628014366341713
RISK-BAL	train_nested_oof	primary	45.0	0.5	79	2	4	0	0	0	4	0	16.35		0.0	0.0	0.0
RISK-BAL	train_nested_oof	primary	45.0	0.5	80	2	2	0	0	0	2	0	15.274999999999999		0.0	0.0	0.0
RISK-BAL	train_nested_oof	primary	45.0	0.5	81	2	1	0	0	0	1	0	14.666666666666668		0.0	0.0	0.0
RISK-BAL	train_nested_oof	primary	45.0	0.5	82	2	4	0	0	0	4	0	16.066666666666666		0.0	0.0	0.0
RISK-BAL	train_nested_oof	primary	45.0	0.5	84	3	20	3	2	1	18	0	22.03333333333333	0.6666666666666666	0.1	0.17391304347826086	0.04538577912254161
RISK-BAL	train_nested_oof	primary	45.0	0.5	85	1	0	1	0	1	0	0	7.383333333333334	0.0		0.0	0.13544018058690743
RISK-BAL	train_nested_oof	primary	45.0	0.5	87	3	0	0	0	0	0	0	20.333333333333336				0.0
RISK-BAL	train_nested_oof	primary	45.0	0.5	91	2	0	4	0	4	0	0	16.46666666666667	0.0		0.0	0.24291497975708498
RISK-BAL	train_nested_oof	primary	45.0	0.5	92	2	19	0	0	0	19	0	16.325000000000003		0.0	0.0	0.0
RISK-BAL	train_nested_oof	primary	45.0	0.5	93	2	0	0	0	0	0	0	17.008333333333333				0.0
RISK-BAL	train_nested_oof	primary	45.0	0.5	94	1	2	1	1	0	1	0	6.891666666666667	1.0	0.5	0.6666666666666666	0.0
RISK-BAL	train_nested_oof	primary	45.0	0.5	95	1	0	0	0	0	0	0	7.025				0.0
RISK-BAL	train_nested_oof	primary	45.0	0.5	96	3	10	0	0	0	10	0	22.8		0.0	0.0	0.0
RISK-BAL	train_nested_oof	primary	45.0	0.5	98	3	6	0	0	0	6	0	20.616666666666667		0.0	0.0	0.0
RISK-BAL	train_nested_oof	primary	45.0	0.5	99	3	7	5	1	4	6	0	21.2	0.2	0.14285714285714285	0.16666666666666666	0.18867924528301888
RISK-BAL	train_nested_oof	primary	45.0	0.5	100	1	0	0	0	0	0	0	7.383333333333334				0.0
RISK-BAL	train_nested_oof	primary	45.0	0.5	101	1	0	0	0	0	0	0	7.241666666666666				0.0
RISK-BAL	train_nested_oof	primary	45.0	0.5	104	1	3	0	0	0	3	0	8.008333333333333		0.0	0.0	0.0
RISK-BAL	train_nested_oof	primary	45.0	0.5	108	1	1	2	0	2	1	0	6.716666666666667	0.0	0.0	0.0	0.2977667493796526
RISK-NAT	train_nested_oof	expanded	15.0	0.5	1	1	5	11	4	7	1	0	8.25	0.36363636363636365	0.8	0.5	0.8484848484848485
RISK-NAT	train_nested_oof	expanded	15.0	0.5	6	1	0	1	0	1	0	0	3.35	0.0		0.0	0.29850746268656714
RISK-NAT	train_nested_oof	expanded	15.0	0.5	8	1	2	10	0	10	2	0	8.083333333333334	0.0	0.0	0.0	1.2371134020618555
RISK-NAT	train_nested_oof	expanded	15.0	0.5	9	1	3	5	2	3	1	0	8.725	0.4	0.6666666666666666	0.5	0.34383954154727797
RISK-NAT	train_nested_oof	expanded	15.0	0.5	10	1	3	11	0	11	3	0	8.991666666666667	0.0	0.0	0.0	1.2233549582947172
RISK-NAT	train_nested_oof	expanded	15.0	0.5	11	1	7	11	3	8	4	0	8.408333333333333	0.2727272727272727	0.42857142857142855	0.3333333333333333	0.9514370664023786
RISK-NAT	train_nested_oof	expanded	15.0	0.5	13	1	2	1	1	0	1	0	8.675	1.0	0.5	0.6666666666666666	0.0
RISK-NAT	train_nested_oof	expanded	15.0	0.5	14	1	2	1	0	1	2	0	8.558333333333334	0.0	0.0	0.0	0.11684518013631938
RISK-NAT	train_nested_oof	expanded	15.0	0.5	16	1	2	5	1	4	1	0	7.716666666666667	0.2	0.5	0.2857142857142857	0.5183585313174945
RISK-NAT	train_nested_oof	expanded	15.0	0.5	19	1	3	14	1	13	2	0	7.875	0.07142857142857142	0.3333333333333333	0.11764705882352941	1.6507936507936507
RISK-NAT	train_nested_oof	expanded	15.0	0.5	20	1	1	3	0	3	1	0	7.1	0.0	0.0	0.0	0.4225352112676057
RISK-NAT	train_nested_oof	expanded	15.0	0.5	21	1	3	0	0	0	3	0	9.175		0.0	0.0	0.0
RISK-NAT	train_nested_oof	expanded	15.0	0.5	24	1	1	1	0	1	1	0	6.716666666666667	0.0	0.0	0.0	0.1488833746898263
RISK-NAT	train_nested_oof	expanded	15.0	0.5	29	1	2	0	0	0	2	0	7.458333333333333		0.0	0.0	0.0
RISK-NAT	train_nested_oof	expanded	15.0	0.5	31	1	3	2	1	1	2	0	7.633333333333334	0.5	0.3333333333333333	0.4	0.13100436681222707
RISK-NAT	train_nested_oof	expanded	15.0	0.5	32	1	6	0	0	0	6	0	7.641666666666667		0.0	0.0	0.0
RISK-NAT	train_nested_oof	expanded	15.0	0.5	33	1	2	4	1	3	1	0	7.041666666666667	0.25	0.5	0.3333333333333333	0.42603550295857984
RISK-NAT	train_nested_oof	expanded	15.0	0.5	34	1	1	4	1	3	0	0	8.3	0.25	1.0	0.4	0.36144578313253006
RISK-NAT	train_nested_oof	expanded	15.0	0.5	35	1	2	5	0	5	2	0	7.225	0.0	0.0	0.0	0.6920415224913495
RISK-NAT	train_nested_oof	expanded	15.0	0.5	36	1	3	6	1	5	2	0	9.225	0.16666666666666666	0.3333333333333333	0.2222222222222222	0.5420054200542006
RISK-NAT	train_nested_oof	expanded	15.0	0.5	38	1	1	3	0	3	1	0	6.858333333333333	0.0	0.0	0.0	0.4374240583232078
RISK-NAT	train_nested_oof	expanded	15.0	0.5	39	1	2	2	0	2	2	0	8.016666666666667	0.0	0.0	0.0	0.24948024948024947
RISK-NAT	train_nested_oof	expanded	15.0	0.5	42	1	2	3	0	3	2	0	8.925	0.0	0.0	0.0	0.3361344537815126
RISK-NAT	train_nested_oof	expanded	15.0	0.5	43	1	2	8	1	7	1	0	7.275	0.125	0.5	0.2	0.9621993127147765
RISK-NAT	train_nested_oof	expanded	15.0	0.5	45	1	0	0	0	0	0	0	6.775				0.0
RISK-NAT	train_nested_oof	expanded	15.0	0.5	46	1	8	20	6	14	2	0	7.483333333333333	0.3	0.75	0.42857142857142855	1.8708240534521159
RISK-NAT	train_nested_oof	expanded	15.0	0.5	50	1	1	5	1	4	0	0	7.375	0.2	1.0	0.3333333333333333	0.5423728813559322
RISK-NAT	train_nested_oof	expanded	15.0	0.5	51	1	1	2	0	2	1	0	8.416666666666666	0.0	0.0	0.0	0.23762376237623764
RISK-NAT	train_nested_oof	expanded	15.0	0.5	53	1	0	0	0	0	0	0	7.808333333333334				0.0
RISK-NAT	train_nested_oof	expanded	15.0	0.5	54	1	2	32	0	32	2	0	7.916666666666667	0.0	0.0	0.0	4.042105263157895
RISK-NAT	train_nested_oof	expanded	15.0	0.5	58	1	5	1	0	1	5	0	8.45	0.0	0.0	0.0	0.1183431952662722
RISK-NAT	train_nested_oof	expanded	15.0	0.5	59	1	3	2	1	1	2	0	8.175	0.5	0.3333333333333333	0.4	0.12232415902140671
RISK-NAT	train_nested_oof	expanded	15.0	0.5	60	1	3	1	0	1	3	0	7.258333333333334	0.0	0.0	0.0	0.1377726750861079
RISK-NAT	train_nested_oof	expanded	15.0	0.5	61	1	2	7	2	5	0	0	8.316666666666666	0.2857142857142857	1.0	0.4444444444444444	0.6012024048096193
RISK-NAT	train_nested_oof	expanded	15.0	0.5	62	1	6	1	0	1	6	0	8.133333333333333	0.0	0.0	0.0	0.12295081967213116
RISK-NAT	train_nested_oof	expanded	15.0	0.5	63	1	4	10	2	8	2	0	8.033333333333333	0.2	0.5	0.2857142857142857	0.995850622406639
RISK-NAT	train_nested_oof	expanded	15.0	0.5	65	1	7	24	4	20	3	0	7.45	0.16666666666666666	0.5714285714285714	0.25806451612903225	2.684563758389262
RISK-NAT	train_nested_oof	expanded	15.0	0.5	66	1	0	1	0	1	0	0	8.708333333333334	0.0		0.0	0.11483253588516745
RISK-NAT	train_nested_oof	expanded	15.0	0.5	67	1	5	1	1	0	4	0	8.241666666666667	1.0	0.2	0.3333333333333333	0.0
RISK-NAT	train_nested_oof	expanded	15.0	0.5	68	1	5	2	1	1	4	0	7.733333333333333	0.5	0.2	0.2857142857142857	0.12931034482758622
RISK-NAT	train_nested_oof	expanded	15.0	0.5	71	1	0	0	0	0	0	0	7.091666666666667				0.0
RISK-NAT	train_nested_oof	expanded	15.0	0.5	72	1	2	1	1	0	1	0	6.933333333333334	1.0	0.5	0.6666666666666666	0.0
RISK-NAT	train_nested_oof	expanded	15.0	0.5	75	1	1	4	0	4	1	0	7.875	0.0	0.0	0.0	0.5079365079365079
RISK-NAT	train_nested_oof	expanded	15.0	0.5	76	1	2	4	1	3	1	0	8.058333333333334	0.25	0.5	0.3333333333333333	0.37228541882109617
RISK-NAT	train_nested_oof	expanded	15.0	0.5	78	2	10	4	0	4	10	0	16.241666666666667	0.0	0.0	0.0	0.24628014366341713
RISK-NAT	train_nested_oof	expanded	15.0	0.5	79	2	10	4	1	3	9	0	16.35	0.25	0.1	0.14285714285714285	0.18348623853211007
RISK-NAT	train_nested_oof	expanded	15.0	0.5	80	2	2	7	1	6	1	0	15.274999999999999	0.14285714285714285	0.5	0.2222222222222222	0.3927986906710311
RISK-NAT	train_nested_oof	expanded	15.0	0.5	81	2	2	14	1	13	1	0	14.666666666666668	0.07142857142857142	0.5	0.125	0.8863636363636362
RISK-NAT	train_nested_oof	expanded	15.0	0.5	82	2	4	9	2	7	2	0	16.066666666666666	0.2222222222222222	0.5	0.3076923076923077	0.43568464730290457
RISK-NAT	train_nested_oof	expanded	15.0	0.5	84	3	20	2	2	0	18	0	22.03333333333333	1.0	0.1	0.18181818181818182	0.0
RISK-NAT	train_nested_oof	expanded	15.0	0.5	85	1	1	1	0	1	1	0	7.383333333333334	0.0	0.0	0.0	0.13544018058690743
RISK-NAT	train_nested_oof	expanded	15.0	0.5	87	3	1	6	0	6	1	0	20.333333333333336	0.0	0.0	0.0	0.2950819672131147
RISK-NAT	train_nested_oof	expanded	15.0	0.5	91	2	0	9	0	9	0	0	16.46666666666667	0.0		0.0	0.5465587044534412
RISK-NAT	train_nested_oof	expanded	15.0	0.5	92	2	20	8	4	4	16	0	16.325000000000003	0.5	0.2	0.2857142857142857	0.24502297090352215
RISK-NAT	train_nested_oof	expanded	15.0	0.5	93	2	3	16	0	16	3	0	17.008333333333333	0.0	0.0	0.0	0.9407153356197943
RISK-NAT	train_nested_oof	expanded	15.0	0.5	94	1	3	4	1	3	2	0	6.891666666666667	0.25	0.3333333333333333	0.2857142857142857	0.43530834340991537
RISK-NAT	train_nested_oof	expanded	15.0	0.5	95	1	0	1	0	1	0	0	7.025	0.0		0.0	0.14234875444839856
RISK-NAT	train_nested_oof	expanded	15.0	0.5	96	3	14	4	1	3	13	0	22.8	0.25	0.07142857142857142	0.1111111111111111	0.13157894736842105
RISK-NAT	train_nested_oof	expanded	15.0	0.5	98	3	8	1	1	0	7	0	20.616666666666667	1.0	0.125	0.2222222222222222	0.0
RISK-NAT	train_nested_oof	expanded	15.0	0.5	99	3	7	9	2	7	5	0	21.2	0.2222222222222222	0.2857142857142857	0.25	0.33018867924528306
RISK-NAT	train_nested_oof	expanded	15.0	0.5	100	1	1	5	0	5	1	0	7.383333333333334	0.0	0.0	0.0	0.6772009029345372
RISK-NAT	train_nested_oof	expanded	15.0	0.5	101	1	0	1	0	1	0	0	7.241666666666666	0.0		0.0	0.13808975834292292
RISK-NAT	train_nested_oof	expanded	15.0	0.5	104	1	3	6	1	5	2	0	8.008333333333333	0.16666666666666666	0.3333333333333333	0.2222222222222222	0.6243496357960459
RISK-NAT	train_nested_oof	expanded	15.0	0.5	108	1	1	4	0	4	1	0	6.716666666666667	0.0	0.0	0.0	0.5955334987593052
RISK-NAT	train_nested_oof	expanded	45.0	0.5	1	1	5	11	4	7	1	0	8.25	0.36363636363636365	0.8	0.5	0.8484848484848485
RISK-NAT	train_nested_oof	expanded	45.0	0.5	6	1	0	1	0	1	0	0	3.35	0.0		0.0	0.29850746268656714
RISK-NAT	train_nested_oof	expanded	45.0	0.5	8	1	2	10	0	10	2	0	8.083333333333334	0.0	0.0	0.0	1.2371134020618555
RISK-NAT	train_nested_oof	expanded	45.0	0.5	9	1	3	5	2	3	1	0	8.725	0.4	0.6666666666666666	0.5	0.34383954154727797
RISK-NAT	train_nested_oof	expanded	45.0	0.5	10	1	3	11	0	11	3	0	8.991666666666667	0.0	0.0	0.0	1.2233549582947172
RISK-NAT	train_nested_oof	expanded	45.0	0.5	11	1	7	11	3	8	4	0	8.408333333333333	0.2727272727272727	0.42857142857142855	0.3333333333333333	0.9514370664023786
RISK-NAT	train_nested_oof	expanded	45.0	0.5	13	1	2	1	1	0	1	0	8.675	1.0	0.5	0.6666666666666666	0.0
RISK-NAT	train_nested_oof	expanded	45.0	0.5	14	1	2	1	0	1	2	0	8.558333333333334	0.0	0.0	0.0	0.11684518013631938
RISK-NAT	train_nested_oof	expanded	45.0	0.5	16	1	2	5	2	3	0	0	7.716666666666667	0.4	1.0	0.5714285714285714	0.38876889848812096
RISK-NAT	train_nested_oof	expanded	45.0	0.5	19	1	3	14	2	12	1	0	7.875	0.14285714285714285	0.6666666666666666	0.23529411764705882	1.5238095238095237
RISK-NAT	train_nested_oof	expanded	45.0	0.5	20	1	1	3	0	3	1	0	7.1	0.0	0.0	0.0	0.4225352112676057
RISK-NAT	train_nested_oof	expanded	45.0	0.5	21	1	3	0	0	0	3	0	9.175		0.0	0.0	0.0
RISK-NAT	train_nested_oof	expanded	45.0	0.5	24	1	1	1	0	1	1	0	6.716666666666667	0.0	0.0	0.0	0.1488833746898263
RISK-NAT	train_nested_oof	expanded	45.0	0.5	29	1	2	0	0	0	2	0	7.458333333333333		0.0	0.0	0.0
RISK-NAT	train_nested_oof	expanded	45.0	0.5	31	1	3	2	1	1	2	0	7.633333333333334	0.5	0.3333333333333333	0.4	0.13100436681222707
RISK-NAT	train_nested_oof	expanded	45.0	0.5	32	1	6	0	0	0	6	0	7.641666666666667		0.0	0.0	0.0
RISK-NAT	train_nested_oof	expanded	45.0	0.5	33	1	2	4	1	3	1	0	7.041666666666667	0.25	0.5	0.3333333333333333	0.42603550295857984
RISK-NAT	train_nested_oof	expanded	45.0	0.5	34	1	1	4	1	3	0	0	8.3	0.25	1.0	0.4	0.36144578313253006
RISK-NAT	train_nested_oof	expanded	45.0	0.5	35	1	2	5	0	5	2	0	7.225	0.0	0.0	0.0	0.6920415224913495
RISK-NAT	train_nested_oof	expanded	45.0	0.5	36	1	3	6	1	5	2	0	9.225	0.16666666666666666	0.3333333333333333	0.2222222222222222	0.5420054200542006
RISK-NAT	train_nested_oof	expanded	45.0	0.5	38	1	1	3	0	3	1	0	6.858333333333333	0.0	0.0	0.0	0.4374240583232078
RISK-NAT	train_nested_oof	expanded	45.0	0.5	39	1	2	2	0	2	2	0	8.016666666666667	0.0	0.0	0.0	0.24948024948024947
RISK-NAT	train_nested_oof	expanded	45.0	0.5	42	1	2	3	0	3	2	0	8.925	0.0	0.0	0.0	0.3361344537815126
RISK-NAT	train_nested_oof	expanded	45.0	0.5	43	1	2	8	1	7	1	0	7.275	0.125	0.5	0.2	0.9621993127147765
RISK-NAT	train_nested_oof	expanded	45.0	0.5	45	1	0	0	0	0	0	0	6.775				0.0
RISK-NAT	train_nested_oof	expanded	45.0	0.5	46	1	8	20	6	14	2	0	7.483333333333333	0.3	0.75	0.42857142857142855	1.8708240534521159
RISK-NAT	train_nested_oof	expanded	45.0	0.5	50	1	1	5	1	4	0	0	7.375	0.2	1.0	0.3333333333333333	0.5423728813559322
RISK-NAT	train_nested_oof	expanded	45.0	0.5	51	1	1	2	0	2	1	0	8.416666666666666	0.0	0.0	0.0	0.23762376237623764
RISK-NAT	train_nested_oof	expanded	45.0	0.5	53	1	0	0	0	0	0	0	7.808333333333334				0.0
RISK-NAT	train_nested_oof	expanded	45.0	0.5	54	1	2	32	1	31	1	0	7.916666666666667	0.03125	0.5	0.058823529411764705	3.9157894736842103
RISK-NAT	train_nested_oof	expanded	45.0	0.5	58	1	5	1	0	1	5	0	8.45	0.0	0.0	0.0	0.1183431952662722
RISK-NAT	train_nested_oof	expanded	45.0	0.5	59	1	3	2	1	1	2	0	8.175	0.5	0.3333333333333333	0.4	0.12232415902140671
RISK-NAT	train_nested_oof	expanded	45.0	0.5	60	1	3	1	0	1	3	0	7.258333333333334	0.0	0.0	0.0	0.1377726750861079
RISK-NAT	train_nested_oof	expanded	45.0	0.5	61	1	2	7	2	5	0	0	8.316666666666666	0.2857142857142857	1.0	0.4444444444444444	0.6012024048096193
RISK-NAT	train_nested_oof	expanded	45.0	0.5	62	1	6	1	1	0	5	0	8.133333333333333	1.0	0.16666666666666666	0.2857142857142857	0.0
RISK-NAT	train_nested_oof	expanded	45.0	0.5	63	1	4	10	2	8	2	0	8.033333333333333	0.2	0.5	0.2857142857142857	0.995850622406639
RISK-NAT	train_nested_oof	expanded	45.0	0.5	65	1	7	24	4	20	3	0	7.45	0.16666666666666666	0.5714285714285714	0.25806451612903225	2.684563758389262
RISK-NAT	train_nested_oof	expanded	45.0	0.5	66	1	0	1	0	1	0	0	8.708333333333334	0.0		0.0	0.11483253588516745
RISK-NAT	train_nested_oof	expanded	45.0	0.5	67	1	5	1	1	0	4	0	8.241666666666667	1.0	0.2	0.3333333333333333	0.0
RISK-NAT	train_nested_oof	expanded	45.0	0.5	68	1	5	2	1	1	4	0	7.733333333333333	0.5	0.2	0.2857142857142857	0.12931034482758622
RISK-NAT	train_nested_oof	expanded	45.0	0.5	71	1	0	0	0	0	0	0	7.091666666666667				0.0
RISK-NAT	train_nested_oof	expanded	45.0	0.5	72	1	2	1	1	0	1	0	6.933333333333334	1.0	0.5	0.6666666666666666	0.0
RISK-NAT	train_nested_oof	expanded	45.0	0.5	75	1	1	4	1	3	0	0	7.875	0.25	1.0	0.4	0.38095238095238093
RISK-NAT	train_nested_oof	expanded	45.0	0.5	76	1	2	4	1	3	1	0	8.058333333333334	0.25	0.5	0.3333333333333333	0.37228541882109617
RISK-NAT	train_nested_oof	expanded	45.0	0.5	78	2	10	4	0	4	10	0	16.241666666666667	0.0	0.0	0.0	0.24628014366341713
RISK-NAT	train_nested_oof	expanded	45.0	0.5	79	2	10	4	1	3	9	0	16.35	0.25	0.1	0.14285714285714285	0.18348623853211007
RISK-NAT	train_nested_oof	expanded	45.0	0.5	80	2	2	7	1	6	1	0	15.274999999999999	0.14285714285714285	0.5	0.2222222222222222	0.3927986906710311
RISK-NAT	train_nested_oof	expanded	45.0	0.5	81	2	2	14	1	13	1	0	14.666666666666668	0.07142857142857142	0.5	0.125	0.8863636363636362
RISK-NAT	train_nested_oof	expanded	45.0	0.5	82	2	4	9	2	7	2	0	16.066666666666666	0.2222222222222222	0.5	0.3076923076923077	0.43568464730290457
RISK-NAT	train_nested_oof	expanded	45.0	0.5	84	3	20	2	2	0	18	0	22.03333333333333	1.0	0.1	0.18181818181818182	0.0
RISK-NAT	train_nested_oof	expanded	45.0	0.5	85	1	1	1	0	1	1	0	7.383333333333334	0.0	0.0	0.0	0.13544018058690743
RISK-NAT	train_nested_oof	expanded	45.0	0.5	87	3	1	6	0	6	1	0	20.333333333333336	0.0	0.0	0.0	0.2950819672131147
RISK-NAT	train_nested_oof	expanded	45.0	0.5	91	2	0	9	0	9	0	0	16.46666666666667	0.0		0.0	0.5465587044534412
RISK-NAT	train_nested_oof	expanded	45.0	0.5	92	2	20	8	5	3	15	0	16.325000000000003	0.625	0.25	0.35714285714285715	0.18376722817764163
RISK-NAT	train_nested_oof	expanded	45.0	0.5	93	2	3	16	0	16	3	0	17.008333333333333	0.0	0.0	0.0	0.9407153356197943
RISK-NAT	train_nested_oof	expanded	45.0	0.5	94	1	3	4	1	3	2	0	6.891666666666667	0.25	0.3333333333333333	0.2857142857142857	0.43530834340991537
RISK-NAT	train_nested_oof	expanded	45.0	0.5	95	1	0	1	0	1	0	0	7.025	0.0		0.0	0.14234875444839856
RISK-NAT	train_nested_oof	expanded	45.0	0.5	96	3	14	4	2	2	12	0	22.8	0.5	0.14285714285714285	0.2222222222222222	0.08771929824561403
RISK-NAT	train_nested_oof	expanded	45.0	0.5	98	3	8	1	1	0	7	0	20.616666666666667	1.0	0.125	0.2222222222222222	0.0
RISK-NAT	train_nested_oof	expanded	45.0	0.5	99	3	7	9	2	7	5	0	21.2	0.2222222222222222	0.2857142857142857	0.25	0.33018867924528306
RISK-NAT	train_nested_oof	expanded	45.0	0.5	100	1	1	5	0	5	1	0	7.383333333333334	0.0	0.0	0.0	0.6772009029345372
RISK-NAT	train_nested_oof	expanded	45.0	0.5	101	1	0	1	0	1	0	0	7.241666666666666	0.0		0.0	0.13808975834292292
RISK-NAT	train_nested_oof	expanded	45.0	0.5	104	1	3	6	2	4	1	0	8.008333333333333	0.3333333333333333	0.6666666666666666	0.4444444444444444	0.49947970863683666
RISK-NAT	train_nested_oof	expanded	45.0	0.5	108	1	1	4	0	4	1	0	6.716666666666667	0.0	0.0	0.0	0.5955334987593052
RISK-NAT	train_nested_oof	primary	15.0	0.5	1	1	4	11	3	7	1	1	8.25	0.3	0.75	0.42857142857142855	0.8484848484848485
RISK-NAT	train_nested_oof	primary	15.0	0.5	6	1	0	1	0	1	0	0	3.35	0.0		0.0	0.29850746268656714
RISK-NAT	train_nested_oof	primary	15.0	0.5	8	1	0	10	0	10	0	0	8.083333333333334	0.0		0.0	1.2371134020618555
RISK-NAT	train_nested_oof	primary	15.0	0.5	9	1	3	5	2	3	1	0	8.725	0.4	0.6666666666666666	0.5	0.34383954154727797
RISK-NAT	train_nested_oof	primary	15.0	0.5	10	1	3	11	0	11	3	0	8.991666666666667	0.0	0.0	0.0	1.2233549582947172
RISK-NAT	train_nested_oof	primary	15.0	0.5	11	1	6	11	2	8	4	1	8.408333333333333	0.2	0.3333333333333333	0.25	0.9514370664023786
RISK-NAT	train_nested_oof	primary	15.0	0.5	13	1	2	1	1	0	1	0	8.675	1.0	0.5	0.6666666666666666	0.0
RISK-NAT	train_nested_oof	primary	15.0	0.5	14	1	1	1	0	1	1	0	8.558333333333334	0.0	0.0	0.0	0.11684518013631938
RISK-NAT	train_nested_oof	primary	15.0	0.5	16	1	2	5	1	4	1	0	7.716666666666667	0.2	0.5	0.2857142857142857	0.5183585313174945
RISK-NAT	train_nested_oof	primary	15.0	0.5	19	1	3	14	1	13	2	0	7.875	0.07142857142857142	0.3333333333333333	0.11764705882352941	1.6507936507936507
RISK-NAT	train_nested_oof	primary	15.0	0.5	20	1	1	3	0	3	1	0	7.1	0.0	0.0	0.0	0.4225352112676057
RISK-NAT	train_nested_oof	primary	15.0	0.5	21	1	0	0	0	0	0	0	9.175				0.0
RISK-NAT	train_nested_oof	primary	15.0	0.5	24	1	1	1	0	1	1	0	6.716666666666667	0.0	0.0	0.0	0.1488833746898263
RISK-NAT	train_nested_oof	primary	15.0	0.5	29	1	2	0	0	0	2	0	7.458333333333333		0.0	0.0	0.0
RISK-NAT	train_nested_oof	primary	15.0	0.5	31	1	3	2	1	1	2	0	7.633333333333334	0.5	0.3333333333333333	0.4	0.13100436681222707
RISK-NAT	train_nested_oof	primary	15.0	0.5	32	1	5	0	0	0	5	0	7.641666666666667		0.0	0.0	0.0
RISK-NAT	train_nested_oof	primary	15.0	0.5	33	1	2	4	1	3	1	0	7.041666666666667	0.25	0.5	0.3333333333333333	0.42603550295857984
RISK-NAT	train_nested_oof	primary	15.0	0.5	34	1	0	4	0	3	0	1	8.3	0.0		0.0	0.36144578313253006
RISK-NAT	train_nested_oof	primary	15.0	0.5	35	1	2	5	0	5	2	0	7.225	0.0	0.0	0.0	0.6920415224913495
RISK-NAT	train_nested_oof	primary	15.0	0.5	36	1	3	6	1	5	2	0	9.225	0.16666666666666666	0.3333333333333333	0.2222222222222222	0.5420054200542006
RISK-NAT	train_nested_oof	primary	15.0	0.5	38	1	1	3	0	3	1	0	6.858333333333333	0.0	0.0	0.0	0.4374240583232078
RISK-NAT	train_nested_oof	primary	15.0	0.5	39	1	2	2	0	2	2	0	8.016666666666667	0.0	0.0	0.0	0.24948024948024947
RISK-NAT	train_nested_oof	primary	15.0	0.5	42	1	0	3	0	3	0	0	8.925	0.0		0.0	0.3361344537815126
RISK-NAT	train_nested_oof	primary	15.0	0.5	43	1	2	8	1	7	1	0	7.275	0.125	0.5	0.2	0.9621993127147765
RISK-NAT	train_nested_oof	primary	15.0	0.5	45	1	0	0	0	0	0	0	6.775				0.0
RISK-NAT	train_nested_oof	primary	15.0	0.5	46	1	5	20	4	14	1	2	7.483333333333333	0.2222222222222222	0.8	0.34782608695652173	1.8708240534521159
RISK-NAT	train_nested_oof	primary	15.0	0.5	50	1	1	5	1	4	0	0	7.375	0.2	1.0	0.3333333333333333	0.5423728813559322
RISK-NAT	train_nested_oof	primary	15.0	0.5	51	1	1	2	0	2	1	0	8.416666666666666	0.0	0.0	0.0	0.23762376237623764
RISK-NAT	train_nested_oof	primary	15.0	0.5	53	1	0	0	0	0	0	0	7.808333333333334				0.0
RISK-NAT	train_nested_oof	primary	15.0	0.5	54	1	1	32	0	32	1	0	7.916666666666667	0.0	0.0	0.0	4.042105263157895
RISK-NAT	train_nested_oof	primary	15.0	0.5	58	1	5	1	0	1	5	0	8.45	0.0	0.0	0.0	0.1183431952662722
RISK-NAT	train_nested_oof	primary	15.0	0.5	59	1	3	2	1	1	2	0	8.175	0.5	0.3333333333333333	0.4	0.12232415902140671
RISK-NAT	train_nested_oof	primary	15.0	0.5	60	1	3	1	0	1	3	0	7.258333333333334	0.0	0.0	0.0	0.1377726750861079
RISK-NAT	train_nested_oof	primary	15.0	0.5	61	1	0	7	0	5	0	2	8.316666666666666	0.0		0.0	0.6012024048096193
RISK-NAT	train_nested_oof	primary	15.0	0.5	62	1	4	1	0	1	4	0	8.133333333333333	0.0	0.0	0.0	0.12295081967213116
RISK-NAT	train_nested_oof	primary	15.0	0.5	63	1	4	10	2	8	2	0	8.033333333333333	0.2	0.5	0.2857142857142857	0.995850622406639
RISK-NAT	train_nested_oof	primary	15.0	0.5	65	1	7	24	4	20	3	0	7.45	0.16666666666666666	0.5714285714285714	0.25806451612903225	2.684563758389262
RISK-NAT	train_nested_oof	primary	15.0	0.5	66	1	0	1	0	1	0	0	8.708333333333334	0.0		0.0	0.11483253588516745
RISK-NAT	train_nested_oof	primary	15.0	0.5	67	1	4	1	0	0	4	1	8.241666666666667		0.0	0.0	0.0
RISK-NAT	train_nested_oof	primary	15.0	0.5	68	1	5	2	1	1	4	0	7.733333333333333	0.5	0.2	0.2857142857142857	0.12931034482758622
RISK-NAT	train_nested_oof	primary	15.0	0.5	71	1	0	0	0	0	0	0	7.091666666666667				0.0
RISK-NAT	train_nested_oof	primary	15.0	0.5	72	1	1	1	0	0	1	1	6.933333333333334		0.0	0.0	0.0
RISK-NAT	train_nested_oof	primary	15.0	0.5	75	1	1	4	0	4	1	0	7.875	0.0	0.0	0.0	0.5079365079365079
RISK-NAT	train_nested_oof	primary	15.0	0.5	76	1	1	4	1	3	0	0	8.058333333333334	0.25	1.0	0.4	0.37228541882109617
RISK-NAT	train_nested_oof	primary	15.0	0.5	78	2	7	4	0	4	7	0	16.241666666666667	0.0	0.0	0.0	0.24628014366341713
RISK-NAT	train_nested_oof	primary	15.0	0.5	79	2	4	4	1	3	3	0	16.35	0.25	0.25	0.25	0.18348623853211007
RISK-NAT	train_nested_oof	primary	15.0	0.5	80	2	2	7	1	6	1	0	15.274999999999999	0.14285714285714285	0.5	0.2222222222222222	0.3927986906710311
RISK-NAT	train_nested_oof	primary	15.0	0.5	81	2	1	14	1	13	0	0	14.666666666666668	0.07142857142857142	1.0	0.13333333333333333	0.8863636363636362
RISK-NAT	train_nested_oof	primary	15.0	0.5	82	2	4	9	2	7	2	0	16.066666666666666	0.2222222222222222	0.5	0.3076923076923077	0.43568464730290457
RISK-NAT	train_nested_oof	primary	15.0	0.5	84	3	20	2	2	0	18	0	22.03333333333333	1.0	0.1	0.18181818181818182	0.0
RISK-NAT	train_nested_oof	primary	15.0	0.5	85	1	0	1	0	1	0	0	7.383333333333334	0.0		0.0	0.13544018058690743
RISK-NAT	train_nested_oof	primary	15.0	0.5	87	3	0	6	0	6	0	0	20.333333333333336	0.0		0.0	0.2950819672131147
RISK-NAT	train_nested_oof	primary	15.0	0.5	91	2	0	9	0	9	0	0	16.46666666666667	0.0		0.0	0.5465587044534412
RISK-NAT	train_nested_oof	primary	15.0	0.5	92	2	19	8	4	4	15	0	16.325000000000003	0.5	0.21052631578947367	0.2962962962962963	0.24502297090352215
RISK-NAT	train_nested_oof	primary	15.0	0.5	93	2	0	16	0	16	0	0	17.008333333333333	0.0		0.0	0.9407153356197943
RISK-NAT	train_nested_oof	primary	15.0	0.5	94	1	2	4	1	3	1	0	6.891666666666667	0.25	0.5	0.3333333333333333	0.43530834340991537
RISK-NAT	train_nested_oof	primary	15.0	0.5	95	1	0	1	0	1	0	0	7.025	0.0		0.0	0.14234875444839856
RISK-NAT	train_nested_oof	primary	15.0	0.5	96	3	10	4	1	3	9	0	22.8	0.25	0.1	0.14285714285714285	0.13157894736842105
RISK-NAT	train_nested_oof	primary	15.0	0.5	98	3	6	1	1	0	5	0	20.616666666666667	1.0	0.16666666666666666	0.2857142857142857	0.0
RISK-NAT	train_nested_oof	primary	15.0	0.5	99	3	7	9	2	7	5	0	21.2	0.2222222222222222	0.2857142857142857	0.25	0.33018867924528306
RISK-NAT	train_nested_oof	primary	15.0	0.5	100	1	0	5	0	5	0	0	7.383333333333334	0.0		0.0	0.6772009029345372
RISK-NAT	train_nested_oof	primary	15.0	0.5	101	1	0	1	0	1	0	0	7.241666666666666	0.0		0.0	0.13808975834292292
RISK-NAT	train_nested_oof	primary	15.0	0.5	104	1	3	6	1	5	2	0	8.008333333333333	0.16666666666666666	0.3333333333333333	0.2222222222222222	0.6243496357960459
RISK-NAT	train_nested_oof	primary	15.0	0.5	108	1	1	4	0	4	1	0	6.716666666666667	0.0	0.0	0.0	0.5955334987593052
RISK-NAT	train_nested_oof	primary	45.0	0.5	1	1	4	11	3	7	1	1	8.25	0.3	0.75	0.42857142857142855	0.8484848484848485
RISK-NAT	train_nested_oof	primary	45.0	0.5	6	1	0	1	0	1	0	0	3.35	0.0		0.0	0.29850746268656714
RISK-NAT	train_nested_oof	primary	45.0	0.5	8	1	0	10	0	10	0	0	8.083333333333334	0.0		0.0	1.2371134020618555
RISK-NAT	train_nested_oof	primary	45.0	0.5	9	1	3	5	2	3	1	0	8.725	0.4	0.6666666666666666	0.5	0.34383954154727797
RISK-NAT	train_nested_oof	primary	45.0	0.5	10	1	3	11	0	11	3	0	8.991666666666667	0.0	0.0	0.0	1.2233549582947172
RISK-NAT	train_nested_oof	primary	45.0	0.5	11	1	6	11	2	8	4	1	8.408333333333333	0.2	0.3333333333333333	0.25	0.9514370664023786
RISK-NAT	train_nested_oof	primary	45.0	0.5	13	1	2	1	1	0	1	0	8.675	1.0	0.5	0.6666666666666666	0.0
RISK-NAT	train_nested_oof	primary	45.0	0.5	14	1	1	1	0	1	1	0	8.558333333333334	0.0	0.0	0.0	0.11684518013631938
RISK-NAT	train_nested_oof	primary	45.0	0.5	16	1	2	5	2	3	0	0	7.716666666666667	0.4	1.0	0.5714285714285714	0.38876889848812096
RISK-NAT	train_nested_oof	primary	45.0	0.5	19	1	3	14	2	12	1	0	7.875	0.14285714285714285	0.6666666666666666	0.23529411764705882	1.5238095238095237
RISK-NAT	train_nested_oof	primary	45.0	0.5	20	1	1	3	0	3	1	0	7.1	0.0	0.0	0.0	0.4225352112676057
RISK-NAT	train_nested_oof	primary	45.0	0.5	21	1	0	0	0	0	0	0	9.175				0.0
RISK-NAT	train_nested_oof	primary	45.0	0.5	24	1	1	1	0	1	1	0	6.716666666666667	0.0	0.0	0.0	0.1488833746898263
RISK-NAT	train_nested_oof	primary	45.0	0.5	29	1	2	0	0	0	2	0	7.458333333333333		0.0	0.0	0.0
RISK-NAT	train_nested_oof	primary	45.0	0.5	31	1	3	2	1	1	2	0	7.633333333333334	0.5	0.3333333333333333	0.4	0.13100436681222707
RISK-NAT	train_nested_oof	primary	45.0	0.5	32	1	5	0	0	0	5	0	7.641666666666667		0.0	0.0	0.0
RISK-NAT	train_nested_oof	primary	45.0	0.5	33	1	2	4	1	3	1	0	7.041666666666667	0.25	0.5	0.3333333333333333	0.42603550295857984
RISK-NAT	train_nested_oof	primary	45.0	0.5	34	1	0	4	0	3	0	1	8.3	0.0		0.0	0.36144578313253006
RISK-NAT	train_nested_oof	primary	45.0	0.5	35	1	2	5	0	5	2	0	7.225	0.0	0.0	0.0	0.6920415224913495
RISK-NAT	train_nested_oof	primary	45.0	0.5	36	1	3	6	1	5	2	0	9.225	0.16666666666666666	0.3333333333333333	0.2222222222222222	0.5420054200542006
RISK-NAT	train_nested_oof	primary	45.0	0.5	38	1	1	3	0	3	1	0	6.858333333333333	0.0	0.0	0.0	0.4374240583232078
RISK-NAT	train_nested_oof	primary	45.0	0.5	39	1	2	2	0	2	2	0	8.016666666666667	0.0	0.0	0.0	0.24948024948024947
RISK-NAT	train_nested_oof	primary	45.0	0.5	42	1	0	3	0	3	0	0	8.925	0.0		0.0	0.3361344537815126
RISK-NAT	train_nested_oof	primary	45.0	0.5	43	1	2	8	1	7	1	0	7.275	0.125	0.5	0.2	0.9621993127147765
RISK-NAT	train_nested_oof	primary	45.0	0.5	45	1	0	0	0	0	0	0	6.775				0.0
RISK-NAT	train_nested_oof	primary	45.0	0.5	46	1	5	20	4	14	1	2	7.483333333333333	0.2222222222222222	0.8	0.34782608695652173	1.8708240534521159
RISK-NAT	train_nested_oof	primary	45.0	0.5	50	1	1	5	1	4	0	0	7.375	0.2	1.0	0.3333333333333333	0.5423728813559322
RISK-NAT	train_nested_oof	primary	45.0	0.5	51	1	1	2	0	2	1	0	8.416666666666666	0.0	0.0	0.0	0.23762376237623764
RISK-NAT	train_nested_oof	primary	45.0	0.5	53	1	0	0	0	0	0	0	7.808333333333334				0.0
RISK-NAT	train_nested_oof	primary	45.0	0.5	54	1	1	32	1	31	0	0	7.916666666666667	0.03125	1.0	0.06060606060606061	3.9157894736842103
RISK-NAT	train_nested_oof	primary	45.0	0.5	58	1	5	1	0	1	5	0	8.45	0.0	0.0	0.0	0.1183431952662722
RISK-NAT	train_nested_oof	primary	45.0	0.5	59	1	3	2	1	1	2	0	8.175	0.5	0.3333333333333333	0.4	0.12232415902140671
RISK-NAT	train_nested_oof	primary	45.0	0.5	60	1	3	1	0	1	3	0	7.258333333333334	0.0	0.0	0.0	0.1377726750861079
RISK-NAT	train_nested_oof	primary	45.0	0.5	61	1	0	7	0	5	0	2	8.316666666666666	0.0		0.0	0.6012024048096193
RISK-NAT	train_nested_oof	primary	45.0	0.5	62	1	4	1	0	0	4	1	8.133333333333333		0.0	0.0	0.0
RISK-NAT	train_nested_oof	primary	45.0	0.5	63	1	4	10	2	8	2	0	8.033333333333333	0.2	0.5	0.2857142857142857	0.995850622406639
RISK-NAT	train_nested_oof	primary	45.0	0.5	65	1	7	24	4	20	3	0	7.45	0.16666666666666666	0.5714285714285714	0.25806451612903225	2.684563758389262
RISK-NAT	train_nested_oof	primary	45.0	0.5	66	1	0	1	0	1	0	0	8.708333333333334	0.0		0.0	0.11483253588516745
RISK-NAT	train_nested_oof	primary	45.0	0.5	67	1	4	1	0	0	4	1	8.241666666666667		0.0	0.0	0.0
RISK-NAT	train_nested_oof	primary	45.0	0.5	68	1	5	2	1	1	4	0	7.733333333333333	0.5	0.2	0.2857142857142857	0.12931034482758622
RISK-NAT	train_nested_oof	primary	45.0	0.5	71	1	0	0	0	0	0	0	7.091666666666667				0.0
RISK-NAT	train_nested_oof	primary	45.0	0.5	72	1	1	1	0	0	1	1	6.933333333333334		0.0	0.0	0.0
RISK-NAT	train_nested_oof	primary	45.0	0.5	75	1	1	4	1	3	0	0	7.875	0.25	1.0	0.4	0.38095238095238093
RISK-NAT	train_nested_oof	primary	45.0	0.5	76	1	1	4	1	3	0	0	8.058333333333334	0.25	1.0	0.4	0.37228541882109617
RISK-NAT	train_nested_oof	primary	45.0	0.5	78	2	7	4	0	4	7	0	16.241666666666667	0.0	0.0	0.0	0.24628014366341713
RISK-NAT	train_nested_oof	primary	45.0	0.5	79	2	4	4	1	3	3	0	16.35	0.25	0.25	0.25	0.18348623853211007
RISK-NAT	train_nested_oof	primary	45.0	0.5	80	2	2	7	1	6	1	0	15.274999999999999	0.14285714285714285	0.5	0.2222222222222222	0.3927986906710311
RISK-NAT	train_nested_oof	primary	45.0	0.5	81	2	1	14	1	13	0	0	14.666666666666668	0.07142857142857142	1.0	0.13333333333333333	0.8863636363636362
RISK-NAT	train_nested_oof	primary	45.0	0.5	82	2	4	9	2	7	2	0	16.066666666666666	0.2222222222222222	0.5	0.3076923076923077	0.43568464730290457
RISK-NAT	train_nested_oof	primary	45.0	0.5	84	3	20	2	2	0	18	0	22.03333333333333	1.0	0.1	0.18181818181818182	0.0
RISK-NAT	train_nested_oof	primary	45.0	0.5	85	1	0	1	0	1	0	0	7.383333333333334	0.0		0.0	0.13544018058690743
RISK-NAT	train_nested_oof	primary	45.0	0.5	87	3	0	6	0	6	0	0	20.333333333333336	0.0		0.0	0.2950819672131147
RISK-NAT	train_nested_oof	primary	45.0	0.5	91	2	0	9	0	9	0	0	16.46666666666667	0.0		0.0	0.5465587044534412
RISK-NAT	train_nested_oof	primary	45.0	0.5	92	2	19	8	5	3	14	0	16.325000000000003	0.625	0.2631578947368421	0.37037037037037035	0.18376722817764163
RISK-NAT	train_nested_oof	primary	45.0	0.5	93	2	0	16	0	16	0	0	17.008333333333333	0.0		0.0	0.9407153356197943
RISK-NAT	train_nested_oof	primary	45.0	0.5	94	1	2	4	1	3	1	0	6.891666666666667	0.25	0.5	0.3333333333333333	0.43530834340991537
RISK-NAT	train_nested_oof	primary	45.0	0.5	95	1	0	1	0	1	0	0	7.025	0.0		0.0	0.14234875444839856
RISK-NAT	train_nested_oof	primary	45.0	0.5	96	3	10	4	1	2	9	1	22.8	0.3333333333333333	0.1	0.15384615384615385	0.08771929824561403
RISK-NAT	train_nested_oof	primary	45.0	0.5	98	3	6	1	1	0	5	0	20.616666666666667	1.0	0.16666666666666666	0.2857142857142857	0.0
RISK-NAT	train_nested_oof	primary	45.0	0.5	99	3	7	9	2	7	5	0	21.2	0.2222222222222222	0.2857142857142857	0.25	0.33018867924528306
RISK-NAT	train_nested_oof	primary	45.0	0.5	100	1	0	5	0	5	0	0	7.383333333333334	0.0		0.0	0.6772009029345372
RISK-NAT	train_nested_oof	primary	45.0	0.5	101	1	0	1	0	1	0	0	7.241666666666666	0.0		0.0	0.13808975834292292
RISK-NAT	train_nested_oof	primary	45.0	0.5	104	1	3	6	2	4	1	0	8.008333333333333	0.3333333333333333	0.6666666666666666	0.4444444444444444	0.49947970863683666
RISK-NAT	train_nested_oof	primary	45.0	0.5	108	1	1	4	0	4	1	0	6.716666666666667	0.0	0.0	0.0	0.5955334987593052
SAMP-BAL	train_nested_oof	expanded	15.0	0.5	1	1	5	10	4	6	1	0	8.25	0.4	0.8	0.5333333333333333	0.7272727272727273
SAMP-BAL	train_nested_oof	expanded	15.0	0.5	6	1	0	2	0	2	0	0	3.35	0.0		0.0	0.5970149253731343
SAMP-BAL	train_nested_oof	expanded	15.0	0.5	8	1	2	7	1	6	1	0	8.083333333333334	0.14285714285714285	0.5	0.2222222222222222	0.7422680412371133
SAMP-BAL	train_nested_oof	expanded	15.0	0.5	9	1	3	7	2	5	1	0	8.725	0.2857142857142857	0.6666666666666666	0.4	0.5730659025787966
SAMP-BAL	train_nested_oof	expanded	15.0	0.5	10	1	3	3	2	1	1	0	8.991666666666667	0.6666666666666666	0.6666666666666666	0.6666666666666666	0.11121408711770157
SAMP-BAL	train_nested_oof	expanded	15.0	0.5	11	1	7	6	2	4	5	0	8.408333333333333	0.3333333333333333	0.2857142857142857	0.3076923076923077	0.4757185332011893
SAMP-BAL	train_nested_oof	expanded	15.0	0.5	13	1	2	3	0	3	2	0	8.675	0.0	0.0	0.0	0.34582132564841495
SAMP-BAL	train_nested_oof	expanded	15.0	0.5	14	1	2	1	0	1	2	0	8.558333333333334	0.0	0.0	0.0	0.11684518013631938
SAMP-BAL	train_nested_oof	expanded	15.0	0.5	16	1	2	4	1	3	1	0	7.716666666666667	0.25	0.5	0.3333333333333333	0.38876889848812096
SAMP-BAL	train_nested_oof	expanded	15.0	0.5	19	1	3	8	1	7	2	0	7.875	0.125	0.3333333333333333	0.18181818181818182	0.8888888888888888
SAMP-BAL	train_nested_oof	expanded	15.0	0.5	20	1	1	3	0	3	1	0	7.1	0.0	0.0	0.0	0.4225352112676057
SAMP-BAL	train_nested_oof	expanded	15.0	0.5	21	1	3	20	3	17	0	0	9.175	0.15	1.0	0.2608695652173913	1.8528610354223432
SAMP-BAL	train_nested_oof	expanded	15.0	0.5	24	1	1	4	0	4	1	0	6.716666666666667	0.0	0.0	0.0	0.5955334987593052
SAMP-BAL	train_nested_oof	expanded	15.0	0.5	29	1	2	3	1	2	1	0	7.458333333333333	0.3333333333333333	0.5	0.4	0.2681564245810056
SAMP-BAL	train_nested_oof	expanded	15.0	0.5	31	1	3	1	1	0	2	0	7.633333333333334	1.0	0.3333333333333333	0.5	0.0
SAMP-BAL	train_nested_oof	expanded	15.0	0.5	32	1	6	2	2	0	4	0	7.641666666666667	1.0	0.3333333333333333	0.5	0.0
SAMP-BAL	train_nested_oof	expanded	15.0	0.5	33	1	2	4	1	3	1	0	7.041666666666667	0.25	0.5	0.3333333333333333	0.42603550295857984
SAMP-BAL	train_nested_oof	expanded	15.0	0.5	34	1	1	2	1	1	0	0	8.3	0.5	1.0	0.6666666666666666	0.12048192771084336
SAMP-BAL	train_nested_oof	expanded	15.0	0.5	35	1	2	1	0	1	2	0	7.225	0.0	0.0	0.0	0.1384083044982699
SAMP-BAL	train_nested_oof	expanded	15.0	0.5	36	1	3	3	0	3	3	0	9.225	0.0	0.0	0.0	0.3252032520325203
SAMP-BAL	train_nested_oof	expanded	15.0	0.5	38	1	1	0	0	0	1	0	6.858333333333333		0.0	0.0	0.0
SAMP-BAL	train_nested_oof	expanded	15.0	0.5	39	1	2	2	0	2	2	0	8.016666666666667	0.0	0.0	0.0	0.24948024948024947
SAMP-BAL	train_nested_oof	expanded	15.0	0.5	42	1	2	8	0	8	2	0	8.925	0.0	0.0	0.0	0.8963585434173669
SAMP-BAL	train_nested_oof	expanded	15.0	0.5	43	1	2	3	1	2	1	0	7.275	0.3333333333333333	0.5	0.4	0.274914089347079
SAMP-BAL	train_nested_oof	expanded	15.0	0.5	45	1	0	0	0	0	0	0	6.775				0.0
SAMP-BAL	train_nested_oof	expanded	15.0	0.5	46	1	8	8	3	5	5	0	7.483333333333333	0.375	0.375	0.375	0.6681514476614699
SAMP-BAL	train_nested_oof	expanded	15.0	0.5	50	1	1	1	0	1	1	0	7.375	0.0	0.0	0.0	0.13559322033898305
SAMP-BAL	train_nested_oof	expanded	15.0	0.5	51	1	1	3	0	3	1	0	8.416666666666666	0.0	0.0	0.0	0.3564356435643565
SAMP-BAL	train_nested_oof	expanded	15.0	0.5	53	1	0	0	0	0	0	0	7.808333333333334				0.0
SAMP-BAL	train_nested_oof	expanded	15.0	0.5	54	1	2	6	1	5	1	0	7.916666666666667	0.16666666666666666	0.5	0.25	0.631578947368421
SAMP-BAL	train_nested_oof	expanded	15.0	0.5	58	1	5	0	0	0	5	0	8.45		0.0	0.0	0.0
SAMP-BAL	train_nested_oof	expanded	15.0	0.5	59	1	3	6	1	5	2	0	8.175	0.16666666666666666	0.3333333333333333	0.2222222222222222	0.6116207951070336
SAMP-BAL	train_nested_oof	expanded	15.0	0.5	60	1	3	0	0	0	3	0	7.258333333333334		0.0	0.0	0.0
SAMP-BAL	train_nested_oof	expanded	15.0	0.5	61	1	2	8	1	7	1	0	8.316666666666666	0.125	0.5	0.2	0.841683366733467
SAMP-BAL	train_nested_oof	expanded	15.0	0.5	62	1	6	1	0	1	6	0	8.133333333333333	0.0	0.0	0.0	0.12295081967213116
SAMP-BAL	train_nested_oof	expanded	15.0	0.5	63	1	4	23	1	22	3	0	8.033333333333333	0.043478260869565216	0.25	0.07407407407407407	2.7385892116182573
SAMP-BAL	train_nested_oof	expanded	15.0	0.5	65	1	7	13	3	10	4	0	7.45	0.23076923076923078	0.42857142857142855	0.3	1.342281879194631
SAMP-BAL	train_nested_oof	expanded	15.0	0.5	66	1	0	2	0	2	0	0	8.708333333333334	0.0		0.0	0.2296650717703349
SAMP-BAL	train_nested_oof	expanded	15.0	0.5	67	1	5	7	4	3	1	0	8.241666666666667	0.5714285714285714	0.8	0.6666666666666666	0.36400404448938317
SAMP-BAL	train_nested_oof	expanded	15.0	0.5	68	1	5	1	0	1	5	0	7.733333333333333	0.0	0.0	0.0	0.12931034482758622
SAMP-BAL	train_nested_oof	expanded	15.0	0.5	71	1	0	0	0	0	0	0	7.091666666666667				0.0
SAMP-BAL	train_nested_oof	expanded	15.0	0.5	72	1	2	0	0	0	2	0	6.933333333333334		0.0	0.0	0.0
SAMP-BAL	train_nested_oof	expanded	15.0	0.5	75	1	1	4	0	4	1	0	7.875	0.0	0.0	0.0	0.5079365079365079
SAMP-BAL	train_nested_oof	expanded	15.0	0.5	76	1	2	2	1	1	1	0	8.058333333333334	0.5	0.5	0.5	0.12409513960703206
SAMP-BAL	train_nested_oof	expanded	15.0	0.5	78	2	10	3	2	1	8	0	16.241666666666667	0.6666666666666666	0.2	0.3076923076923077	0.06157003591585428
SAMP-BAL	train_nested_oof	expanded	15.0	0.5	79	2	10	31	6	25	4	0	16.35	0.1935483870967742	0.6	0.2926829268292683	1.5290519877675839
SAMP-BAL	train_nested_oof	expanded	15.0	0.5	80	2	2	2	0	2	2	0	15.274999999999999	0.0	0.0	0.0	0.1309328968903437
SAMP-BAL	train_nested_oof	expanded	15.0	0.5	81	2	2	32	2	30	0	0	14.666666666666668	0.0625	1.0	0.11764705882352941	2.0454545454545454
SAMP-BAL	train_nested_oof	expanded	15.0	0.5	82	2	4	2	0	2	4	0	16.066666666666666	0.0	0.0	0.0	0.12448132780082988
SAMP-BAL	train_nested_oof	expanded	15.0	0.5	84	3	20	3	1	2	19	0	22.03333333333333	0.3333333333333333	0.05	0.08695652173913043	0.09077155824508322
SAMP-BAL	train_nested_oof	expanded	15.0	0.5	85	1	1	1	0	1	1	0	7.383333333333334	0.0	0.0	0.0	0.13544018058690743
SAMP-BAL	train_nested_oof	expanded	15.0	0.5	87	3	1	12	0	12	1	0	20.333333333333336	0.0	0.0	0.0	0.5901639344262294
SAMP-BAL	train_nested_oof	expanded	15.0	0.5	91	2	0	7	0	7	0	0	16.46666666666667	0.0		0.0	0.42510121457489874
SAMP-BAL	train_nested_oof	expanded	15.0	0.5	92	2	20	9	3	6	17	0	16.325000000000003	0.3333333333333333	0.15	0.20689655172413793	0.36753445635528326
SAMP-BAL	train_nested_oof	expanded	15.0	0.5	93	2	3	10	0	10	3	0	17.008333333333333	0.0	0.0	0.0	0.5879470847623715
SAMP-BAL	train_nested_oof	expanded	15.0	0.5	94	1	3	3	1	2	2	0	6.891666666666667	0.3333333333333333	0.3333333333333333	0.3333333333333333	0.29020556227327693
SAMP-BAL	train_nested_oof	expanded	15.0	0.5	95	1	0	0	0	0	0	0	7.025				0.0
SAMP-BAL	train_nested_oof	expanded	15.0	0.5	96	3	14	5	0	5	14	0	22.8	0.0	0.0	0.0	0.21929824561403508
SAMP-BAL	train_nested_oof	expanded	15.0	0.5	98	3	8	0	0	0	8	0	20.616666666666667		0.0	0.0	0.0
SAMP-BAL	train_nested_oof	expanded	15.0	0.5	99	3	7	8	1	7	6	0	21.2	0.125	0.14285714285714285	0.13333333333333333	0.33018867924528306
SAMP-BAL	train_nested_oof	expanded	15.0	0.5	100	1	1	4	0	4	1	0	7.383333333333334	0.0	0.0	0.0	0.5417607223476297
SAMP-BAL	train_nested_oof	expanded	15.0	0.5	101	1	0	0	0	0	0	0	7.241666666666666				0.0
SAMP-BAL	train_nested_oof	expanded	15.0	0.5	104	1	3	2	0	2	3	0	8.008333333333333	0.0	0.0	0.0	0.24973985431841833
SAMP-BAL	train_nested_oof	expanded	15.0	0.5	108	1	1	5	0	5	1	0	6.716666666666667	0.0	0.0	0.0	0.7444168734491315
SAMP-BAL	train_nested_oof	expanded	45.0	0.5	1	1	5	10	4	6	1	0	8.25	0.4	0.8	0.5333333333333333	0.7272727272727273
SAMP-BAL	train_nested_oof	expanded	45.0	0.5	6	1	0	2	0	2	0	0	3.35	0.0		0.0	0.5970149253731343
SAMP-BAL	train_nested_oof	expanded	45.0	0.5	8	1	2	7	1	6	1	0	8.083333333333334	0.14285714285714285	0.5	0.2222222222222222	0.7422680412371133
SAMP-BAL	train_nested_oof	expanded	45.0	0.5	9	1	3	7	2	5	1	0	8.725	0.2857142857142857	0.6666666666666666	0.4	0.5730659025787966
SAMP-BAL	train_nested_oof	expanded	45.0	0.5	10	1	3	3	2	1	1	0	8.991666666666667	0.6666666666666666	0.6666666666666666	0.6666666666666666	0.11121408711770157
SAMP-BAL	train_nested_oof	expanded	45.0	0.5	11	1	7	6	2	4	5	0	8.408333333333333	0.3333333333333333	0.2857142857142857	0.3076923076923077	0.4757185332011893
SAMP-BAL	train_nested_oof	expanded	45.0	0.5	13	1	2	3	0	3	2	0	8.675	0.0	0.0	0.0	0.34582132564841495
SAMP-BAL	train_nested_oof	expanded	45.0	0.5	14	1	2	1	0	1	2	0	8.558333333333334	0.0	0.0	0.0	0.11684518013631938
SAMP-BAL	train_nested_oof	expanded	45.0	0.5	16	1	2	4	1	3	1	0	7.716666666666667	0.25	0.5	0.3333333333333333	0.38876889848812096
SAMP-BAL	train_nested_oof	expanded	45.0	0.5	19	1	3	8	2	6	1	0	7.875	0.25	0.6666666666666666	0.36363636363636365	0.7619047619047619
SAMP-BAL	train_nested_oof	expanded	45.0	0.5	20	1	1	3	0	3	1	0	7.1	0.0	0.0	0.0	0.4225352112676057
SAMP-BAL	train_nested_oof	expanded	45.0	0.5	21	1	3	20	3	17	0	0	9.175	0.15	1.0	0.2608695652173913	1.8528610354223432
SAMP-BAL	train_nested_oof	expanded	45.0	0.5	24	1	1	4	0	4	1	0	6.716666666666667	0.0	0.0	0.0	0.5955334987593052
SAMP-BAL	train_nested_oof	expanded	45.0	0.5	29	1	2	3	1	2	1	0	7.458333333333333	0.3333333333333333	0.5	0.4	0.2681564245810056
SAMP-BAL	train_nested_oof	expanded	45.0	0.5	31	1	3	1	1	0	2	0	7.633333333333334	1.0	0.3333333333333333	0.5	0.0
SAMP-BAL	train_nested_oof	expanded	45.0	0.5	32	1	6	2	2	0	4	0	7.641666666666667	1.0	0.3333333333333333	0.5	0.0
SAMP-BAL	train_nested_oof	expanded	45.0	0.5	33	1	2	4	1	3	1	0	7.041666666666667	0.25	0.5	0.3333333333333333	0.42603550295857984
SAMP-BAL	train_nested_oof	expanded	45.0	0.5	34	1	1	2	1	1	0	0	8.3	0.5	1.0	0.6666666666666666	0.12048192771084336
SAMP-BAL	train_nested_oof	expanded	45.0	0.5	35	1	2	1	0	1	2	0	7.225	0.0	0.0	0.0	0.1384083044982699
SAMP-BAL	train_nested_oof	expanded	45.0	0.5	36	1	3	3	0	3	3	0	9.225	0.0	0.0	0.0	0.3252032520325203
SAMP-BAL	train_nested_oof	expanded	45.0	0.5	38	1	1	0	0	0	1	0	6.858333333333333		0.0	0.0	0.0
SAMP-BAL	train_nested_oof	expanded	45.0	0.5	39	1	2	2	0	2	2	0	8.016666666666667	0.0	0.0	0.0	0.24948024948024947
SAMP-BAL	train_nested_oof	expanded	45.0	0.5	42	1	2	8	1	7	1	0	8.925	0.125	0.5	0.2	0.7843137254901961
SAMP-BAL	train_nested_oof	expanded	45.0	0.5	43	1	2	3	1	2	1	0	7.275	0.3333333333333333	0.5	0.4	0.274914089347079
SAMP-BAL	train_nested_oof	expanded	45.0	0.5	45	1	0	0	0	0	0	0	6.775				0.0
SAMP-BAL	train_nested_oof	expanded	45.0	0.5	46	1	8	8	3	5	5	0	7.483333333333333	0.375	0.375	0.375	0.6681514476614699
SAMP-BAL	train_nested_oof	expanded	45.0	0.5	50	1	1	1	0	1	1	0	7.375	0.0	0.0	0.0	0.13559322033898305
SAMP-BAL	train_nested_oof	expanded	45.0	0.5	51	1	1	3	0	3	1	0	8.416666666666666	0.0	0.0	0.0	0.3564356435643565
SAMP-BAL	train_nested_oof	expanded	45.0	0.5	53	1	0	0	0	0	0	0	7.808333333333334				0.0
SAMP-BAL	train_nested_oof	expanded	45.0	0.5	54	1	2	6	1	5	1	0	7.916666666666667	0.16666666666666666	0.5	0.25	0.631578947368421
SAMP-BAL	train_nested_oof	expanded	45.0	0.5	58	1	5	0	0	0	5	0	8.45		0.0	0.0	0.0
SAMP-BAL	train_nested_oof	expanded	45.0	0.5	59	1	3	6	1	5	2	0	8.175	0.16666666666666666	0.3333333333333333	0.2222222222222222	0.6116207951070336
SAMP-BAL	train_nested_oof	expanded	45.0	0.5	60	1	3	0	0	0	3	0	7.258333333333334		0.0	0.0	0.0
SAMP-BAL	train_nested_oof	expanded	45.0	0.5	61	1	2	8	2	6	0	0	8.316666666666666	0.25	1.0	0.4	0.7214428857715431
SAMP-BAL	train_nested_oof	expanded	45.0	0.5	62	1	6	1	0	1	6	0	8.133333333333333	0.0	0.0	0.0	0.12295081967213116
SAMP-BAL	train_nested_oof	expanded	45.0	0.5	63	1	4	23	1	22	3	0	8.033333333333333	0.043478260869565216	0.25	0.07407407407407407	2.7385892116182573
SAMP-BAL	train_nested_oof	expanded	45.0	0.5	65	1	7	13	3	10	4	0	7.45	0.23076923076923078	0.42857142857142855	0.3	1.342281879194631
SAMP-BAL	train_nested_oof	expanded	45.0	0.5	66	1	0	2	0	2	0	0	8.708333333333334	0.0		0.0	0.2296650717703349
SAMP-BAL	train_nested_oof	expanded	45.0	0.5	67	1	5	7	4	3	1	0	8.241666666666667	0.5714285714285714	0.8	0.6666666666666666	0.36400404448938317
SAMP-BAL	train_nested_oof	expanded	45.0	0.5	68	1	5	1	0	1	5	0	7.733333333333333	0.0	0.0	0.0	0.12931034482758622
SAMP-BAL	train_nested_oof	expanded	45.0	0.5	71	1	0	0	0	0	0	0	7.091666666666667				0.0
SAMP-BAL	train_nested_oof	expanded	45.0	0.5	72	1	2	0	0	0	2	0	6.933333333333334		0.0	0.0	0.0
SAMP-BAL	train_nested_oof	expanded	45.0	0.5	75	1	1	4	1	3	0	0	7.875	0.25	1.0	0.4	0.38095238095238093
SAMP-BAL	train_nested_oof	expanded	45.0	0.5	76	1	2	2	1	1	1	0	8.058333333333334	0.5	0.5	0.5	0.12409513960703206
SAMP-BAL	train_nested_oof	expanded	45.0	0.5	78	2	10	3	2	1	8	0	16.241666666666667	0.6666666666666666	0.2	0.3076923076923077	0.06157003591585428
SAMP-BAL	train_nested_oof	expanded	45.0	0.5	79	2	10	31	6	25	4	0	16.35	0.1935483870967742	0.6	0.2926829268292683	1.5290519877675839
SAMP-BAL	train_nested_oof	expanded	45.0	0.5	80	2	2	2	0	2	2	0	15.274999999999999	0.0	0.0	0.0	0.1309328968903437
SAMP-BAL	train_nested_oof	expanded	45.0	0.5	81	2	2	32	2	30	0	0	14.666666666666668	0.0625	1.0	0.11764705882352941	2.0454545454545454
SAMP-BAL	train_nested_oof	expanded	45.0	0.5	82	2	4	2	0	2	4	0	16.066666666666666	0.0	0.0	0.0	0.12448132780082988
SAMP-BAL	train_nested_oof	expanded	45.0	0.5	84	3	20	3	1	2	19	0	22.03333333333333	0.3333333333333333	0.05	0.08695652173913043	0.09077155824508322
SAMP-BAL	train_nested_oof	expanded	45.0	0.5	85	1	1	1	0	1	1	0	7.383333333333334	0.0	0.0	0.0	0.13544018058690743
SAMP-BAL	train_nested_oof	expanded	45.0	0.5	87	3	1	12	1	11	0	0	20.333333333333336	0.08333333333333333	1.0	0.15384615384615385	0.540983606557377
SAMP-BAL	train_nested_oof	expanded	45.0	0.5	91	2	0	7	0	7	0	0	16.46666666666667	0.0		0.0	0.42510121457489874
SAMP-BAL	train_nested_oof	expanded	45.0	0.5	92	2	20	9	4	5	16	0	16.325000000000003	0.4444444444444444	0.2	0.27586206896551724	0.3062787136294027
SAMP-BAL	train_nested_oof	expanded	45.0	0.5	93	2	3	10	0	10	3	0	17.008333333333333	0.0	0.0	0.0	0.5879470847623715
SAMP-BAL	train_nested_oof	expanded	45.0	0.5	94	1	3	3	1	2	2	0	6.891666666666667	0.3333333333333333	0.3333333333333333	0.3333333333333333	0.29020556227327693
SAMP-BAL	train_nested_oof	expanded	45.0	0.5	95	1	0	0	0	0	0	0	7.025				0.0
SAMP-BAL	train_nested_oof	expanded	45.0	0.5	96	3	14	5	0	5	14	0	22.8	0.0	0.0	0.0	0.21929824561403508
SAMP-BAL	train_nested_oof	expanded	45.0	0.5	98	3	8	0	0	0	8	0	20.616666666666667		0.0	0.0	0.0
SAMP-BAL	train_nested_oof	expanded	45.0	0.5	99	3	7	8	2	6	5	0	21.2	0.25	0.2857142857142857	0.26666666666666666	0.2830188679245283
SAMP-BAL	train_nested_oof	expanded	45.0	0.5	100	1	1	4	0	4	1	0	7.383333333333334	0.0	0.0	0.0	0.5417607223476297
SAMP-BAL	train_nested_oof	expanded	45.0	0.5	101	1	0	0	0	0	0	0	7.241666666666666				0.0
SAMP-BAL	train_nested_oof	expanded	45.0	0.5	104	1	3	2	0	2	3	0	8.008333333333333	0.0	0.0	0.0	0.24973985431841833
SAMP-BAL	train_nested_oof	expanded	45.0	0.5	108	1	1	5	0	5	1	0	6.716666666666667	0.0	0.0	0.0	0.7444168734491315
SAMP-BAL	train_nested_oof	primary	15.0	0.5	1	1	4	10	3	6	1	1	8.25	0.3333333333333333	0.75	0.46153846153846156	0.7272727272727273
SAMP-BAL	train_nested_oof	primary	15.0	0.5	6	1	0	2	0	2	0	0	3.35	0.0		0.0	0.5970149253731343
SAMP-BAL	train_nested_oof	primary	15.0	0.5	8	1	0	7	0	6	0	1	8.083333333333334	0.0		0.0	0.7422680412371133
SAMP-BAL	train_nested_oof	primary	15.0	0.5	9	1	3	7	2	5	1	0	8.725	0.2857142857142857	0.6666666666666666	0.4	0.5730659025787966
SAMP-BAL	train_nested_oof	primary	15.0	0.5	10	1	3	3	2	1	1	0	8.991666666666667	0.6666666666666666	0.6666666666666666	0.6666666666666666	0.11121408711770157
SAMP-BAL	train_nested_oof	primary	15.0	0.5	11	1	6	6	1	4	5	1	8.408333333333333	0.2	0.16666666666666666	0.18181818181818182	0.4757185332011893
SAMP-BAL	train_nested_oof	primary	15.0	0.5	13	1	2	3	0	3	2	0	8.675	0.0	0.0	0.0	0.34582132564841495
SAMP-BAL	train_nested_oof	primary	15.0	0.5	14	1	1	1	0	1	1	0	8.558333333333334	0.0	0.0	0.0	0.11684518013631938
SAMP-BAL	train_nested_oof	primary	15.0	0.5	16	1	2	4	1	3	1	0	7.716666666666667	0.25	0.5	0.3333333333333333	0.38876889848812096
SAMP-BAL	train_nested_oof	primary	15.0	0.5	19	1	3	8	1	7	2	0	7.875	0.125	0.3333333333333333	0.18181818181818182	0.8888888888888888
SAMP-BAL	train_nested_oof	primary	15.0	0.5	20	1	1	3	0	3	1	0	7.1	0.0	0.0	0.0	0.4225352112676057
SAMP-BAL	train_nested_oof	primary	15.0	0.5	21	1	0	20	0	17	0	3	9.175	0.0		0.0	1.8528610354223432
SAMP-BAL	train_nested_oof	primary	15.0	0.5	24	1	1	4	0	4	1	0	6.716666666666667	0.0	0.0	0.0	0.5955334987593052
SAMP-BAL	train_nested_oof	primary	15.0	0.5	29	1	2	3	1	2	1	0	7.458333333333333	0.3333333333333333	0.5	0.4	0.2681564245810056
SAMP-BAL	train_nested_oof	primary	15.0	0.5	31	1	3	1	1	0	2	0	7.633333333333334	1.0	0.3333333333333333	0.5	0.0
SAMP-BAL	train_nested_oof	primary	15.0	0.5	32	1	5	2	1	0	4	1	7.641666666666667	1.0	0.2	0.3333333333333333	0.0
SAMP-BAL	train_nested_oof	primary	15.0	0.5	33	1	2	4	1	3	1	0	7.041666666666667	0.25	0.5	0.3333333333333333	0.42603550295857984
SAMP-BAL	train_nested_oof	primary	15.0	0.5	34	1	0	2	0	1	0	1	8.3	0.0		0.0	0.12048192771084336
SAMP-BAL	train_nested_oof	primary	15.0	0.5	35	1	2	1	0	1	2	0	7.225	0.0	0.0	0.0	0.1384083044982699
SAMP-BAL	train_nested_oof	primary	15.0	0.5	36	1	3	3	0	3	3	0	9.225	0.0	0.0	0.0	0.3252032520325203
SAMP-BAL	train_nested_oof	primary	15.0	0.5	38	1	1	0	0	0	1	0	6.858333333333333		0.0	0.0	0.0
SAMP-BAL	train_nested_oof	primary	15.0	0.5	39	1	2	2	0	2	2	0	8.016666666666667	0.0	0.0	0.0	0.24948024948024947
SAMP-BAL	train_nested_oof	primary	15.0	0.5	42	1	0	8	0	8	0	0	8.925	0.0		0.0	0.8963585434173669
SAMP-BAL	train_nested_oof	primary	15.0	0.5	43	1	2	3	1	2	1	0	7.275	0.3333333333333333	0.5	0.4	0.274914089347079
SAMP-BAL	train_nested_oof	primary	15.0	0.5	45	1	0	0	0	0	0	0	6.775				0.0
SAMP-BAL	train_nested_oof	primary	15.0	0.5	46	1	5	8	2	5	3	1	7.483333333333333	0.2857142857142857	0.4	0.3333333333333333	0.6681514476614699
SAMP-BAL	train_nested_oof	primary	15.0	0.5	50	1	1	1	0	1	1	0	7.375	0.0	0.0	0.0	0.13559322033898305
SAMP-BAL	train_nested_oof	primary	15.0	0.5	51	1	1	3	0	3	1	0	8.416666666666666	0.0	0.0	0.0	0.3564356435643565
SAMP-BAL	train_nested_oof	primary	15.0	0.5	53	1	0	0	0	0	0	0	7.808333333333334				0.0
SAMP-BAL	train_nested_oof	primary	15.0	0.5	54	1	1	6	0	5	1	1	7.916666666666667	0.0	0.0	0.0	0.631578947368421
SAMP-BAL	train_nested_oof	primary	15.0	0.5	58	1	5	0	0	0	5	0	8.45		0.0	0.0	0.0
SAMP-BAL	train_nested_oof	primary	15.0	0.5	59	1	3	6	1	5	2	0	8.175	0.16666666666666666	0.3333333333333333	0.2222222222222222	0.6116207951070336
SAMP-BAL	train_nested_oof	primary	15.0	0.5	60	1	3	0	0	0	3	0	7.258333333333334		0.0	0.0	0.0
SAMP-BAL	train_nested_oof	primary	15.0	0.5	61	1	0	8	0	7	0	1	8.316666666666666	0.0		0.0	0.841683366733467
SAMP-BAL	train_nested_oof	primary	15.0	0.5	62	1	4	1	0	1	4	0	8.133333333333333	0.0	0.0	0.0	0.12295081967213116
SAMP-BAL	train_nested_oof	primary	15.0	0.5	63	1	4	23	1	22	3	0	8.033333333333333	0.043478260869565216	0.25	0.07407407407407407	2.7385892116182573
SAMP-BAL	train_nested_oof	primary	15.0	0.5	65	1	7	13	3	10	4	0	7.45	0.23076923076923078	0.42857142857142855	0.3	1.342281879194631
SAMP-BAL	train_nested_oof	primary	15.0	0.5	66	1	0	2	0	2	0	0	8.708333333333334	0.0		0.0	0.2296650717703349
SAMP-BAL	train_nested_oof	primary	15.0	0.5	67	1	4	7	3	3	1	1	8.241666666666667	0.5	0.75	0.6	0.36400404448938317
SAMP-BAL	train_nested_oof	primary	15.0	0.5	68	1	5	1	0	1	5	0	7.733333333333333	0.0	0.0	0.0	0.12931034482758622
SAMP-BAL	train_nested_oof	primary	15.0	0.5	71	1	0	0	0	0	0	0	7.091666666666667				0.0
SAMP-BAL	train_nested_oof	primary	15.0	0.5	72	1	1	0	0	0	1	0	6.933333333333334		0.0	0.0	0.0
SAMP-BAL	train_nested_oof	primary	15.0	0.5	75	1	1	4	0	4	1	0	7.875	0.0	0.0	0.0	0.5079365079365079
SAMP-BAL	train_nested_oof	primary	15.0	0.5	76	1	1	2	1	1	0	0	8.058333333333334	0.5	1.0	0.6666666666666666	0.12409513960703206
SAMP-BAL	train_nested_oof	primary	15.0	0.5	78	2	7	3	2	1	5	0	16.241666666666667	0.6666666666666666	0.2857142857142857	0.4	0.06157003591585428
SAMP-BAL	train_nested_oof	primary	15.0	0.5	79	2	4	31	3	25	1	3	16.35	0.10714285714285714	0.75	0.1875	1.5290519877675839
SAMP-BAL	train_nested_oof	primary	15.0	0.5	80	2	2	2	0	2	2	0	15.274999999999999	0.0	0.0	0.0	0.1309328968903437
SAMP-BAL	train_nested_oof	primary	15.0	0.5	81	2	1	32	1	30	0	1	14.666666666666668	0.03225806451612903	1.0	0.0625	2.0454545454545454
SAMP-BAL	train_nested_oof	primary	15.0	0.5	82	2	4	2	0	2	4	0	16.066666666666666	0.0	0.0	0.0	0.12448132780082988
SAMP-BAL	train_nested_oof	primary	15.0	0.5	84	3	20	3	1	2	19	0	22.03333333333333	0.3333333333333333	0.05	0.08695652173913043	0.09077155824508322
SAMP-BAL	train_nested_oof	primary	15.0	0.5	85	1	0	1	0	1	0	0	7.383333333333334	0.0		0.0	0.13544018058690743
SAMP-BAL	train_nested_oof	primary	15.0	0.5	87	3	0	12	0	12	0	0	20.333333333333336	0.0		0.0	0.5901639344262294
SAMP-BAL	train_nested_oof	primary	15.0	0.5	91	2	0	7	0	7	0	0	16.46666666666667	0.0		0.0	0.42510121457489874
SAMP-BAL	train_nested_oof	primary	15.0	0.5	92	2	19	9	3	6	16	0	16.325000000000003	0.3333333333333333	0.15789473684210525	0.21428571428571427	0.36753445635528326
SAMP-BAL	train_nested_oof	primary	15.0	0.5	93	2	0	10	0	10	0	0	17.008333333333333	0.0		0.0	0.5879470847623715
SAMP-BAL	train_nested_oof	primary	15.0	0.5	94	1	2	3	1	2	1	0	6.891666666666667	0.3333333333333333	0.5	0.4	0.29020556227327693
SAMP-BAL	train_nested_oof	primary	15.0	0.5	95	1	0	0	0	0	0	0	7.025				0.0
SAMP-BAL	train_nested_oof	primary	15.0	0.5	96	3	10	5	0	5	10	0	22.8	0.0	0.0	0.0	0.21929824561403508
SAMP-BAL	train_nested_oof	primary	15.0	0.5	98	3	6	0	0	0	6	0	20.616666666666667		0.0	0.0	0.0
SAMP-BAL	train_nested_oof	primary	15.0	0.5	99	3	7	8	1	7	6	0	21.2	0.125	0.14285714285714285	0.13333333333333333	0.33018867924528306
SAMP-BAL	train_nested_oof	primary	15.0	0.5	100	1	0	4	0	4	0	0	7.383333333333334	0.0		0.0	0.5417607223476297
SAMP-BAL	train_nested_oof	primary	15.0	0.5	101	1	0	0	0	0	0	0	7.241666666666666				0.0
SAMP-BAL	train_nested_oof	primary	15.0	0.5	104	1	3	2	0	2	3	0	8.008333333333333	0.0	0.0	0.0	0.24973985431841833
SAMP-BAL	train_nested_oof	primary	15.0	0.5	108	1	1	5	0	5	1	0	6.716666666666667	0.0	0.0	0.0	0.7444168734491315
SAMP-BAL	train_nested_oof	primary	45.0	0.5	1	1	4	10	3	6	1	1	8.25	0.3333333333333333	0.75	0.46153846153846156	0.7272727272727273
SAMP-BAL	train_nested_oof	primary	45.0	0.5	6	1	0	2	0	2	0	0	3.35	0.0		0.0	0.5970149253731343
SAMP-BAL	train_nested_oof	primary	45.0	0.5	8	1	0	7	0	6	0	1	8.083333333333334	0.0		0.0	0.7422680412371133
SAMP-BAL	train_nested_oof	primary	45.0	0.5	9	1	3	7	2	5	1	0	8.725	0.2857142857142857	0.6666666666666666	0.4	0.5730659025787966
SAMP-BAL	train_nested_oof	primary	45.0	0.5	10	1	3	3	2	1	1	0	8.991666666666667	0.6666666666666666	0.6666666666666666	0.6666666666666666	0.11121408711770157
SAMP-BAL	train_nested_oof	primary	45.0	0.5	11	1	6	6	1	4	5	1	8.408333333333333	0.2	0.16666666666666666	0.18181818181818182	0.4757185332011893
SAMP-BAL	train_nested_oof	primary	45.0	0.5	13	1	2	3	0	3	2	0	8.675	0.0	0.0	0.0	0.34582132564841495
SAMP-BAL	train_nested_oof	primary	45.0	0.5	14	1	1	1	0	1	1	0	8.558333333333334	0.0	0.0	0.0	0.11684518013631938
SAMP-BAL	train_nested_oof	primary	45.0	0.5	16	1	2	4	1	3	1	0	7.716666666666667	0.25	0.5	0.3333333333333333	0.38876889848812096
SAMP-BAL	train_nested_oof	primary	45.0	0.5	19	1	3	8	2	6	1	0	7.875	0.25	0.6666666666666666	0.36363636363636365	0.7619047619047619
SAMP-BAL	train_nested_oof	primary	45.0	0.5	20	1	1	3	0	3	1	0	7.1	0.0	0.0	0.0	0.4225352112676057
SAMP-BAL	train_nested_oof	primary	45.0	0.5	21	1	0	20	0	17	0	3	9.175	0.0		0.0	1.8528610354223432
SAMP-BAL	train_nested_oof	primary	45.0	0.5	24	1	1	4	0	4	1	0	6.716666666666667	0.0	0.0	0.0	0.5955334987593052
SAMP-BAL	train_nested_oof	primary	45.0	0.5	29	1	2	3	1	2	1	0	7.458333333333333	0.3333333333333333	0.5	0.4	0.2681564245810056
SAMP-BAL	train_nested_oof	primary	45.0	0.5	31	1	3	1	1	0	2	0	7.633333333333334	1.0	0.3333333333333333	0.5	0.0
SAMP-BAL	train_nested_oof	primary	45.0	0.5	32	1	5	2	1	0	4	1	7.641666666666667	1.0	0.2	0.3333333333333333	0.0
SAMP-BAL	train_nested_oof	primary	45.0	0.5	33	1	2	4	1	3	1	0	7.041666666666667	0.25	0.5	0.3333333333333333	0.42603550295857984
SAMP-BAL	train_nested_oof	primary	45.0	0.5	34	1	0	2	0	1	0	1	8.3	0.0		0.0	0.12048192771084336
SAMP-BAL	train_nested_oof	primary	45.0	0.5	35	1	2	1	0	1	2	0	7.225	0.0	0.0	0.0	0.1384083044982699
SAMP-BAL	train_nested_oof	primary	45.0	0.5	36	1	3	3	0	3	3	0	9.225	0.0	0.0	0.0	0.3252032520325203
SAMP-BAL	train_nested_oof	primary	45.0	0.5	38	1	1	0	0	0	1	0	6.858333333333333		0.0	0.0	0.0
SAMP-BAL	train_nested_oof	primary	45.0	0.5	39	1	2	2	0	2	2	0	8.016666666666667	0.0	0.0	0.0	0.24948024948024947
SAMP-BAL	train_nested_oof	primary	45.0	0.5	42	1	0	8	0	7	0	1	8.925	0.0		0.0	0.7843137254901961
SAMP-BAL	train_nested_oof	primary	45.0	0.5	43	1	2	3	1	2	1	0	7.275	0.3333333333333333	0.5	0.4	0.274914089347079
SAMP-BAL	train_nested_oof	primary	45.0	0.5	45	1	0	0	0	0	0	0	6.775				0.0
SAMP-BAL	train_nested_oof	primary	45.0	0.5	46	1	5	8	2	5	3	1	7.483333333333333	0.2857142857142857	0.4	0.3333333333333333	0.6681514476614699
SAMP-BAL	train_nested_oof	primary	45.0	0.5	50	1	1	1	0	1	1	0	7.375	0.0	0.0	0.0	0.13559322033898305
SAMP-BAL	train_nested_oof	primary	45.0	0.5	51	1	1	3	0	3	1	0	8.416666666666666	0.0	0.0	0.0	0.3564356435643565
SAMP-BAL	train_nested_oof	primary	45.0	0.5	53	1	0	0	0	0	0	0	7.808333333333334				0.0
SAMP-BAL	train_nested_oof	primary	45.0	0.5	54	1	1	6	0	5	1	1	7.916666666666667	0.0	0.0	0.0	0.631578947368421
SAMP-BAL	train_nested_oof	primary	45.0	0.5	58	1	5	0	0	0	5	0	8.45		0.0	0.0	0.0
SAMP-BAL	train_nested_oof	primary	45.0	0.5	59	1	3	6	1	5	2	0	8.175	0.16666666666666666	0.3333333333333333	0.2222222222222222	0.6116207951070336
SAMP-BAL	train_nested_oof	primary	45.0	0.5	60	1	3	0	0	0	3	0	7.258333333333334		0.0	0.0	0.0
SAMP-BAL	train_nested_oof	primary	45.0	0.5	61	1	0	8	0	6	0	2	8.316666666666666	0.0		0.0	0.7214428857715431
SAMP-BAL	train_nested_oof	primary	45.0	0.5	62	1	4	1	0	1	4	0	8.133333333333333	0.0	0.0	0.0	0.12295081967213116
SAMP-BAL	train_nested_oof	primary	45.0	0.5	63	1	4	23	1	22	3	0	8.033333333333333	0.043478260869565216	0.25	0.07407407407407407	2.7385892116182573
SAMP-BAL	train_nested_oof	primary	45.0	0.5	65	1	7	13	3	10	4	0	7.45	0.23076923076923078	0.42857142857142855	0.3	1.342281879194631
SAMP-BAL	train_nested_oof	primary	45.0	0.5	66	1	0	2	0	2	0	0	8.708333333333334	0.0		0.0	0.2296650717703349
SAMP-BAL	train_nested_oof	primary	45.0	0.5	67	1	4	7	3	3	1	1	8.241666666666667	0.5	0.75	0.6	0.36400404448938317
SAMP-BAL	train_nested_oof	primary	45.0	0.5	68	1	5	1	0	1	5	0	7.733333333333333	0.0	0.0	0.0	0.12931034482758622
SAMP-BAL	train_nested_oof	primary	45.0	0.5	71	1	0	0	0	0	0	0	7.091666666666667				0.0
SAMP-BAL	train_nested_oof	primary	45.0	0.5	72	1	1	0	0	0	1	0	6.933333333333334		0.0	0.0	0.0
SAMP-BAL	train_nested_oof	primary	45.0	0.5	75	1	1	4	1	3	0	0	7.875	0.25	1.0	0.4	0.38095238095238093
SAMP-BAL	train_nested_oof	primary	45.0	0.5	76	1	1	2	1	1	0	0	8.058333333333334	0.5	1.0	0.6666666666666666	0.12409513960703206
SAMP-BAL	train_nested_oof	primary	45.0	0.5	78	2	7	3	2	1	5	0	16.241666666666667	0.6666666666666666	0.2857142857142857	0.4	0.06157003591585428
SAMP-BAL	train_nested_oof	primary	45.0	0.5	79	2	4	31	3	25	1	3	16.35	0.10714285714285714	0.75	0.1875	1.5290519877675839
SAMP-BAL	train_nested_oof	primary	45.0	0.5	80	2	2	2	0	2	2	0	15.274999999999999	0.0	0.0	0.0	0.1309328968903437
SAMP-BAL	train_nested_oof	primary	45.0	0.5	81	2	1	32	1	30	0	1	14.666666666666668	0.03225806451612903	1.0	0.0625	2.0454545454545454
SAMP-BAL	train_nested_oof	primary	45.0	0.5	82	2	4	2	0	2	4	0	16.066666666666666	0.0	0.0	0.0	0.12448132780082988
SAMP-BAL	train_nested_oof	primary	45.0	0.5	84	3	20	3	1	2	19	0	22.03333333333333	0.3333333333333333	0.05	0.08695652173913043	0.09077155824508322
SAMP-BAL	train_nested_oof	primary	45.0	0.5	85	1	0	1	0	1	0	0	7.383333333333334	0.0		0.0	0.13544018058690743
SAMP-BAL	train_nested_oof	primary	45.0	0.5	87	3	0	12	0	11	0	1	20.333333333333336	0.0		0.0	0.540983606557377
SAMP-BAL	train_nested_oof	primary	45.0	0.5	91	2	0	7	0	7	0	0	16.46666666666667	0.0		0.0	0.42510121457489874
SAMP-BAL	train_nested_oof	primary	45.0	0.5	92	2	19	9	4	5	15	0	16.325000000000003	0.4444444444444444	0.21052631578947367	0.2857142857142857	0.3062787136294027
SAMP-BAL	train_nested_oof	primary	45.0	0.5	93	2	0	10	0	10	0	0	17.008333333333333	0.0		0.0	0.5879470847623715
SAMP-BAL	train_nested_oof	primary	45.0	0.5	94	1	2	3	1	2	1	0	6.891666666666667	0.3333333333333333	0.5	0.4	0.29020556227327693
SAMP-BAL	train_nested_oof	primary	45.0	0.5	95	1	0	0	0	0	0	0	7.025				0.0
SAMP-BAL	train_nested_oof	primary	45.0	0.5	96	3	10	5	0	5	10	0	22.8	0.0	0.0	0.0	0.21929824561403508
SAMP-BAL	train_nested_oof	primary	45.0	0.5	98	3	6	0	0	0	6	0	20.616666666666667		0.0	0.0	0.0
SAMP-BAL	train_nested_oof	primary	45.0	0.5	99	3	7	8	2	6	5	0	21.2	0.25	0.2857142857142857	0.26666666666666666	0.2830188679245283
SAMP-BAL	train_nested_oof	primary	45.0	0.5	100	1	0	4	0	4	0	0	7.383333333333334	0.0		0.0	0.5417607223476297
SAMP-BAL	train_nested_oof	primary	45.0	0.5	101	1	0	0	0	0	0	0	7.241666666666666				0.0
SAMP-BAL	train_nested_oof	primary	45.0	0.5	104	1	3	2	0	2	3	0	8.008333333333333	0.0	0.0	0.0	0.24973985431841833
SAMP-BAL	train_nested_oof	primary	45.0	0.5	108	1	1	5	0	5	1	0	6.716666666666667	0.0	0.0	0.0	0.7444168734491315
RISK-BAL	train_nested_oof	expanded	15.0	1.0	1	1	5	17	5	12	0	0	8.25	0.29411764705882354	1.0	0.45454545454545453	1.4545454545454546
RISK-BAL	train_nested_oof	expanded	15.0	1.0	6	1	0	2	0	2	0	0	3.35	0.0		0.0	0.5970149253731343
RISK-BAL	train_nested_oof	expanded	15.0	1.0	8	1	2	0	0	0	2	0	8.083333333333334		0.0	0.0	0.0
RISK-BAL	train_nested_oof	expanded	15.0	1.0	9	1	3	19	1	18	2	0	8.725	0.05263157894736842	0.3333333333333333	0.09090909090909091	2.0630372492836675
RISK-BAL	train_nested_oof	expanded	15.0	1.0	10	1	3	8	1	7	2	0	8.991666666666667	0.125	0.3333333333333333	0.18181818181818182	0.778498609823911
RISK-BAL	train_nested_oof	expanded	15.0	1.0	11	1	7	0	0	0	7	0	8.408333333333333		0.0	0.0	0.0
RISK-BAL	train_nested_oof	expanded	15.0	1.0	13	1	2	9	0	9	2	0	8.675	0.0	0.0	0.0	1.037463976945245
RISK-BAL	train_nested_oof	expanded	15.0	1.0	14	1	2	1	0	1	2	0	8.558333333333334	0.0	0.0	0.0	0.11684518013631938
RISK-BAL	train_nested_oof	expanded	15.0	1.0	16	1	2	22	1	21	1	0	7.716666666666667	0.045454545454545456	0.5	0.08333333333333333	2.7213822894168467
RISK-BAL	train_nested_oof	expanded	15.0	1.0	19	1	3	16	2	14	1	0	7.875	0.125	0.6666666666666666	0.21052631578947367	1.7777777777777777
RISK-BAL	train_nested_oof	expanded	15.0	1.0	20	1	1	6	1	5	0	0	7.1	0.16666666666666666	1.0	0.2857142857142857	0.7042253521126761
RISK-BAL	train_nested_oof	expanded	15.0	1.0	21	1	3	8	0	8	3	0	9.175	0.0	0.0	0.0	0.871934604904632
RISK-BAL	train_nested_oof	expanded	15.0	1.0	24	1	1	0	0	0	1	0	6.716666666666667		0.0	0.0	0.0
RISK-BAL	train_nested_oof	expanded	15.0	1.0	29	1	2	7	1	6	1	0	7.458333333333333	0.14285714285714285	0.5	0.2222222222222222	0.8044692737430168
RISK-BAL	train_nested_oof	expanded	15.0	1.0	31	1	3	8	1	7	2	0	7.633333333333334	0.125	0.3333333333333333	0.18181818181818182	0.9170305676855894
RISK-BAL	train_nested_oof	expanded	15.0	1.0	32	1	6	0	0	0	6	0	7.641666666666667		0.0	0.0	0.0
RISK-BAL	train_nested_oof	expanded	15.0	1.0	33	1	2	17	1	16	1	0	7.041666666666667	0.058823529411764705	0.5	0.10526315789473684	2.272189349112426
RISK-BAL	train_nested_oof	expanded	15.0	1.0	34	1	1	11	1	10	0	0	8.3	0.09090909090909091	1.0	0.16666666666666666	1.2048192771084336
RISK-BAL	train_nested_oof	expanded	15.0	1.0	35	1	2	9	0	9	2	0	7.225	0.0	0.0	0.0	1.245674740484429
RISK-BAL	train_nested_oof	expanded	15.0	1.0	36	1	3	10	1	9	2	0	9.225	0.1	0.3333333333333333	0.15384615384615385	0.9756097560975611
RISK-BAL	train_nested_oof	expanded	15.0	1.0	38	1	1	10	1	9	0	0	6.858333333333333	0.1	1.0	0.18181818181818182	1.3122721749696233
RISK-BAL	train_nested_oof	expanded	15.0	1.0	39	1	2	0	0	0	2	0	8.016666666666667		0.0	0.0	0.0
RISK-BAL	train_nested_oof	expanded	15.0	1.0	42	1	2	12	1	11	1	0	8.925	0.08333333333333333	0.5	0.14285714285714285	1.2324929971988794
RISK-BAL	train_nested_oof	expanded	15.0	1.0	43	1	2	0	0	0	2	0	7.275		0.0	0.0	0.0
RISK-BAL	train_nested_oof	expanded	15.0	1.0	45	1	0	0	0	0	0	0	6.775				0.0
RISK-BAL	train_nested_oof	expanded	15.0	1.0	46	1	8	21	6	15	2	0	7.483333333333333	0.2857142857142857	0.75	0.41379310344827586	2.0044543429844097
RISK-BAL	train_nested_oof	expanded	15.0	1.0	50	1	1	0	0	0	1	0	7.375		0.0	0.0	0.0
RISK-BAL	train_nested_oof	expanded	15.0	1.0	51	1	1	8	0	8	1	0	8.416666666666666	0.0	0.0	0.0	0.9504950495049506
RISK-BAL	train_nested_oof	expanded	15.0	1.0	53	1	0	3	0	3	0	0	7.808333333333334	0.0		0.0	0.384204909284952
RISK-BAL	train_nested_oof	expanded	15.0	1.0	54	1	2	29	2	27	0	0	7.916666666666667	0.06896551724137931	1.0	0.12903225806451613	3.4105263157894736
RISK-BAL	train_nested_oof	expanded	15.0	1.0	58	1	5	1	1	0	4	0	8.45	1.0	0.2	0.3333333333333333	0.0
RISK-BAL	train_nested_oof	expanded	15.0	1.0	59	1	3	2	0	2	3	0	8.175	0.0	0.0	0.0	0.24464831804281342
RISK-BAL	train_nested_oof	expanded	15.0	1.0	60	1	3	1	0	1	3	0	7.258333333333334	0.0	0.0	0.0	0.1377726750861079
RISK-BAL	train_nested_oof	expanded	15.0	1.0	61	1	2	8	1	7	1	0	8.316666666666666	0.125	0.5	0.2	0.841683366733467
RISK-BAL	train_nested_oof	expanded	15.0	1.0	62	1	6	1	0	1	6	0	8.133333333333333	0.0	0.0	0.0	0.12295081967213116
RISK-BAL	train_nested_oof	expanded	15.0	1.0	63	1	4	19	2	17	2	0	8.033333333333333	0.10526315789473684	0.5	0.17391304347826086	2.116182572614108
RISK-BAL	train_nested_oof	expanded	15.0	1.0	65	1	7	32	6	26	1	0	7.45	0.1875	0.8571428571428571	0.3076923076923077	3.48993288590604
RISK-BAL	train_nested_oof	expanded	15.0	1.0	66	1	0	2	0	2	0	0	8.708333333333334	0.0		0.0	0.2296650717703349
RISK-BAL	train_nested_oof	expanded	15.0	1.0	67	1	5	0	0	0	5	0	8.241666666666667		0.0	0.0	0.0
RISK-BAL	train_nested_oof	expanded	15.0	1.0	68	1	5	9	3	6	2	0	7.733333333333333	0.3333333333333333	0.6	0.42857142857142855	0.7758620689655172
RISK-BAL	train_nested_oof	expanded	15.0	1.0	71	1	0	4	0	4	0	0	7.091666666666667	0.0		0.0	0.564042303172738
RISK-BAL	train_nested_oof	expanded	15.0	1.0	72	1	2	3	0	3	2	0	6.933333333333334	0.0	0.0	0.0	0.43269230769230765
RISK-BAL	train_nested_oof	expanded	15.0	1.0	75	1	1	12	1	11	0	0	7.875	0.08333333333333333	1.0	0.15384615384615385	1.3968253968253967
RISK-BAL	train_nested_oof	expanded	15.0	1.0	76	1	2	10	1	9	1	0	8.058333333333334	0.1	0.5	0.16666666666666666	1.1168562564632885
RISK-BAL	train_nested_oof	expanded	15.0	1.0	78	2	10	29	3	26	7	0	16.241666666666667	0.10344827586206896	0.3	0.15384615384615385	1.6008209338122112
RISK-BAL	train_nested_oof	expanded	15.0	1.0	79	2	10	0	0	0	10	0	16.35		0.0	0.0	0.0
RISK-BAL	train_nested_oof	expanded	15.0	1.0	80	2	2	12	2	10	0	0	15.274999999999999	0.16666666666666666	1.0	0.2857142857142857	0.6546644844517185
RISK-BAL	train_nested_oof	expanded	15.0	1.0	81	2	2	0	0	0	2	0	14.666666666666668		0.0	0.0	0.0
RISK-BAL	train_nested_oof	expanded	15.0	1.0	82	2	4	0	0	0	4	0	16.066666666666666		0.0	0.0	0.0
RISK-BAL	train_nested_oof	expanded	15.0	1.0	84	3	20	9	4	5	16	0	22.03333333333333	0.4444444444444444	0.2	0.27586206896551724	0.22692889561270804
RISK-BAL	train_nested_oof	expanded	15.0	1.0	85	1	1	5	0	5	1	0	7.383333333333334	0.0	0.0	0.0	0.6772009029345372
RISK-BAL	train_nested_oof	expanded	15.0	1.0	87	3	1	17	0	17	1	0	20.333333333333336	0.0	0.0	0.0	0.8360655737704917
RISK-BAL	train_nested_oof	expanded	15.0	1.0	91	2	0	8	0	8	0	0	16.46666666666667	0.0		0.0	0.48582995951416996
RISK-BAL	train_nested_oof	expanded	15.0	1.0	92	2	20	0	0	0	20	0	16.325000000000003		0.0	0.0	0.0
RISK-BAL	train_nested_oof	expanded	15.0	1.0	93	2	3	38	0	38	3	0	17.008333333333333	0.0	0.0	0.0	2.2341989220970113
RISK-BAL	train_nested_oof	expanded	15.0	1.0	94	1	3	2	1	1	2	0	6.891666666666667	0.5	0.3333333333333333	0.4	0.14510278113663846
RISK-BAL	train_nested_oof	expanded	15.0	1.0	95	1	0	5	0	5	0	0	7.025	0.0		0.0	0.7117437722419928
RISK-BAL	train_nested_oof	expanded	15.0	1.0	96	3	14	14	2	12	12	0	22.8	0.14285714285714285	0.14285714285714285	0.14285714285714285	0.5263157894736842
RISK-BAL	train_nested_oof	expanded	15.0	1.0	98	3	8	6	1	5	7	0	20.616666666666667	0.16666666666666666	0.125	0.14285714285714285	0.24252223120452707
RISK-BAL	train_nested_oof	expanded	15.0	1.0	99	3	7	12	1	11	6	0	21.2	0.08333333333333333	0.14285714285714285	0.10526315789473684	0.5188679245283019
RISK-BAL	train_nested_oof	expanded	15.0	1.0	100	1	1	0	0	0	1	0	7.383333333333334		0.0	0.0	0.0
RISK-BAL	train_nested_oof	expanded	15.0	1.0	101	1	0	1	0	1	0	0	7.241666666666666	0.0		0.0	0.13808975834292292
RISK-BAL	train_nested_oof	expanded	15.0	1.0	104	1	3	4	1	3	2	0	8.008333333333333	0.25	0.3333333333333333	0.2857142857142857	0.37460978147762747
RISK-BAL	train_nested_oof	expanded	15.0	1.0	108	1	1	4	0	4	1	0	6.716666666666667	0.0	0.0	0.0	0.5955334987593052
RISK-BAL	train_nested_oof	expanded	45.0	1.0	1	1	5	17	5	12	0	0	8.25	0.29411764705882354	1.0	0.45454545454545453	1.4545454545454546
RISK-BAL	train_nested_oof	expanded	45.0	1.0	6	1	0	2	0	2	0	0	3.35	0.0		0.0	0.5970149253731343
RISK-BAL	train_nested_oof	expanded	45.0	1.0	8	1	2	0	0	0	2	0	8.083333333333334		0.0	0.0	0.0
RISK-BAL	train_nested_oof	expanded	45.0	1.0	9	1	3	19	2	17	1	0	8.725	0.10526315789473684	0.6666666666666666	0.18181818181818182	1.9484240687679084
RISK-BAL	train_nested_oof	expanded	45.0	1.0	10	1	3	8	2	6	1	0	8.991666666666667	0.25	0.6666666666666666	0.36363636363636365	0.6672845227062094
RISK-BAL	train_nested_oof	expanded	45.0	1.0	11	1	7	0	0	0	7	0	8.408333333333333		0.0	0.0	0.0
RISK-BAL	train_nested_oof	expanded	45.0	1.0	13	1	2	9	0	9	2	0	8.675	0.0	0.0	0.0	1.037463976945245
RISK-BAL	train_nested_oof	expanded	45.0	1.0	14	1	2	1	0	1	2	0	8.558333333333334	0.0	0.0	0.0	0.11684518013631938
RISK-BAL	train_nested_oof	expanded	45.0	1.0	16	1	2	22	2	20	0	0	7.716666666666667	0.09090909090909091	1.0	0.16666666666666666	2.591792656587473
RISK-BAL	train_nested_oof	expanded	45.0	1.0	19	1	3	16	3	13	0	0	7.875	0.1875	1.0	0.3157894736842105	1.6507936507936507
RISK-BAL	train_nested_oof	expanded	45.0	1.0	20	1	1	6	1	5	0	0	7.1	0.16666666666666666	1.0	0.2857142857142857	0.7042253521126761
RISK-BAL	train_nested_oof	expanded	45.0	1.0	21	1	3	8	0	8	3	0	9.175	0.0	0.0	0.0	0.871934604904632
RISK-BAL	train_nested_oof	expanded	45.0	1.0	24	1	1	0	0	0	1	0	6.716666666666667		0.0	0.0	0.0
RISK-BAL	train_nested_oof	expanded	45.0	1.0	29	1	2	7	1	6	1	0	7.458333333333333	0.14285714285714285	0.5	0.2222222222222222	0.8044692737430168
RISK-BAL	train_nested_oof	expanded	45.0	1.0	31	1	3	8	1	7	2	0	7.633333333333334	0.125	0.3333333333333333	0.18181818181818182	0.9170305676855894
RISK-BAL	train_nested_oof	expanded	45.0	1.0	32	1	6	0	0	0	6	0	7.641666666666667		0.0	0.0	0.0
RISK-BAL	train_nested_oof	expanded	45.0	1.0	33	1	2	17	1	16	1	0	7.041666666666667	0.058823529411764705	0.5	0.10526315789473684	2.272189349112426
RISK-BAL	train_nested_oof	expanded	45.0	1.0	34	1	1	11	1	10	0	0	8.3	0.09090909090909091	1.0	0.16666666666666666	1.2048192771084336
RISK-BAL	train_nested_oof	expanded	45.0	1.0	35	1	2	9	0	9	2	0	7.225	0.0	0.0	0.0	1.245674740484429
RISK-BAL	train_nested_oof	expanded	45.0	1.0	36	1	3	10	1	9	2	0	9.225	0.1	0.3333333333333333	0.15384615384615385	0.9756097560975611
RISK-BAL	train_nested_oof	expanded	45.0	1.0	38	1	1	10	1	9	0	0	6.858333333333333	0.1	1.0	0.18181818181818182	1.3122721749696233
RISK-BAL	train_nested_oof	expanded	45.0	1.0	39	1	2	0	0	0	2	0	8.016666666666667		0.0	0.0	0.0
RISK-BAL	train_nested_oof	expanded	45.0	1.0	42	1	2	12	2	10	0	0	8.925	0.16666666666666666	1.0	0.2857142857142857	1.1204481792717087
RISK-BAL	train_nested_oof	expanded	45.0	1.0	43	1	2	0	0	0	2	0	7.275		0.0	0.0	0.0
RISK-BAL	train_nested_oof	expanded	45.0	1.0	45	1	0	0	0	0	0	0	6.775				0.0
RISK-BAL	train_nested_oof	expanded	45.0	1.0	46	1	8	21	6	15	2	0	7.483333333333333	0.2857142857142857	0.75	0.41379310344827586	2.0044543429844097
RISK-BAL	train_nested_oof	expanded	45.0	1.0	50	1	1	0	0	0	1	0	7.375		0.0	0.0	0.0
RISK-BAL	train_nested_oof	expanded	45.0	1.0	51	1	1	8	0	8	1	0	8.416666666666666	0.0	0.0	0.0	0.9504950495049506
RISK-BAL	train_nested_oof	expanded	45.0	1.0	53	1	0	3	0	3	0	0	7.808333333333334	0.0		0.0	0.384204909284952
RISK-BAL	train_nested_oof	expanded	45.0	1.0	54	1	2	29	2	27	0	0	7.916666666666667	0.06896551724137931	1.0	0.12903225806451613	3.4105263157894736
RISK-BAL	train_nested_oof	expanded	45.0	1.0	58	1	5	1	1	0	4	0	8.45	1.0	0.2	0.3333333333333333	0.0
RISK-BAL	train_nested_oof	expanded	45.0	1.0	59	1	3	2	0	2	3	0	8.175	0.0	0.0	0.0	0.24464831804281342
RISK-BAL	train_nested_oof	expanded	45.0	1.0	60	1	3	1	0	1	3	0	7.258333333333334	0.0	0.0	0.0	0.1377726750861079
RISK-BAL	train_nested_oof	expanded	45.0	1.0	61	1	2	8	2	6	0	0	8.316666666666666	0.25	1.0	0.4	0.7214428857715431
RISK-BAL	train_nested_oof	expanded	45.0	1.0	62	1	6	1	1	0	5	0	8.133333333333333	1.0	0.16666666666666666	0.2857142857142857	0.0
RISK-BAL	train_nested_oof	expanded	45.0	1.0	63	1	4	19	2	17	2	0	8.033333333333333	0.10526315789473684	0.5	0.17391304347826086	2.116182572614108
RISK-BAL	train_nested_oof	expanded	45.0	1.0	65	1	7	32	6	26	1	0	7.45	0.1875	0.8571428571428571	0.3076923076923077	3.48993288590604
RISK-BAL	train_nested_oof	expanded	45.0	1.0	66	1	0	2	0	2	0	0	8.708333333333334	0.0		0.0	0.2296650717703349
RISK-BAL	train_nested_oof	expanded	45.0	1.0	67	1	5	0	0	0	5	0	8.241666666666667		0.0	0.0	0.0
RISK-BAL	train_nested_oof	expanded	45.0	1.0	68	1	5	9	3	6	2	0	7.733333333333333	0.3333333333333333	0.6	0.42857142857142855	0.7758620689655172
RISK-BAL	train_nested_oof	expanded	45.0	1.0	71	1	0	4	0	4	0	0	7.091666666666667	0.0		0.0	0.564042303172738
RISK-BAL	train_nested_oof	expanded	45.0	1.0	72	1	2	3	0	3	2	0	6.933333333333334	0.0	0.0	0.0	0.43269230769230765
RISK-BAL	train_nested_oof	expanded	45.0	1.0	75	1	1	12	1	11	0	0	7.875	0.08333333333333333	1.0	0.15384615384615385	1.3968253968253967
RISK-BAL	train_nested_oof	expanded	45.0	1.0	76	1	2	10	2	8	0	0	8.058333333333334	0.2	1.0	0.3333333333333333	0.9927611168562565
RISK-BAL	train_nested_oof	expanded	45.0	1.0	78	2	10	29	5	24	5	0	16.241666666666667	0.1724137931034483	0.5	0.2564102564102564	1.4776808619805029
RISK-BAL	train_nested_oof	expanded	45.0	1.0	79	2	10	0	0	0	10	0	16.35		0.0	0.0	0.0
RISK-BAL	train_nested_oof	expanded	45.0	1.0	80	2	2	12	2	10	0	0	15.274999999999999	0.16666666666666666	1.0	0.2857142857142857	0.6546644844517185
RISK-BAL	train_nested_oof	expanded	45.0	1.0	81	2	2	0	0	0	2	0	14.666666666666668		0.0	0.0	0.0
RISK-BAL	train_nested_oof	expanded	45.0	1.0	82	2	4	0	0	0	4	0	16.066666666666666		0.0	0.0	0.0
RISK-BAL	train_nested_oof	expanded	45.0	1.0	84	3	20	9	6	3	14	0	22.03333333333333	0.6666666666666666	0.3	0.41379310344827586	0.1361573373676248
RISK-BAL	train_nested_oof	expanded	45.0	1.0	85	1	1	5	0	5	1	0	7.383333333333334	0.0	0.0	0.0	0.6772009029345372
RISK-BAL	train_nested_oof	expanded	45.0	1.0	87	3	1	17	0	17	1	0	20.333333333333336	0.0	0.0	0.0	0.8360655737704917
RISK-BAL	train_nested_oof	expanded	45.0	1.0	91	2	0	8	0	8	0	0	16.46666666666667	0.0		0.0	0.48582995951416996
RISK-BAL	train_nested_oof	expanded	45.0	1.0	92	2	20	0	0	0	20	0	16.325000000000003		0.0	0.0	0.0
RISK-BAL	train_nested_oof	expanded	45.0	1.0	93	2	3	38	0	38	3	0	17.008333333333333	0.0	0.0	0.0	2.2341989220970113
RISK-BAL	train_nested_oof	expanded	45.0	1.0	94	1	3	2	1	1	2	0	6.891666666666667	0.5	0.3333333333333333	0.4	0.14510278113663846
RISK-BAL	train_nested_oof	expanded	45.0	1.0	95	1	0	5	0	5	0	0	7.025	0.0		0.0	0.7117437722419928
RISK-BAL	train_nested_oof	expanded	45.0	1.0	96	3	14	14	2	12	12	0	22.8	0.14285714285714285	0.14285714285714285	0.14285714285714285	0.5263157894736842
RISK-BAL	train_nested_oof	expanded	45.0	1.0	98	3	8	6	1	5	7	0	20.616666666666667	0.16666666666666666	0.125	0.14285714285714285	0.24252223120452707
RISK-BAL	train_nested_oof	expanded	45.0	1.0	99	3	7	12	2	10	5	0	21.2	0.16666666666666666	0.2857142857142857	0.21052631578947367	0.4716981132075472
RISK-BAL	train_nested_oof	expanded	45.0	1.0	100	1	1	0	0	0	1	0	7.383333333333334		0.0	0.0	0.0
RISK-BAL	train_nested_oof	expanded	45.0	1.0	101	1	0	1	0	1	0	0	7.241666666666666	0.0		0.0	0.13808975834292292
RISK-BAL	train_nested_oof	expanded	45.0	1.0	104	1	3	4	1	3	2	0	8.008333333333333	0.25	0.3333333333333333	0.2857142857142857	0.37460978147762747
RISK-BAL	train_nested_oof	expanded	45.0	1.0	108	1	1	4	0	4	1	0	6.716666666666667	0.0	0.0	0.0	0.5955334987593052
RISK-BAL	train_nested_oof	primary	15.0	1.0	1	1	4	17	4	12	0	1	8.25	0.25	1.0	0.4	1.4545454545454546
RISK-BAL	train_nested_oof	primary	15.0	1.0	6	1	0	2	0	2	0	0	3.35	0.0		0.0	0.5970149253731343
RISK-BAL	train_nested_oof	primary	15.0	1.0	8	1	0	0	0	0	0	0	8.083333333333334				0.0
RISK-BAL	train_nested_oof	primary	15.0	1.0	9	1	3	19	1	18	2	0	8.725	0.05263157894736842	0.3333333333333333	0.09090909090909091	2.0630372492836675
RISK-BAL	train_nested_oof	primary	15.0	1.0	10	1	3	8	1	7	2	0	8.991666666666667	0.125	0.3333333333333333	0.18181818181818182	0.778498609823911
RISK-BAL	train_nested_oof	primary	15.0	1.0	11	1	6	0	0	0	6	0	8.408333333333333		0.0	0.0	0.0
RISK-BAL	train_nested_oof	primary	15.0	1.0	13	1	2	9	0	9	2	0	8.675	0.0	0.0	0.0	1.037463976945245
RISK-BAL	train_nested_oof	primary	15.0	1.0	14	1	1	1	0	1	1	0	8.558333333333334	0.0	0.0	0.0	0.11684518013631938
RISK-BAL	train_nested_oof	primary	15.0	1.0	16	1	2	22	1	21	1	0	7.716666666666667	0.045454545454545456	0.5	0.08333333333333333	2.7213822894168467
RISK-BAL	train_nested_oof	primary	15.0	1.0	19	1	3	16	2	14	1	0	7.875	0.125	0.6666666666666666	0.21052631578947367	1.7777777777777777
RISK-BAL	train_nested_oof	primary	15.0	1.0	20	1	1	6	1	5	0	0	7.1	0.16666666666666666	1.0	0.2857142857142857	0.7042253521126761
RISK-BAL	train_nested_oof	primary	15.0	1.0	21	1	0	8	0	8	0	0	9.175	0.0		0.0	0.871934604904632
RISK-BAL	train_nested_oof	primary	15.0	1.0	24	1	1	0	0	0	1	0	6.716666666666667		0.0	0.0	0.0
RISK-BAL	train_nested_oof	primary	15.0	1.0	29	1	2	7	1	6	1	0	7.458333333333333	0.14285714285714285	0.5	0.2222222222222222	0.8044692737430168
RISK-BAL	train_nested_oof	primary	15.0	1.0	31	1	3	8	1	7	2	0	7.633333333333334	0.125	0.3333333333333333	0.18181818181818182	0.9170305676855894
RISK-BAL	train_nested_oof	primary	15.0	1.0	32	1	5	0	0	0	5	0	7.641666666666667		0.0	0.0	0.0
RISK-BAL	train_nested_oof	primary	15.0	1.0	33	1	2	17	1	16	1	0	7.041666666666667	0.058823529411764705	0.5	0.10526315789473684	2.272189349112426
RISK-BAL	train_nested_oof	primary	15.0	1.0	34	1	0	11	0	10	0	1	8.3	0.0		0.0	1.2048192771084336
RISK-BAL	train_nested_oof	primary	15.0	1.0	35	1	2	9	0	9	2	0	7.225	0.0	0.0	0.0	1.245674740484429
RISK-BAL	train_nested_oof	primary	15.0	1.0	36	1	3	10	1	9	2	0	9.225	0.1	0.3333333333333333	0.15384615384615385	0.9756097560975611
RISK-BAL	train_nested_oof	primary	15.0	1.0	38	1	1	10	1	9	0	0	6.858333333333333	0.1	1.0	0.18181818181818182	1.3122721749696233
RISK-BAL	train_nested_oof	primary	15.0	1.0	39	1	2	0	0	0	2	0	8.016666666666667		0.0	0.0	0.0
RISK-BAL	train_nested_oof	primary	15.0	1.0	42	1	0	12	0	11	0	1	8.925	0.0		0.0	1.2324929971988794
RISK-BAL	train_nested_oof	primary	15.0	1.0	43	1	2	0	0	0	2	0	7.275		0.0	0.0	0.0
RISK-BAL	train_nested_oof	primary	15.0	1.0	45	1	0	0	0	0	0	0	6.775				0.0
RISK-BAL	train_nested_oof	primary	15.0	1.0	46	1	5	21	5	15	0	1	7.483333333333333	0.25	1.0	0.4	2.0044543429844097
RISK-BAL	train_nested_oof	primary	15.0	1.0	50	1	1	0	0	0	1	0	7.375		0.0	0.0	0.0
RISK-BAL	train_nested_oof	primary	15.0	1.0	51	1	1	8	0	8	1	0	8.416666666666666	0.0	0.0	0.0	0.9504950495049506
RISK-BAL	train_nested_oof	primary	15.0	1.0	53	1	0	3	0	3	0	0	7.808333333333334	0.0		0.0	0.384204909284952
RISK-BAL	train_nested_oof	primary	15.0	1.0	54	1	1	29	1	27	0	1	7.916666666666667	0.03571428571428571	1.0	0.06896551724137931	3.4105263157894736
RISK-BAL	train_nested_oof	primary	15.0	1.0	58	1	5	1	1	0	4	0	8.45	1.0	0.2	0.3333333333333333	0.0
RISK-BAL	train_nested_oof	primary	15.0	1.0	59	1	3	2	0	2	3	0	8.175	0.0	0.0	0.0	0.24464831804281342
RISK-BAL	train_nested_oof	primary	15.0	1.0	60	1	3	1	0	1	3	0	7.258333333333334	0.0	0.0	0.0	0.1377726750861079
RISK-BAL	train_nested_oof	primary	15.0	1.0	61	1	0	8	0	7	0	1	8.316666666666666	0.0		0.0	0.841683366733467
RISK-BAL	train_nested_oof	primary	15.0	1.0	62	1	4	1	0	1	4	0	8.133333333333333	0.0	0.0	0.0	0.12295081967213116
RISK-BAL	train_nested_oof	primary	15.0	1.0	63	1	4	19	2	17	2	0	8.033333333333333	0.10526315789473684	0.5	0.17391304347826086	2.116182572614108
RISK-BAL	train_nested_oof	primary	15.0	1.0	65	1	7	32	6	26	1	0	7.45	0.1875	0.8571428571428571	0.3076923076923077	3.48993288590604
RISK-BAL	train_nested_oof	primary	15.0	1.0	66	1	0	2	0	2	0	0	8.708333333333334	0.0		0.0	0.2296650717703349
RISK-BAL	train_nested_oof	primary	15.0	1.0	67	1	4	0	0	0	4	0	8.241666666666667		0.0	0.0	0.0
RISK-BAL	train_nested_oof	primary	15.0	1.0	68	1	5	9	3	6	2	0	7.733333333333333	0.3333333333333333	0.6	0.42857142857142855	0.7758620689655172
RISK-BAL	train_nested_oof	primary	15.0	1.0	71	1	0	4	0	4	0	0	7.091666666666667	0.0		0.0	0.564042303172738
RISK-BAL	train_nested_oof	primary	15.0	1.0	72	1	1	3	0	3	1	0	6.933333333333334	0.0	0.0	0.0	0.43269230769230765
RISK-BAL	train_nested_oof	primary	15.0	1.0	75	1	1	12	1	11	0	0	7.875	0.08333333333333333	1.0	0.15384615384615385	1.3968253968253967
RISK-BAL	train_nested_oof	primary	15.0	1.0	76	1	1	10	1	9	0	0	8.058333333333334	0.1	1.0	0.18181818181818182	1.1168562564632885
RISK-BAL	train_nested_oof	primary	15.0	1.0	78	2	7	29	3	26	4	0	16.241666666666667	0.10344827586206896	0.42857142857142855	0.16666666666666666	1.6008209338122112
RISK-BAL	train_nested_oof	primary	15.0	1.0	79	2	4	0	0	0	4	0	16.35		0.0	0.0	0.0
RISK-BAL	train_nested_oof	primary	15.0	1.0	80	2	2	12	2	10	0	0	15.274999999999999	0.16666666666666666	1.0	0.2857142857142857	0.6546644844517185
RISK-BAL	train_nested_oof	primary	15.0	1.0	81	2	1	0	0	0	1	0	14.666666666666668		0.0	0.0	0.0
RISK-BAL	train_nested_oof	primary	15.0	1.0	82	2	4	0	0	0	4	0	16.066666666666666		0.0	0.0	0.0
RISK-BAL	train_nested_oof	primary	15.0	1.0	84	3	20	9	4	5	16	0	22.03333333333333	0.4444444444444444	0.2	0.27586206896551724	0.22692889561270804
RISK-BAL	train_nested_oof	primary	15.0	1.0	85	1	0	5	0	5	0	0	7.383333333333334	0.0		0.0	0.6772009029345372
RISK-BAL	train_nested_oof	primary	15.0	1.0	87	3	0	17	0	17	0	0	20.333333333333336	0.0		0.0	0.8360655737704917
RISK-BAL	train_nested_oof	primary	15.0	1.0	91	2	0	8	0	8	0	0	16.46666666666667	0.0		0.0	0.48582995951416996
RISK-BAL	train_nested_oof	primary	15.0	1.0	92	2	19	0	0	0	19	0	16.325000000000003		0.0	0.0	0.0
RISK-BAL	train_nested_oof	primary	15.0	1.0	93	2	0	38	0	38	0	0	17.008333333333333	0.0		0.0	2.2341989220970113
RISK-BAL	train_nested_oof	primary	15.0	1.0	94	1	2	2	1	1	1	0	6.891666666666667	0.5	0.5	0.5	0.14510278113663846
RISK-BAL	train_nested_oof	primary	15.0	1.0	95	1	0	5	0	5	0	0	7.025	0.0		0.0	0.7117437722419928
RISK-BAL	train_nested_oof	primary	15.0	1.0	96	3	10	14	2	12	8	0	22.8	0.14285714285714285	0.2	0.16666666666666666	0.5263157894736842
RISK-BAL	train_nested_oof	primary	15.0	1.0	98	3	6	6	1	5	5	0	20.616666666666667	0.16666666666666666	0.16666666666666666	0.16666666666666666	0.24252223120452707
RISK-BAL	train_nested_oof	primary	15.0	1.0	99	3	7	12	1	11	6	0	21.2	0.08333333333333333	0.14285714285714285	0.10526315789473684	0.5188679245283019
RISK-BAL	train_nested_oof	primary	15.0	1.0	100	1	0	0	0	0	0	0	7.383333333333334				0.0
RISK-BAL	train_nested_oof	primary	15.0	1.0	101	1	0	1	0	1	0	0	7.241666666666666	0.0		0.0	0.13808975834292292
RISK-BAL	train_nested_oof	primary	15.0	1.0	104	1	3	4	1	3	2	0	8.008333333333333	0.25	0.3333333333333333	0.2857142857142857	0.37460978147762747
RISK-BAL	train_nested_oof	primary	15.0	1.0	108	1	1	4	0	4	1	0	6.716666666666667	0.0	0.0	0.0	0.5955334987593052
RISK-BAL	train_nested_oof	primary	45.0	1.0	1	1	4	17	4	12	0	1	8.25	0.25	1.0	0.4	1.4545454545454546
RISK-BAL	train_nested_oof	primary	45.0	1.0	6	1	0	2	0	2	0	0	3.35	0.0		0.0	0.5970149253731343
RISK-BAL	train_nested_oof	primary	45.0	1.0	8	1	0	0	0	0	0	0	8.083333333333334				0.0
RISK-BAL	train_nested_oof	primary	45.0	1.0	9	1	3	19	2	17	1	0	8.725	0.10526315789473684	0.6666666666666666	0.18181818181818182	1.9484240687679084
RISK-BAL	train_nested_oof	primary	45.0	1.0	10	1	3	8	2	6	1	0	8.991666666666667	0.25	0.6666666666666666	0.36363636363636365	0.6672845227062094
RISK-BAL	train_nested_oof	primary	45.0	1.0	11	1	6	0	0	0	6	0	8.408333333333333		0.0	0.0	0.0
RISK-BAL	train_nested_oof	primary	45.0	1.0	13	1	2	9	0	9	2	0	8.675	0.0	0.0	0.0	1.037463976945245
RISK-BAL	train_nested_oof	primary	45.0	1.0	14	1	1	1	0	1	1	0	8.558333333333334	0.0	0.0	0.0	0.11684518013631938
RISK-BAL	train_nested_oof	primary	45.0	1.0	16	1	2	22	2	20	0	0	7.716666666666667	0.09090909090909091	1.0	0.16666666666666666	2.591792656587473
RISK-BAL	train_nested_oof	primary	45.0	1.0	19	1	3	16	3	13	0	0	7.875	0.1875	1.0	0.3157894736842105	1.6507936507936507
RISK-BAL	train_nested_oof	primary	45.0	1.0	20	1	1	6	1	5	0	0	7.1	0.16666666666666666	1.0	0.2857142857142857	0.7042253521126761
RISK-BAL	train_nested_oof	primary	45.0	1.0	21	1	0	8	0	8	0	0	9.175	0.0		0.0	0.871934604904632
RISK-BAL	train_nested_oof	primary	45.0	1.0	24	1	1	0	0	0	1	0	6.716666666666667		0.0	0.0	0.0
RISK-BAL	train_nested_oof	primary	45.0	1.0	29	1	2	7	1	6	1	0	7.458333333333333	0.14285714285714285	0.5	0.2222222222222222	0.8044692737430168
RISK-BAL	train_nested_oof	primary	45.0	1.0	31	1	3	8	1	7	2	0	7.633333333333334	0.125	0.3333333333333333	0.18181818181818182	0.9170305676855894
RISK-BAL	train_nested_oof	primary	45.0	1.0	32	1	5	0	0	0	5	0	7.641666666666667		0.0	0.0	0.0
RISK-BAL	train_nested_oof	primary	45.0	1.0	33	1	2	17	1	16	1	0	7.041666666666667	0.058823529411764705	0.5	0.10526315789473684	2.272189349112426
RISK-BAL	train_nested_oof	primary	45.0	1.0	34	1	0	11	0	10	0	1	8.3	0.0		0.0	1.2048192771084336
RISK-BAL	train_nested_oof	primary	45.0	1.0	35	1	2	9	0	9	2	0	7.225	0.0	0.0	0.0	1.245674740484429
RISK-BAL	train_nested_oof	primary	45.0	1.0	36	1	3	10	1	9	2	0	9.225	0.1	0.3333333333333333	0.15384615384615385	0.9756097560975611
RISK-BAL	train_nested_oof	primary	45.0	1.0	38	1	1	10	1	9	0	0	6.858333333333333	0.1	1.0	0.18181818181818182	1.3122721749696233
RISK-BAL	train_nested_oof	primary	45.0	1.0	39	1	2	0	0	0	2	0	8.016666666666667		0.0	0.0	0.0
RISK-BAL	train_nested_oof	primary	45.0	1.0	42	1	0	12	0	10	0	2	8.925	0.0		0.0	1.1204481792717087
RISK-BAL	train_nested_oof	primary	45.0	1.0	43	1	2	0	0	0	2	0	7.275		0.0	0.0	0.0
RISK-BAL	train_nested_oof	primary	45.0	1.0	45	1	0	0	0	0	0	0	6.775				0.0
RISK-BAL	train_nested_oof	primary	45.0	1.0	46	1	5	21	5	15	0	1	7.483333333333333	0.25	1.0	0.4	2.0044543429844097
RISK-BAL	train_nested_oof	primary	45.0	1.0	50	1	1	0	0	0	1	0	7.375		0.0	0.0	0.0
RISK-BAL	train_nested_oof	primary	45.0	1.0	51	1	1	8	0	8	1	0	8.416666666666666	0.0	0.0	0.0	0.9504950495049506
RISK-BAL	train_nested_oof	primary	45.0	1.0	53	1	0	3	0	3	0	0	7.808333333333334	0.0		0.0	0.384204909284952
RISK-BAL	train_nested_oof	primary	45.0	1.0	54	1	1	29	1	27	0	1	7.916666666666667	0.03571428571428571	1.0	0.06896551724137931	3.4105263157894736
RISK-BAL	train_nested_oof	primary	45.0	1.0	58	1	5	1	1	0	4	0	8.45	1.0	0.2	0.3333333333333333	0.0
RISK-BAL	train_nested_oof	primary	45.0	1.0	59	1	3	2	0	2	3	0	8.175	0.0	0.0	0.0	0.24464831804281342
RISK-BAL	train_nested_oof	primary	45.0	1.0	60	1	3	1	0	1	3	0	7.258333333333334	0.0	0.0	0.0	0.1377726750861079
RISK-BAL	train_nested_oof	primary	45.0	1.0	61	1	0	8	0	6	0	2	8.316666666666666	0.0		0.0	0.7214428857715431
RISK-BAL	train_nested_oof	primary	45.0	1.0	62	1	4	1	0	0	4	1	8.133333333333333		0.0	0.0	0.0
RISK-BAL	train_nested_oof	primary	45.0	1.0	63	1	4	19	2	17	2	0	8.033333333333333	0.10526315789473684	0.5	0.17391304347826086	2.116182572614108
RISK-BAL	train_nested_oof	primary	45.0	1.0	65	1	7	32	6	26	1	0	7.45	0.1875	0.8571428571428571	0.3076923076923077	3.48993288590604
RISK-BAL	train_nested_oof	primary	45.0	1.0	66	1	0	2	0	2	0	0	8.708333333333334	0.0		0.0	0.2296650717703349
RISK-BAL	train_nested_oof	primary	45.0	1.0	67	1	4	0	0	0	4	0	8.241666666666667		0.0	0.0	0.0
RISK-BAL	train_nested_oof	primary	45.0	1.0	68	1	5	9	3	6	2	0	7.733333333333333	0.3333333333333333	0.6	0.42857142857142855	0.7758620689655172
RISK-BAL	train_nested_oof	primary	45.0	1.0	71	1	0	4	0	4	0	0	7.091666666666667	0.0		0.0	0.564042303172738
RISK-BAL	train_nested_oof	primary	45.0	1.0	72	1	1	3	0	3	1	0	6.933333333333334	0.0	0.0	0.0	0.43269230769230765
RISK-BAL	train_nested_oof	primary	45.0	1.0	75	1	1	12	1	11	0	0	7.875	0.08333333333333333	1.0	0.15384615384615385	1.3968253968253967
RISK-BAL	train_nested_oof	primary	45.0	1.0	76	1	1	10	1	8	0	1	8.058333333333334	0.1111111111111111	1.0	0.2	0.9927611168562565
RISK-BAL	train_nested_oof	primary	45.0	1.0	78	2	7	29	5	24	2	0	16.241666666666667	0.1724137931034483	0.7142857142857143	0.2777777777777778	1.4776808619805029
RISK-BAL	train_nested_oof	primary	45.0	1.0	79	2	4	0	0	0	4	0	16.35		0.0	0.0	0.0
RISK-BAL	train_nested_oof	primary	45.0	1.0	80	2	2	12	2	10	0	0	15.274999999999999	0.16666666666666666	1.0	0.2857142857142857	0.6546644844517185
RISK-BAL	train_nested_oof	primary	45.0	1.0	81	2	1	0	0	0	1	0	14.666666666666668		0.0	0.0	0.0
RISK-BAL	train_nested_oof	primary	45.0	1.0	82	2	4	0	0	0	4	0	16.066666666666666		0.0	0.0	0.0
RISK-BAL	train_nested_oof	primary	45.0	1.0	84	3	20	9	6	3	14	0	22.03333333333333	0.6666666666666666	0.3	0.41379310344827586	0.1361573373676248
RISK-BAL	train_nested_oof	primary	45.0	1.0	85	1	0	5	0	5	0	0	7.383333333333334	0.0		0.0	0.6772009029345372
RISK-BAL	train_nested_oof	primary	45.0	1.0	87	3	0	17	0	17	0	0	20.333333333333336	0.0		0.0	0.8360655737704917
RISK-BAL	train_nested_oof	primary	45.0	1.0	91	2	0	8	0	8	0	0	16.46666666666667	0.0		0.0	0.48582995951416996
RISK-BAL	train_nested_oof	primary	45.0	1.0	92	2	19	0	0	0	19	0	16.325000000000003		0.0	0.0	0.0
RISK-BAL	train_nested_oof	primary	45.0	1.0	93	2	0	38	0	38	0	0	17.008333333333333	0.0		0.0	2.2341989220970113
RISK-BAL	train_nested_oof	primary	45.0	1.0	94	1	2	2	1	1	1	0	6.891666666666667	0.5	0.5	0.5	0.14510278113663846
RISK-BAL	train_nested_oof	primary	45.0	1.0	95	1	0	5	0	5	0	0	7.025	0.0		0.0	0.7117437722419928
RISK-BAL	train_nested_oof	primary	45.0	1.0	96	3	10	14	2	12	8	0	22.8	0.14285714285714285	0.2	0.16666666666666666	0.5263157894736842
RISK-BAL	train_nested_oof	primary	45.0	1.0	98	3	6	6	1	5	5	0	20.616666666666667	0.16666666666666666	0.16666666666666666	0.16666666666666666	0.24252223120452707
RISK-BAL	train_nested_oof	primary	45.0	1.0	99	3	7	12	2	10	5	0	21.2	0.16666666666666666	0.2857142857142857	0.21052631578947367	0.4716981132075472
RISK-BAL	train_nested_oof	primary	45.0	1.0	100	1	0	0	0	0	0	0	7.383333333333334				0.0
RISK-BAL	train_nested_oof	primary	45.0	1.0	101	1	0	1	0	1	0	0	7.241666666666666	0.0		0.0	0.13808975834292292
RISK-BAL	train_nested_oof	primary	45.0	1.0	104	1	3	4	1	3	2	0	8.008333333333333	0.25	0.3333333333333333	0.2857142857142857	0.37460978147762747
RISK-BAL	train_nested_oof	primary	45.0	1.0	108	1	1	4	0	4	1	0	6.716666666666667	0.0	0.0	0.0	0.5955334987593052
RISK-NAT	train_nested_oof	expanded	15.0	1.0	1	1	5	15	4	11	1	0	8.25	0.26666666666666666	0.8	0.4	1.3333333333333333
RISK-NAT	train_nested_oof	expanded	15.0	1.0	6	1	0	4	0	4	0	0	3.35	0.0		0.0	1.1940298507462686
RISK-NAT	train_nested_oof	expanded	15.0	1.0	8	1	2	8	0	8	2	0	8.083333333333334	0.0	0.0	0.0	0.9896907216494845
RISK-NAT	train_nested_oof	expanded	15.0	1.0	9	1	3	14	3	11	0	0	8.725	0.21428571428571427	1.0	0.35294117647058826	1.2607449856733526
RISK-NAT	train_nested_oof	expanded	15.0	1.0	10	1	3	19	3	16	0	0	8.991666666666667	0.15789473684210525	1.0	0.2727272727272727	1.7794253938832252
RISK-NAT	train_nested_oof	expanded	15.0	1.0	11	1	7	15	3	12	4	0	8.408333333333333	0.2	0.42857142857142855	0.2727272727272727	1.4271555996035679
RISK-NAT	train_nested_oof	expanded	15.0	1.0	13	1	2	3	1	2	1	0	8.675	0.3333333333333333	0.5	0.4	0.23054755043227665
RISK-NAT	train_nested_oof	expanded	15.0	1.0	14	1	2	2	0	2	2	0	8.558333333333334	0.0	0.0	0.0	0.23369036027263876
RISK-NAT	train_nested_oof	expanded	15.0	1.0	16	1	2	16	1	15	1	0	7.716666666666667	0.0625	0.5	0.1111111111111111	1.9438444924406046
RISK-NAT	train_nested_oof	expanded	15.0	1.0	19	1	3	24	2	22	1	0	7.875	0.08333333333333333	0.6666666666666666	0.14814814814814814	2.7936507936507935
RISK-NAT	train_nested_oof	expanded	15.0	1.0	20	1	1	5	1	4	0	0	7.1	0.2	1.0	0.3333333333333333	0.5633802816901409
RISK-NAT	train_nested_oof	expanded	15.0	1.0	21	1	3	1	0	1	3	0	9.175	0.0	0.0	0.0	0.108991825613079
RISK-NAT	train_nested_oof	expanded	15.0	1.0	24	1	1	4	0	4	1	0	6.716666666666667	0.0	0.0	0.0	0.5955334987593052
RISK-NAT	train_nested_oof	expanded	15.0	1.0	29	1	2	4	1	3	1	0	7.458333333333333	0.25	0.5	0.3333333333333333	0.4022346368715084
RISK-NAT	train_nested_oof	expanded	15.0	1.0	31	1	3	6	1	5	2	0	7.633333333333334	0.16666666666666666	0.3333333333333333	0.2222222222222222	0.6550218340611353
RISK-NAT	train_nested_oof	expanded	15.0	1.0	32	1	6	1	0	1	6	0	7.641666666666667	0.0	0.0	0.0	0.13086150490730644
RISK-NAT	train_nested_oof	expanded	15.0	1.0	33	1	2	15	1	14	1	0	7.041666666666667	0.06666666666666667	0.5	0.11764705882352941	1.9881656804733727
RISK-NAT	train_nested_oof	expanded	15.0	1.0	34	1	1	8	1	7	0	0	8.3	0.125	1.0	0.2222222222222222	0.8433734939759036
RISK-NAT	train_nested_oof	expanded	15.0	1.0	35	1	2	7	0	7	2	0	7.225	0.0	0.0	0.0	0.9688581314878894
RISK-NAT	train_nested_oof	expanded	15.0	1.0	36	1	3	16	2	14	1	0	9.225	0.125	0.6666666666666666	0.21052631578947367	1.5176151761517616
RISK-NAT	train_nested_oof	expanded	15.0	1.0	38	1	1	5	1	4	0	0	6.858333333333333	0.2	1.0	0.3333333333333333	0.583232077764277
RISK-NAT	train_nested_oof	expanded	15.0	1.0	39	1	2	3	0	3	2	0	8.016666666666667	0.0	0.0	0.0	0.3742203742203742
RISK-NAT	train_nested_oof	expanded	15.0	1.0	42	1	2	9	1	8	1	0	8.925	0.1111111111111111	0.5	0.18181818181818182	0.8963585434173669
RISK-NAT	train_nested_oof	expanded	15.0	1.0	43	1	2	8	1	7	1	0	7.275	0.125	0.5	0.2	0.9621993127147765
RISK-NAT	train_nested_oof	expanded	15.0	1.0	45	1	0	0	0	0	0	0	6.775				0.0
RISK-NAT	train_nested_oof	expanded	15.0	1.0	46	1	8	27	6	21	2	0	7.483333333333333	0.2222222222222222	0.75	0.34285714285714286	2.8062360801781736
RISK-NAT	train_nested_oof	expanded	15.0	1.0	50	1	1	10	1	9	0	0	7.375	0.1	1.0	0.18181818181818182	1.2203389830508475
RISK-NAT	train_nested_oof	expanded	15.0	1.0	51	1	1	5	0	5	1	0	8.416666666666666	0.0	0.0	0.0	0.5940594059405941
RISK-NAT	train_nested_oof	expanded	15.0	1.0	53	1	0	2	0	2	0	0	7.808333333333334	0.0		0.0	0.256136606189968
RISK-NAT	train_nested_oof	expanded	15.0	1.0	54	1	2	36	1	35	1	0	7.916666666666667	0.027777777777777776	0.5	0.05263157894736842	4.421052631578947
RISK-NAT	train_nested_oof	expanded	15.0	1.0	58	1	5	9	2	7	3	0	8.45	0.2222222222222222	0.4	0.2857142857142857	0.8284023668639054
RISK-NAT	train_nested_oof	expanded	15.0	1.0	59	1	3	6	2	4	1	0	8.175	0.3333333333333333	0.6666666666666666	0.4444444444444444	0.48929663608562685
RISK-NAT	train_nested_oof	expanded	15.0	1.0	60	1	3	2	0	2	3	0	7.258333333333334	0.0	0.0	0.0	0.2755453501722158
RISK-NAT	train_nested_oof	expanded	15.0	1.0	61	1	2	15	2	13	0	0	8.316666666666666	0.13333333333333333	1.0	0.23529411764705882	1.56312625250501
RISK-NAT	train_nested_oof	expanded	15.0	1.0	62	1	6	1	0	1	6	0	8.133333333333333	0.0	0.0	0.0	0.12295081967213116
RISK-NAT	train_nested_oof	expanded	15.0	1.0	63	1	4	20	2	18	2	0	8.033333333333333	0.1	0.5	0.16666666666666666	2.240663900414938
RISK-NAT	train_nested_oof	expanded	15.0	1.0	65	1	7	42	6	36	1	0	7.45	0.14285714285714285	0.8571428571428571	0.24489795918367346	4.832214765100671
RISK-NAT	train_nested_oof	expanded	15.0	1.0	66	1	0	2	0	2	0	0	8.708333333333334	0.0		0.0	0.2296650717703349
RISK-NAT	train_nested_oof	expanded	15.0	1.0	67	1	5	7	3	4	2	0	8.241666666666667	0.42857142857142855	0.6	0.5	0.48533872598584427
RISK-NAT	train_nested_oof	expanded	15.0	1.0	68	1	5	6	3	3	2	0	7.733333333333333	0.5	0.6	0.5454545454545454	0.3879310344827586
RISK-NAT	train_nested_oof	expanded	15.0	1.0	71	1	0	0	0	0	0	0	7.091666666666667				0.0
RISK-NAT	train_nested_oof	expanded	15.0	1.0	72	1	2	2	2	0	0	0	6.933333333333334	1.0	1.0	1.0	0.0
RISK-NAT	train_nested_oof	expanded	15.0	1.0	75	1	1	7	0	7	1	0	7.875	0.0	0.0	0.0	0.8888888888888888
RISK-NAT	train_nested_oof	expanded	15.0	1.0	76	1	2	9	1	8	1	0	8.058333333333334	0.1111111111111111	0.5	0.18181818181818182	0.9927611168562565
RISK-NAT	train_nested_oof	expanded	15.0	1.0	78	2	10	17	3	14	7	0	16.241666666666667	0.17647058823529413	0.3	0.2222222222222222	0.8619805028219599
RISK-NAT	train_nested_oof	expanded	15.0	1.0	79	2	10	6	1	5	9	0	16.35	0.16666666666666666	0.1	0.125	0.3058103975535168
RISK-NAT	train_nested_oof	expanded	15.0	1.0	80	2	2	14	2	12	0	0	15.274999999999999	0.14285714285714285	1.0	0.25	0.7855973813420623
RISK-NAT	train_nested_oof	expanded	15.0	1.0	81	2	2	21	1	20	1	0	14.666666666666668	0.047619047619047616	0.5	0.08695652173913043	1.3636363636363635
RISK-NAT	train_nested_oof	expanded	15.0	1.0	82	2	4	17	3	14	1	0	16.066666666666666	0.17647058823529413	0.75	0.2857142857142857	0.8713692946058091
RISK-NAT	train_nested_oof	expanded	15.0	1.0	84	3	20	7	2	5	18	0	22.03333333333333	0.2857142857142857	0.1	0.14814814814814814	0.22692889561270804
RISK-NAT	train_nested_oof	expanded	15.0	1.0	85	1	1	5	0	5	1	0	7.383333333333334	0.0	0.0	0.0	0.6772009029345372
RISK-NAT	train_nested_oof	expanded	15.0	1.0	87	3	1	12	0	12	1	0	20.333333333333336	0.0	0.0	0.0	0.5901639344262294
RISK-NAT	train_nested_oof	expanded	15.0	1.0	91	2	0	24	0	24	0	0	16.46666666666667	0.0		0.0	1.4574898785425099
RISK-NAT	train_nested_oof	expanded	15.0	1.0	92	2	20	11	4	7	16	0	16.325000000000003	0.36363636363636365	0.2	0.25806451612903225	0.4287901990811638
RISK-NAT	train_nested_oof	expanded	15.0	1.0	93	2	3	29	1	28	2	0	17.008333333333333	0.034482758620689655	0.3333333333333333	0.0625	1.64625183733464
RISK-NAT	train_nested_oof	expanded	15.0	1.0	94	1	3	9	1	8	2	0	6.891666666666667	0.1111111111111111	0.3333333333333333	0.16666666666666666	1.1608222490931077
RISK-NAT	train_nested_oof	expanded	15.0	1.0	95	1	0	4	0	4	0	0	7.025	0.0		0.0	0.5693950177935942
RISK-NAT	train_nested_oof	expanded	15.0	1.0	96	3	14	11	1	10	13	0	22.8	0.09090909090909091	0.07142857142857142	0.08	0.43859649122807015
RISK-NAT	train_nested_oof	expanded	15.0	1.0	98	3	8	2	2	0	6	0	20.616666666666667	1.0	0.25	0.4	0.0
RISK-NAT	train_nested_oof	expanded	15.0	1.0	99	3	7	27	4	23	3	0	21.2	0.14814814814814814	0.5714285714285714	0.23529411764705882	1.0849056603773586
RISK-NAT	train_nested_oof	expanded	15.0	1.0	100	1	1	9	0	9	1	0	7.383333333333334	0.0	0.0	0.0	1.218961625282167
RISK-NAT	train_nested_oof	expanded	15.0	1.0	101	1	0	1	0	1	0	0	7.241666666666666	0.0		0.0	0.13808975834292292
RISK-NAT	train_nested_oof	expanded	15.0	1.0	104	1	3	13	1	12	2	0	8.008333333333333	0.07692307692307693	0.3333333333333333	0.125	1.4984391259105099
RISK-NAT	train_nested_oof	expanded	15.0	1.0	108	1	1	12	0	12	1	0	6.716666666666667	0.0	0.0	0.0	1.7866004962779156
RISK-NAT	train_nested_oof	expanded	45.0	1.0	1	1	5	15	5	10	0	0	8.25	0.3333333333333333	1.0	0.5	1.2121212121212122
RISK-NAT	train_nested_oof	expanded	45.0	1.0	6	1	0	4	0	4	0	0	3.35	0.0		0.0	1.1940298507462686
RISK-NAT	train_nested_oof	expanded	45.0	1.0	8	1	2	8	0	8	2	0	8.083333333333334	0.0	0.0	0.0	0.9896907216494845
RISK-NAT	train_nested_oof	expanded	45.0	1.0	9	1	3	14	3	11	0	0	8.725	0.21428571428571427	1.0	0.35294117647058826	1.2607449856733526
RISK-NAT	train_nested_oof	expanded	45.0	1.0	10	1	3	19	3	16	0	0	8.991666666666667	0.15789473684210525	1.0	0.2727272727272727	1.7794253938832252
RISK-NAT	train_nested_oof	expanded	45.0	1.0	11	1	7	15	4	11	3	0	8.408333333333333	0.26666666666666666	0.5714285714285714	0.36363636363636365	1.3082259663032705
RISK-NAT	train_nested_oof	expanded	45.0	1.0	13	1	2	3	1	2	1	0	8.675	0.3333333333333333	0.5	0.4	0.23054755043227665
RISK-NAT	train_nested_oof	expanded	45.0	1.0	14	1	2	2	0	2	2	0	8.558333333333334	0.0	0.0	0.0	0.23369036027263876
RISK-NAT	train_nested_oof	expanded	45.0	1.0	16	1	2	16	2	14	0	0	7.716666666666667	0.125	1.0	0.2222222222222222	1.8142548596112311
RISK-NAT	train_nested_oof	expanded	45.0	1.0	19	1	3	24	3	21	0	0	7.875	0.125	1.0	0.2222222222222222	2.6666666666666665
RISK-NAT	train_nested_oof	expanded	45.0	1.0	20	1	1	5	1	4	0	0	7.1	0.2	1.0	0.3333333333333333	0.5633802816901409
RISK-NAT	train_nested_oof	expanded	45.0	1.0	21	1	3	1	0	1	3	0	9.175	0.0	0.0	0.0	0.108991825613079
RISK-NAT	train_nested_oof	expanded	45.0	1.0	24	1	1	4	0	4	1	0	6.716666666666667	0.0	0.0	0.0	0.5955334987593052
RISK-NAT	train_nested_oof	expanded	45.0	1.0	29	1	2	4	2	2	0	0	7.458333333333333	0.5	1.0	0.6666666666666666	0.2681564245810056
RISK-NAT	train_nested_oof	expanded	45.0	1.0	31	1	3	6	1	5	2	0	7.633333333333334	0.16666666666666666	0.3333333333333333	0.2222222222222222	0.6550218340611353
RISK-NAT	train_nested_oof	expanded	45.0	1.0	32	1	6	1	0	1	6	0	7.641666666666667	0.0	0.0	0.0	0.13086150490730644
RISK-NAT	train_nested_oof	expanded	45.0	1.0	33	1	2	15	1	14	1	0	7.041666666666667	0.06666666666666667	0.5	0.11764705882352941	1.9881656804733727
RISK-NAT	train_nested_oof	expanded	45.0	1.0	34	1	1	8	1	7	0	0	8.3	0.125	1.0	0.2222222222222222	0.8433734939759036
RISK-NAT	train_nested_oof	expanded	45.0	1.0	35	1	2	7	0	7	2	0	7.225	0.0	0.0	0.0	0.9688581314878894
RISK-NAT	train_nested_oof	expanded	45.0	1.0	36	1	3	16	2	14	1	0	9.225	0.125	0.6666666666666666	0.21052631578947367	1.5176151761517616
RISK-NAT	train_nested_oof	expanded	45.0	1.0	38	1	1	5	1	4	0	0	6.858333333333333	0.2	1.0	0.3333333333333333	0.583232077764277
RISK-NAT	train_nested_oof	expanded	45.0	1.0	39	1	2	3	0	3	2	0	8.016666666666667	0.0	0.0	0.0	0.3742203742203742
RISK-NAT	train_nested_oof	expanded	45.0	1.0	42	1	2	9	1	8	1	0	8.925	0.1111111111111111	0.5	0.18181818181818182	0.8963585434173669
RISK-NAT	train_nested_oof	expanded	45.0	1.0	43	1	2	8	1	7	1	0	7.275	0.125	0.5	0.2	0.9621993127147765
RISK-NAT	train_nested_oof	expanded	45.0	1.0	45	1	0	0	0	0	0	0	6.775				0.0
RISK-NAT	train_nested_oof	expanded	45.0	1.0	46	1	8	27	6	21	2	0	7.483333333333333	0.2222222222222222	0.75	0.34285714285714286	2.8062360801781736
RISK-NAT	train_nested_oof	expanded	45.0	1.0	50	1	1	10	1	9	0	0	7.375	0.1	1.0	0.18181818181818182	1.2203389830508475
RISK-NAT	train_nested_oof	expanded	45.0	1.0	51	1	1	5	0	5	1	0	8.416666666666666	0.0	0.0	0.0	0.5940594059405941
RISK-NAT	train_nested_oof	expanded	45.0	1.0	53	1	0	2	0	2	0	0	7.808333333333334	0.0		0.0	0.256136606189968
RISK-NAT	train_nested_oof	expanded	45.0	1.0	54	1	2	36	2	34	0	0	7.916666666666667	0.05555555555555555	1.0	0.10526315789473684	4.294736842105263
RISK-NAT	train_nested_oof	expanded	45.0	1.0	58	1	5	9	2	7	3	0	8.45	0.2222222222222222	0.4	0.2857142857142857	0.8284023668639054
RISK-NAT	train_nested_oof	expanded	45.0	1.0	59	1	3	6	2	4	1	0	8.175	0.3333333333333333	0.6666666666666666	0.4444444444444444	0.48929663608562685
RISK-NAT	train_nested_oof	expanded	45.0	1.0	60	1	3	2	0	2	3	0	7.258333333333334	0.0	0.0	0.0	0.2755453501722158
RISK-NAT	train_nested_oof	expanded	45.0	1.0	61	1	2	15	2	13	0	0	8.316666666666666	0.13333333333333333	1.0	0.23529411764705882	1.56312625250501
RISK-NAT	train_nested_oof	expanded	45.0	1.0	62	1	6	1	1	0	5	0	8.133333333333333	1.0	0.16666666666666666	0.2857142857142857	0.0
RISK-NAT	train_nested_oof	expanded	45.0	1.0	63	1	4	20	2	18	2	0	8.033333333333333	0.1	0.5	0.16666666666666666	2.240663900414938
RISK-NAT	train_nested_oof	expanded	45.0	1.0	65	1	7	42	6	36	1	0	7.45	0.14285714285714285	0.8571428571428571	0.24489795918367346	4.832214765100671
RISK-NAT	train_nested_oof	expanded	45.0	1.0	66	1	0	2	0	2	0	0	8.708333333333334	0.0		0.0	0.2296650717703349
RISK-NAT	train_nested_oof	expanded	45.0	1.0	67	1	5	7	3	4	2	0	8.241666666666667	0.42857142857142855	0.6	0.5	0.48533872598584427
RISK-NAT	train_nested_oof	expanded	45.0	1.0	68	1	5	6	3	3	2	0	7.733333333333333	0.5	0.6	0.5454545454545454	0.3879310344827586
RISK-NAT	train_nested_oof	expanded	45.0	1.0	71	1	0	0	0	0	0	0	7.091666666666667				0.0
RISK-NAT	train_nested_oof	expanded	45.0	1.0	72	1	2	2	2	0	0	0	6.933333333333334	1.0	1.0	1.0	0.0
RISK-NAT	train_nested_oof	expanded	45.0	1.0	75	1	1	7	1	6	0	0	7.875	0.14285714285714285	1.0	0.25	0.7619047619047619
RISK-NAT	train_nested_oof	expanded	45.0	1.0	76	1	2	9	1	8	1	0	8.058333333333334	0.1111111111111111	0.5	0.18181818181818182	0.9927611168562565
RISK-NAT	train_nested_oof	expanded	45.0	1.0	78	2	10	17	5	12	5	0	16.241666666666667	0.29411764705882354	0.5	0.37037037037037035	0.7388404309902514
RISK-NAT	train_nested_oof	expanded	45.0	1.0	79	2	10	6	1	5	9	0	16.35	0.16666666666666666	0.1	0.125	0.3058103975535168
RISK-NAT	train_nested_oof	expanded	45.0	1.0	80	2	2	14	2	12	0	0	15.274999999999999	0.14285714285714285	1.0	0.25	0.7855973813420623
RISK-NAT	train_nested_oof	expanded	45.0	1.0	81	2	2	21	1	20	1	0	14.666666666666668	0.047619047619047616	0.5	0.08695652173913043	1.3636363636363635
RISK-NAT	train_nested_oof	expanded	45.0	1.0	82	2	4	17	3	14	1	0	16.066666666666666	0.17647058823529413	0.75	0.2857142857142857	0.8713692946058091
RISK-NAT	train_nested_oof	expanded	45.0	1.0	84	3	20	7	4	3	16	0	22.03333333333333	0.5714285714285714	0.2	0.2962962962962963	0.1361573373676248
RISK-NAT	train_nested_oof	expanded	45.0	1.0	85	1	1	5	0	5	1	0	7.383333333333334	0.0	0.0	0.0	0.6772009029345372
RISK-NAT	train_nested_oof	expanded	45.0	1.0	87	3	1	12	0	12	1	0	20.333333333333336	0.0	0.0	0.0	0.5901639344262294
RISK-NAT	train_nested_oof	expanded	45.0	1.0	91	2	0	24	0	24	0	0	16.46666666666667	0.0		0.0	1.4574898785425099
RISK-NAT	train_nested_oof	expanded	45.0	1.0	92	2	20	11	5	6	15	0	16.325000000000003	0.45454545454545453	0.25	0.3225806451612903	0.36753445635528326
RISK-NAT	train_nested_oof	expanded	45.0	1.0	93	2	3	29	1	28	2	0	17.008333333333333	0.034482758620689655	0.3333333333333333	0.0625	1.64625183733464
RISK-NAT	train_nested_oof	expanded	45.0	1.0	94	1	3	9	1	8	2	0	6.891666666666667	0.1111111111111111	0.3333333333333333	0.16666666666666666	1.1608222490931077
RISK-NAT	train_nested_oof	expanded	45.0	1.0	95	1	0	4	0	4	0	0	7.025	0.0		0.0	0.5693950177935942
RISK-NAT	train_nested_oof	expanded	45.0	1.0	96	3	14	11	3	8	11	0	22.8	0.2727272727272727	0.21428571428571427	0.24	0.3508771929824561
RISK-NAT	train_nested_oof	expanded	45.0	1.0	98	3	8	2	2	0	6	0	20.616666666666667	1.0	0.25	0.4	0.0
RISK-NAT	train_nested_oof	expanded	45.0	1.0	99	3	7	27	5	22	2	0	21.2	0.18518518518518517	0.7142857142857143	0.29411764705882354	1.0377358490566038
RISK-NAT	train_nested_oof	expanded	45.0	1.0	100	1	1	9	0	9	1	0	7.383333333333334	0.0	0.0	0.0	1.218961625282167
RISK-NAT	train_nested_oof	expanded	45.0	1.0	101	1	0	1	0	1	0	0	7.241666666666666	0.0		0.0	0.13808975834292292
RISK-NAT	train_nested_oof	expanded	45.0	1.0	104	1	3	13	2	11	1	0	8.008333333333333	0.15384615384615385	0.6666666666666666	0.25	1.3735691987513008
RISK-NAT	train_nested_oof	expanded	45.0	1.0	108	1	1	12	1	11	0	0	6.716666666666667	0.08333333333333333	1.0	0.15384615384615385	1.6377171215880892
RISK-NAT	train_nested_oof	primary	15.0	1.0	1	1	4	15	3	11	1	1	8.25	0.21428571428571427	0.75	0.3333333333333333	1.3333333333333333
RISK-NAT	train_nested_oof	primary	15.0	1.0	6	1	0	4	0	4	0	0	3.35	0.0		0.0	1.1940298507462686
RISK-NAT	train_nested_oof	primary	15.0	1.0	8	1	0	8	0	8	0	0	8.083333333333334	0.0		0.0	0.9896907216494845
RISK-NAT	train_nested_oof	primary	15.0	1.0	9	1	3	14	3	11	0	0	8.725	0.21428571428571427	1.0	0.35294117647058826	1.2607449856733526
RISK-NAT	train_nested_oof	primary	15.0	1.0	10	1	3	19	3	16	0	0	8.991666666666667	0.15789473684210525	1.0	0.2727272727272727	1.7794253938832252
RISK-NAT	train_nested_oof	primary	15.0	1.0	11	1	6	15	2	12	4	1	8.408333333333333	0.14285714285714285	0.3333333333333333	0.2	1.4271555996035679
RISK-NAT	train_nested_oof	primary	15.0	1.0	13	1	2	3	1	2	1	0	8.675	0.3333333333333333	0.5	0.4	0.23054755043227665
RISK-NAT	train_nested_oof	primary	15.0	1.0	14	1	1	2	0	2	1	0	8.558333333333334	0.0	0.0	0.0	0.23369036027263876
RISK-NAT	train_nested_oof	primary	15.0	1.0	16	1	2	16	1	15	1	0	7.716666666666667	0.0625	0.5	0.1111111111111111	1.9438444924406046
RISK-NAT	train_nested_oof	primary	15.0	1.0	19	1	3	24	2	22	1	0	7.875	0.08333333333333333	0.6666666666666666	0.14814814814814814	2.7936507936507935
RISK-NAT	train_nested_oof	primary	15.0	1.0	20	1	1	5	1	4	0	0	7.1	0.2	1.0	0.3333333333333333	0.5633802816901409
RISK-NAT	train_nested_oof	primary	15.0	1.0	21	1	0	1	0	1	0	0	9.175	0.0		0.0	0.108991825613079
RISK-NAT	train_nested_oof	primary	15.0	1.0	24	1	1	4	0	4	1	0	6.716666666666667	0.0	0.0	0.0	0.5955334987593052
RISK-NAT	train_nested_oof	primary	15.0	1.0	29	1	2	4	1	3	1	0	7.458333333333333	0.25	0.5	0.3333333333333333	0.4022346368715084
RISK-NAT	train_nested_oof	primary	15.0	1.0	31	1	3	6	1	5	2	0	7.633333333333334	0.16666666666666666	0.3333333333333333	0.2222222222222222	0.6550218340611353
RISK-NAT	train_nested_oof	primary	15.0	1.0	32	1	5	1	0	1	5	0	7.641666666666667	0.0	0.0	0.0	0.13086150490730644
RISK-NAT	train_nested_oof	primary	15.0	1.0	33	1	2	15	1	14	1	0	7.041666666666667	0.06666666666666667	0.5	0.11764705882352941	1.9881656804733727
RISK-NAT	train_nested_oof	primary	15.0	1.0	34	1	0	8	0	7	0	1	8.3	0.0		0.0	0.8433734939759036
RISK-NAT	train_nested_oof	primary	15.0	1.0	35	1	2	7	0	7	2	0	7.225	0.0	0.0	0.0	0.9688581314878894
RISK-NAT	train_nested_oof	primary	15.0	1.0	36	1	3	16	2	14	1	0	9.225	0.125	0.6666666666666666	0.21052631578947367	1.5176151761517616
RISK-NAT	train_nested_oof	primary	15.0	1.0	38	1	1	5	1	4	0	0	6.858333333333333	0.2	1.0	0.3333333333333333	0.583232077764277
RISK-NAT	train_nested_oof	primary	15.0	1.0	39	1	2	3	0	3	2	0	8.016666666666667	0.0	0.0	0.0	0.3742203742203742
RISK-NAT	train_nested_oof	primary	15.0	1.0	42	1	0	9	0	8	0	1	8.925	0.0		0.0	0.8963585434173669
RISK-NAT	train_nested_oof	primary	15.0	1.0	43	1	2	8	1	7	1	0	7.275	0.125	0.5	0.2	0.9621993127147765
RISK-NAT	train_nested_oof	primary	15.0	1.0	45	1	0	0	0	0	0	0	6.775				0.0
RISK-NAT	train_nested_oof	primary	15.0	1.0	46	1	5	27	4	21	1	2	7.483333333333333	0.16	0.8	0.26666666666666666	2.8062360801781736
RISK-NAT	train_nested_oof	primary	15.0	1.0	50	1	1	10	1	9	0	0	7.375	0.1	1.0	0.18181818181818182	1.2203389830508475
RISK-NAT	train_nested_oof	primary	15.0	1.0	51	1	1	5	0	5	1	0	8.416666666666666	0.0	0.0	0.0	0.5940594059405941
RISK-NAT	train_nested_oof	primary	15.0	1.0	53	1	0	2	0	2	0	0	7.808333333333334	0.0		0.0	0.256136606189968
RISK-NAT	train_nested_oof	primary	15.0	1.0	54	1	1	36	0	35	1	1	7.916666666666667	0.0	0.0	0.0	4.421052631578947
RISK-NAT	train_nested_oof	primary	15.0	1.0	58	1	5	9	2	7	3	0	8.45	0.2222222222222222	0.4	0.2857142857142857	0.8284023668639054
RISK-NAT	train_nested_oof	primary	15.0	1.0	59	1	3	6	2	4	1	0	8.175	0.3333333333333333	0.6666666666666666	0.4444444444444444	0.48929663608562685
RISK-NAT	train_nested_oof	primary	15.0	1.0	60	1	3	2	0	2	3	0	7.258333333333334	0.0	0.0	0.0	0.2755453501722158
RISK-NAT	train_nested_oof	primary	15.0	1.0	61	1	0	15	0	13	0	2	8.316666666666666	0.0		0.0	1.56312625250501
RISK-NAT	train_nested_oof	primary	15.0	1.0	62	1	4	1	0	1	4	0	8.133333333333333	0.0	0.0	0.0	0.12295081967213116
RISK-NAT	train_nested_oof	primary	15.0	1.0	63	1	4	20	2	18	2	0	8.033333333333333	0.1	0.5	0.16666666666666666	2.240663900414938
RISK-NAT	train_nested_oof	primary	15.0	1.0	65	1	7	42	6	36	1	0	7.45	0.14285714285714285	0.8571428571428571	0.24489795918367346	4.832214765100671
RISK-NAT	train_nested_oof	primary	15.0	1.0	66	1	0	2	0	2	0	0	8.708333333333334	0.0		0.0	0.2296650717703349
RISK-NAT	train_nested_oof	primary	15.0	1.0	67	1	4	7	2	4	2	1	8.241666666666667	0.3333333333333333	0.5	0.4	0.48533872598584427
RISK-NAT	train_nested_oof	primary	15.0	1.0	68	1	5	6	3	3	2	0	7.733333333333333	0.5	0.6	0.5454545454545454	0.3879310344827586
RISK-NAT	train_nested_oof	primary	15.0	1.0	71	1	0	0	0	0	0	0	7.091666666666667				0.0
RISK-NAT	train_nested_oof	primary	15.0	1.0	72	1	1	2	1	0	0	1	6.933333333333334	1.0	1.0	1.0	0.0
RISK-NAT	train_nested_oof	primary	15.0	1.0	75	1	1	7	0	7	1	0	7.875	0.0	0.0	0.0	0.8888888888888888
RISK-NAT	train_nested_oof	primary	15.0	1.0	76	1	1	9	1	8	0	0	8.058333333333334	0.1111111111111111	1.0	0.2	0.9927611168562565
RISK-NAT	train_nested_oof	primary	15.0	1.0	78	2	7	17	3	14	4	0	16.241666666666667	0.17647058823529413	0.42857142857142855	0.25	0.8619805028219599
RISK-NAT	train_nested_oof	primary	15.0	1.0	79	2	4	6	1	5	3	0	16.35	0.16666666666666666	0.25	0.2	0.3058103975535168
RISK-NAT	train_nested_oof	primary	15.0	1.0	80	2	2	14	2	12	0	0	15.274999999999999	0.14285714285714285	1.0	0.25	0.7855973813420623
RISK-NAT	train_nested_oof	primary	15.0	1.0	81	2	1	21	1	20	0	0	14.666666666666668	0.047619047619047616	1.0	0.09090909090909091	1.3636363636363635
RISK-NAT	train_nested_oof	primary	15.0	1.0	82	2	4	17	3	14	1	0	16.066666666666666	0.17647058823529413	0.75	0.2857142857142857	0.8713692946058091
RISK-NAT	train_nested_oof	primary	15.0	1.0	84	3	20	7	2	5	18	0	22.03333333333333	0.2857142857142857	0.1	0.14814814814814814	0.22692889561270804
RISK-NAT	train_nested_oof	primary	15.0	1.0	85	1	0	5	0	5	0	0	7.383333333333334	0.0		0.0	0.6772009029345372
RISK-NAT	train_nested_oof	primary	15.0	1.0	87	3	0	12	0	12	0	0	20.333333333333336	0.0		0.0	0.5901639344262294
RISK-NAT	train_nested_oof	primary	15.0	1.0	91	2	0	24	0	24	0	0	16.46666666666667	0.0		0.0	1.4574898785425099
RISK-NAT	train_nested_oof	primary	15.0	1.0	92	2	19	11	4	7	15	0	16.325000000000003	0.36363636363636365	0.21052631578947367	0.26666666666666666	0.4287901990811638
RISK-NAT	train_nested_oof	primary	15.0	1.0	93	2	0	29	0	28	0	1	17.008333333333333	0.0		0.0	1.64625183733464
RISK-NAT	train_nested_oof	primary	15.0	1.0	94	1	2	9	1	8	1	0	6.891666666666667	0.1111111111111111	0.5	0.18181818181818182	1.1608222490931077
RISK-NAT	train_nested_oof	primary	15.0	1.0	95	1	0	4	0	4	0	0	7.025	0.0		0.0	0.5693950177935942
RISK-NAT	train_nested_oof	primary	15.0	1.0	96	3	10	11	1	10	9	0	22.8	0.09090909090909091	0.1	0.09523809523809523	0.43859649122807015
RISK-NAT	train_nested_oof	primary	15.0	1.0	98	3	6	2	2	0	4	0	20.616666666666667	1.0	0.3333333333333333	0.5	0.0
RISK-NAT	train_nested_oof	primary	15.0	1.0	99	3	7	27	4	23	3	0	21.2	0.14814814814814814	0.5714285714285714	0.23529411764705882	1.0849056603773586
RISK-NAT	train_nested_oof	primary	15.0	1.0	100	1	0	9	0	9	0	0	7.383333333333334	0.0		0.0	1.218961625282167
RISK-NAT	train_nested_oof	primary	15.0	1.0	101	1	0	1	0	1	0	0	7.241666666666666	0.0		0.0	0.13808975834292292
RISK-NAT	train_nested_oof	primary	15.0	1.0	104	1	3	13	1	12	2	0	8.008333333333333	0.07692307692307693	0.3333333333333333	0.125	1.4984391259105099
RISK-NAT	train_nested_oof	primary	15.0	1.0	108	1	1	12	0	12	1	0	6.716666666666667	0.0	0.0	0.0	1.7866004962779156
RISK-NAT	train_nested_oof	primary	45.0	1.0	1	1	4	15	4	10	0	1	8.25	0.2857142857142857	1.0	0.4444444444444444	1.2121212121212122
RISK-NAT	train_nested_oof	primary	45.0	1.0	6	1	0	4	0	4	0	0	3.35	0.0		0.0	1.1940298507462686
RISK-NAT	train_nested_oof	primary	45.0	1.0	8	1	0	8	0	8	0	0	8.083333333333334	0.0		0.0	0.9896907216494845
RISK-NAT	train_nested_oof	primary	45.0	1.0	9	1	3	14	3	11	0	0	8.725	0.21428571428571427	1.0	0.35294117647058826	1.2607449856733526
RISK-NAT	train_nested_oof	primary	45.0	1.0	10	1	3	19	3	16	0	0	8.991666666666667	0.15789473684210525	1.0	0.2727272727272727	1.7794253938832252
RISK-NAT	train_nested_oof	primary	45.0	1.0	11	1	6	15	3	11	3	1	8.408333333333333	0.21428571428571427	0.5	0.3	1.3082259663032705
RISK-NAT	train_nested_oof	primary	45.0	1.0	13	1	2	3	1	2	1	0	8.675	0.3333333333333333	0.5	0.4	0.23054755043227665
RISK-NAT	train_nested_oof	primary	45.0	1.0	14	1	1	2	0	2	1	0	8.558333333333334	0.0	0.0	0.0	0.23369036027263876
RISK-NAT	train_nested_oof	primary	45.0	1.0	16	1	2	16	2	14	0	0	7.716666666666667	0.125	1.0	0.2222222222222222	1.8142548596112311
RISK-NAT	train_nested_oof	primary	45.0	1.0	19	1	3	24	3	21	0	0	7.875	0.125	1.0	0.2222222222222222	2.6666666666666665
RISK-NAT	train_nested_oof	primary	45.0	1.0	20	1	1	5	1	4	0	0	7.1	0.2	1.0	0.3333333333333333	0.5633802816901409
RISK-NAT	train_nested_oof	primary	45.0	1.0	21	1	0	1	0	1	0	0	9.175	0.0		0.0	0.108991825613079
RISK-NAT	train_nested_oof	primary	45.0	1.0	24	1	1	4	0	4	1	0	6.716666666666667	0.0	0.0	0.0	0.5955334987593052
RISK-NAT	train_nested_oof	primary	45.0	1.0	29	1	2	4	2	2	0	0	7.458333333333333	0.5	1.0	0.6666666666666666	0.2681564245810056
RISK-NAT	train_nested_oof	primary	45.0	1.0	31	1	3	6	1	5	2	0	7.633333333333334	0.16666666666666666	0.3333333333333333	0.2222222222222222	0.6550218340611353
RISK-NAT	train_nested_oof	primary	45.0	1.0	32	1	5	1	0	1	5	0	7.641666666666667	0.0	0.0	0.0	0.13086150490730644
RISK-NAT	train_nested_oof	primary	45.0	1.0	33	1	2	15	1	14	1	0	7.041666666666667	0.06666666666666667	0.5	0.11764705882352941	1.9881656804733727
RISK-NAT	train_nested_oof	primary	45.0	1.0	34	1	0	8	0	7	0	1	8.3	0.0		0.0	0.8433734939759036
RISK-NAT	train_nested_oof	primary	45.0	1.0	35	1	2	7	0	7	2	0	7.225	0.0	0.0	0.0	0.9688581314878894
RISK-NAT	train_nested_oof	primary	45.0	1.0	36	1	3	16	2	14	1	0	9.225	0.125	0.6666666666666666	0.21052631578947367	1.5176151761517616
RISK-NAT	train_nested_oof	primary	45.0	1.0	38	1	1	5	1	4	0	0	6.858333333333333	0.2	1.0	0.3333333333333333	0.583232077764277
RISK-NAT	train_nested_oof	primary	45.0	1.0	39	1	2	3	0	3	2	0	8.016666666666667	0.0	0.0	0.0	0.3742203742203742
RISK-NAT	train_nested_oof	primary	45.0	1.0	42	1	0	9	0	8	0	1	8.925	0.0		0.0	0.8963585434173669
RISK-NAT	train_nested_oof	primary	45.0	1.0	43	1	2	8	1	7	1	0	7.275	0.125	0.5	0.2	0.9621993127147765
RISK-NAT	train_nested_oof	primary	45.0	1.0	45	1	0	0	0	0	0	0	6.775				0.0
RISK-NAT	train_nested_oof	primary	45.0	1.0	46	1	5	27	4	21	1	2	7.483333333333333	0.16	0.8	0.26666666666666666	2.8062360801781736
RISK-NAT	train_nested_oof	primary	45.0	1.0	50	1	1	10	1	9	0	0	7.375	0.1	1.0	0.18181818181818182	1.2203389830508475
RISK-NAT	train_nested_oof	primary	45.0	1.0	51	1	1	5	0	5	1	0	8.416666666666666	0.0	0.0	0.0	0.5940594059405941
RISK-NAT	train_nested_oof	primary	45.0	1.0	53	1	0	2	0	2	0	0	7.808333333333334	0.0		0.0	0.256136606189968
RISK-NAT	train_nested_oof	primary	45.0	1.0	54	1	1	36	1	34	0	1	7.916666666666667	0.02857142857142857	1.0	0.05555555555555555	4.294736842105263
RISK-NAT	train_nested_oof	primary	45.0	1.0	58	1	5	9	2	7	3	0	8.45	0.2222222222222222	0.4	0.2857142857142857	0.8284023668639054
RISK-NAT	train_nested_oof	primary	45.0	1.0	59	1	3	6	2	4	1	0	8.175	0.3333333333333333	0.6666666666666666	0.4444444444444444	0.48929663608562685
RISK-NAT	train_nested_oof	primary	45.0	1.0	60	1	3	2	0	2	3	0	7.258333333333334	0.0	0.0	0.0	0.2755453501722158
RISK-NAT	train_nested_oof	primary	45.0	1.0	61	1	0	15	0	13	0	2	8.316666666666666	0.0		0.0	1.56312625250501
RISK-NAT	train_nested_oof	primary	45.0	1.0	62	1	4	1	0	0	4	1	8.133333333333333		0.0	0.0	0.0
RISK-NAT	train_nested_oof	primary	45.0	1.0	63	1	4	20	2	18	2	0	8.033333333333333	0.1	0.5	0.16666666666666666	2.240663900414938
RISK-NAT	train_nested_oof	primary	45.0	1.0	65	1	7	42	6	36	1	0	7.45	0.14285714285714285	0.8571428571428571	0.24489795918367346	4.832214765100671
RISK-NAT	train_nested_oof	primary	45.0	1.0	66	1	0	2	0	2	0	0	8.708333333333334	0.0		0.0	0.2296650717703349
RISK-NAT	train_nested_oof	primary	45.0	1.0	67	1	4	7	2	4	2	1	8.241666666666667	0.3333333333333333	0.5	0.4	0.48533872598584427
RISK-NAT	train_nested_oof	primary	45.0	1.0	68	1	5	6	3	3	2	0	7.733333333333333	0.5	0.6	0.5454545454545454	0.3879310344827586
RISK-NAT	train_nested_oof	primary	45.0	1.0	71	1	0	0	0	0	0	0	7.091666666666667				0.0
RISK-NAT	train_nested_oof	primary	45.0	1.0	72	1	1	2	1	0	0	1	6.933333333333334	1.0	1.0	1.0	0.0
RISK-NAT	train_nested_oof	primary	45.0	1.0	75	1	1	7	1	6	0	0	7.875	0.14285714285714285	1.0	0.25	0.7619047619047619
RISK-NAT	train_nested_oof	primary	45.0	1.0	76	1	1	9	1	8	0	0	8.058333333333334	0.1111111111111111	1.0	0.2	0.9927611168562565
RISK-NAT	train_nested_oof	primary	45.0	1.0	78	2	7	17	5	12	2	0	16.241666666666667	0.29411764705882354	0.7142857142857143	0.4166666666666667	0.7388404309902514
RISK-NAT	train_nested_oof	primary	45.0	1.0	79	2	4	6	1	5	3	0	16.35	0.16666666666666666	0.25	0.2	0.3058103975535168
RISK-NAT	train_nested_oof	primary	45.0	1.0	80	2	2	14	2	12	0	0	15.274999999999999	0.14285714285714285	1.0	0.25	0.7855973813420623
RISK-NAT	train_nested_oof	primary	45.0	1.0	81	2	1	21	1	20	0	0	14.666666666666668	0.047619047619047616	1.0	0.09090909090909091	1.3636363636363635
RISK-NAT	train_nested_oof	primary	45.0	1.0	82	2	4	17	3	14	1	0	16.066666666666666	0.17647058823529413	0.75	0.2857142857142857	0.8713692946058091
RISK-NAT	train_nested_oof	primary	45.0	1.0	84	3	20	7	4	3	16	0	22.03333333333333	0.5714285714285714	0.2	0.2962962962962963	0.1361573373676248
RISK-NAT	train_nested_oof	primary	45.0	1.0	85	1	0	5	0	5	0	0	7.383333333333334	0.0		0.0	0.6772009029345372
RISK-NAT	train_nested_oof	primary	45.0	1.0	87	3	0	12	0	12	0	0	20.333333333333336	0.0		0.0	0.5901639344262294
RISK-NAT	train_nested_oof	primary	45.0	1.0	91	2	0	24	0	24	0	0	16.46666666666667	0.0		0.0	1.4574898785425099
RISK-NAT	train_nested_oof	primary	45.0	1.0	92	2	19	11	5	6	14	0	16.325000000000003	0.45454545454545453	0.2631578947368421	0.3333333333333333	0.36753445635528326
RISK-NAT	train_nested_oof	primary	45.0	1.0	93	2	0	29	0	28	0	1	17.008333333333333	0.0		0.0	1.64625183733464
RISK-NAT	train_nested_oof	primary	45.0	1.0	94	1	2	9	1	8	1	0	6.891666666666667	0.1111111111111111	0.5	0.18181818181818182	1.1608222490931077
RISK-NAT	train_nested_oof	primary	45.0	1.0	95	1	0	4	0	4	0	0	7.025	0.0		0.0	0.5693950177935942
RISK-NAT	train_nested_oof	primary	45.0	1.0	96	3	10	11	1	8	9	2	22.8	0.1111111111111111	0.1	0.10526315789473684	0.3508771929824561
RISK-NAT	train_nested_oof	primary	45.0	1.0	98	3	6	2	2	0	4	0	20.616666666666667	1.0	0.3333333333333333	0.5	0.0
RISK-NAT	train_nested_oof	primary	45.0	1.0	99	3	7	27	5	22	2	0	21.2	0.18518518518518517	0.7142857142857143	0.29411764705882354	1.0377358490566038
RISK-NAT	train_nested_oof	primary	45.0	1.0	100	1	0	9	0	9	0	0	7.383333333333334	0.0		0.0	1.218961625282167
RISK-NAT	train_nested_oof	primary	45.0	1.0	101	1	0	1	0	1	0	0	7.241666666666666	0.0		0.0	0.13808975834292292
RISK-NAT	train_nested_oof	primary	45.0	1.0	104	1	3	13	2	11	1	0	8.008333333333333	0.15384615384615385	0.6666666666666666	0.25	1.3735691987513008
RISK-NAT	train_nested_oof	primary	45.0	1.0	108	1	1	12	1	11	0	0	6.716666666666667	0.08333333333333333	1.0	0.15384615384615385	1.6377171215880892
SAMP-BAL	train_nested_oof	expanded	15.0	1.0	1	1	5	20	5	15	0	0	8.25	0.25	1.0	0.4	1.8181818181818181
SAMP-BAL	train_nested_oof	expanded	15.0	1.0	6	1	0	2	0	2	0	0	3.35	0.0		0.0	0.5970149253731343
SAMP-BAL	train_nested_oof	expanded	15.0	1.0	8	1	2	10	1	9	1	0	8.083333333333334	0.1	0.5	0.16666666666666666	1.11340206185567
SAMP-BAL	train_nested_oof	expanded	15.0	1.0	9	1	3	12	3	9	0	0	8.725	0.25	1.0	0.4	1.0315186246418337
SAMP-BAL	train_nested_oof	expanded	15.0	1.0	10	1	3	7	2	5	1	0	8.991666666666667	0.2857142857142857	0.6666666666666666	0.4	0.5560704355885079
SAMP-BAL	train_nested_oof	expanded	15.0	1.0	11	1	7	11	3	8	4	0	8.408333333333333	0.2727272727272727	0.42857142857142855	0.3333333333333333	0.9514370664023786
SAMP-BAL	train_nested_oof	expanded	15.0	1.0	13	1	2	7	1	6	1	0	8.675	0.14285714285714285	0.5	0.2222222222222222	0.6916426512968299
SAMP-BAL	train_nested_oof	expanded	15.0	1.0	14	1	2	1	0	1	2	0	8.558333333333334	0.0	0.0	0.0	0.11684518013631938
SAMP-BAL	train_nested_oof	expanded	15.0	1.0	16	1	2	20	1	19	1	0	7.716666666666667	0.05	0.5	0.09090909090909091	2.462203023758099
SAMP-BAL	train_nested_oof	expanded	15.0	1.0	19	1	3	21	2	19	1	0	7.875	0.09523809523809523	0.6666666666666666	0.16666666666666666	2.4126984126984126
SAMP-BAL	train_nested_oof	expanded	15.0	1.0	20	1	1	3	0	3	1	0	7.1	0.0	0.0	0.0	0.4225352112676057
SAMP-BAL	train_nested_oof	expanded	15.0	1.0	21	1	3	43	3	40	0	0	9.175	0.06976744186046512	1.0	0.13043478260869565	4.35967302452316
SAMP-BAL	train_nested_oof	expanded	15.0	1.0	24	1	1	7	0	7	1	0	6.716666666666667	0.0	0.0	0.0	1.0421836228287842
SAMP-BAL	train_nested_oof	expanded	15.0	1.0	29	1	2	4	1	3	1	0	7.458333333333333	0.25	0.5	0.3333333333333333	0.4022346368715084
SAMP-BAL	train_nested_oof	expanded	15.0	1.0	31	1	3	4	1	3	2	0	7.633333333333334	0.25	0.3333333333333333	0.2857142857142857	0.3930131004366812
SAMP-BAL	train_nested_oof	expanded	15.0	1.0	32	1	6	4	2	2	4	0	7.641666666666667	0.5	0.3333333333333333	0.4	0.2617230098146129
SAMP-BAL	train_nested_oof	expanded	15.0	1.0	33	1	2	15	2	13	0	0	7.041666666666667	0.13333333333333333	1.0	0.23529411764705882	1.846153846153846
SAMP-BAL	train_nested_oof	expanded	15.0	1.0	34	1	1	8	1	7	0	0	8.3	0.125	1.0	0.2222222222222222	0.8433734939759036
SAMP-BAL	train_nested_oof	expanded	15.0	1.0	35	1	2	5	0	5	2	0	7.225	0.0	0.0	0.0	0.6920415224913495
SAMP-BAL	train_nested_oof	expanded	15.0	1.0	36	1	3	11	2	9	1	0	9.225	0.18181818181818182	0.6666666666666666	0.2857142857142857	0.9756097560975611
SAMP-BAL	train_nested_oof	expanded	15.0	1.0	38	1	1	6	1	5	0	0	6.858333333333333	0.16666666666666666	1.0	0.2857142857142857	0.7290400972053462
SAMP-BAL	train_nested_oof	expanded	15.0	1.0	39	1	2	6	0	6	2	0	8.016666666666667	0.0	0.0	0.0	0.7484407484407484
SAMP-BAL	train_nested_oof	expanded	15.0	1.0	42	1	2	16	0	16	2	0	8.925	0.0	0.0	0.0	1.7927170868347337
SAMP-BAL	train_nested_oof	expanded	15.0	1.0	43	1	2	7	2	5	0	0	7.275	0.2857142857142857	1.0	0.4444444444444444	0.6872852233676976
SAMP-BAL	train_nested_oof	expanded	15.0	1.0	45	1	0	0	0	0	0	0	6.775				0.0
SAMP-BAL	train_nested_oof	expanded	15.0	1.0	46	1	8	13	5	8	3	0	7.483333333333333	0.38461538461538464	0.625	0.47619047619047616	1.0690423162583518
SAMP-BAL	train_nested_oof	expanded	15.0	1.0	50	1	1	5	1	4	0	0	7.375	0.2	1.0	0.3333333333333333	0.5423728813559322
SAMP-BAL	train_nested_oof	expanded	15.0	1.0	51	1	1	6	0	6	1	0	8.416666666666666	0.0	0.0	0.0	0.712871287128713
SAMP-BAL	train_nested_oof	expanded	15.0	1.0	53	1	0	4	0	4	0	0	7.808333333333334	0.0		0.0	0.512273212379936
SAMP-BAL	train_nested_oof	expanded	15.0	1.0	54	1	2	8	1	7	1	0	7.916666666666667	0.125	0.5	0.2	0.8842105263157894
SAMP-BAL	train_nested_oof	expanded	15.0	1.0	58	1	5	0	0	0	5	0	8.45		0.0	0.0	0.0
SAMP-BAL	train_nested_oof	expanded	15.0	1.0	59	1	3	19	1	18	2	0	8.175	0.05263157894736842	0.3333333333333333	0.09090909090909091	2.201834862385321
SAMP-BAL	train_nested_oof	expanded	15.0	1.0	60	1	3	1	0	1	3	0	7.258333333333334	0.0	0.0	0.0	0.1377726750861079
SAMP-BAL	train_nested_oof	expanded	15.0	1.0	61	1	2	14	1	13	1	0	8.316666666666666	0.07142857142857142	0.5	0.125	1.56312625250501
SAMP-BAL	train_nested_oof	expanded	15.0	1.0	62	1	6	2	0	2	6	0	8.133333333333333	0.0	0.0	0.0	0.24590163934426232
SAMP-BAL	train_nested_oof	expanded	15.0	1.0	63	1	4	14	2	12	2	0	8.033333333333333	0.14285714285714285	0.5	0.2222222222222222	1.4937759336099585
SAMP-BAL	train_nested_oof	expanded	15.0	1.0	65	1	7	38	7	31	0	0	7.45	0.18421052631578946	1.0	0.3111111111111111	4.1610738255033555
SAMP-BAL	train_nested_oof	expanded	15.0	1.0	66	1	0	4	0	4	0	0	8.708333333333334	0.0		0.0	0.4593301435406698
SAMP-BAL	train_nested_oof	expanded	15.0	1.0	67	1	5	9	4	5	1	0	8.241666666666667	0.4444444444444444	0.8	0.5714285714285714	0.6066734074823054
SAMP-BAL	train_nested_oof	expanded	15.0	1.0	68	1	5	4	2	2	3	0	7.733333333333333	0.5	0.4	0.4444444444444444	0.25862068965517243
SAMP-BAL	train_nested_oof	expanded	15.0	1.0	71	1	0	0	0	0	0	0	7.091666666666667				0.0
SAMP-BAL	train_nested_oof	expanded	15.0	1.0	72	1	2	0	0	0	2	0	6.933333333333334		0.0	0.0	0.0
SAMP-BAL	train_nested_oof	expanded	15.0	1.0	75	1	1	8	0	8	1	0	7.875	0.0	0.0	0.0	1.0158730158730158
SAMP-BAL	train_nested_oof	expanded	15.0	1.0	76	1	2	9	2	7	0	0	8.058333333333334	0.2222222222222222	1.0	0.36363636363636365	0.8686659772492243
SAMP-BAL	train_nested_oof	expanded	15.0	1.0	78	2	10	18	5	13	5	0	16.241666666666667	0.2777777777777778	0.5	0.35714285714285715	0.8004104669061056
SAMP-BAL	train_nested_oof	expanded	15.0	1.0	79	2	10	36	7	29	3	0	16.35	0.19444444444444445	0.7	0.30434782608695654	1.7737003058103975
SAMP-BAL	train_nested_oof	expanded	15.0	1.0	80	2	2	7	2	5	0	0	15.274999999999999	0.2857142857142857	1.0	0.4444444444444444	0.32733224222585927
SAMP-BAL	train_nested_oof	expanded	15.0	1.0	81	2	2	37	2	35	0	0	14.666666666666668	0.05405405405405406	1.0	0.10256410256410256	2.3863636363636362
SAMP-BAL	train_nested_oof	expanded	15.0	1.0	82	2	4	7	3	4	1	0	16.066666666666666	0.42857142857142855	0.75	0.5454545454545454	0.24896265560165975
SAMP-BAL	train_nested_oof	expanded	15.0	1.0	84	3	20	14	6	8	14	0	22.03333333333333	0.42857142857142855	0.3	0.35294117647058826	0.3630862329803329
SAMP-BAL	train_nested_oof	expanded	15.0	1.0	85	1	1	2	0	2	1	0	7.383333333333334	0.0	0.0	0.0	0.27088036117381487
SAMP-BAL	train_nested_oof	expanded	15.0	1.0	87	3	1	19	0	19	1	0	20.333333333333336	0.0	0.0	0.0	0.9344262295081966
SAMP-BAL	train_nested_oof	expanded	15.0	1.0	91	2	0	18	0	18	0	0	16.46666666666667	0.0		0.0	1.0931174089068825
SAMP-BAL	train_nested_oof	expanded	15.0	1.0	92	2	20	20	5	15	15	0	16.325000000000003	0.25	0.25	0.25	0.9188361408882081
SAMP-BAL	train_nested_oof	expanded	15.0	1.0	93	2	3	31	1	30	2	0	17.008333333333333	0.03225806451612903	0.3333333333333333	0.058823529411764705	1.7638412542871142
SAMP-BAL	train_nested_oof	expanded	15.0	1.0	94	1	3	6	1	5	2	0	6.891666666666667	0.16666666666666666	0.3333333333333333	0.2222222222222222	0.7255139056831923
SAMP-BAL	train_nested_oof	expanded	15.0	1.0	95	1	0	1	0	1	0	0	7.025	0.0		0.0	0.14234875444839856
SAMP-BAL	train_nested_oof	expanded	15.0	1.0	96	3	14	16	2	14	12	0	22.8	0.125	0.14285714285714285	0.13333333333333333	0.6140350877192983
SAMP-BAL	train_nested_oof	expanded	15.0	1.0	98	3	8	3	2	1	6	0	20.616666666666667	0.6666666666666666	0.25	0.36363636363636365	0.04850444624090541
SAMP-BAL	train_nested_oof	expanded	15.0	1.0	99	3	7	21	2	19	5	0	21.2	0.09523809523809523	0.2857142857142857	0.14285714285714285	0.8962264150943396
SAMP-BAL	train_nested_oof	expanded	15.0	1.0	100	1	1	15	0	15	1	0	7.383333333333334	0.0	0.0	0.0	2.0316027088036117
SAMP-BAL	train_nested_oof	expanded	15.0	1.0	101	1	0	1	0	1	0	0	7.241666666666666	0.0		0.0	0.13808975834292292
SAMP-BAL	train_nested_oof	expanded	15.0	1.0	104	1	3	7	1	6	2	0	8.008333333333333	0.14285714285714285	0.3333333333333333	0.2	0.7492195629552549
SAMP-BAL	train_nested_oof	expanded	15.0	1.0	108	1	1	9	0	9	1	0	6.716666666666667	0.0	0.0	0.0	1.3399503722084367
SAMP-BAL	train_nested_oof	expanded	45.0	1.0	1	1	5	20	5	15	0	0	8.25	0.25	1.0	0.4	1.8181818181818181
SAMP-BAL	train_nested_oof	expanded	45.0	1.0	6	1	0	2	0	2	0	0	3.35	0.0		0.0	0.5970149253731343
SAMP-BAL	train_nested_oof	expanded	45.0	1.0	8	1	2	10	1	9	1	0	8.083333333333334	0.1	0.5	0.16666666666666666	1.11340206185567
SAMP-BAL	train_nested_oof	expanded	45.0	1.0	9	1	3	12	3	9	0	0	8.725	0.25	1.0	0.4	1.0315186246418337
SAMP-BAL	train_nested_oof	expanded	45.0	1.0	10	1	3	7	2	5	1	0	8.991666666666667	0.2857142857142857	0.6666666666666666	0.4	0.5560704355885079
SAMP-BAL	train_nested_oof	expanded	45.0	1.0	11	1	7	11	3	8	4	0	8.408333333333333	0.2727272727272727	0.42857142857142855	0.3333333333333333	0.9514370664023786
SAMP-BAL	train_nested_oof	expanded	45.0	1.0	13	1	2	7	1	6	1	0	8.675	0.14285714285714285	0.5	0.2222222222222222	0.6916426512968299
SAMP-BAL	train_nested_oof	expanded	45.0	1.0	14	1	2	1	0	1	2	0	8.558333333333334	0.0	0.0	0.0	0.11684518013631938
SAMP-BAL	train_nested_oof	expanded	45.0	1.0	16	1	2	20	2	18	0	0	7.716666666666667	0.1	1.0	0.18181818181818182	2.3326133909287257
SAMP-BAL	train_nested_oof	expanded	45.0	1.0	19	1	3	21	3	18	0	0	7.875	0.14285714285714285	1.0	0.25	2.2857142857142856
SAMP-BAL	train_nested_oof	expanded	45.0	1.0	20	1	1	3	0	3	1	0	7.1	0.0	0.0	0.0	0.4225352112676057
SAMP-BAL	train_nested_oof	expanded	45.0	1.0	21	1	3	43	3	40	0	0	9.175	0.06976744186046512	1.0	0.13043478260869565	4.35967302452316
SAMP-BAL	train_nested_oof	expanded	45.0	1.0	24	1	1	7	0	7	1	0	6.716666666666667	0.0	0.0	0.0	1.0421836228287842
SAMP-BAL	train_nested_oof	expanded	45.0	1.0	29	1	2	4	2	2	0	0	7.458333333333333	0.5	1.0	0.6666666666666666	0.2681564245810056
SAMP-BAL	train_nested_oof	expanded	45.0	1.0	31	1	3	4	1	3	2	0	7.633333333333334	0.25	0.3333333333333333	0.2857142857142857	0.3930131004366812
SAMP-BAL	train_nested_oof	expanded	45.0	1.0	32	1	6	4	2	2	4	0	7.641666666666667	0.5	0.3333333333333333	0.4	0.2617230098146129
SAMP-BAL	train_nested_oof	expanded	45.0	1.0	33	1	2	15	2	13	0	0	7.041666666666667	0.13333333333333333	1.0	0.23529411764705882	1.846153846153846
SAMP-BAL	train_nested_oof	expanded	45.0	1.0	34	1	1	8	1	7	0	0	8.3	0.125	1.0	0.2222222222222222	0.8433734939759036
SAMP-BAL	train_nested_oof	expanded	45.0	1.0	35	1	2	5	1	4	1	0	7.225	0.2	0.5	0.2857142857142857	0.5536332179930796
SAMP-BAL	train_nested_oof	expanded	45.0	1.0	36	1	3	11	2	9	1	0	9.225	0.18181818181818182	0.6666666666666666	0.2857142857142857	0.9756097560975611
SAMP-BAL	train_nested_oof	expanded	45.0	1.0	38	1	1	6	1	5	0	0	6.858333333333333	0.16666666666666666	1.0	0.2857142857142857	0.7290400972053462
SAMP-BAL	train_nested_oof	expanded	45.0	1.0	39	1	2	6	1	5	1	0	8.016666666666667	0.16666666666666666	0.5	0.25	0.6237006237006236
SAMP-BAL	train_nested_oof	expanded	45.0	1.0	42	1	2	16	1	15	1	0	8.925	0.0625	0.5	0.1111111111111111	1.6806722689075628
SAMP-BAL	train_nested_oof	expanded	45.0	1.0	43	1	2	7	2	5	0	0	7.275	0.2857142857142857	1.0	0.4444444444444444	0.6872852233676976
SAMP-BAL	train_nested_oof	expanded	45.0	1.0	45	1	0	0	0	0	0	0	6.775				0.0
SAMP-BAL	train_nested_oof	expanded	45.0	1.0	46	1	8	13	5	8	3	0	7.483333333333333	0.38461538461538464	0.625	0.47619047619047616	1.0690423162583518
SAMP-BAL	train_nested_oof	expanded	45.0	1.0	50	1	1	5	1	4	0	0	7.375	0.2	1.0	0.3333333333333333	0.5423728813559322
SAMP-BAL	train_nested_oof	expanded	45.0	1.0	51	1	1	6	0	6	1	0	8.416666666666666	0.0	0.0	0.0	0.712871287128713
SAMP-BAL	train_nested_oof	expanded	45.0	1.0	53	1	0	4	0	4	0	0	7.808333333333334	0.0		0.0	0.512273212379936
SAMP-BAL	train_nested_oof	expanded	45.0	1.0	54	1	2	8	1	7	1	0	7.916666666666667	0.125	0.5	0.2	0.8842105263157894
SAMP-BAL	train_nested_oof	expanded	45.0	1.0	58	1	5	0	0	0	5	0	8.45		0.0	0.0	0.0
SAMP-BAL	train_nested_oof	expanded	45.0	1.0	59	1	3	19	2	17	1	0	8.175	0.10526315789473684	0.6666666666666666	0.18181818181818182	2.079510703363914
SAMP-BAL	train_nested_oof	expanded	45.0	1.0	60	1	3	1	0	1	3	0	7.258333333333334	0.0	0.0	0.0	0.1377726750861079
SAMP-BAL	train_nested_oof	expanded	45.0	1.0	61	1	2	14	2	12	0	0	8.316666666666666	0.14285714285714285	1.0	0.25	1.4428857715430863
SAMP-BAL	train_nested_oof	expanded	45.0	1.0	62	1	6	2	1	1	5	0	8.133333333333333	0.5	0.16666666666666666	0.25	0.12295081967213116
SAMP-BAL	train_nested_oof	expanded	45.0	1.0	63	1	4	14	2	12	2	0	8.033333333333333	0.14285714285714285	0.5	0.2222222222222222	1.4937759336099585
SAMP-BAL	train_nested_oof	expanded	45.0	1.0	65	1	7	38	7	31	0	0	7.45	0.18421052631578946	1.0	0.3111111111111111	4.1610738255033555
SAMP-BAL	train_nested_oof	expanded	45.0	1.0	66	1	0	4	0	4	0	0	8.708333333333334	0.0		0.0	0.4593301435406698
SAMP-BAL	train_nested_oof	expanded	45.0	1.0	67	1	5	9	4	5	1	0	8.241666666666667	0.4444444444444444	0.8	0.5714285714285714	0.6066734074823054
SAMP-BAL	train_nested_oof	expanded	45.0	1.0	68	1	5	4	2	2	3	0	7.733333333333333	0.5	0.4	0.4444444444444444	0.25862068965517243
SAMP-BAL	train_nested_oof	expanded	45.0	1.0	71	1	0	0	0	0	0	0	7.091666666666667				0.0
SAMP-BAL	train_nested_oof	expanded	45.0	1.0	72	1	2	0	0	0	2	0	6.933333333333334		0.0	0.0	0.0
SAMP-BAL	train_nested_oof	expanded	45.0	1.0	75	1	1	8	1	7	0	0	7.875	0.125	1.0	0.2222222222222222	0.8888888888888888
SAMP-BAL	train_nested_oof	expanded	45.0	1.0	76	1	2	9	2	7	0	0	8.058333333333334	0.2222222222222222	1.0	0.36363636363636365	0.8686659772492243
SAMP-BAL	train_nested_oof	expanded	45.0	1.0	78	2	10	18	6	12	4	0	16.241666666666667	0.3333333333333333	0.6	0.42857142857142855	0.7388404309902514
SAMP-BAL	train_nested_oof	expanded	45.0	1.0	79	2	10	36	7	29	3	0	16.35	0.19444444444444445	0.7	0.30434782608695654	1.7737003058103975
SAMP-BAL	train_nested_oof	expanded	45.0	1.0	80	2	2	7	2	5	0	0	15.274999999999999	0.2857142857142857	1.0	0.4444444444444444	0.32733224222585927
SAMP-BAL	train_nested_oof	expanded	45.0	1.0	81	2	2	37	2	35	0	0	14.666666666666668	0.05405405405405406	1.0	0.10256410256410256	2.3863636363636362
SAMP-BAL	train_nested_oof	expanded	45.0	1.0	82	2	4	7	3	4	1	0	16.066666666666666	0.42857142857142855	0.75	0.5454545454545454	0.24896265560165975
SAMP-BAL	train_nested_oof	expanded	45.0	1.0	84	3	20	14	8	6	12	0	22.03333333333333	0.5714285714285714	0.4	0.47058823529411764	0.2723146747352496
SAMP-BAL	train_nested_oof	expanded	45.0	1.0	85	1	1	2	0	2	1	0	7.383333333333334	0.0	0.0	0.0	0.27088036117381487
SAMP-BAL	train_nested_oof	expanded	45.0	1.0	87	3	1	19	1	18	0	0	20.333333333333336	0.05263157894736842	1.0	0.1	0.8852459016393441
SAMP-BAL	train_nested_oof	expanded	45.0	1.0	91	2	0	18	0	18	0	0	16.46666666666667	0.0		0.0	1.0931174089068825
SAMP-BAL	train_nested_oof	expanded	45.0	1.0	92	2	20	20	7	13	13	0	16.325000000000003	0.35	0.35	0.35	0.796324655436447
SAMP-BAL	train_nested_oof	expanded	45.0	1.0	93	2	3	31	1	30	2	0	17.008333333333333	0.03225806451612903	0.3333333333333333	0.058823529411764705	1.7638412542871142
SAMP-BAL	train_nested_oof	expanded	45.0	1.0	94	1	3	6	1	5	2	0	6.891666666666667	0.16666666666666666	0.3333333333333333	0.2222222222222222	0.7255139056831923
SAMP-BAL	train_nested_oof	expanded	45.0	1.0	95	1	0	1	0	1	0	0	7.025	0.0		0.0	0.14234875444839856
SAMP-BAL	train_nested_oof	expanded	45.0	1.0	96	3	14	16	5	11	9	0	22.8	0.3125	0.35714285714285715	0.3333333333333333	0.4824561403508772
SAMP-BAL	train_nested_oof	expanded	45.0	1.0	98	3	8	3	2	1	6	0	20.616666666666667	0.6666666666666666	0.25	0.36363636363636365	0.04850444624090541
SAMP-BAL	train_nested_oof	expanded	45.0	1.0	99	3	7	21	3	18	4	0	21.2	0.14285714285714285	0.42857142857142855	0.21428571428571427	0.8490566037735849
SAMP-BAL	train_nested_oof	expanded	45.0	1.0	100	1	1	15	0	15	1	0	7.383333333333334	0.0	0.0	0.0	2.0316027088036117
SAMP-BAL	train_nested_oof	expanded	45.0	1.0	101	1	0	1	0	1	0	0	7.241666666666666	0.0		0.0	0.13808975834292292
SAMP-BAL	train_nested_oof	expanded	45.0	1.0	104	1	3	7	2	5	1	0	8.008333333333333	0.2857142857142857	0.6666666666666666	0.4	0.6243496357960459
SAMP-BAL	train_nested_oof	expanded	45.0	1.0	108	1	1	9	1	8	0	0	6.716666666666667	0.1111111111111111	1.0	0.2	1.1910669975186103
SAMP-BAL	train_nested_oof	primary	15.0	1.0	1	1	4	20	4	15	0	1	8.25	0.21052631578947367	1.0	0.34782608695652173	1.8181818181818181
SAMP-BAL	train_nested_oof	primary	15.0	1.0	6	1	0	2	0	2	0	0	3.35	0.0		0.0	0.5970149253731343
SAMP-BAL	train_nested_oof	primary	15.0	1.0	8	1	0	10	0	9	0	1	8.083333333333334	0.0		0.0	1.11340206185567
SAMP-BAL	train_nested_oof	primary	15.0	1.0	9	1	3	12	3	9	0	0	8.725	0.25	1.0	0.4	1.0315186246418337
SAMP-BAL	train_nested_oof	primary	15.0	1.0	10	1	3	7	2	5	1	0	8.991666666666667	0.2857142857142857	0.6666666666666666	0.4	0.5560704355885079
SAMP-BAL	train_nested_oof	primary	15.0	1.0	11	1	6	11	2	8	4	1	8.408333333333333	0.2	0.3333333333333333	0.25	0.9514370664023786
SAMP-BAL	train_nested_oof	primary	15.0	1.0	13	1	2	7	1	6	1	0	8.675	0.14285714285714285	0.5	0.2222222222222222	0.6916426512968299
SAMP-BAL	train_nested_oof	primary	15.0	1.0	14	1	1	1	0	1	1	0	8.558333333333334	0.0	0.0	0.0	0.11684518013631938
SAMP-BAL	train_nested_oof	primary	15.0	1.0	16	1	2	20	1	19	1	0	7.716666666666667	0.05	0.5	0.09090909090909091	2.462203023758099
SAMP-BAL	train_nested_oof	primary	15.0	1.0	19	1	3	21	2	19	1	0	7.875	0.09523809523809523	0.6666666666666666	0.16666666666666666	2.4126984126984126
SAMP-BAL	train_nested_oof	primary	15.0	1.0	20	1	1	3	0	3	1	0	7.1	0.0	0.0	0.0	0.4225352112676057
SAMP-BAL	train_nested_oof	primary	15.0	1.0	21	1	0	43	0	40	0	3	9.175	0.0		0.0	4.35967302452316
SAMP-BAL	train_nested_oof	primary	15.0	1.0	24	1	1	7	0	7	1	0	6.716666666666667	0.0	0.0	0.0	1.0421836228287842
SAMP-BAL	train_nested_oof	primary	15.0	1.0	29	1	2	4	1	3	1	0	7.458333333333333	0.25	0.5	0.3333333333333333	0.4022346368715084
SAMP-BAL	train_nested_oof	primary	15.0	1.0	31	1	3	4	1	3	2	0	7.633333333333334	0.25	0.3333333333333333	0.2857142857142857	0.3930131004366812
SAMP-BAL	train_nested_oof	primary	15.0	1.0	32	1	5	4	1	2	4	1	7.641666666666667	0.3333333333333333	0.2	0.25	0.2617230098146129
SAMP-BAL	train_nested_oof	primary	15.0	1.0	33	1	2	15	2	13	0	0	7.041666666666667	0.13333333333333333	1.0	0.23529411764705882	1.846153846153846
SAMP-BAL	train_nested_oof	primary	15.0	1.0	34	1	0	8	0	7	0	1	8.3	0.0		0.0	0.8433734939759036
SAMP-BAL	train_nested_oof	primary	15.0	1.0	35	1	2	5	0	5	2	0	7.225	0.0	0.0	0.0	0.6920415224913495
SAMP-BAL	train_nested_oof	primary	15.0	1.0	36	1	3	11	2	9	1	0	9.225	0.18181818181818182	0.6666666666666666	0.2857142857142857	0.9756097560975611
SAMP-BAL	train_nested_oof	primary	15.0	1.0	38	1	1	6	1	5	0	0	6.858333333333333	0.16666666666666666	1.0	0.2857142857142857	0.7290400972053462
SAMP-BAL	train_nested_oof	primary	15.0	1.0	39	1	2	6	0	6	2	0	8.016666666666667	0.0	0.0	0.0	0.7484407484407484
SAMP-BAL	train_nested_oof	primary	15.0	1.0	42	1	0	16	0	16	0	0	8.925	0.0		0.0	1.7927170868347337
SAMP-BAL	train_nested_oof	primary	15.0	1.0	43	1	2	7	2	5	0	0	7.275	0.2857142857142857	1.0	0.4444444444444444	0.6872852233676976
SAMP-BAL	train_nested_oof	primary	15.0	1.0	45	1	0	0	0	0	0	0	6.775				0.0
SAMP-BAL	train_nested_oof	primary	15.0	1.0	46	1	5	13	4	8	1	1	7.483333333333333	0.3333333333333333	0.8	0.47058823529411764	1.0690423162583518
SAMP-BAL	train_nested_oof	primary	15.0	1.0	50	1	1	5	1	4	0	0	7.375	0.2	1.0	0.3333333333333333	0.5423728813559322
SAMP-BAL	train_nested_oof	primary	15.0	1.0	51	1	1	6	0	6	1	0	8.416666666666666	0.0	0.0	0.0	0.712871287128713
SAMP-BAL	train_nested_oof	primary	15.0	1.0	53	1	0	4	0	4	0	0	7.808333333333334	0.0		0.0	0.512273212379936
SAMP-BAL	train_nested_oof	primary	15.0	1.0	54	1	1	8	0	7	1	1	7.916666666666667	0.0	0.0	0.0	0.8842105263157894
SAMP-BAL	train_nested_oof	primary	15.0	1.0	58	1	5	0	0	0	5	0	8.45		0.0	0.0	0.0
SAMP-BAL	train_nested_oof	primary	15.0	1.0	59	1	3	19	1	18	2	0	8.175	0.05263157894736842	0.3333333333333333	0.09090909090909091	2.201834862385321
SAMP-BAL	train_nested_oof	primary	15.0	1.0	60	1	3	1	0	1	3	0	7.258333333333334	0.0	0.0	0.0	0.1377726750861079
SAMP-BAL	train_nested_oof	primary	15.0	1.0	61	1	0	14	0	13	0	1	8.316666666666666	0.0		0.0	1.56312625250501
SAMP-BAL	train_nested_oof	primary	15.0	1.0	62	1	4	2	0	2	4	0	8.133333333333333	0.0	0.0	0.0	0.24590163934426232
SAMP-BAL	train_nested_oof	primary	15.0	1.0	63	1	4	14	2	12	2	0	8.033333333333333	0.14285714285714285	0.5	0.2222222222222222	1.4937759336099585
SAMP-BAL	train_nested_oof	primary	15.0	1.0	65	1	7	38	7	31	0	0	7.45	0.18421052631578946	1.0	0.3111111111111111	4.1610738255033555
SAMP-BAL	train_nested_oof	primary	15.0	1.0	66	1	0	4	0	4	0	0	8.708333333333334	0.0		0.0	0.4593301435406698
SAMP-BAL	train_nested_oof	primary	15.0	1.0	67	1	4	9	3	5	1	1	8.241666666666667	0.375	0.75	0.5	0.6066734074823054
SAMP-BAL	train_nested_oof	primary	15.0	1.0	68	1	5	4	2	2	3	0	7.733333333333333	0.5	0.4	0.4444444444444444	0.25862068965517243
SAMP-BAL	train_nested_oof	primary	15.0	1.0	71	1	0	0	0	0	0	0	7.091666666666667				0.0
SAMP-BAL	train_nested_oof	primary	15.0	1.0	72	1	1	0	0	0	1	0	6.933333333333334		0.0	0.0	0.0
SAMP-BAL	train_nested_oof	primary	15.0	1.0	75	1	1	8	0	8	1	0	7.875	0.0	0.0	0.0	1.0158730158730158
SAMP-BAL	train_nested_oof	primary	15.0	1.0	76	1	1	9	1	7	0	1	8.058333333333334	0.125	1.0	0.2222222222222222	0.8686659772492243
SAMP-BAL	train_nested_oof	primary	15.0	1.0	78	2	7	18	5	13	2	0	16.241666666666667	0.2777777777777778	0.7142857142857143	0.4	0.8004104669061056
SAMP-BAL	train_nested_oof	primary	15.0	1.0	79	2	4	36	4	29	0	3	16.35	0.12121212121212122	1.0	0.21621621621621623	1.7737003058103975
SAMP-BAL	train_nested_oof	primary	15.0	1.0	80	2	2	7	2	5	0	0	15.274999999999999	0.2857142857142857	1.0	0.4444444444444444	0.32733224222585927
SAMP-BAL	train_nested_oof	primary	15.0	1.0	81	2	1	37	1	35	0	1	14.666666666666668	0.027777777777777776	1.0	0.05405405405405406	2.3863636363636362
SAMP-BAL	train_nested_oof	primary	15.0	1.0	82	2	4	7	3	4	1	0	16.066666666666666	0.42857142857142855	0.75	0.5454545454545454	0.24896265560165975
SAMP-BAL	train_nested_oof	primary	15.0	1.0	84	3	20	14	6	8	14	0	22.03333333333333	0.42857142857142855	0.3	0.35294117647058826	0.3630862329803329
SAMP-BAL	train_nested_oof	primary	15.0	1.0	85	1	0	2	0	2	0	0	7.383333333333334	0.0		0.0	0.27088036117381487
SAMP-BAL	train_nested_oof	primary	15.0	1.0	87	3	0	19	0	19	0	0	20.333333333333336	0.0		0.0	0.9344262295081966
SAMP-BAL	train_nested_oof	primary	15.0	1.0	91	2	0	18	0	18	0	0	16.46666666666667	0.0		0.0	1.0931174089068825
SAMP-BAL	train_nested_oof	primary	15.0	1.0	92	2	19	20	5	15	14	0	16.325000000000003	0.25	0.2631578947368421	0.2564102564102564	0.9188361408882081
SAMP-BAL	train_nested_oof	primary	15.0	1.0	93	2	0	31	0	30	0	1	17.008333333333333	0.0		0.0	1.7638412542871142
SAMP-BAL	train_nested_oof	primary	15.0	1.0	94	1	2	6	1	5	1	0	6.891666666666667	0.16666666666666666	0.5	0.25	0.7255139056831923
SAMP-BAL	train_nested_oof	primary	15.0	1.0	95	1	0	1	0	1	0	0	7.025	0.0		0.0	0.14234875444839856
SAMP-BAL	train_nested_oof	primary	15.0	1.0	96	3	10	16	1	14	9	1	22.8	0.06666666666666667	0.1	0.08	0.6140350877192983
SAMP-BAL	train_nested_oof	primary	15.0	1.0	98	3	6	3	1	1	5	1	20.616666666666667	0.5	0.16666666666666666	0.25	0.04850444624090541
SAMP-BAL	train_nested_oof	primary	15.0	1.0	99	3	7	21	2	19	5	0	21.2	0.09523809523809523	0.2857142857142857	0.14285714285714285	0.8962264150943396
SAMP-BAL	train_nested_oof	primary	15.0	1.0	100	1	0	15	0	15	0	0	7.383333333333334	0.0		0.0	2.0316027088036117
SAMP-BAL	train_nested_oof	primary	15.0	1.0	101	1	0	1	0	1	0	0	7.241666666666666	0.0		0.0	0.13808975834292292
SAMP-BAL	train_nested_oof	primary	15.0	1.0	104	1	3	7	1	6	2	0	8.008333333333333	0.14285714285714285	0.3333333333333333	0.2	0.7492195629552549
SAMP-BAL	train_nested_oof	primary	15.0	1.0	108	1	1	9	0	9	1	0	6.716666666666667	0.0	0.0	0.0	1.3399503722084367
SAMP-BAL	train_nested_oof	primary	45.0	1.0	1	1	4	20	4	15	0	1	8.25	0.21052631578947367	1.0	0.34782608695652173	1.8181818181818181
SAMP-BAL	train_nested_oof	primary	45.0	1.0	6	1	0	2	0	2	0	0	3.35	0.0		0.0	0.5970149253731343
SAMP-BAL	train_nested_oof	primary	45.0	1.0	8	1	0	10	0	9	0	1	8.083333333333334	0.0		0.0	1.11340206185567
SAMP-BAL	train_nested_oof	primary	45.0	1.0	9	1	3	12	3	9	0	0	8.725	0.25	1.0	0.4	1.0315186246418337
SAMP-BAL	train_nested_oof	primary	45.0	1.0	10	1	3	7	2	5	1	0	8.991666666666667	0.2857142857142857	0.6666666666666666	0.4	0.5560704355885079
SAMP-BAL	train_nested_oof	primary	45.0	1.0	11	1	6	11	2	8	4	1	8.408333333333333	0.2	0.3333333333333333	0.25	0.9514370664023786
SAMP-BAL	train_nested_oof	primary	45.0	1.0	13	1	2	7	1	6	1	0	8.675	0.14285714285714285	0.5	0.2222222222222222	0.6916426512968299
SAMP-BAL	train_nested_oof	primary	45.0	1.0	14	1	1	1	0	1	1	0	8.558333333333334	0.0	0.0	0.0	0.11684518013631938
SAMP-BAL	train_nested_oof	primary	45.0	1.0	16	1	2	20	2	18	0	0	7.716666666666667	0.1	1.0	0.18181818181818182	2.3326133909287257
SAMP-BAL	train_nested_oof	primary	45.0	1.0	19	1	3	21	3	18	0	0	7.875	0.14285714285714285	1.0	0.25	2.2857142857142856
SAMP-BAL	train_nested_oof	primary	45.0	1.0	20	1	1	3	0	3	1	0	7.1	0.0	0.0	0.0	0.4225352112676057
SAMP-BAL	train_nested_oof	primary	45.0	1.0	21	1	0	43	0	40	0	3	9.175	0.0		0.0	4.35967302452316
SAMP-BAL	train_nested_oof	primary	45.0	1.0	24	1	1	7	0	7	1	0	6.716666666666667	0.0	0.0	0.0	1.0421836228287842
SAMP-BAL	train_nested_oof	primary	45.0	1.0	29	1	2	4	2	2	0	0	7.458333333333333	0.5	1.0	0.6666666666666666	0.2681564245810056
SAMP-BAL	train_nested_oof	primary	45.0	1.0	31	1	3	4	1	3	2	0	7.633333333333334	0.25	0.3333333333333333	0.2857142857142857	0.3930131004366812
SAMP-BAL	train_nested_oof	primary	45.0	1.0	32	1	5	4	1	2	4	1	7.641666666666667	0.3333333333333333	0.2	0.25	0.2617230098146129
SAMP-BAL	train_nested_oof	primary	45.0	1.0	33	1	2	15	2	13	0	0	7.041666666666667	0.13333333333333333	1.0	0.23529411764705882	1.846153846153846
SAMP-BAL	train_nested_oof	primary	45.0	1.0	34	1	0	8	0	7	0	1	8.3	0.0		0.0	0.8433734939759036
SAMP-BAL	train_nested_oof	primary	45.0	1.0	35	1	2	5	1	4	1	0	7.225	0.2	0.5	0.2857142857142857	0.5536332179930796
SAMP-BAL	train_nested_oof	primary	45.0	1.0	36	1	3	11	2	9	1	0	9.225	0.18181818181818182	0.6666666666666666	0.2857142857142857	0.9756097560975611
SAMP-BAL	train_nested_oof	primary	45.0	1.0	38	1	1	6	1	5	0	0	6.858333333333333	0.16666666666666666	1.0	0.2857142857142857	0.7290400972053462
SAMP-BAL	train_nested_oof	primary	45.0	1.0	39	1	2	6	1	5	1	0	8.016666666666667	0.16666666666666666	0.5	0.25	0.6237006237006236
SAMP-BAL	train_nested_oof	primary	45.0	1.0	42	1	0	16	0	15	0	1	8.925	0.0		0.0	1.6806722689075628
SAMP-BAL	train_nested_oof	primary	45.0	1.0	43	1	2	7	2	5	0	0	7.275	0.2857142857142857	1.0	0.4444444444444444	0.6872852233676976
SAMP-BAL	train_nested_oof	primary	45.0	1.0	45	1	0	0	0	0	0	0	6.775				0.0
SAMP-BAL	train_nested_oof	primary	45.0	1.0	46	1	5	13	4	8	1	1	7.483333333333333	0.3333333333333333	0.8	0.47058823529411764	1.0690423162583518
SAMP-BAL	train_nested_oof	primary	45.0	1.0	50	1	1	5	1	4	0	0	7.375	0.2	1.0	0.3333333333333333	0.5423728813559322
SAMP-BAL	train_nested_oof	primary	45.0	1.0	51	1	1	6	0	6	1	0	8.416666666666666	0.0	0.0	0.0	0.712871287128713
SAMP-BAL	train_nested_oof	primary	45.0	1.0	53	1	0	4	0	4	0	0	7.808333333333334	0.0		0.0	0.512273212379936
SAMP-BAL	train_nested_oof	primary	45.0	1.0	54	1	1	8	0	7	1	1	7.916666666666667	0.0	0.0	0.0	0.8842105263157894
SAMP-BAL	train_nested_oof	primary	45.0	1.0	58	1	5	0	0	0	5	0	8.45		0.0	0.0	0.0
SAMP-BAL	train_nested_oof	primary	45.0	1.0	59	1	3	19	2	17	1	0	8.175	0.10526315789473684	0.6666666666666666	0.18181818181818182	2.079510703363914
SAMP-BAL	train_nested_oof	primary	45.0	1.0	60	1	3	1	0	1	3	0	7.258333333333334	0.0	0.0	0.0	0.1377726750861079
SAMP-BAL	train_nested_oof	primary	45.0	1.0	61	1	0	14	0	12	0	2	8.316666666666666	0.0		0.0	1.4428857715430863
SAMP-BAL	train_nested_oof	primary	45.0	1.0	62	1	4	2	0	1	4	1	8.133333333333333	0.0	0.0	0.0	0.12295081967213116
SAMP-BAL	train_nested_oof	primary	45.0	1.0	63	1	4	14	2	12	2	0	8.033333333333333	0.14285714285714285	0.5	0.2222222222222222	1.4937759336099585
SAMP-BAL	train_nested_oof	primary	45.0	1.0	65	1	7	38	7	31	0	0	7.45	0.18421052631578946	1.0	0.3111111111111111	4.1610738255033555
SAMP-BAL	train_nested_oof	primary	45.0	1.0	66	1	0	4	0	4	0	0	8.708333333333334	0.0		0.0	0.4593301435406698
SAMP-BAL	train_nested_oof	primary	45.0	1.0	67	1	4	9	3	5	1	1	8.241666666666667	0.375	0.75	0.5	0.6066734074823054
SAMP-BAL	train_nested_oof	primary	45.0	1.0	68	1	5	4	2	2	3	0	7.733333333333333	0.5	0.4	0.4444444444444444	0.25862068965517243
SAMP-BAL	train_nested_oof	primary	45.0	1.0	71	1	0	0	0	0	0	0	7.091666666666667				0.0
SAMP-BAL	train_nested_oof	primary	45.0	1.0	72	1	1	0	0	0	1	0	6.933333333333334		0.0	0.0	0.0
SAMP-BAL	train_nested_oof	primary	45.0	1.0	75	1	1	8	1	7	0	0	7.875	0.125	1.0	0.2222222222222222	0.8888888888888888
SAMP-BAL	train_nested_oof	primary	45.0	1.0	76	1	1	9	1	7	0	1	8.058333333333334	0.125	1.0	0.2222222222222222	0.8686659772492243
SAMP-BAL	train_nested_oof	primary	45.0	1.0	78	2	7	18	6	12	1	0	16.241666666666667	0.3333333333333333	0.8571428571428571	0.48	0.7388404309902514
SAMP-BAL	train_nested_oof	primary	45.0	1.0	79	2	4	36	4	29	0	3	16.35	0.12121212121212122	1.0	0.21621621621621623	1.7737003058103975
SAMP-BAL	train_nested_oof	primary	45.0	1.0	80	2	2	7	2	5	0	0	15.274999999999999	0.2857142857142857	1.0	0.4444444444444444	0.32733224222585927
SAMP-BAL	train_nested_oof	primary	45.0	1.0	81	2	1	37	1	35	0	1	14.666666666666668	0.027777777777777776	1.0	0.05405405405405406	2.3863636363636362
SAMP-BAL	train_nested_oof	primary	45.0	1.0	82	2	4	7	3	4	1	0	16.066666666666666	0.42857142857142855	0.75	0.5454545454545454	0.24896265560165975
SAMP-BAL	train_nested_oof	primary	45.0	1.0	84	3	20	14	8	6	12	0	22.03333333333333	0.5714285714285714	0.4	0.47058823529411764	0.2723146747352496
SAMP-BAL	train_nested_oof	primary	45.0	1.0	85	1	0	2	0	2	0	0	7.383333333333334	0.0		0.0	0.27088036117381487
SAMP-BAL	train_nested_oof	primary	45.0	1.0	87	3	0	19	0	18	0	1	20.333333333333336	0.0		0.0	0.8852459016393441
SAMP-BAL	train_nested_oof	primary	45.0	1.0	91	2	0	18	0	18	0	0	16.46666666666667	0.0		0.0	1.0931174089068825
SAMP-BAL	train_nested_oof	primary	45.0	1.0	92	2	19	20	7	13	12	0	16.325000000000003	0.35	0.3684210526315789	0.358974358974359	0.796324655436447
SAMP-BAL	train_nested_oof	primary	45.0	1.0	93	2	0	31	0	30	0	1	17.008333333333333	0.0		0.0	1.7638412542871142
SAMP-BAL	train_nested_oof	primary	45.0	1.0	94	1	2	6	1	5	1	0	6.891666666666667	0.16666666666666666	0.5	0.25	0.7255139056831923
SAMP-BAL	train_nested_oof	primary	45.0	1.0	95	1	0	1	0	1	0	0	7.025	0.0		0.0	0.14234875444839856
SAMP-BAL	train_nested_oof	primary	45.0	1.0	96	3	10	16	1	11	9	4	22.8	0.08333333333333333	0.1	0.09090909090909091	0.4824561403508772
SAMP-BAL	train_nested_oof	primary	45.0	1.0	98	3	6	3	1	1	5	1	20.616666666666667	0.5	0.16666666666666666	0.25	0.04850444624090541
SAMP-BAL	train_nested_oof	primary	45.0	1.0	99	3	7	21	3	18	4	0	21.2	0.14285714285714285	0.42857142857142855	0.21428571428571427	0.8490566037735849
SAMP-BAL	train_nested_oof	primary	45.0	1.0	100	1	0	15	0	15	0	0	7.383333333333334	0.0		0.0	2.0316027088036117
SAMP-BAL	train_nested_oof	primary	45.0	1.0	101	1	0	1	0	1	0	0	7.241666666666666	0.0		0.0	0.13808975834292292
SAMP-BAL	train_nested_oof	primary	45.0	1.0	104	1	3	7	2	5	1	0	8.008333333333333	0.2857142857142857	0.6666666666666666	0.4	0.6243496357960459
SAMP-BAL	train_nested_oof	primary	45.0	1.0	108	1	1	9	1	8	0	0	6.716666666666667	0.1111111111111111	1.0	0.2	1.1910669975186103
