candidate	outer_fold	alarm_budget_per_hour	subject	pid	event_time_sec	threshold
SAMP-BAL	1	0.1	sub-28	20	2340.0	1.0
SAMP-BAL	1	0.1	sub-28	20	2430.0	1.0
SAMP-BAL	1	0.1	sub-36	84	26580.0	1.0
SAMP-BAL	1	0.1	sub-36	84	26700.0	1.0
SAMP-BAL	1	0.1	sub-96	63	20460.0	1.0
SAMP-BAL	1	0.1	sub-96	63	20580.0	1.0
SAMP-BAL	1	0.1	sub-96	63	28410.0	1.0
SAMP-BAL	1	0.1	sub-96	63	28530.0	1.0
SAMP-BAL	1	0.25	sub-107	75	18960.0	0.9980732653366724
SAMP-BAL	1	0.25	sub-107	75	19650.0	0.9980732653366724
SAMP-BAL	1	0.25	sub-108	76	28110.0	0.9980732653366724
SAMP-BAL	1	0.25	sub-27	19	16020.0	0.9980732653366724
SAMP-BAL	1	0.25	sub-27	19	26580.0	0.9980732653366724
SAMP-BAL	1	0.25	sub-28	20	2340.0	0.9980732653366724
SAMP-BAL	1	0.25	sub-28	20	2430.0	0.9980732653366724
SAMP-BAL	1	0.25	sub-29	21	12960.0	0.9980732653366724
SAMP-BAL	1	0.25	sub-29	21	15060.0	0.9980732653366724
SAMP-BAL	1	0.25	sub-29	21	15270.0	0.9980732653366724
SAMP-BAL	1	0.25	sub-29	21	15600.0	0.9980732653366724
SAMP-BAL	1	0.25	sub-29	21	16230.0	0.9980732653366724
SAMP-BAL	1	0.25	sub-29	21	17760.0	0.9980732653366724
SAMP-BAL	1	0.25	sub-29	21	17940.0	0.9980732653366724
SAMP-BAL	1	0.25	sub-29	21	19740.0	0.9980732653366724
SAMP-BAL	1	0.25	sub-29	21	19800.0	0.9980732653366724
SAMP-BAL	1	0.25	sub-29	21	20160.0	0.9980732653366724
SAMP-BAL	1	0.25	sub-29	21	21090.0	0.9980732653366724
SAMP-BAL	1	0.25	sub-29	21	28890.0	0.9980732653366724
SAMP-BAL	1	0.25	sub-29	21	30060.0	0.9980732653366724
SAMP-BAL	1	0.25	sub-29	21	32190.0	0.9980732653366724
SAMP-BAL	1	0.25	sub-29	21	33120.0	0.9980732653366724
SAMP-BAL	1	0.25	sub-33	84	22050.0	0.9980732653366724
SAMP-BAL	1	0.25	sub-36	84	26580.0	0.9980732653366724
SAMP-BAL	1	0.25	sub-36	84	26700.0	0.9980732653366724
SAMP-BAL	1	0.25	sub-58	78	19650.0	0.9980732653366724
SAMP-BAL	1	0.25	sub-96	63	20460.0	0.9980732653366724
SAMP-BAL	1	0.25	sub-96	63	20580.0	0.9980732653366724
SAMP-BAL	1	0.25	sub-96	63	22200.0	0.9980732653366724
SAMP-BAL	1	0.25	sub-96	63	22320.0	0.9980732653366724
SAMP-BAL	1	0.25	sub-96	63	22530.0	0.9980732653366724
SAMP-BAL	1	0.25	sub-96	63	22740.0	0.9980732653366724
SAMP-BAL	1	0.25	sub-96	63	22860.0	0.9980732653366724
SAMP-BAL	1	0.25	sub-96	63	23130.0	0.9980732653366724
SAMP-BAL	1	0.25	sub-96	63	23400.0	0.9980732653366724
SAMP-BAL	1	0.25	sub-96	63	23550.0	0.9980732653366724
SAMP-BAL	1	0.25	sub-96	63	23640.0	0.9980732653366724
SAMP-BAL	1	0.25	sub-96	63	23700.0	0.9980732653366724
SAMP-BAL	1	0.25	sub-96	63	23820.0	0.9980732653366724
SAMP-BAL	1	0.25	sub-96	63	23910.0	0.9980732653366724
SAMP-BAL	1	0.25	sub-96	63	24000.0	0.9980732653366724
SAMP-BAL	1	0.25	sub-96	63	24060.0	0.9980732653366724
SAMP-BAL	1	0.25	sub-96	63	24300.0	0.9980732653366724
SAMP-BAL	1	0.25	sub-96	63	24420.0	0.9980732653366724
SAMP-BAL	1	0.25	sub-96	63	24600.0	0.9980732653366724
SAMP-BAL	1	0.25	sub-96	63	24690.0	0.9980732653366724
SAMP-BAL	1	0.25	sub-96	63	24780.0	0.9980732653366724
SAMP-BAL	1	0.25	sub-96	63	25020.0	0.9980732653366724
SAMP-BAL	1	0.25	sub-96	63	25140.0	0.9980732653366724
SAMP-BAL	1	0.25	sub-96	63	25260.0	0.9980732653366724
SAMP-BAL	1	0.25	sub-96	63	25650.0	0.9980732653366724
SAMP-BAL	1	0.25	sub-96	63	25890.0	0.9980732653366724
SAMP-BAL	1	0.25	sub-96	63	26190.0	0.9980732653366724
SAMP-BAL	1	0.25	sub-96	63	26430.0	0.9980732653366724
SAMP-BAL	1	0.25	sub-96	63	26670.0	0.9980732653366724
SAMP-BAL	1	0.25	sub-96	63	26820.0	0.9980732653366724
SAMP-BAL	1	0.25	sub-96	63	26910.0	0.9980732653366724
SAMP-BAL	1	0.25	sub-96	63	27090.0	0.9980732653366724
SAMP-BAL	1	0.25	sub-96	63	27210.0	0.9980732653366724
SAMP-BAL	1	0.25	sub-96	63	27300.0	0.9980732653366724
SAMP-BAL	1	0.25	sub-96	63	27450.0	0.9980732653366724
SAMP-BAL	1	0.25	sub-96	63	27540.0	0.9980732653366724
SAMP-BAL	1	0.25	sub-96	63	27630.0	0.9980732653366724
SAMP-BAL	1	0.25	sub-96	63	27810.0	0.9980732653366724
SAMP-BAL	1	0.25	sub-96	63	27960.0	0.9980732653366724
SAMP-BAL	1	0.25	sub-96	63	28170.0	0.9980732653366724
SAMP-BAL	1	0.25	sub-96	63	28410.0	0.9980732653366724
SAMP-BAL	1	0.25	sub-96	63	28500.0	0.9980732653366724
SAMP-BAL	1	0.5	sub-107	75	18960.0	0.9859363729567544
SAMP-BAL	1	0.5	sub-107	75	19500.0	0.9859363729567544
SAMP-BAL	1	0.5	sub-107	75	19650.0	0.9859363729567544
SAMP-BAL	1	0.5	sub-107	75	26640.0	0.9859363729567544
SAMP-BAL	1	0.5	sub-108	76	3030.0	0.9859363729567544
SAMP-BAL	1	0.5	sub-108	76	28110.0	0.9859363729567544
SAMP-BAL	1	0.5	sub-27	19	5190.0	0.9859363729567544
SAMP-BAL	1	0.5	sub-27	19	9450.0	0.9859363729567544
SAMP-BAL	1	0.5	sub-27	19	16020.0	0.9859363729567544
SAMP-BAL	1	0.5	sub-27	19	21540.0	0.9859363729567544
SAMP-BAL	1	0.5	sub-27	19	26580.0	0.9859363729567544
SAMP-BAL	1	0.5	sub-27	19	26820.0	0.9859363729567544
SAMP-BAL	1	0.5	sub-27	19	27510.0	0.9859363729567544
SAMP-BAL	1	0.5	sub-27	19	28110.0	0.9859363729567544
SAMP-BAL	1	0.5	sub-28	20	2340.0	0.9859363729567544
SAMP-BAL	1	0.5	sub-28	20	2430.0	0.9859363729567544
SAMP-BAL	1	0.5	sub-28	20	24330.0	0.9859363729567544
SAMP-BAL	1	0.5	sub-29	21	12960.0	0.9859363729567544
SAMP-BAL	1	0.5	sub-29	21	15000.0	0.9859363729567544
SAMP-BAL	1	0.5	sub-29	21	15060.0	0.9859363729567544
SAMP-BAL	1	0.5	sub-29	21	15270.0	0.9859363729567544
SAMP-BAL	1	0.5	sub-29	21	15600.0	0.9859363729567544
SAMP-BAL	1	0.5	sub-29	21	16170.0	0.9859363729567544
SAMP-BAL	1	0.5	sub-29	21	16230.0	0.9859363729567544
SAMP-BAL	1	0.5	sub-29	21	17760.0	0.9859363729567544
SAMP-BAL	1	0.5	sub-29	21	17940.0	0.9859363729567544
SAMP-BAL	1	0.5	sub-29	21	19740.0	0.9859363729567544
SAMP-BAL	1	0.5	sub-29	21	19800.0	0.9859363729567544
SAMP-BAL	1	0.5	sub-29	21	20100.0	0.9859363729567544
SAMP-BAL	1	0.5	sub-29	21	20160.0	0.9859363729567544
SAMP-BAL	1	0.5	sub-29	21	21090.0	0.9859363729567544
SAMP-BAL	1	0.5	sub-29	21	25260.0	0.9859363729567544
SAMP-BAL	1	0.5	sub-29	21	28890.0	0.9859363729567544
SAMP-BAL	1	0.5	sub-29	21	30060.0	0.9859363729567544
SAMP-BAL	1	0.5	sub-29	21	30660.0	0.9859363729567544
SAMP-BAL	1	0.5	sub-29	21	32190.0	0.9859363729567544
SAMP-BAL	1	0.5	sub-29	21	33120.0	0.9859363729567544
SAMP-BAL	1	0.5	sub-33	84	22050.0	0.9859363729567544
SAMP-BAL	1	0.5	sub-36	84	26580.0	0.9859363729567544
SAMP-BAL	1	0.5	sub-36	84	26700.0	0.9859363729567544
SAMP-BAL	1	0.5	sub-58	78	19650.0	0.9859363729567544
SAMP-BAL	1	0.5	sub-58	78	20490.0	0.9859363729567544
SAMP-BAL	1	0.5	sub-58	78	26610.0	0.9859363729567544
SAMP-BAL	1	0.5	sub-67	32	24240.0	0.9859363729567544
SAMP-BAL	1	0.5	sub-67	32	25140.0	0.9859363729567544
SAMP-BAL	1	0.5	sub-70	35	21510.0	0.9859363729567544
SAMP-BAL	1	0.5	sub-96	63	9210.0	0.9859363729567544
SAMP-BAL	1	0.5	sub-96	63	19860.0	0.9859363729567544
SAMP-BAL	1	0.5	sub-96	63	20460.0	0.9859363729567544
SAMP-BAL	1	0.5	sub-96	63	20580.0	0.9859363729567544
SAMP-BAL	1	0.5	sub-96	63	22320.0	0.9859363729567544
SAMP-BAL	1	0.5	sub-96	63	22530.0	0.9859363729567544
SAMP-BAL	1	0.5	sub-96	63	22740.0	0.9859363729567544
SAMP-BAL	1	0.5	sub-96	63	22860.0	0.9859363729567544
SAMP-BAL	1	0.5	sub-96	63	23130.0	0.9859363729567544
SAMP-BAL	1	0.5	sub-96	63	23400.0	0.9859363729567544
SAMP-BAL	1	0.5	sub-96	63	23820.0	0.9859363729567544
SAMP-BAL	1	0.5	sub-96	63	24300.0	0.9859363729567544
SAMP-BAL	1	0.5	sub-96	63	24690.0	0.9859363729567544
SAMP-BAL	1	0.5	sub-96	63	25140.0	0.9859363729567544
SAMP-BAL	1	0.5	sub-96	63	25260.0	0.9859363729567544
SAMP-BAL	1	0.5	sub-96	63	25650.0	0.9859363729567544
SAMP-BAL	1	0.5	sub-96	63	26670.0	0.9859363729567544
SAMP-BAL	1	0.5	sub-96	63	26910.0	0.9859363729567544
SAMP-BAL	1	0.5	sub-96	63	27210.0	0.9859363729567544
SAMP-BAL	1	0.5	sub-96	63	27540.0	0.9859363729567544
SAMP-BAL	1	0.5	sub-96	63	27810.0	0.9859363729567544
SAMP-BAL	1	0.5	sub-96	63	28410.0	0.9859363729567544
SAMP-BAL	1	0.5	sub-96	63	28500.0	0.9859363729567544
SAMP-BAL	1	0.5	sub-98	65	10920.0	0.9859363729567544
SAMP-BAL	1	0.5	sub-98	65	19080.0	0.9859363729567544
SAMP-BAL	1	0.5	sub-98	65	19620.0	0.9859363729567544
SAMP-BAL	1	0.5	sub-98	65	19770.0	0.9859363729567544
SAMP-BAL	1	0.5	sub-98	65	20070.0	0.9859363729567544
SAMP-BAL	1	0.5	sub-98	65	20310.0	0.9859363729567544
SAMP-BAL	1	0.5	sub-98	65	23370.0	0.9859363729567544
SAMP-BAL	1	0.5	sub-98	65	23490.0	0.9859363729567544
SAMP-BAL	1	0.5	sub-98	65	23640.0	0.9859363729567544
SAMP-BAL	1	0.5	sub-98	65	23910.0	0.9859363729567544
SAMP-BAL	1	0.5	sub-98	65	25710.0	0.9859363729567544
SAMP-BAL	1	0.5	sub-98	65	26040.0	0.9859363729567544
SAMP-BAL	1	0.5	sub-98	65	26190.0	0.9859363729567544
SAMP-BAL	1	1.0	sub-107	75	16440.0	0.9241418199787566
SAMP-BAL	1	1.0	sub-107	75	18960.0	0.9241418199787566
SAMP-BAL	1	1.0	sub-107	75	19380.0	0.9241418199787566
SAMP-BAL	1	1.0	sub-107	75	19500.0	0.9241418199787566
SAMP-BAL	1	1.0	sub-107	75	19650.0	0.9241418199787566
SAMP-BAL	1	1.0	sub-107	75	21180.0	0.9241418199787566
SAMP-BAL	1	1.0	sub-107	75	21660.0	0.9241418199787566
SAMP-BAL	1	1.0	sub-107	75	26640.0	0.9241418199787566
SAMP-BAL	1	1.0	sub-108	76	1380.0	0.9241418199787566
SAMP-BAL	1	1.0	sub-108	76	3030.0	0.9241418199787566
SAMP-BAL	1	1.0	sub-108	76	3360.0	0.9241418199787566
SAMP-BAL	1	1.0	sub-108	76	3900.0	0.9241418199787566
SAMP-BAL	1	1.0	sub-108	76	11430.0	0.9241418199787566
SAMP-BAL	1	1.0	sub-108	76	15990.0	0.9241418199787566
SAMP-BAL	1	1.0	sub-108	76	20460.0	0.9241418199787566
SAMP-BAL	1	1.0	sub-108	76	28110.0	0.9241418199787566
SAMP-BAL	1	1.0	sub-108	76	28800.0	0.9241418199787566
SAMP-BAL	1	1.0	sub-27	19	2310.0	0.9241418199787566
SAMP-BAL	1	1.0	sub-27	19	2850.0	0.9241418199787566
SAMP-BAL	1	1.0	sub-27	19	3420.0	0.9241418199787566
SAMP-BAL	1	1.0	sub-27	19	4380.0	0.9241418199787566
SAMP-BAL	1	1.0	sub-27	19	5190.0	0.9241418199787566
SAMP-BAL	1	1.0	sub-27	19	7080.0	0.9241418199787566
SAMP-BAL	1	1.0	sub-27	19	7680.0	0.9241418199787566
SAMP-BAL	1	1.0	sub-27	19	9450.0	0.9241418199787566
SAMP-BAL	1	1.0	sub-27	19	10470.0	0.9241418199787566
SAMP-BAL	1	1.0	sub-27	19	10650.0	0.9241418199787566
SAMP-BAL	1	1.0	sub-27	19	11040.0	0.9241418199787566
SAMP-BAL	1	1.0	sub-27	19	16020.0	0.9241418199787566
SAMP-BAL	1	1.0	sub-27	19	17460.0	0.9241418199787566
SAMP-BAL	1	1.0	sub-27	19	21540.0	0.9241418199787566
SAMP-BAL	1	1.0	sub-27	19	24210.0	0.9241418199787566
SAMP-BAL	1	1.0	sub-27	19	25590.0	0.9241418199787566
SAMP-BAL	1	1.0	sub-27	19	26580.0	0.9241418199787566
SAMP-BAL	1	1.0	sub-27	19	26820.0	0.9241418199787566
SAMP-BAL	1	1.0	sub-27	19	26910.0	0.9241418199787566
SAMP-BAL	1	1.0	sub-27	19	27510.0	0.9241418199787566
SAMP-BAL	1	1.0	sub-27	19	28110.0	0.9241418199787566
SAMP-BAL	1	1.0	sub-28	20	2340.0	0.9241418199787566
SAMP-BAL	1	1.0	sub-28	20	2430.0	0.9241418199787566
SAMP-BAL	1	1.0	sub-28	20	24330.0	0.9241418199787566
SAMP-BAL	1	1.0	sub-29	21	2430.0	0.9241418199787566
SAMP-BAL	1	1.0	sub-29	21	12900.0	0.9241418199787566
SAMP-BAL	1	1.0	sub-29	21	12960.0	0.9241418199787566
SAMP-BAL	1	1.0	sub-29	21	14340.0	0.9241418199787566
SAMP-BAL	1	1.0	sub-29	21	15000.0	0.9241418199787566
SAMP-BAL	1	1.0	sub-29	21	15060.0	0.9241418199787566
SAMP-BAL	1	1.0	sub-29	21	15210.0	0.9241418199787566
SAMP-BAL	1	1.0	sub-29	21	15270.0	0.9241418199787566
SAMP-BAL	1	1.0	sub-29	21	15420.0	0.9241418199787566
SAMP-BAL	1	1.0	sub-29	21	15540.0	0.9241418199787566
SAMP-BAL	1	1.0	sub-29	21	15600.0	0.9241418199787566
SAMP-BAL	1	1.0	sub-29	21	16170.0	0.9241418199787566
SAMP-BAL	1	1.0	sub-29	21	16230.0	0.9241418199787566
SAMP-BAL	1	1.0	sub-29	21	16320.0	0.9241418199787566
SAMP-BAL	1	1.0	sub-29	21	17760.0	0.9241418199787566
SAMP-BAL	1	1.0	sub-29	21	17850.0	0.9241418199787566
SAMP-BAL	1	1.0	sub-29	21	17940.0	0.9241418199787566
SAMP-BAL	1	1.0	sub-29	21	19680.0	0.9241418199787566
SAMP-BAL	1	1.0	sub-29	21	19740.0	0.9241418199787566
SAMP-BAL	1	1.0	sub-29	21	19800.0	0.9241418199787566
SAMP-BAL	1	1.0	sub-29	21	19890.0	0.9241418199787566
SAMP-BAL	1	1.0	sub-29	21	20100.0	0.9241418199787566
SAMP-BAL	1	1.0	sub-29	21	20160.0	0.9241418199787566
SAMP-BAL	1	1.0	sub-29	21	21030.0	0.9241418199787566
SAMP-BAL	1	1.0	sub-29	21	21090.0	0.9241418199787566
SAMP-BAL	1	1.0	sub-29	21	24510.0	0.9241418199787566
SAMP-BAL	1	1.0	sub-29	21	24600.0	0.9241418199787566
SAMP-BAL	1	1.0	sub-29	21	25260.0	0.9241418199787566
SAMP-BAL	1	1.0	sub-29	21	25440.0	0.9241418199787566
SAMP-BAL	1	1.0	sub-29	21	25590.0	0.9241418199787566
SAMP-BAL	1	1.0	sub-29	21	26460.0	0.9241418199787566
SAMP-BAL	1	1.0	sub-29	21	28890.0	0.9241418199787566
SAMP-BAL	1	1.0	sub-29	21	29640.0	0.9241418199787566
SAMP-BAL	1	1.0	sub-29	21	30060.0	0.9241418199787566
SAMP-BAL	1	1.0	sub-29	21	30420.0	0.9241418199787566
SAMP-BAL	1	1.0	sub-29	21	30600.0	0.9241418199787566
SAMP-BAL	1	1.0	sub-29	21	30660.0	0.9241418199787566
SAMP-BAL	1	1.0	sub-29	21	31470.0	0.9241418199787566
SAMP-BAL	1	1.0	sub-29	21	31530.0	0.9241418199787566
SAMP-BAL	1	1.0	sub-29	21	32130.0	0.9241418199787566
SAMP-BAL	1	1.0	sub-29	21	32190.0	0.9241418199787566
SAMP-BAL	1	1.0	sub-29	21	33030.0	0.9241418199787566
SAMP-BAL	1	1.0	sub-29	21	33120.0	0.9241418199787566
SAMP-BAL	1	1.0	sub-33	84	15690.0	0.9241418199787566
SAMP-BAL	1	1.0	sub-33	84	16350.0	0.9241418199787566
SAMP-BAL	1	1.0	sub-33	84	22050.0	0.9241418199787566
SAMP-BAL	1	1.0	sub-33	84	22470.0	0.9241418199787566
SAMP-BAL	1	1.0	sub-33	84	22950.0	0.9241418199787566
SAMP-BAL	1	1.0	sub-33	84	24030.0	0.9241418199787566
SAMP-BAL	1	1.0	sub-33	84	24150.0	0.9241418199787566
SAMP-BAL	1	1.0	sub-36	84	16200.0	0.9241418199787566
SAMP-BAL	1	1.0	sub-36	84	22200.0	0.9241418199787566
SAMP-BAL	1	1.0	sub-36	84	24900.0	0.9241418199787566
SAMP-BAL	1	1.0	sub-36	84	26580.0	0.9241418199787566
SAMP-BAL	1	1.0	sub-36	84	26700.0	0.9241418199787566
SAMP-BAL	1	1.0	sub-42	84	23100.0	0.9241418199787566
SAMP-BAL	1	1.0	sub-42	84	23430.0	0.9241418199787566
SAMP-BAL	1	1.0	sub-56	78	12840.0	0.9241418199787566
SAMP-BAL	1	1.0	sub-56	78	13320.0	0.9241418199787566
SAMP-BAL	1	1.0	sub-56	78	16080.0	0.9241418199787566
SAMP-BAL	1	1.0	sub-56	78	18630.0	0.9241418199787566
SAMP-BAL	1	1.0	sub-56	78	19140.0	0.9241418199787566
SAMP-BAL	1	1.0	sub-56	78	19230.0	0.9241418199787566
SAMP-BAL	1	1.0	sub-56	78	21000.0	0.9241418199787566
SAMP-BAL	1	1.0	sub-56	78	23820.0	0.9241418199787566
SAMP-BAL	1	1.0	sub-56	78	26520.0	0.9241418199787566
SAMP-BAL	1	1.0	sub-58	78	19650.0	0.9241418199787566
SAMP-BAL	1	1.0	sub-58	78	20490.0	0.9241418199787566
SAMP-BAL	1	1.0	sub-58	78	21540.0	0.9241418199787566
SAMP-BAL	1	1.0	sub-58	78	21900.0	0.9241418199787566
SAMP-BAL	1	1.0	sub-58	78	26610.0	0.9241418199787566
SAMP-BAL	1	1.0	sub-58	78	27690.0	0.9241418199787566
SAMP-BAL	1	1.0	sub-58	78	28770.0	0.9241418199787566
SAMP-BAL	1	1.0	sub-58	78	29730.0	0.9241418199787566
SAMP-BAL	1	1.0	sub-58	78	29940.0	0.9241418199787566
SAMP-BAL	1	1.0	sub-67	32	20310.0	0.9241418199787566
SAMP-BAL	1	1.0	sub-67	32	23550.0	0.9241418199787566
SAMP-BAL	1	1.0	sub-67	32	24240.0	0.9241418199787566
SAMP-BAL	1	1.0	sub-67	32	25140.0	0.9241418199787566
SAMP-BAL	1	1.0	sub-70	35	6870.0	0.9241418199787566
SAMP-BAL	1	1.0	sub-70	35	16350.0	0.9241418199787566
SAMP-BAL	1	1.0	sub-70	35	16800.0	0.9241418199787566
SAMP-BAL	1	1.0	sub-70	35	21510.0	0.9241418199787566
SAMP-BAL	1	1.0	sub-70	35	22140.0	0.9241418199787566
SAMP-BAL	1	1.0	sub-73	38	5760.0	0.9241418199787566
SAMP-BAL	1	1.0	sub-73	38	5850.0	0.9241418199787566
SAMP-BAL	1	1.0	sub-73	38	10680.0	0.9241418199787566
SAMP-BAL	1	1.0	sub-73	38	19530.0	0.9241418199787566
SAMP-BAL	1	1.0	sub-73	38	22380.0	0.9241418199787566
SAMP-BAL	1	1.0	sub-73	38	23130.0	0.9241418199787566
SAMP-BAL	1	1.0	sub-96	63	2130.0	0.9241418199787566
SAMP-BAL	1	1.0	sub-96	63	3570.0	0.9241418199787566
SAMP-BAL	1	1.0	sub-96	63	9210.0	0.9241418199787566
SAMP-BAL	1	1.0	sub-96	63	14190.0	0.9241418199787566
SAMP-BAL	1	1.0	sub-96	63	14370.0	0.9241418199787566
SAMP-BAL	1	1.0	sub-96	63	19860.0	0.9241418199787566
SAMP-BAL	1	1.0	sub-96	63	20460.0	0.9241418199787566
SAMP-BAL	1	1.0	sub-96	63	20580.0	0.9241418199787566
SAMP-BAL	1	1.0	sub-96	63	24300.0	0.9241418199787566
SAMP-BAL	1	1.0	sub-96	63	24690.0	0.9241418199787566
SAMP-BAL	1	1.0	sub-96	63	25140.0	0.9241418199787566
SAMP-BAL	1	1.0	sub-96	63	27810.0	0.9241418199787566
SAMP-BAL	1	1.0	sub-96	63	28410.0	0.9241418199787566
SAMP-BAL	1	1.0	sub-96	63	28500.0	0.9241418199787566
SAMP-BAL	1	1.0	sub-98	65	6570.0	0.9241418199787566
SAMP-BAL	1	1.0	sub-98	65	7020.0	0.9241418199787566
SAMP-BAL	1	1.0	sub-98	65	9570.0	0.9241418199787566
SAMP-BAL	1	1.0	sub-98	65	9870.0	0.9241418199787566
SAMP-BAL	1	1.0	sub-98	65	10050.0	0.9241418199787566
SAMP-BAL	1	1.0	sub-98	65	10920.0	0.9241418199787566
SAMP-BAL	1	1.0	sub-98	65	11490.0	0.9241418199787566
SAMP-BAL	1	1.0	sub-98	65	11610.0	0.9241418199787566
SAMP-BAL	1	1.0	sub-98	65	15300.0	0.9241418199787566
SAMP-BAL	1	1.0	sub-98	65	15390.0	0.9241418199787566
SAMP-BAL	1	1.0	sub-98	65	16020.0	0.9241418199787566
SAMP-BAL	1	1.0	sub-98	65	17280.0	0.9241418199787566
SAMP-BAL	1	1.0	sub-98	65	18480.0	0.9241418199787566
SAMP-BAL	1	1.0	sub-98	65	19080.0	0.9241418199787566
SAMP-BAL	1	1.0	sub-98	65	19410.0	0.9241418199787566
SAMP-BAL	1	1.0	sub-98	65	19620.0	0.9241418199787566
SAMP-BAL	1	1.0	sub-98	65	19770.0	0.9241418199787566
SAMP-BAL	1	1.0	sub-98	65	19950.0	0.9241418199787566
SAMP-BAL	1	1.0	sub-98	65	20070.0	0.9241418199787566
SAMP-BAL	1	1.0	sub-98	65	20310.0	0.9241418199787566
SAMP-BAL	1	1.0	sub-98	65	20610.0	0.9241418199787566
SAMP-BAL	1	1.0	sub-98	65	21120.0	0.9241418199787566
SAMP-BAL	1	1.0	sub-98	65	21240.0	0.9241418199787566
SAMP-BAL	1	1.0	sub-98	65	22530.0	0.9241418199787566
SAMP-BAL	1	1.0	sub-98	65	23370.0	0.9241418199787566
SAMP-BAL	1	1.0	sub-98	65	23490.0	0.9241418199787566
SAMP-BAL	1	1.0	sub-98	65	23640.0	0.9241418199787566
SAMP-BAL	1	1.0	sub-98	65	23910.0	0.9241418199787566
SAMP-BAL	1	1.0	sub-98	65	24120.0	0.9241418199787566
SAMP-BAL	1	1.0	sub-98	65	24300.0	0.9241418199787566
SAMP-BAL	1	1.0	sub-98	65	24390.0	0.9241418199787566
SAMP-BAL	1	1.0	sub-98	65	25470.0	0.9241418199787566
SAMP-BAL	1	1.0	sub-98	65	25560.0	0.9241418199787566
SAMP-BAL	1	1.0	sub-98	65	25710.0	0.9241418199787566
SAMP-BAL	1	1.0	sub-98	65	25890.0	0.9241418199787566
SAMP-BAL	1	1.0	sub-98	65	26040.0	0.9241418199787566
SAMP-BAL	1	1.0	sub-98	65	26190.0	0.9241418199787566
SAMP-BAL	1	1.0	sub-98	65	26340.0	0.9241418199787566
RISK-BAL	1	0.5	sub-103	71	3060.0	1.0
RISK-BAL	1	0.5	sub-107	75	18960.0	1.0
RISK-BAL	1	0.5	sub-107	75	19470.0	1.0
RISK-BAL	1	0.5	sub-107	75	19650.0	1.0
RISK-BAL	1	0.5	sub-107	75	26640.0	1.0
RISK-BAL	1	0.5	sub-108	76	1380.0	1.0
RISK-BAL	1	0.5	sub-108	76	11400.0	1.0
RISK-BAL	1	0.5	sub-108	76	28110.0	1.0
RISK-BAL	1	0.5	sub-27	19	1710.0	1.0
RISK-BAL	1	0.5	sub-27	19	7680.0	1.0
RISK-BAL	1	0.5	sub-27	19	12930.0	1.0
RISK-BAL	1	0.5	sub-27	19	17460.0	1.0
RISK-BAL	1	0.5	sub-27	19	26580.0	1.0
RISK-BAL	1	0.5	sub-28	20	3060.0	1.0
RISK-BAL	1	0.5	sub-28	20	24330.0	1.0
RISK-BAL	1	0.5	sub-28	20	25020.0	1.0
RISK-BAL	1	0.5	sub-29	21	10830.0	1.0
RISK-BAL	1	0.5	sub-29	21	11850.0	1.0
RISK-BAL	1	0.5	sub-29	21	16410.0	1.0
RISK-BAL	1	0.5	sub-33	84	15690.0	1.0
RISK-BAL	1	0.5	sub-33	84	22050.0	1.0
RISK-BAL	1	0.5	sub-42	84	23100.0	1.0
RISK-BAL	1	0.5	sub-56	78	19140.0	1.0
RISK-BAL	1	0.5	sub-56	78	21000.0	1.0
RISK-BAL	1	0.5	sub-56	78	23820.0	1.0
RISK-BAL	1	0.5	sub-56	78	28110.0	1.0
RISK-BAL	1	0.5	sub-58	78	19650.0	1.0
RISK-BAL	1	0.5	sub-58	78	21900.0	1.0
RISK-BAL	1	0.5	sub-58	78	29940.0	1.0
RISK-BAL	1	0.5	sub-70	35	16350.0	1.0
RISK-BAL	1	0.5	sub-70	35	16800.0	1.0
RISK-BAL	1	0.5	sub-70	35	21030.0	1.0
RISK-BAL	1	0.5	sub-70	35	21510.0	1.0
RISK-BAL	1	0.5	sub-70	35	24150.0	1.0
RISK-BAL	1	0.5	sub-73	38	9600.0	1.0
RISK-BAL	1	0.5	sub-73	38	10680.0	1.0
RISK-BAL	1	0.5	sub-96	63	9210.0	1.0
RISK-BAL	1	0.5	sub-96	63	14190.0	1.0
RISK-BAL	1	0.5	sub-96	63	19860.0	1.0
RISK-BAL	1	0.5	sub-96	63	21870.0	1.0
RISK-BAL	1	0.5	sub-96	63	23130.0	1.0
RISK-BAL	1	0.5	sub-96	63	23340.0	1.0
RISK-BAL	1	0.5	sub-96	63	24300.0	1.0
RISK-BAL	1	0.5	sub-98	65	7020.0	1.0
RISK-BAL	1	0.5	sub-98	65	17280.0	1.0
RISK-BAL	1	0.5	sub-98	65	19620.0	1.0
RISK-BAL	1	0.5	sub-98	65	23370.0	1.0
RISK-BAL	1	1.0	sub-103	71	1890.0	0.9999038975845004
RISK-BAL	1	1.0	sub-103	71	3060.0	0.9999038975845004
RISK-BAL	1	1.0	sub-103	71	6150.0	0.9999038975845004
RISK-BAL	1	1.0	sub-103	71	16080.0	0.9999038975845004
RISK-BAL	1	1.0	sub-107	75	3060.0	0.9999038975845004
RISK-BAL	1	1.0	sub-107	75	16440.0	0.9999038975845004
RISK-BAL	1	1.0	sub-107	75	18960.0	0.9999038975845004
RISK-BAL	1	1.0	sub-107	75	19380.0	0.9999038975845004
RISK-BAL	1	1.0	sub-107	75	19470.0	0.9999038975845004
RISK-BAL	1	1.0	sub-107	75	19650.0	0.9999038975845004
RISK-BAL	1	1.0	sub-107	75	21030.0	0.9999038975845004
RISK-BAL	1	1.0	sub-107	75	21660.0	0.9999038975845004
RISK-BAL	1	1.0	sub-107	75	23850.0	0.9999038975845004
RISK-BAL	1	1.0	sub-107	75	23940.0	0.9999038975845004
RISK-BAL	1	1.0	sub-107	75	25950.0	0.9999038975845004
RISK-BAL	1	1.0	sub-107	75	26640.0	0.9999038975845004
RISK-BAL	1	1.0	sub-108	76	1380.0	0.9999038975845004
RISK-BAL	1	1.0	sub-108	76	3030.0	0.9999038975845004
RISK-BAL	1	1.0	sub-108	76	3900.0	0.9999038975845004
RISK-BAL	1	1.0	sub-108	76	11400.0	0.9999038975845004
RISK-BAL	1	1.0	sub-108	76	15960.0	0.9999038975845004
RISK-BAL	1	1.0	sub-108	76	16140.0	0.9999038975845004
RISK-BAL	1	1.0	sub-108	76	17730.0	0.9999038975845004
RISK-BAL	1	1.0	sub-108	76	20460.0	0.9999038975845004
RISK-BAL	1	1.0	sub-108	76	28110.0	0.9999038975845004
RISK-BAL	1	1.0	sub-108	76	28800.0	0.9999038975845004
RISK-BAL	1	1.0	sub-27	19	1710.0	0.9999038975845004
RISK-BAL	1	1.0	sub-27	19	5190.0	0.9999038975845004
RISK-BAL	1	1.0	sub-27	19	5580.0	0.9999038975845004
RISK-BAL	1	1.0	sub-27	19	7680.0	0.9999038975845004
RISK-BAL	1	1.0	sub-27	19	9450.0	0.9999038975845004
RISK-BAL	1	1.0	sub-27	19	10470.0	0.9999038975845004
RISK-BAL	1	1.0	sub-27	19	12900.0	0.9999038975845004
RISK-BAL	1	1.0	sub-27	19	16020.0	0.9999038975845004
RISK-BAL	1	1.0	sub-27	19	17460.0	0.9999038975845004
RISK-BAL	1	1.0	sub-27	19	21540.0	0.9999038975845004
RISK-BAL	1	1.0	sub-27	19	24000.0	0.9999038975845004
RISK-BAL	1	1.0	sub-27	19	25590.0	0.9999038975845004
RISK-BAL	1	1.0	sub-27	19	26580.0	0.9999038975845004
RISK-BAL	1	1.0	sub-27	19	26910.0	0.9999038975845004
RISK-BAL	1	1.0	sub-27	19	27510.0	0.9999038975845004
RISK-BAL	1	1.0	sub-27	19	28110.0	0.9999038975845004
RISK-BAL	1	1.0	sub-28	20	3030.0	0.9999038975845004
RISK-BAL	1	1.0	sub-28	20	13710.0	0.9999038975845004
RISK-BAL	1	1.0	sub-28	20	19470.0	0.9999038975845004
RISK-BAL	1	1.0	sub-28	20	23790.0	0.9999038975845004
RISK-BAL	1	1.0	sub-28	20	24330.0	0.9999038975845004
RISK-BAL	1	1.0	sub-28	20	25020.0	0.9999038975845004
RISK-BAL	1	1.0	sub-29	21	2430.0	0.9999038975845004
RISK-BAL	1	1.0	sub-29	21	4680.0	0.9999038975845004
RISK-BAL	1	1.0	sub-29	21	5250.0	0.9999038975845004
RISK-BAL	1	1.0	sub-29	21	7770.0	0.9999038975845004
RISK-BAL	1	1.0	sub-29	21	10830.0	0.9999038975845004
RISK-BAL	1	1.0	sub-29	21	11850.0	0.9999038975845004
RISK-BAL	1	1.0	sub-29	21	16410.0	0.9999038975845004
RISK-BAL	1	1.0	sub-29	21	19290.0	0.9999038975845004
RISK-BAL	1	1.0	sub-33	84	15690.0	0.9999038975845004
RISK-BAL	1	1.0	sub-33	84	22050.0	0.9999038975845004
RISK-BAL	1	1.0	sub-33	84	22470.0	0.9999038975845004
RISK-BAL	1	1.0	sub-36	84	2790.0	0.9999038975845004
RISK-BAL	1	1.0	sub-36	84	10410.0	0.9999038975845004
RISK-BAL	1	1.0	sub-36	84	16200.0	0.9999038975845004
RISK-BAL	1	1.0	sub-36	84	26130.0	0.9999038975845004
RISK-BAL	1	1.0	sub-42	84	23100.0	0.9999038975845004
RISK-BAL	1	1.0	sub-42	84	23430.0	0.9999038975845004
RISK-BAL	1	1.0	sub-56	78	990.0	0.9999038975845004
RISK-BAL	1	1.0	sub-56	78	12450.0	0.9999038975845004
RISK-BAL	1	1.0	sub-56	78	12840.0	0.9999038975845004
RISK-BAL	1	1.0	sub-56	78	13320.0	0.9999038975845004
RISK-BAL	1	1.0	sub-56	78	13680.0	0.9999038975845004
RISK-BAL	1	1.0	sub-56	78	16080.0	0.9999038975845004
RISK-BAL	1	1.0	sub-56	78	17880.0	0.9999038975845004
RISK-BAL	1	1.0	sub-56	78	18630.0	0.9999038975845004
RISK-BAL	1	1.0	sub-56	78	18720.0	0.9999038975845004
RISK-BAL	1	1.0	sub-56	78	19140.0	0.9999038975845004
RISK-BAL	1	1.0	sub-56	78	19230.0	0.9999038975845004
RISK-BAL	1	1.0	sub-56	78	19740.0	0.9999038975845004
RISK-BAL	1	1.0	sub-56	78	19890.0	0.9999038975845004
RISK-BAL	1	1.0	sub-56	78	20010.0	0.9999038975845004
RISK-BAL	1	1.0	sub-56	78	21000.0	0.9999038975845004
RISK-BAL	1	1.0	sub-56	78	23460.0	0.9999038975845004
RISK-BAL	1	1.0	sub-56	78	23820.0	0.9999038975845004
RISK-BAL	1	1.0	sub-56	78	25770.0	0.9999038975845004
RISK-BAL	1	1.0	sub-56	78	26520.0	0.9999038975845004
RISK-BAL	1	1.0	sub-56	78	26790.0	0.9999038975845004
RISK-BAL	1	1.0	sub-56	78	27030.0	0.9999038975845004
RISK-BAL	1	1.0	sub-56	78	28110.0	0.9999038975845004
RISK-BAL	1	1.0	sub-56	78	28380.0	0.9999038975845004
RISK-BAL	1	1.0	sub-58	78	5940.0	0.9999038975845004
RISK-BAL	1	1.0	sub-58	78	19650.0	0.9999038975845004
RISK-BAL	1	1.0	sub-58	78	20490.0	0.9999038975845004
RISK-BAL	1	1.0	sub-58	78	21900.0	0.9999038975845004
RISK-BAL	1	1.0	sub-58	78	27690.0	0.9999038975845004
RISK-BAL	1	1.0	sub-58	78	29940.0	0.9999038975845004
RISK-BAL	1	1.0	sub-70	35	6090.0	0.9999038975845004
RISK-BAL	1	1.0	sub-70	35	6870.0	0.9999038975845004
RISK-BAL	1	1.0	sub-70	35	7950.0	0.9999038975845004
RISK-BAL	1	1.0	sub-70	35	16350.0	0.9999038975845004
RISK-BAL	1	1.0	sub-70	35	16800.0	0.9999038975845004
RISK-BAL	1	1.0	sub-70	35	21030.0	0.9999038975845004
RISK-BAL	1	1.0	sub-70	35	21510.0	0.9999038975845004
RISK-BAL	1	1.0	sub-70	35	22710.0	0.9999038975845004
RISK-BAL	1	1.0	sub-70	35	24150.0	0.9999038975845004
RISK-BAL	1	1.0	sub-73	38	5850.0	0.9999038975845004
RISK-BAL	1	1.0	sub-73	38	9600.0	0.9999038975845004
RISK-BAL	1	1.0	sub-73	38	10680.0	0.9999038975845004
RISK-BAL	1	1.0	sub-73	38	13860.0	0.9999038975845004
RISK-BAL	1	1.0	sub-73	38	16410.0	0.9999038975845004
RISK-BAL	1	1.0	sub-73	38	18480.0	0.9999038975845004
RISK-BAL	1	1.0	sub-73	38	19530.0	0.9999038975845004
RISK-BAL	1	1.0	sub-73	38	21060.0	0.9999038975845004
RISK-BAL	1	1.0	sub-73	38	21420.0	0.9999038975845004
RISK-BAL	1	1.0	sub-73	38	23130.0	0.9999038975845004
RISK-BAL	1	1.0	sub-96	63	9210.0	0.9999038975845004
RISK-BAL	1	1.0	sub-96	63	14190.0	0.9999038975845004
RISK-BAL	1	1.0	sub-96	63	14370.0	0.9999038975845004
RISK-BAL	1	1.0	sub-96	63	14670.0	0.9999038975845004
RISK-BAL	1	1.0	sub-96	63	19860.0	0.9999038975845004
RISK-BAL	1	1.0	sub-96	63	21840.0	0.9999038975845004
RISK-BAL	1	1.0	sub-96	63	23130.0	0.9999038975845004
RISK-BAL	1	1.0	sub-96	63	23340.0	0.9999038975845004
RISK-BAL	1	1.0	sub-96	63	23790.0	0.9999038975845004
RISK-BAL	1	1.0	sub-96	63	24300.0	0.9999038975845004
RISK-BAL	1	1.0	sub-96	63	24600.0	0.9999038975845004
RISK-BAL	1	1.0	sub-96	63	25140.0	0.9999038975845004
RISK-BAL	1	1.0	sub-96	63	25260.0	0.9999038975845004
RISK-BAL	1	1.0	sub-96	63	25650.0	0.9999038975845004
RISK-BAL	1	1.0	sub-96	63	25740.0	0.9999038975845004
RISK-BAL	1	1.0	sub-96	63	26310.0	0.9999038975845004
RISK-BAL	1	1.0	sub-96	63	26670.0	0.9999038975845004
RISK-BAL	1	1.0	sub-96	63	27060.0	0.9999038975845004
RISK-BAL	1	1.0	sub-96	63	27810.0	0.9999038975845004
RISK-BAL	1	1.0	sub-98	65	6570.0	0.9999038975845004
RISK-BAL	1	1.0	sub-98	65	7020.0	0.9999038975845004
RISK-BAL	1	1.0	sub-98	65	9570.0	0.9999038975845004
RISK-BAL	1	1.0	sub-98	65	9870.0	0.9999038975845004
RISK-BAL	1	1.0	sub-98	65	10050.0	0.9999038975845004
RISK-BAL	1	1.0	sub-98	65	10920.0	0.9999038975845004
RISK-BAL	1	1.0	sub-98	65	11220.0	0.9999038975845004
RISK-BAL	1	1.0	sub-98	65	12030.0	0.9999038975845004
RISK-BAL	1	1.0	sub-98	65	14910.0	0.9999038975845004
RISK-BAL	1	1.0	sub-98	65	16020.0	0.9999038975845004
RISK-BAL	1	1.0	sub-98	65	16620.0	0.9999038975845004
RISK-BAL	1	1.0	sub-98	65	17280.0	0.9999038975845004
RISK-BAL	1	1.0	sub-98	65	18480.0	0.9999038975845004
RISK-BAL	1	1.0	sub-98	65	19080.0	0.9999038975845004
RISK-BAL	1	1.0	sub-98	65	19410.0	0.9999038975845004
RISK-BAL	1	1.0	sub-98	65	19620.0	0.9999038975845004
RISK-BAL	1	1.0	sub-98	65	19770.0	0.9999038975845004
RISK-BAL	1	1.0	sub-98	65	19950.0	0.9999038975845004
RISK-BAL	1	1.0	sub-98	65	21120.0	0.9999038975845004
RISK-BAL	1	1.0	sub-98	65	22530.0	0.9999038975845004
RISK-BAL	1	1.0	sub-98	65	23370.0	0.9999038975845004
RISK-BAL	1	1.0	sub-98	65	23490.0	0.9999038975845004
RISK-BAL	1	1.0	sub-98	65	23730.0	0.9999038975845004
RISK-BAL	1	1.0	sub-98	65	23910.0	0.9999038975845004
RISK-BAL	1	1.0	sub-98	65	24120.0	0.9999038975845004
RISK-BAL	1	1.0	sub-98	65	24390.0	0.9999038975845004
RISK-BAL	1	1.0	sub-98	65	25080.0	0.9999038975845004
RISK-BAL	1	1.0	sub-98	65	25470.0	0.9999038975845004
RISK-BAL	1	1.0	sub-98	65	25560.0	0.9999038975845004
RISK-BAL	1	1.0	sub-98	65	26040.0	0.9999038975845004
RISK-BAL	1	1.0	sub-98	65	26190.0	0.9999038975845004
RISK-BAL	1	1.0	sub-98	65	26580.0	0.9999038975845004
RISK-NAT	1	0.1	sub-27	19	16020.0	0.2689414213699951
RISK-NAT	1	0.1	sub-27	19	21540.0	0.2689414213699951
RISK-NAT	1	0.1	sub-28	20	3000.0	0.2689414213699951
RISK-NAT	1	0.1	sub-33	84	22050.0	0.2689414213699951
RISK-NAT	1	0.1	sub-58	78	19650.0	0.2689414213699951
RISK-NAT	1	0.1	sub-96	63	2130.0	0.2689414213699951
RISK-NAT	1	0.1	sub-96	63	14190.0	0.2689414213699951
RISK-NAT	1	0.1	sub-98	65	19770.0	0.2689414213699951
RISK-NAT	1	0.1	sub-98	65	25710.0	0.2689414213699951
RISK-NAT	1	0.25	sub-107	75	18960.0	0.1192029220221175
RISK-NAT	1	0.25	sub-107	75	19380.0	0.1192029220221175
RISK-NAT	1	0.25	sub-107	75	19500.0	0.1192029220221175
RISK-NAT	1	0.25	sub-107	75	19650.0	0.1192029220221175
RISK-NAT	1	0.25	sub-108	76	28110.0	0.1192029220221175
RISK-NAT	1	0.25	sub-27	19	3420.0	0.1192029220221175
RISK-NAT	1	0.25	sub-27	19	4380.0	0.1192029220221175
RISK-NAT	1	0.25	sub-27	19	5190.0	0.1192029220221175
RISK-NAT	1	0.25	sub-27	19	7170.0	0.1192029220221175
RISK-NAT	1	0.25	sub-27	19	7680.0	0.1192029220221175
RISK-NAT	1	0.25	sub-27	19	9450.0	0.1192029220221175
RISK-NAT	1	0.25	sub-27	19	16020.0	0.1192029220221175
RISK-NAT	1	0.25	sub-27	19	21540.0	0.1192029220221175
RISK-NAT	1	0.25	sub-27	19	26580.0	0.1192029220221175
RISK-NAT	1	0.25	sub-27	19	27510.0	0.1192029220221175
RISK-NAT	1	0.25	sub-27	19	28110.0	0.1192029220221175
RISK-NAT	1	0.25	sub-28	20	3000.0	0.1192029220221175
RISK-NAT	1	0.25	sub-28	20	24330.0	0.1192029220221175
RISK-NAT	1	0.25	sub-33	84	22050.0	0.1192029220221175
RISK-NAT	1	0.25	sub-58	78	19650.0	0.1192029220221175
RISK-NAT	1	0.25	sub-58	78	21900.0	0.1192029220221175
RISK-NAT	1	0.25	sub-70	35	16350.0	0.1192029220221175
RISK-NAT	1	0.25	sub-70	35	16800.0	0.1192029220221175
RISK-NAT	1	0.25	sub-70	35	21510.0	0.1192029220221175
RISK-NAT	1	0.25	sub-96	63	2130.0	0.1192029220221175
RISK-NAT	1	0.25	sub-96	63	9210.0	0.1192029220221175
RISK-NAT	1	0.25	sub-96	63	14190.0	0.1192029220221175
RISK-NAT	1	0.25	sub-96	63	14370.0	0.1192029220221175
RISK-NAT	1	0.25	sub-96	63	14670.0	0.1192029220221175
RISK-NAT	1	0.25	sub-96	63	19440.0	0.1192029220221175
RISK-NAT	1	0.25	sub-96	63	19860.0	0.1192029220221175
RISK-NAT	1	0.25	sub-96	63	21810.0	0.1192029220221175
RISK-NAT	1	0.25	sub-96	63	28170.0	0.1192029220221175
RISK-NAT	1	0.25	sub-98	65	6570.0	0.1192029220221175
RISK-NAT	1	0.25	sub-98	65	9870.0	0.1192029220221175
RISK-NAT	1	0.25	sub-98	65	10920.0	0.1192029220221175
RISK-NAT	1	0.25	sub-98	65	16020.0	0.1192029220221175
RISK-NAT	1	0.25	sub-98	65	19620.0	0.1192029220221175
RISK-NAT	1	0.25	sub-98	65	19770.0	0.1192029220221175
RISK-NAT	1	0.25	sub-98	65	20310.0	0.1192029220221175
RISK-NAT	1	0.25	sub-98	65	22530.0	0.1192029220221175
RISK-NAT	1	0.25	sub-98	65	23370.0	0.1192029220221175
RISK-NAT	1	0.25	sub-98	65	23490.0	0.1192029220221175
RISK-NAT	1	0.25	sub-98	65	23910.0	0.1192029220221175
RISK-NAT	1	0.25	sub-98	65	24120.0	0.1192029220221175
RISK-NAT	1	0.25	sub-98	65	25710.0	0.1192029220221175
RISK-NAT	1	0.5	sub-107	75	18960.0	0.0758581800212435
RISK-NAT	1	0.5	sub-107	75	19380.0	0.0758581800212435
RISK-NAT	1	0.5	sub-107	75	19500.0	0.0758581800212435
RISK-NAT	1	0.5	sub-107	75	19650.0	0.0758581800212435
RISK-NAT	1	0.5	sub-108	76	3360.0	0.0758581800212435
RISK-NAT	1	0.5	sub-108	76	3900.0	0.0758581800212435
RISK-NAT	1	0.5	sub-108	76	28110.0	0.0758581800212435
RISK-NAT	1	0.5	sub-108	76	28800.0	0.0758581800212435
RISK-NAT	1	0.5	sub-27	19	3420.0	0.0758581800212435
RISK-NAT	1	0.5	sub-27	19	4380.0	0.0758581800212435
RISK-NAT	1	0.5	sub-27	19	5190.0	0.0758581800212435
RISK-NAT	1	0.5	sub-27	19	7170.0	0.0758581800212435
RISK-NAT	1	0.5	sub-27	19	7680.0	0.0758581800212435
RISK-NAT	1	0.5	sub-27	19	9450.0	0.0758581800212435
RISK-NAT	1	0.5	sub-27	19	10650.0	0.0758581800212435
RISK-NAT	1	0.5	sub-27	19	12930.0	0.0758581800212435
RISK-NAT	1	0.5	sub-27	19	16020.0	0.0758581800212435
RISK-NAT	1	0.5	sub-27	19	17460.0	0.0758581800212435
RISK-NAT	1	0.5	sub-27	19	21540.0	0.0758581800212435
RISK-NAT	1	0.5	sub-27	19	26580.0	0.0758581800212435
RISK-NAT	1	0.5	sub-27	19	27510.0	0.0758581800212435
RISK-NAT	1	0.5	sub-27	19	28110.0	0.0758581800212435
RISK-NAT	1	0.5	sub-28	20	3000.0	0.0758581800212435
RISK-NAT	1	0.5	sub-28	20	24330.0	0.0758581800212435
RISK-NAT	1	0.5	sub-28	20	25020.0	0.0758581800212435
RISK-NAT	1	0.5	sub-33	84	22050.0	0.0758581800212435
RISK-NAT	1	0.5	sub-42	84	23100.0	0.0758581800212435
RISK-NAT	1	0.5	sub-56	78	13680.0	0.0758581800212435
RISK-NAT	1	0.5	sub-56	78	27030.0	0.0758581800212435
RISK-NAT	1	0.5	sub-58	78	19650.0	0.0758581800212435
RISK-NAT	1	0.5	sub-58	78	21900.0	0.0758581800212435
RISK-NAT	1	0.5	sub-70	35	6870.0	0.0758581800212435
RISK-NAT	1	0.5	sub-70	35	16350.0	0.0758581800212435
RISK-NAT	1	0.5	sub-70	35	16800.0	0.0758581800212435
RISK-NAT	1	0.5	sub-70	35	21510.0	0.0758581800212435
RISK-NAT	1	0.5	sub-70	35	22710.0	0.0758581800212435
RISK-NAT	1	0.5	sub-73	38	10680.0	0.0758581800212435
RISK-NAT	1	0.5	sub-73	38	22380.0	0.0758581800212435
RISK-NAT	1	0.5	sub-73	38	23130.0	0.0758581800212435
RISK-NAT	1	0.5	sub-96	63	2130.0	0.0758581800212435
RISK-NAT	1	0.5	sub-96	63	9210.0	0.0758581800212435
RISK-NAT	1	0.5	sub-96	63	14190.0	0.0758581800212435
RISK-NAT	1	0.5	sub-96	63	14370.0	0.0758581800212435
RISK-NAT	1	0.5	sub-96	63	14670.0	0.0758581800212435
RISK-NAT	1	0.5	sub-96	63	19440.0	0.0758581800212435
RISK-NAT	1	0.5	sub-96	63	19860.0	0.0758581800212435
RISK-NAT	1	0.5	sub-96	63	21810.0	0.0758581800212435
RISK-NAT	1	0.5	sub-96	63	23160.0	0.0758581800212435
RISK-NAT	1	0.5	sub-96	63	28170.0	0.0758581800212435
RISK-NAT	1	0.5	sub-98	65	6570.0	0.0758581800212435
RISK-NAT	1	0.5	sub-98	65	7020.0	0.0758581800212435
RISK-NAT	1	0.5	sub-98	65	9870.0	0.0758581800212435
RISK-NAT	1	0.5	sub-98	65	10050.0	0.0758581800212435
RISK-NAT	1	0.5	sub-98	65	10920.0	0.0758581800212435
RISK-NAT	1	0.5	sub-98	65	16020.0	0.0758581800212435
RISK-NAT	1	0.5	sub-98	65	17280.0	0.0758581800212435
RISK-NAT	1	0.5	sub-98	65	18480.0	0.0758581800212435
RISK-NAT	1	0.5	sub-98	65	19410.0	0.0758581800212435
RISK-NAT	1	0.5	sub-98	65	19620.0	0.0758581800212435
RISK-NAT	1	0.5	sub-98	65	19770.0	0.0758581800212435
RISK-NAT	1	0.5	sub-98	65	19950.0	0.0758581800212435
RISK-NAT	1	0.5	sub-98	65	20310.0	0.0758581800212435
RISK-NAT	1	0.5	sub-98	65	20610.0	0.0758581800212435
RISK-NAT	1	0.5	sub-98	65	22530.0	0.0758581800212435
RISK-NAT	1	0.5	sub-98	65	23370.0	0.0758581800212435
RISK-NAT	1	0.5	sub-98	65	23490.0	0.0758581800212435
RISK-NAT	1	0.5	sub-98	65	23640.0	0.0758581800212435
RISK-NAT	1	0.5	sub-98	65	23910.0	0.0758581800212435
RISK-NAT	1	0.5	sub-98	65	24120.0	0.0758581800212435
RISK-NAT	1	0.5	sub-98	65	24300.0	0.0758581800212435
RISK-NAT	1	0.5	sub-98	65	25560.0	0.0758581800212435
RISK-NAT	1	0.5	sub-98	65	25710.0	0.0758581800212435
RISK-NAT	1	0.5	sub-98	65	26040.0	0.0758581800212435
RISK-NAT	1	1.0	sub-107	75	16440.0	0.0373268873441294
RISK-NAT	1	1.0	sub-107	75	18960.0	0.0373268873441294
RISK-NAT	1	1.0	sub-107	75	19380.0	0.0373268873441294
RISK-NAT	1	1.0	sub-107	75	19500.0	0.0373268873441294
RISK-NAT	1	1.0	sub-107	75	19650.0	0.0373268873441294
RISK-NAT	1	1.0	sub-107	75	21660.0	0.0373268873441294
RISK-NAT	1	1.0	sub-107	75	26640.0	0.0373268873441294
RISK-NAT	1	1.0	sub-108	76	1860.0	0.0373268873441294
RISK-NAT	1	1.0	sub-108	76	3030.0	0.0373268873441294
RISK-NAT	1	1.0	sub-108	76	3360.0	0.0373268873441294
RISK-NAT	1	1.0	sub-108	76	3900.0	0.0373268873441294
RISK-NAT	1	1.0	sub-108	76	15990.0	0.0373268873441294
RISK-NAT	1	1.0	sub-108	76	16140.0	0.0373268873441294
RISK-NAT	1	1.0	sub-108	76	17730.0	0.0373268873441294
RISK-NAT	1	1.0	sub-108	76	28110.0	0.0373268873441294
RISK-NAT	1	1.0	sub-108	76	28800.0	0.0373268873441294
RISK-NAT	1	1.0	sub-27	19	1710.0	0.0373268873441294
RISK-NAT	1	1.0	sub-27	19	2130.0	0.0373268873441294
RISK-NAT	1	1.0	sub-27	19	2310.0	0.0373268873441294
RISK-NAT	1	1.0	sub-27	19	2850.0	0.0373268873441294
RISK-NAT	1	1.0	sub-27	19	3300.0	0.0373268873441294
RISK-NAT	1	1.0	sub-27	19	3420.0	0.0373268873441294
RISK-NAT	1	1.0	sub-27	19	4380.0	0.0373268873441294
RISK-NAT	1	1.0	sub-27	19	5190.0	0.0373268873441294
RISK-NAT	1	1.0	sub-27	19	7170.0	0.0373268873441294
RISK-NAT	1	1.0	sub-27	19	7680.0	0.0373268873441294
RISK-NAT	1	1.0	sub-27	19	9450.0	0.0373268873441294
RISK-NAT	1	1.0	sub-27	19	10470.0	0.0373268873441294
RISK-NAT	1	1.0	sub-27	19	10650.0	0.0373268873441294
RISK-NAT	1	1.0	sub-27	19	12930.0	0.0373268873441294
RISK-NAT	1	1.0	sub-27	19	16020.0	0.0373268873441294
RISK-NAT	1	1.0	sub-27	19	17460.0	0.0373268873441294
RISK-NAT	1	1.0	sub-27	19	20010.0	0.0373268873441294
RISK-NAT	1	1.0	sub-27	19	21540.0	0.0373268873441294
RISK-NAT	1	1.0	sub-27	19	24000.0	0.0373268873441294
RISK-NAT	1	1.0	sub-27	19	24210.0	0.0373268873441294
RISK-NAT	1	1.0	sub-27	19	26580.0	0.0373268873441294
RISK-NAT	1	1.0	sub-27	19	26820.0	0.0373268873441294
RISK-NAT	1	1.0	sub-27	19	27510.0	0.0373268873441294
RISK-NAT	1	1.0	sub-27	19	28110.0	0.0373268873441294
RISK-NAT	1	1.0	sub-28	20	3000.0	0.0373268873441294
RISK-NAT	1	1.0	sub-28	20	19470.0	0.0373268873441294
RISK-NAT	1	1.0	sub-28	20	23790.0	0.0373268873441294
RISK-NAT	1	1.0	sub-28	20	24330.0	0.0373268873441294
RISK-NAT	1	1.0	sub-28	20	25020.0	0.0373268873441294
RISK-NAT	1	1.0	sub-29	21	10830.0	0.0373268873441294
RISK-NAT	1	1.0	sub-33	84	10470.0	0.0373268873441294
RISK-NAT	1	1.0	sub-33	84	15690.0	0.0373268873441294
RISK-NAT	1	1.0	sub-33	84	22050.0	0.0373268873441294
RISK-NAT	1	1.0	sub-33	84	22470.0	0.0373268873441294
RISK-NAT	1	1.0	sub-42	84	6150.0	0.0373268873441294
RISK-NAT	1	1.0	sub-42	84	23100.0	0.0373268873441294
RISK-NAT	1	1.0	sub-42	84	23430.0	0.0373268873441294
RISK-NAT	1	1.0	sub-56	78	990.0	0.0373268873441294
RISK-NAT	1	1.0	sub-56	78	12840.0	0.0373268873441294
RISK-NAT	1	1.0	sub-56	78	13320.0	0.0373268873441294
RISK-NAT	1	1.0	sub-56	78	13680.0	0.0373268873441294
RISK-NAT	1	1.0	sub-56	78	19230.0	0.0373268873441294
RISK-NAT	1	1.0	sub-56	78	20010.0	0.0373268873441294
RISK-NAT	1	1.0	sub-56	78	21000.0	0.0373268873441294
RISK-NAT	1	1.0	sub-56	78	26520.0	0.0373268873441294
RISK-NAT	1	1.0	sub-56	78	26790.0	0.0373268873441294
RISK-NAT	1	1.0	sub-56	78	27030.0	0.0373268873441294
RISK-NAT	1	1.0	sub-56	78	28110.0	0.0373268873441294
RISK-NAT	1	1.0	sub-58	78	12000.0	0.0373268873441294
RISK-NAT	1	1.0	sub-58	78	19650.0	0.0373268873441294
RISK-NAT	1	1.0	sub-58	78	20490.0	0.0373268873441294
RISK-NAT	1	1.0	sub-58	78	21510.0	0.0373268873441294
RISK-NAT	1	1.0	sub-58	78	21900.0	0.0373268873441294
RISK-NAT	1	1.0	sub-58	78	26610.0	0.0373268873441294
RISK-NAT	1	1.0	sub-67	32	1380.0	0.0373268873441294
RISK-NAT	1	1.0	sub-70	35	6870.0	0.0373268873441294
RISK-NAT	1	1.0	sub-70	35	7950.0	0.0373268873441294
RISK-NAT	1	1.0	sub-70	35	16350.0	0.0373268873441294
RISK-NAT	1	1.0	sub-70	35	16800.0	0.0373268873441294
RISK-NAT	1	1.0	sub-70	35	21510.0	0.0373268873441294
RISK-NAT	1	1.0	sub-70	35	22710.0	0.0373268873441294
RISK-NAT	1	1.0	sub-70	35	22980.0	0.0373268873441294
RISK-NAT	1	1.0	sub-73	38	5850.0	0.0373268873441294
RISK-NAT	1	1.0	sub-73	38	10680.0	0.0373268873441294
RISK-NAT	1	1.0	sub-73	38	19530.0	0.0373268873441294
RISK-NAT	1	1.0	sub-73	38	22380.0	0.0373268873441294
RISK-NAT	1	1.0	sub-73	38	23130.0	0.0373268873441294
RISK-NAT	1	1.0	sub-96	63	2130.0	0.0373268873441294
RISK-NAT	1	1.0	sub-96	63	9210.0	0.0373268873441294
RISK-NAT	1	1.0	sub-96	63	14190.0	0.0373268873441294
RISK-NAT	1	1.0	sub-96	63	14370.0	0.0373268873441294
RISK-NAT	1	1.0	sub-96	63	14670.0	0.0373268873441294
RISK-NAT	1	1.0	sub-96	63	19440.0	0.0373268873441294
RISK-NAT	1	1.0	sub-96	63	19860.0	0.0373268873441294
RISK-NAT	1	1.0	sub-96	63	20220.0	0.0373268873441294
RISK-NAT	1	1.0	sub-96	63	21810.0	0.0373268873441294
RISK-NAT	1	1.0	sub-96	63	23160.0	0.0373268873441294
RISK-NAT	1	1.0	sub-96	63	23340.0	0.0373268873441294
RISK-NAT	1	1.0	sub-96	63	24300.0	0.0373268873441294
RISK-NAT	1	1.0	sub-96	63	24600.0	0.0373268873441294
RISK-NAT	1	1.0	sub-96	63	25140.0	0.0373268873441294
RISK-NAT	1	1.0	sub-96	63	25650.0	0.0373268873441294
RISK-NAT	1	1.0	sub-96	63	26310.0	0.0373268873441294
RISK-NAT	1	1.0	sub-96	63	27630.0	0.0373268873441294
RISK-NAT	1	1.0	sub-96	63	27810.0	0.0373268873441294
RISK-NAT	1	1.0	sub-96	63	28170.0	0.0373268873441294
RISK-NAT	1	1.0	sub-96	63	28410.0	0.0373268873441294
RISK-NAT	1	1.0	sub-98	65	6300.0	0.0373268873441294
RISK-NAT	1	1.0	sub-98	65	6570.0	0.0373268873441294
RISK-NAT	1	1.0	sub-98	65	6720.0	0.0373268873441294
RISK-NAT	1	1.0	sub-98	65	7020.0	0.0373268873441294
RISK-NAT	1	1.0	sub-98	65	9870.0	0.0373268873441294
RISK-NAT	1	1.0	sub-98	65	10050.0	0.0373268873441294
RISK-NAT	1	1.0	sub-98	65	10920.0	0.0373268873441294
RISK-NAT	1	1.0	sub-98	65	11220.0	0.0373268873441294
RISK-NAT	1	1.0	sub-98	65	11520.0	0.0373268873441294
RISK-NAT	1	1.0	sub-98	65	12030.0	0.0373268873441294
RISK-NAT	1	1.0	sub-98	65	12450.0	0.0373268873441294
RISK-NAT	1	1.0	sub-98	65	15300.0	0.0373268873441294
RISK-NAT	1	1.0	sub-98	65	15390.0	0.0373268873441294
RISK-NAT	1	1.0	sub-98	65	16020.0	0.0373268873441294
RISK-NAT	1	1.0	sub-98	65	17280.0	0.0373268873441294
RISK-NAT	1	1.0	sub-98	65	18480.0	0.0373268873441294
RISK-NAT	1	1.0	sub-98	65	19080.0	0.0373268873441294
RISK-NAT	1	1.0	sub-98	65	19170.0	0.0373268873441294
RISK-NAT	1	1.0	sub-98	65	19410.0	0.0373268873441294
RISK-NAT	1	1.0	sub-98	65	19620.0	0.0373268873441294
RISK-NAT	1	1.0	sub-98	65	19770.0	0.0373268873441294
RISK-NAT	1	1.0	sub-98	65	19950.0	0.0373268873441294
RISK-NAT	1	1.0	sub-98	65	20070.0	0.0373268873441294
RISK-NAT	1	1.0	sub-98	65	20310.0	0.0373268873441294
RISK-NAT	1	1.0	sub-98	65	20400.0	0.0373268873441294
RISK-NAT	1	1.0	sub-98	65	20610.0	0.0373268873441294
RISK-NAT	1	1.0	sub-98	65	21120.0	0.0373268873441294
RISK-NAT	1	1.0	sub-98	65	21240.0	0.0373268873441294
RISK-NAT	1	1.0	sub-98	65	22530.0	0.0373268873441294
RISK-NAT	1	1.0	sub-98	65	23370.0	0.0373268873441294
RISK-NAT	1	1.0	sub-98	65	23490.0	0.0373268873441294
RISK-NAT	1	1.0	sub-98	65	23640.0	0.0373268873441294
RISK-NAT	1	1.0	sub-98	65	23730.0	0.0373268873441294
RISK-NAT	1	1.0	sub-98	65	23910.0	0.0373268873441294
RISK-NAT	1	1.0	sub-98	65	24120.0	0.0373268873441294
RISK-NAT	1	1.0	sub-98	65	24300.0	0.0373268873441294
RISK-NAT	1	1.0	sub-98	65	24390.0	0.0373268873441294
RISK-NAT	1	1.0	sub-98	65	25470.0	0.0373268873441294
RISK-NAT	1	1.0	sub-98	65	25560.0	0.0373268873441294
RISK-NAT	1	1.0	sub-98	65	25710.0	0.0373268873441294
RISK-NAT	1	1.0	sub-98	65	25890.0	0.0373268873441294
RISK-NAT	1	1.0	sub-98	65	26040.0	0.0373268873441294
SAMP-BAL	2	0.1	sub-13	91	13590.0	1.0
SAMP-BAL	2	0.1	sub-13	91	13710.0	1.0
SAMP-BAL	2	0.1	sub-87	54	25890.0	1.0
SAMP-BAL	2	0.1	sub-94	61	29520.0	1.0
SAMP-BAL	2	0.1	sub-94	61	29610.0	1.0
SAMP-BAL	2	0.25	sub-13	91	13590.0	0.9999938558253978
SAMP-BAL	2	0.25	sub-13	91	13710.0	0.9999938558253978
SAMP-BAL	2	0.25	sub-87	54	25890.0	0.9999938558253978
SAMP-BAL	2	0.25	sub-87	54	26040.0	0.9999938558253978
SAMP-BAL	2	0.25	sub-87	54	28170.0	0.9999938558253978
SAMP-BAL	2	0.25	sub-94	61	29520.0	0.9999938558253978
SAMP-BAL	2	0.25	sub-94	61	29610.0	0.9999938558253978
SAMP-BAL	2	0.5	sub-10	91	11040.0	0.9820137900379085
SAMP-BAL	2	0.5	sub-10	91	12780.0	0.9820137900379085
SAMP-BAL	2	0.5	sub-10	91	19350.0	0.9820137900379085
SAMP-BAL	2	0.5	sub-118	99	26490.0	0.9820137900379085
SAMP-BAL	2	0.5	sub-119	99	19380.0	0.9820137900379085
SAMP-BAL	2	0.5	sub-120	99	600.0	0.9820137900379085
SAMP-BAL	2	0.5	sub-120	99	13290.0	0.9820137900379085
SAMP-BAL	2	0.5	sub-120	99	13830.0	0.9820137900379085
SAMP-BAL	2	0.5	sub-120	99	19800.0	0.9820137900379085
SAMP-BAL	2	0.5	sub-120	99	20070.0	0.9820137900379085
SAMP-BAL	2	0.5	sub-120	99	22560.0	0.9820137900379085
SAMP-BAL	2	0.5	sub-128	108	3090.0	0.9820137900379085
SAMP-BAL	2	0.5	sub-128	108	11460.0	0.9820137900379085
SAMP-BAL	2	0.5	sub-128	108	11790.0	0.9820137900379085
SAMP-BAL	2	0.5	sub-128	108	15210.0	0.9820137900379085
SAMP-BAL	2	0.5	sub-128	108	18390.0	0.9820137900379085
SAMP-BAL	2	0.5	sub-13	91	9180.0	0.9820137900379085
SAMP-BAL	2	0.5	sub-13	91	9270.0	0.9820137900379085
SAMP-BAL	2	0.5	sub-13	91	13590.0	0.9820137900379085
SAMP-BAL	2	0.5	sub-13	91	13710.0	0.9820137900379085
SAMP-BAL	2	0.5	sub-15	10	25080.0	0.9820137900379085
SAMP-BAL	2	0.5	sub-15	10	25710.0	0.9820137900379085
SAMP-BAL	2	0.5	sub-15	10	29790.0	0.9820137900379085
SAMP-BAL	2	0.5	sub-30	94	14130.0	0.9820137900379085
SAMP-BAL	2	0.5	sub-30	94	19830.0	0.9820137900379085
SAMP-BAL	2	0.5	sub-30	94	24300.0	0.9820137900379085
SAMP-BAL	2	0.5	sub-39	85	22920.0	0.9820137900379085
SAMP-BAL	2	0.5	sub-8	6	3390.0	0.9820137900379085
SAMP-BAL	2	0.5	sub-8	6	4680.0	0.9820137900379085
SAMP-BAL	2	0.5	sub-87	54	19230.0	0.9820137900379085
SAMP-BAL	2	0.5	sub-87	54	20310.0	0.9820137900379085
SAMP-BAL	2	0.5	sub-87	54	25890.0	0.9820137900379085
SAMP-BAL	2	0.5	sub-87	54	26040.0	0.9820137900379085
SAMP-BAL	2	0.5	sub-87	54	28170.0	0.9820137900379085
SAMP-BAL	2	0.5	sub-87	54	28230.0	0.9820137900379085
SAMP-BAL	2	0.5	sub-92	59	5130.0	0.9820137900379085
SAMP-BAL	2	0.5	sub-92	59	8370.0	0.9820137900379085
SAMP-BAL	2	0.5	sub-92	59	9000.0	0.9820137900379085
SAMP-BAL	2	0.5	sub-92	59	10860.0	0.9820137900379085
SAMP-BAL	2	0.5	sub-92	59	22980.0	0.9820137900379085
SAMP-BAL	2	0.5	sub-92	59	24690.0	0.9820137900379085
SAMP-BAL	2	0.5	sub-94	61	3540.0	0.9820137900379085
SAMP-BAL	2	0.5	sub-94	61	7320.0	0.9820137900379085
SAMP-BAL	2	0.5	sub-94	61	15060.0	0.9820137900379085
SAMP-BAL	2	0.5	sub-94	61	16500.0	0.9820137900379085
SAMP-BAL	2	0.5	sub-94	61	25680.0	0.9820137900379085
SAMP-BAL	2	0.5	sub-94	61	26130.0	0.9820137900379085
SAMP-BAL	2	0.5	sub-94	61	29520.0	0.9820137900379085
SAMP-BAL	2	0.5	sub-94	61	29610.0	0.9820137900379085
SAMP-BAL	2	0.5	sub-95	62	17340.0	0.9820137900379085
SAMP-BAL	2	1.0	sub-10	91	11040.0	0.9399133498259924
SAMP-BAL	2	1.0	sub-10	91	11940.0	0.9399133498259924
SAMP-BAL	2	1.0	sub-10	91	12270.0	0.9399133498259924
SAMP-BAL	2	1.0	sub-10	91	12390.0	0.9399133498259924
SAMP-BAL	2	1.0	sub-10	91	12780.0	0.9399133498259924
SAMP-BAL	2	1.0	sub-10	91	19350.0	0.9399133498259924
SAMP-BAL	2	1.0	sub-10	91	22410.0	0.9399133498259924
SAMP-BAL	2	1.0	sub-10	91	24750.0	0.9399133498259924
SAMP-BAL	2	1.0	sub-10	91	24960.0	0.9399133498259924
SAMP-BAL	2	1.0	sub-10	91	28800.0	0.9399133498259924
SAMP-BAL	2	1.0	sub-118	99	13590.0	0.9399133498259924
SAMP-BAL	2	1.0	sub-118	99	14880.0	0.9399133498259924
SAMP-BAL	2	1.0	sub-118	99	18600.0	0.9399133498259924
SAMP-BAL	2	1.0	sub-118	99	19080.0	0.9399133498259924
SAMP-BAL	2	1.0	sub-118	99	26400.0	0.9399133498259924
SAMP-BAL	2	1.0	sub-118	99	26490.0	0.9399133498259924
SAMP-BAL	2	1.0	sub-119	99	6840.0	0.9399133498259924
SAMP-BAL	2	1.0	sub-119	99	10470.0	0.9399133498259924
SAMP-BAL	2	1.0	sub-119	99	13290.0	0.9399133498259924
SAMP-BAL	2	1.0	sub-119	99	14130.0	0.9399133498259924
SAMP-BAL	2	1.0	sub-119	99	18840.0	0.9399133498259924
SAMP-BAL	2	1.0	sub-119	99	19380.0	0.9399133498259924
SAMP-BAL	2	1.0	sub-120	99	600.0	0.9399133498259924
SAMP-BAL	2	1.0	sub-120	99	3630.0	0.9399133498259924
SAMP-BAL	2	1.0	sub-120	99	7290.0	0.9399133498259924
SAMP-BAL	2	1.0	sub-120	99	12930.0	0.9399133498259924
SAMP-BAL	2	1.0	sub-120	99	13290.0	0.9399133498259924
SAMP-BAL	2	1.0	sub-120	99	13830.0	0.9399133498259924
SAMP-BAL	2	1.0	sub-120	99	19800.0	0.9399133498259924
SAMP-BAL	2	1.0	sub-120	99	20070.0	0.9399133498259924
SAMP-BAL	2	1.0	sub-120	99	22560.0	0.9399133498259924
SAMP-BAL	2	1.0	sub-128	108	3090.0	0.9399133498259924
SAMP-BAL	2	1.0	sub-128	108	11460.0	0.9399133498259924
SAMP-BAL	2	1.0	sub-128	108	11790.0	0.9399133498259924
SAMP-BAL	2	1.0	sub-128	108	14730.0	0.9399133498259924
SAMP-BAL	2	1.0	sub-128	108	15060.0	0.9399133498259924
SAMP-BAL	2	1.0	sub-128	108	15210.0	0.9399133498259924
SAMP-BAL	2	1.0	sub-128	108	16260.0	0.9399133498259924
SAMP-BAL	2	1.0	sub-128	108	18390.0	0.9399133498259924
SAMP-BAL	2	1.0	sub-128	108	18720.0	0.9399133498259924
SAMP-BAL	2	1.0	sub-13	91	6900.0	0.9399133498259924
SAMP-BAL	2	1.0	sub-13	91	9180.0	0.9399133498259924
SAMP-BAL	2	1.0	sub-13	91	9270.0	0.9399133498259924
SAMP-BAL	2	1.0	sub-13	91	9330.0	0.9399133498259924
SAMP-BAL	2	1.0	sub-13	91	9660.0	0.9399133498259924
SAMP-BAL	2	1.0	sub-13	91	12180.0	0.9399133498259924
SAMP-BAL	2	1.0	sub-13	91	13590.0	0.9399133498259924
SAMP-BAL	2	1.0	sub-13	91	13710.0	0.9399133498259924
SAMP-BAL	2	1.0	sub-15	10	18810.0	0.9399133498259924
SAMP-BAL	2	1.0	sub-15	10	21180.0	0.9399133498259924
SAMP-BAL	2	1.0	sub-15	10	25080.0	0.9399133498259924
SAMP-BAL	2	1.0	sub-15	10	25710.0	0.9399133498259924
SAMP-BAL	2	1.0	sub-15	10	26310.0	0.9399133498259924
SAMP-BAL	2	1.0	sub-15	10	26640.0	0.9399133498259924
SAMP-BAL	2	1.0	sub-15	10	29790.0	0.9399133498259924
SAMP-BAL	2	1.0	sub-30	94	14130.0	0.9399133498259924
SAMP-BAL	2	1.0	sub-30	94	18000.0	0.9399133498259924
SAMP-BAL	2	1.0	sub-30	94	19830.0	0.9399133498259924
SAMP-BAL	2	1.0	sub-30	94	20100.0	0.9399133498259924
SAMP-BAL	2	1.0	sub-30	94	20340.0	0.9399133498259924
SAMP-BAL	2	1.0	sub-30	94	24300.0	0.9399133498259924
SAMP-BAL	2	1.0	sub-39	85	6330.0	0.9399133498259924
SAMP-BAL	2	1.0	sub-39	85	22920.0	0.9399133498259924
SAMP-BAL	2	1.0	sub-8	6	3390.0	0.9399133498259924
SAMP-BAL	2	1.0	sub-8	6	4680.0	0.9399133498259924
SAMP-BAL	2	1.0	sub-87	54	10500.0	0.9399133498259924
SAMP-BAL	2	1.0	sub-87	54	14280.0	0.9399133498259924
SAMP-BAL	2	1.0	sub-87	54	19230.0	0.9399133498259924
SAMP-BAL	2	1.0	sub-87	54	20310.0	0.9399133498259924
SAMP-BAL	2	1.0	sub-87	54	25890.0	0.9399133498259924
SAMP-BAL	2	1.0	sub-87	54	26040.0	0.9399133498259924
SAMP-BAL	2	1.0	sub-87	54	28170.0	0.9399133498259924
SAMP-BAL	2	1.0	sub-87	54	28230.0	0.9399133498259924
SAMP-BAL	2	1.0	sub-92	59	1950.0	0.9399133498259924
SAMP-BAL	2	1.0	sub-92	59	4980.0	0.9399133498259924
SAMP-BAL	2	1.0	sub-92	59	5130.0	0.9399133498259924
SAMP-BAL	2	1.0	sub-92	59	5520.0	0.9399133498259924
SAMP-BAL	2	1.0	sub-92	59	6300.0	0.9399133498259924
SAMP-BAL	2	1.0	sub-92	59	6570.0	0.9399133498259924
SAMP-BAL	2	1.0	sub-92	59	7590.0	0.9399133498259924
SAMP-BAL	2	1.0	sub-92	59	8370.0	0.9399133498259924
SAMP-BAL	2	1.0	sub-92	59	8640.0	0.9399133498259924
SAMP-BAL	2	1.0	sub-92	59	9000.0	0.9399133498259924
SAMP-BAL	2	1.0	sub-92	59	10860.0	0.9399133498259924
SAMP-BAL	2	1.0	sub-92	59	12720.0	0.9399133498259924
SAMP-BAL	2	1.0	sub-92	59	19050.0	0.9399133498259924
SAMP-BAL	2	1.0	sub-92	59	21210.0	0.9399133498259924
SAMP-BAL	2	1.0	sub-92	59	22980.0	0.9399133498259924
SAMP-BAL	2	1.0	sub-92	59	24690.0	0.9399133498259924
SAMP-BAL	2	1.0	sub-92	59	25140.0	0.9399133498259924
SAMP-BAL	2	1.0	sub-92	59	25950.0	0.9399133498259924
SAMP-BAL	2	1.0	sub-92	59	26640.0	0.9399133498259924
SAMP-BAL	2	1.0	sub-93	60	19770.0	0.9399133498259924
SAMP-BAL	2	1.0	sub-94	61	3540.0	0.9399133498259924
SAMP-BAL	2	1.0	sub-94	61	7320.0	0.9399133498259924
SAMP-BAL	2	1.0	sub-94	61	10230.0	0.9399133498259924
SAMP-BAL	2	1.0	sub-94	61	11370.0	0.9399133498259924
SAMP-BAL	2	1.0	sub-94	61	11970.0	0.9399133498259924
SAMP-BAL	2	1.0	sub-94	61	15060.0	0.9399133498259924
SAMP-BAL	2	1.0	sub-94	61	15930.0	0.9399133498259924
SAMP-BAL	2	1.0	sub-94	61	16500.0	0.9399133498259924
SAMP-BAL	2	1.0	sub-94	61	20220.0	0.9399133498259924
SAMP-BAL	2	1.0	sub-94	61	24240.0	0.9399133498259924
SAMP-BAL	2	1.0	sub-94	61	25680.0	0.9399133498259924
SAMP-BAL	2	1.0	sub-94	61	26130.0	0.9399133498259924
SAMP-BAL	2	1.0	sub-94	61	29520.0	0.9399133498259924
SAMP-BAL	2	1.0	sub-94	61	29610.0	0.9399133498259924
SAMP-BAL	2	1.0	sub-95	62	17340.0	0.9399133498259924
SAMP-BAL	2	1.0	sub-95	62	21990.0	0.9399133498259924
RISK-BAL	2	0.5	sub-10	91	12810.0	0.999999694097773
RISK-BAL	2	0.5	sub-10	91	19350.0	0.999999694097773
RISK-BAL	2	0.5	sub-119	99	13290.0	0.999999694097773
RISK-BAL	2	0.5	sub-119	99	14130.0	0.999999694097773
RISK-BAL	2	0.5	sub-120	99	600.0	0.999999694097773
RISK-BAL	2	0.5	sub-120	99	13830.0	0.999999694097773
RISK-BAL	2	0.5	sub-120	99	20070.0	0.999999694097773
RISK-BAL	2	0.5	sub-128	108	11460.0	0.999999694097773
RISK-BAL	2	0.5	sub-128	108	11790.0	0.999999694097773
RISK-BAL	2	0.5	sub-13	91	9180.0	0.999999694097773
RISK-BAL	2	0.5	sub-13	91	9270.0	0.999999694097773
RISK-BAL	2	0.5	sub-15	10	25050.0	0.999999694097773
RISK-BAL	2	0.5	sub-15	10	25710.0	0.999999694097773
RISK-BAL	2	0.5	sub-15	10	29790.0	0.999999694097773
RISK-BAL	2	0.5	sub-30	94	14130.0	0.999999694097773
RISK-BAL	2	0.5	sub-39	85	19440.0	0.999999694097773
RISK-BAL	2	0.5	sub-8	6	4680.0	0.999999694097773
RISK-BAL	2	0.5	sub-8	6	5370.0	0.999999694097773
RISK-BAL	2	0.5	sub-87	54	19320.0	0.999999694097773
RISK-BAL	2	0.5	sub-87	54	19530.0	0.999999694097773
RISK-BAL	2	0.5	sub-87	54	19800.0	0.999999694097773
RISK-BAL	2	0.5	sub-87	54	20070.0	0.999999694097773
RISK-BAL	2	0.5	sub-87	54	20310.0	0.999999694097773
RISK-BAL	2	0.5	sub-87	54	20580.0	0.999999694097773
RISK-BAL	2	0.5	sub-87	54	20850.0	0.999999694097773
RISK-BAL	2	0.5	sub-87	54	21090.0	0.999999694097773
RISK-BAL	2	0.5	sub-87	54	21360.0	0.999999694097773
RISK-BAL	2	0.5	sub-87	54	21630.0	0.999999694097773
RISK-BAL	2	0.5	sub-87	54	21870.0	0.999999694097773
RISK-BAL	2	0.5	sub-87	54	22140.0	0.999999694097773
RISK-BAL	2	0.5	sub-87	54	22410.0	0.999999694097773
RISK-BAL	2	0.5	sub-87	54	22650.0	0.999999694097773
RISK-BAL	2	0.5	sub-87	54	22920.0	0.999999694097773
RISK-BAL	2	0.5	sub-87	54	23160.0	0.999999694097773
RISK-BAL	2	0.5	sub-87	54	23430.0	0.999999694097773
RISK-BAL	2	0.5	sub-87	54	23700.0	0.999999694097773
RISK-BAL	2	0.5	sub-87	54	23940.0	0.999999694097773
RISK-BAL	2	0.5	sub-87	54	24210.0	0.999999694097773
RISK-BAL	2	0.5	sub-87	54	24450.0	0.999999694097773
RISK-BAL	2	0.5	sub-87	54	24720.0	0.999999694097773
RISK-BAL	2	0.5	sub-87	54	24990.0	0.999999694097773
RISK-BAL	2	0.5	sub-87	54	25230.0	0.999999694097773
RISK-BAL	2	0.5	sub-87	54	25500.0	0.999999694097773
RISK-BAL	2	0.5	sub-87	54	25620.0	0.999999694097773
RISK-BAL	2	0.5	sub-87	54	25770.0	0.999999694097773
RISK-BAL	2	0.5	sub-87	54	28230.0	0.999999694097773
RISK-BAL	2	0.5	sub-92	59	6570.0	0.999999694097773
RISK-BAL	2	0.5	sub-92	59	26640.0	0.999999694097773
RISK-BAL	2	0.5	sub-93	60	8370.0	0.999999694097773
RISK-BAL	2	0.5	sub-94	61	3510.0	0.999999694097773
RISK-BAL	2	0.5	sub-94	61	7320.0	0.999999694097773
RISK-BAL	2	0.5	sub-94	61	7560.0	0.999999694097773
RISK-BAL	2	0.5	sub-94	61	16500.0	0.999999694097773
RISK-BAL	2	0.5	sub-95	62	21990.0	0.999999694097773
RISK-BAL	2	1.0	sub-10	91	11040.0	0.9999785550515792
RISK-BAL	2	1.0	sub-10	91	12780.0	0.9999785550515792
RISK-BAL	2	1.0	sub-10	91	19230.0	0.9999785550515792
RISK-BAL	2	1.0	sub-10	91	19350.0	0.9999785550515792
RISK-BAL	2	1.0	sub-10	91	24750.0	0.9999785550515792
RISK-BAL	2	1.0	sub-10	91	24930.0	0.9999785550515792
RISK-BAL	2	1.0	sub-118	99	26490.0	0.9999785550515792
RISK-BAL	2	1.0	sub-119	99	390.0	0.9999785550515792
RISK-BAL	2	1.0	sub-119	99	13290.0	0.9999785550515792
RISK-BAL	2	1.0	sub-119	99	14130.0	0.9999785550515792
RISK-BAL	2	1.0	sub-119	99	18840.0	0.9999785550515792
RISK-BAL	2	1.0	sub-119	99	18900.0	0.9999785550515792
RISK-BAL	2	1.0	sub-119	99	19380.0	0.9999785550515792
RISK-BAL	2	1.0	sub-120	99	570.0	0.9999785550515792
RISK-BAL	2	1.0	sub-120	99	3630.0	0.9999785550515792
RISK-BAL	2	1.0	sub-120	99	13830.0	0.9999785550515792
RISK-BAL	2	1.0	sub-120	99	20070.0	0.9999785550515792
RISK-BAL	2	1.0	sub-120	99	22560.0	0.9999785550515792
RISK-BAL	2	1.0	sub-128	108	11460.0	0.9999785550515792
RISK-BAL	2	1.0	sub-128	108	11790.0	0.9999785550515792
RISK-BAL	2	1.0	sub-128	108	15210.0	0.9999785550515792
RISK-BAL	2	1.0	sub-128	108	16170.0	0.9999785550515792
RISK-BAL	2	1.0	sub-13	91	9180.0	0.9999785550515792
RISK-BAL	2	1.0	sub-13	91	9270.0	0.9999785550515792
RISK-BAL	2	1.0	sub-15	10	18810.0	0.9999785550515792
RISK-BAL	2	1.0	sub-15	10	25050.0	0.9999785550515792
RISK-BAL	2	1.0	sub-15	10	25710.0	0.9999785550515792
RISK-BAL	2	1.0	sub-15	10	25920.0	0.9999785550515792
RISK-BAL	2	1.0	sub-15	10	26310.0	0.9999785550515792
RISK-BAL	2	1.0	sub-15	10	29790.0	0.9999785550515792
RISK-BAL	2	1.0	sub-15	10	29880.0	0.9999785550515792
RISK-BAL	2	1.0	sub-15	10	31530.0	0.9999785550515792
RISK-BAL	2	1.0	sub-30	94	14130.0	0.9999785550515792
RISK-BAL	2	1.0	sub-30	94	20100.0	0.9999785550515792
RISK-BAL	2	1.0	sub-39	85	3750.0	0.9999785550515792
RISK-BAL	2	1.0	sub-39	85	4200.0	0.9999785550515792
RISK-BAL	2	1.0	sub-39	85	6300.0	0.9999785550515792
RISK-BAL	2	1.0	sub-39	85	15360.0	0.9999785550515792
RISK-BAL	2	1.0	sub-39	85	19440.0	0.9999785550515792
RISK-BAL	2	1.0	sub-8	6	4680.0	0.9999785550515792
RISK-BAL	2	1.0	sub-8	6	5370.0	0.9999785550515792
RISK-BAL	2	1.0	sub-87	54	19230.0	0.9999785550515792
RISK-BAL	2	1.0	sub-87	54	19320.0	0.9999785550515792
RISK-BAL	2	1.0	sub-87	54	19410.0	0.9999785550515792
RISK-BAL	2	1.0	sub-87	54	19530.0	0.9999785550515792
RISK-BAL	2	1.0	sub-87	54	19770.0	0.9999785550515792
RISK-BAL	2	1.0	sub-87	54	20040.0	0.9999785550515792
RISK-BAL	2	1.0	sub-87	54	20310.0	0.9999785550515792
RISK-BAL	2	1.0	sub-87	54	20580.0	0.9999785550515792
RISK-BAL	2	1.0	sub-87	54	20820.0	0.9999785550515792
RISK-BAL	2	1.0	sub-87	54	21090.0	0.9999785550515792
RISK-BAL	2	1.0	sub-87	54	21330.0	0.9999785550515792
RISK-BAL	2	1.0	sub-87	54	21600.0	0.9999785550515792
RISK-BAL	2	1.0	sub-87	54	21870.0	0.9999785550515792
RISK-BAL	2	1.0	sub-87	54	22140.0	0.9999785550515792
RISK-BAL	2	1.0	sub-87	54	22380.0	0.9999785550515792
RISK-BAL	2	1.0	sub-87	54	22650.0	0.9999785550515792
RISK-BAL	2	1.0	sub-87	54	22890.0	0.9999785550515792
RISK-BAL	2	1.0	sub-87	54	23160.0	0.9999785550515792
RISK-BAL	2	1.0	sub-87	54	23400.0	0.9999785550515792
RISK-BAL	2	1.0	sub-87	54	23670.0	0.9999785550515792
RISK-BAL	2	1.0	sub-87	54	23940.0	0.9999785550515792
RISK-BAL	2	1.0	sub-87	54	24210.0	0.9999785550515792
RISK-BAL	2	1.0	sub-87	54	24450.0	0.9999785550515792
RISK-BAL	2	1.0	sub-87	54	24720.0	0.9999785550515792
RISK-BAL	2	1.0	sub-87	54	24960.0	0.9999785550515792
RISK-BAL	2	1.0	sub-87	54	25230.0	0.9999785550515792
RISK-BAL	2	1.0	sub-87	54	25500.0	0.9999785550515792
RISK-BAL	2	1.0	sub-87	54	25740.0	0.9999785550515792
RISK-BAL	2	1.0	sub-87	54	28230.0	0.9999785550515792
RISK-BAL	2	1.0	sub-91	58	29370.0	0.9999785550515792
RISK-BAL	2	1.0	sub-92	59	6570.0	0.9999785550515792
RISK-BAL	2	1.0	sub-92	59	26640.0	0.9999785550515792
RISK-BAL	2	1.0	sub-93	60	8370.0	0.9999785550515792
RISK-BAL	2	1.0	sub-94	61	3510.0	0.9999785550515792
RISK-BAL	2	1.0	sub-94	61	7290.0	0.9999785550515792
RISK-BAL	2	1.0	sub-94	61	7560.0	0.9999785550515792
RISK-BAL	2	1.0	sub-94	61	10230.0	0.9999785550515792
RISK-BAL	2	1.0	sub-94	61	11370.0	0.9999785550515792
RISK-BAL	2	1.0	sub-94	61	16500.0	0.9999785550515792
RISK-BAL	2	1.0	sub-94	61	24990.0	0.9999785550515792
RISK-BAL	2	1.0	sub-94	61	25680.0	0.9999785550515792
RISK-BAL	2	1.0	sub-95	62	21990.0	0.9999785550515792
RISK-NAT	2	0.1	sub-10	91	12780.0	0.2689414213699951
RISK-NAT	2	0.1	sub-120	99	13290.0	0.2689414213699951
RISK-NAT	2	0.1	sub-120	99	13830.0	0.2689414213699951
RISK-NAT	2	0.1	sub-120	99	22560.0	0.2689414213699951
RISK-NAT	2	0.1	sub-128	108	11460.0	0.2689414213699951
RISK-NAT	2	0.1	sub-30	94	19830.0	0.2689414213699951
RISK-NAT	2	0.1	sub-87	54	28440.0	0.2689414213699951
RISK-NAT	2	0.1	sub-94	61	3510.0	0.2689414213699951
RISK-NAT	2	0.1	sub-94	61	16530.0	0.2689414213699951
RISK-NAT	2	0.1	sub-95	62	21990.0	0.2689414213699951
RISK-NAT	2	0.25	sub-10	91	11040.0	0.1480471980316894
RISK-NAT	2	0.25	sub-10	91	12780.0	0.1480471980316894
RISK-NAT	2	0.25	sub-10	91	19350.0	0.1480471980316894
RISK-NAT	2	0.25	sub-118	99	10110.0	0.1480471980316894
RISK-NAT	2	0.25	sub-118	99	26490.0	0.1480471980316894
RISK-NAT	2	0.25	sub-120	99	570.0	0.1480471980316894
RISK-NAT	2	0.25	sub-120	99	13290.0	0.1480471980316894
RISK-NAT	2	0.25	sub-120	99	13830.0	0.1480471980316894
RISK-NAT	2	0.25	sub-120	99	22560.0	0.1480471980316894
RISK-NAT	2	0.25	sub-128	108	11460.0	0.1480471980316894
RISK-NAT	2	0.25	sub-128	108	11790.0	0.1480471980316894
RISK-NAT	2	0.25	sub-128	108	14730.0	0.1480471980316894
RISK-NAT	2	0.25	sub-13	91	9330.0	0.1480471980316894
RISK-NAT	2	0.25	sub-15	10	1740.0	0.1480471980316894
RISK-NAT	2	0.25	sub-15	10	21180.0	0.1480471980316894
RISK-NAT	2	0.25	sub-15	10	25200.0	0.1480471980316894
RISK-NAT	2	0.25	sub-15	10	26310.0	0.1480471980316894
RISK-NAT	2	0.25	sub-15	10	26640.0	0.1480471980316894
RISK-NAT	2	0.25	sub-15	10	29790.0	0.1480471980316894
RISK-NAT	2	0.25	sub-15	10	31530.0	0.1480471980316894
RISK-NAT	2	0.25	sub-15	10	31920.0	0.1480471980316894
RISK-NAT	2	0.25	sub-30	94	14130.0	0.1480471980316894
RISK-NAT	2	0.25	sub-30	94	19830.0	0.1480471980316894
RISK-NAT	2	0.25	sub-30	94	20100.0	0.1480471980316894
RISK-NAT	2	0.25	sub-39	85	19440.0	0.1480471980316894
RISK-NAT	2	0.25	sub-8	6	4680.0	0.1480471980316894
RISK-NAT	2	0.25	sub-87	54	20070.0	0.1480471980316894
RISK-NAT	2	0.25	sub-87	54	20790.0	0.1480471980316894
RISK-NAT	2	0.25	sub-87	54	21090.0	0.1480471980316894
RISK-NAT	2	0.25	sub-87	54	22350.0	0.1480471980316894
RISK-NAT	2	0.25	sub-87	54	22650.0	0.1480471980316894
RISK-NAT	2	0.25	sub-87	54	23160.0	0.1480471980316894
RISK-NAT	2	0.25	sub-87	54	23940.0	0.1480471980316894
RISK-NAT	2	0.25	sub-87	54	24210.0	0.1480471980316894
RISK-NAT	2	0.25	sub-87	54	24450.0	0.1480471980316894
RISK-NAT	2	0.25	sub-87	54	25230.0	0.1480471980316894
RISK-NAT	2	0.25	sub-87	54	25770.0	0.1480471980316894
RISK-NAT	2	0.25	sub-87	54	28440.0	0.1480471980316894
RISK-NAT	2	0.25	sub-92	59	24690.0	0.1480471980316894
RISK-NAT	2	0.25	sub-94	61	3510.0	0.1480471980316894
RISK-NAT	2	0.25	sub-94	61	7560.0	0.1480471980316894
RISK-NAT	2	0.25	sub-94	61	16530.0	0.1480471980316894
RISK-NAT	2	0.25	sub-94	61	18900.0	0.1480471980316894
RISK-NAT	2	0.25	sub-94	61	20220.0	0.1480471980316894
RISK-NAT	2	0.25	sub-94	61	25680.0	0.1480471980316894
RISK-NAT	2	0.25	sub-95	62	21990.0	0.1480471980316894
RISK-NAT	2	0.5	sub-10	91	11040.0	0.0953494648991094
RISK-NAT	2	0.5	sub-10	91	12780.0	0.0953494648991094
RISK-NAT	2	0.5	sub-10	91	19350.0	0.0953494648991094
RISK-NAT	2	0.5	sub-10	91	22410.0	0.0953494648991094
RISK-NAT	2	0.5	sub-10	91	22650.0	0.0953494648991094
RISK-NAT	2	0.5	sub-10	91	24960.0	0.0953494648991094
RISK-NAT	2	0.5	sub-118	99	10110.0	0.0953494648991094
RISK-NAT	2	0.5	sub-118	99	18780.0	0.0953494648991094
RISK-NAT	2	0.5	sub-118	99	19080.0	0.0953494648991094
RISK-NAT	2	0.5	sub-118	99	26490.0	0.0953494648991094
RISK-NAT	2	0.5	sub-120	99	570.0	0.0953494648991094
RISK-NAT	2	0.5	sub-120	99	13290.0	0.0953494648991094
RISK-NAT	2	0.5	sub-120	99	13830.0	0.0953494648991094
RISK-NAT	2	0.5	sub-120	99	20070.0	0.0953494648991094
RISK-NAT	2	0.5	sub-120	99	22560.0	0.0953494648991094
RISK-NAT	2	0.5	sub-128	108	11460.0	0.0953494648991094
RISK-NAT	2	0.5	sub-128	108	11790.0	0.0953494648991094
RISK-NAT	2	0.5	sub-128	108	14730.0	0.0953494648991094
RISK-NAT	2	0.5	sub-128	108	18720.0	0.0953494648991094
RISK-NAT	2	0.5	sub-13	91	9270.0	0.0953494648991094
RISK-NAT	2	0.5	sub-13	91	9330.0	0.0953494648991094
RISK-NAT	2	0.5	sub-13	91	9660.0	0.0953494648991094
RISK-NAT	2	0.5	sub-15	10	1740.0	0.0953494648991094
RISK-NAT	2	0.5	sub-15	10	21180.0	0.0953494648991094
RISK-NAT	2	0.5	sub-15	10	25200.0	0.0953494648991094
RISK-NAT	2	0.5	sub-15	10	26010.0	0.0953494648991094
RISK-NAT	2	0.5	sub-15	10	26310.0	0.0953494648991094
RISK-NAT	2	0.5	sub-15	10	26640.0	0.0953494648991094
RISK-NAT	2	0.5	sub-15	10	29790.0	0.0953494648991094
RISK-NAT	2	0.5	sub-15	10	29880.0	0.0953494648991094
RISK-NAT	2	0.5	sub-15	10	31530.0	0.0953494648991094
RISK-NAT	2	0.5	sub-15	10	31920.0	0.0953494648991094
RISK-NAT	2	0.5	sub-15	10	32280.0	0.0953494648991094
RISK-NAT	2	0.5	sub-30	94	14130.0	0.0953494648991094
RISK-NAT	2	0.5	sub-30	94	19830.0	0.0953494648991094
RISK-NAT	2	0.5	sub-30	94	20100.0	0.0953494648991094
RISK-NAT	2	0.5	sub-30	94	23160.0	0.0953494648991094
RISK-NAT	2	0.5	sub-39	85	19440.0	0.0953494648991094
RISK-NAT	2	0.5	sub-8	6	4680.0	0.0953494648991094
RISK-NAT	2	0.5	sub-87	54	9810.0	0.0953494648991094
RISK-NAT	2	0.5	sub-87	54	10500.0	0.0953494648991094
RISK-NAT	2	0.5	sub-87	54	14280.0	0.0953494648991094
RISK-NAT	2	0.5	sub-87	54	19320.0	0.0953494648991094
RISK-NAT	2	0.5	sub-87	54	19530.0	0.0953494648991094
RISK-NAT	2	0.5	sub-87	54	19770.0	0.0953494648991094
RISK-NAT	2	0.5	sub-87	54	20010.0	0.0953494648991094
RISK-NAT	2	0.5	sub-87	54	20070.0	0.0953494648991094
RISK-NAT	2	0.5	sub-87	54	20280.0	0.0953494648991094
RISK-NAT	2	0.5	sub-87	54	20580.0	0.0953494648991094
RISK-NAT	2	0.5	sub-87	54	20790.0	0.0953494648991094
RISK-NAT	2	0.5	sub-87	54	21090.0	0.0953494648991094
RISK-NAT	2	0.5	sub-87	54	21300.0	0.0953494648991094
RISK-NAT	2	0.5	sub-87	54	21600.0	0.0953494648991094
RISK-NAT	2	0.5	sub-87	54	21870.0	0.0953494648991094
RISK-NAT	2	0.5	sub-87	54	22140.0	0.0953494648991094
RISK-NAT	2	0.5	sub-87	54	22350.0	0.0953494648991094
RISK-NAT	2	0.5	sub-87	54	22650.0	0.0953494648991094
RISK-NAT	2	0.5	sub-87	54	22890.0	0.0953494648991094
RISK-NAT	2	0.5	sub-87	54	23160.0	0.0953494648991094
RISK-NAT	2	0.5	sub-87	54	23400.0	0.0953494648991094
RISK-NAT	2	0.5	sub-87	54	23670.0	0.0953494648991094
RISK-NAT	2	0.5	sub-87	54	23940.0	0.0953494648991094
RISK-NAT	2	0.5	sub-87	54	24210.0	0.0953494648991094
RISK-NAT	2	0.5	sub-87	54	24450.0	0.0953494648991094
RISK-NAT	2	0.5	sub-87	54	24720.0	0.0953494648991094
RISK-NAT	2	0.5	sub-87	54	24930.0	0.0953494648991094
RISK-NAT	2	0.5	sub-87	54	25230.0	0.0953494648991094
RISK-NAT	2	0.5	sub-87	54	25470.0	0.0953494648991094
RISK-NAT	2	0.5	sub-87	54	25770.0	0.0953494648991094
RISK-NAT	2	0.5	sub-87	54	25890.0	0.0953494648991094
RISK-NAT	2	0.5	sub-87	54	28440.0	0.0953494648991094
RISK-NAT	2	0.5	sub-91	58	12960.0	0.0953494648991094
RISK-NAT	2	0.5	sub-92	59	24690.0	0.0953494648991094
RISK-NAT	2	0.5	sub-92	59	25950.0	0.0953494648991094
RISK-NAT	2	0.5	sub-93	60	20610.0	0.0953494648991094
RISK-NAT	2	0.5	sub-94	61	3510.0	0.0953494648991094
RISK-NAT	2	0.5	sub-94	61	7320.0	0.0953494648991094
RISK-NAT	2	0.5	sub-94	61	7560.0	0.0953494648991094
RISK-NAT	2	0.5	sub-94	61	16530.0	0.0953494648991094
RISK-NAT	2	0.5	sub-94	61	18900.0	0.0953494648991094
RISK-NAT	2	0.5	sub-94	61	20220.0	0.0953494648991094
RISK-NAT	2	0.5	sub-94	61	25680.0	0.0953494648991094
RISK-NAT	2	0.5	sub-95	62	21990.0	0.0953494648991094
RISK-NAT	2	1.0	sub-10	91	240.0	0.0474258731775667
RISK-NAT	2	1.0	sub-10	91	2340.0	0.0474258731775667
RISK-NAT	2	1.0	sub-10	91	3840.0	0.0474258731775667
RISK-NAT	2	1.0	sub-10	91	6810.0	0.0474258731775667
RISK-NAT	2	1.0	sub-10	91	7170.0	0.0474258731775667
RISK-NAT	2	1.0	sub-10	91	11040.0	0.0474258731775667
RISK-NAT	2	1.0	sub-10	91	11940.0	0.0474258731775667
RISK-NAT	2	1.0	sub-10	91	12270.0	0.0474258731775667
RISK-NAT	2	1.0	sub-10	91	12390.0	0.0474258731775667
RISK-NAT	2	1.0	sub-10	91	12780.0	0.0474258731775667
RISK-NAT	2	1.0	sub-10	91	18660.0	0.0474258731775667
RISK-NAT	2	1.0	sub-10	91	19350.0	0.0474258731775667
RISK-NAT	2	1.0	sub-10	91	22410.0	0.0474258731775667
RISK-NAT	2	1.0	sub-10	91	22650.0	0.0474258731775667
RISK-NAT	2	1.0	sub-10	91	24750.0	0.0474258731775667
RISK-NAT	2	1.0	sub-10	91	24960.0	0.0474258731775667
RISK-NAT	2	1.0	sub-10	91	26910.0	0.0474258731775667
RISK-NAT	2	1.0	sub-10	91	28800.0	0.0474258731775667
RISK-NAT	2	1.0	sub-118	99	4290.0	0.0474258731775667
RISK-NAT	2	1.0	sub-118	99	10110.0	0.0474258731775667
RISK-NAT	2	1.0	sub-118	99	10710.0	0.0474258731775667
RISK-NAT	2	1.0	sub-118	99	13590.0	0.0474258731775667
RISK-NAT	2	1.0	sub-118	99	18480.0	0.0474258731775667
RISK-NAT	2	1.0	sub-118	99	18780.0	0.0474258731775667
RISK-NAT	2	1.0	sub-118	99	19080.0	0.0474258731775667
RISK-NAT	2	1.0	sub-118	99	20670.0	0.0474258731775667
RISK-NAT	2	1.0	sub-118	99	26490.0	0.0474258731775667
RISK-NAT	2	1.0	sub-119	99	4980.0	0.0474258731775667
RISK-NAT	2	1.0	sub-119	99	6840.0	0.0474258731775667
RISK-NAT	2	1.0	sub-119	99	10470.0	0.0474258731775667
RISK-NAT	2	1.0	sub-119	99	14130.0	0.0474258731775667
RISK-NAT	2	1.0	sub-119	99	18840.0	0.0474258731775667
RISK-NAT	2	1.0	sub-119	99	19380.0	0.0474258731775667
RISK-NAT	2	1.0	sub-119	99	19920.0	0.0474258731775667
RISK-NAT	2	1.0	sub-119	99	20310.0	0.0474258731775667
RISK-NAT	2	1.0	sub-119	99	22590.0	0.0474258731775667
RISK-NAT	2	1.0	sub-120	99	570.0	0.0474258731775667
RISK-NAT	2	1.0	sub-120	99	3630.0	0.0474258731775667
RISK-NAT	2	1.0	sub-120	99	6270.0	0.0474258731775667
RISK-NAT	2	1.0	sub-120	99	6660.0	0.0474258731775667
RISK-NAT	2	1.0	sub-120	99	13290.0	0.0474258731775667
RISK-NAT	2	1.0	sub-120	99	13830.0	0.0474258731775667
RISK-NAT	2	1.0	sub-120	99	19800.0	0.0474258731775667
RISK-NAT	2	1.0	sub-120	99	20070.0	0.0474258731775667
RISK-NAT	2	1.0	sub-120	99	22560.0	0.0474258731775667
RISK-NAT	2	1.0	sub-128	108	3090.0	0.0474258731775667
RISK-NAT	2	1.0	sub-128	108	3300.0	0.0474258731775667
RISK-NAT	2	1.0	sub-128	108	3600.0	0.0474258731775667
RISK-NAT	2	1.0	sub-128	108	11460.0	0.0474258731775667
RISK-NAT	2	1.0	sub-128	108	11790.0	0.0474258731775667
RISK-NAT	2	1.0	sub-128	108	12960.0	0.0474258731775667
RISK-NAT	2	1.0	sub-128	108	14730.0	0.0474258731775667
RISK-NAT	2	1.0	sub-128	108	16170.0	0.0474258731775667
RISK-NAT	2	1.0	sub-128	108	16260.0	0.0474258731775667
RISK-NAT	2	1.0	sub-128	108	18720.0	0.0474258731775667
RISK-NAT	2	1.0	sub-128	108	19200.0	0.0474258731775667
RISK-NAT	2	1.0	sub-128	108	24120.0	0.0474258731775667
RISK-NAT	2	1.0	sub-13	91	690.0	0.0474258731775667
RISK-NAT	2	1.0	sub-13	91	9180.0	0.0474258731775667
RISK-NAT	2	1.0	sub-13	91	9270.0	0.0474258731775667
RISK-NAT	2	1.0	sub-13	91	9330.0	0.0474258731775667
RISK-NAT	2	1.0	sub-13	91	9660.0	0.0474258731775667
RISK-NAT	2	1.0	sub-13	91	9900.0	0.0474258731775667
RISK-NAT	2	1.0	sub-15	10	1650.0	0.0474258731775667
RISK-NAT	2	1.0	sub-15	10	1740.0	0.0474258731775667
RISK-NAT	2	1.0	sub-15	10	21180.0	0.0474258731775667
RISK-NAT	2	1.0	sub-15	10	24060.0	0.0474258731775667
RISK-NAT	2	1.0	sub-15	10	24600.0	0.0474258731775667
RISK-NAT	2	1.0	sub-15	10	25080.0	0.0474258731775667
RISK-NAT	2	1.0	sub-15	10	25200.0	0.0474258731775667
RISK-NAT	2	1.0	sub-15	10	25710.0	0.0474258731775667
RISK-NAT	2	1.0	sub-15	10	26010.0	0.0474258731775667
RISK-NAT	2	1.0	sub-15	10	26310.0	0.0474258731775667
RISK-NAT	2	1.0	sub-15	10	26640.0	0.0474258731775667
RISK-NAT	2	1.0	sub-15	10	29790.0	0.0474258731775667
RISK-NAT	2	1.0	sub-15	10	29880.0	0.0474258731775667
RISK-NAT	2	1.0	sub-15	10	30180.0	0.0474258731775667
RISK-NAT	2	1.0	sub-15	10	30360.0	0.0474258731775667
RISK-NAT	2	1.0	sub-15	10	31020.0	0.0474258731775667
RISK-NAT	2	1.0	sub-15	10	31530.0	0.0474258731775667
RISK-NAT	2	1.0	sub-15	10	31920.0	0.0474258731775667
RISK-NAT	2	1.0	sub-15	10	32280.0	0.0474258731775667
RISK-NAT	2	1.0	sub-30	94	14130.0	0.0474258731775667
RISK-NAT	2	1.0	sub-30	94	15870.0	0.0474258731775667
RISK-NAT	2	1.0	sub-30	94	18000.0	0.0474258731775667
RISK-NAT	2	1.0	sub-30	94	19830.0	0.0474258731775667
RISK-NAT	2	1.0	sub-30	94	20100.0	0.0474258731775667
RISK-NAT	2	1.0	sub-30	94	20340.0	0.0474258731775667
RISK-NAT	2	1.0	sub-30	94	20790.0	0.0474258731775667
RISK-NAT	2	1.0	sub-30	94	21150.0	0.0474258731775667
RISK-NAT	2	1.0	sub-30	94	23160.0	0.0474258731775667
RISK-NAT	2	1.0	sub-39	85	3750.0	0.0474258731775667
RISK-NAT	2	1.0	sub-39	85	13740.0	0.0474258731775667
RISK-NAT	2	1.0	sub-39	85	15360.0	0.0474258731775667
RISK-NAT	2	1.0	sub-39	85	19440.0	0.0474258731775667
RISK-NAT	2	1.0	sub-39	85	22920.0	0.0474258731775667
RISK-NAT	2	1.0	sub-8	6	3390.0	0.0474258731775667
RISK-NAT	2	1.0	sub-8	6	4680.0	0.0474258731775667
RISK-NAT	2	1.0	sub-8	6	5370.0	0.0474258731775667
RISK-NAT	2	1.0	sub-8	6	9930.0	0.0474258731775667
RISK-NAT	2	1.0	sub-87	54	1380.0	0.0474258731775667
RISK-NAT	2	1.0	sub-87	54	9240.0	0.0474258731775667
RISK-NAT	2	1.0	sub-87	54	9420.0	0.0474258731775667
RISK-NAT	2	1.0	sub-87	54	9810.0	0.0474258731775667
RISK-NAT	2	1.0	sub-87	54	10500.0	0.0474258731775667
RISK-NAT	2	1.0	sub-87	54	14280.0	0.0474258731775667
RISK-NAT	2	1.0	sub-87	54	18570.0	0.0474258731775667
RISK-NAT	2	1.0	sub-87	54	19230.0	0.0474258731775667
RISK-NAT	2	1.0	sub-87	54	19320.0	0.0474258731775667
RISK-NAT	2	1.0	sub-87	54	19530.0	0.0474258731775667
RISK-NAT	2	1.0	sub-87	54	19770.0	0.0474258731775667
RISK-NAT	2	1.0	sub-87	54	20070.0	0.0474258731775667
RISK-NAT	2	1.0	sub-87	54	20280.0	0.0474258731775667
RISK-NAT	2	1.0	sub-87	54	20580.0	0.0474258731775667
RISK-NAT	2	1.0	sub-87	54	20790.0	0.0474258731775667
RISK-NAT	2	1.0	sub-87	54	21090.0	0.0474258731775667
RISK-NAT	2	1.0	sub-87	54	21300.0	0.0474258731775667
RISK-NAT	2	1.0	sub-87	54	21600.0	0.0474258731775667
RISK-NAT	2	1.0	sub-87	54	21870.0	0.0474258731775667
RISK-NAT	2	1.0	sub-87	54	22140.0	0.0474258731775667
RISK-NAT	2	1.0	sub-87	54	22350.0	0.0474258731775667
RISK-NAT	2	1.0	sub-87	54	22650.0	0.0474258731775667
RISK-NAT	2	1.0	sub-87	54	22890.0	0.0474258731775667
RISK-NAT	2	1.0	sub-87	54	23160.0	0.0474258731775667
RISK-NAT	2	1.0	sub-87	54	23400.0	0.0474258731775667
RISK-NAT	2	1.0	sub-87	54	23670.0	0.0474258731775667
RISK-NAT	2	1.0	sub-87	54	23940.0	0.0474258731775667
RISK-NAT	2	1.0	sub-87	54	24210.0	0.0474258731775667
RISK-NAT	2	1.0	sub-87	54	24450.0	0.0474258731775667
RISK-NAT	2	1.0	sub-87	54	24720.0	0.0474258731775667
RISK-NAT	2	1.0	sub-87	54	24930.0	0.0474258731775667
RISK-NAT	2	1.0	sub-87	54	25230.0	0.0474258731775667
RISK-NAT	2	1.0	sub-87	54	25470.0	0.0474258731775667
RISK-NAT	2	1.0	sub-87	54	25770.0	0.0474258731775667
RISK-NAT	2	1.0	sub-87	54	25890.0	0.0474258731775667
RISK-NAT	2	1.0	sub-87	54	28440.0	0.0474258731775667
RISK-NAT	2	1.0	sub-91	58	900.0	0.0474258731775667
RISK-NAT	2	1.0	sub-91	58	7260.0	0.0474258731775667
RISK-NAT	2	1.0	sub-91	58	12540.0	0.0474258731775667
RISK-NAT	2	1.0	sub-91	58	12960.0	0.0474258731775667
RISK-NAT	2	1.0	sub-91	58	15150.0	0.0474258731775667
RISK-NAT	2	1.0	sub-91	58	20160.0	0.0474258731775667
RISK-NAT	2	1.0	sub-91	58	24960.0	0.0474258731775667
RISK-NAT	2	1.0	sub-91	58	29370.0	0.0474258731775667
RISK-NAT	2	1.0	sub-91	58	30150.0	0.0474258731775667
RISK-NAT	2	1.0	sub-92	59	2940.0	0.0474258731775667
RISK-NAT	2	1.0	sub-92	59	19050.0	0.0474258731775667
RISK-NAT	2	1.0	sub-92	59	24480.0	0.0474258731775667
RISK-NAT	2	1.0	sub-92	59	24690.0	0.0474258731775667
RISK-NAT	2	1.0	sub-92	59	25950.0	0.0474258731775667
RISK-NAT	2	1.0	sub-92	59	26640.0	0.0474258731775667
RISK-NAT	2	1.0	sub-93	60	19770.0	0.0474258731775667
RISK-NAT	2	1.0	sub-93	60	20610.0	0.0474258731775667
RISK-NAT	2	1.0	sub-94	61	3510.0	0.0474258731775667
RISK-NAT	2	1.0	sub-94	61	7320.0	0.0474258731775667
RISK-NAT	2	1.0	sub-94	61	7560.0	0.0474258731775667
RISK-NAT	2	1.0	sub-94	61	11970.0	0.0474258731775667
RISK-NAT	2	1.0	sub-94	61	16530.0	0.0474258731775667
RISK-NAT	2	1.0	sub-94	61	18030.0	0.0474258731775667
RISK-NAT	2	1.0	sub-94	61	18150.0	0.0474258731775667
RISK-NAT	2	1.0	sub-94	61	18900.0	0.0474258731775667
RISK-NAT	2	1.0	sub-94	61	19320.0	0.0474258731775667
RISK-NAT	2	1.0	sub-94	61	20220.0	0.0474258731775667
RISK-NAT	2	1.0	sub-94	61	21270.0	0.0474258731775667
RISK-NAT	2	1.0	sub-94	61	25050.0	0.0474258731775667
RISK-NAT	2	1.0	sub-94	61	25680.0	0.0474258731775667
RISK-NAT	2	1.0	sub-94	61	26550.0	0.0474258731775667
RISK-NAT	2	1.0	sub-94	61	26880.0	0.0474258731775667
RISK-NAT	2	1.0	sub-95	62	21990.0	0.0474258731775667
SAMP-BAL	3	0.1	sub-3	1	29670.0	1.0
SAMP-BAL	3	0.1	sub-3	1	29790.0	1.0
SAMP-BAL	3	0.1	sub-62	80	28890.0	1.0
SAMP-BAL	3	0.1	sub-77	42	27390.0	1.0
SAMP-BAL	3	0.1	sub-77	42	27510.0	1.0
SAMP-BAL	3	0.1	sub-84	51	28350.0	1.0
SAMP-BAL	3	0.1	sub-84	51	28470.0	1.0
SAMP-BAL	3	0.1	sub-99	66	31200.0	1.0
SAMP-BAL	3	0.1	sub-99	66	31320.0	1.0
SAMP-BAL	3	0.25	sub-110	96	7260.0	0.9992903296008996
SAMP-BAL	3	0.25	sub-3	1	19530.0	0.9992903296008996
SAMP-BAL	3	0.25	sub-3	1	29670.0	0.9992903296008996
SAMP-BAL	3	0.25	sub-3	1	29790.0	0.9992903296008996
SAMP-BAL	3	0.25	sub-62	80	28770.0	0.9992903296008996
SAMP-BAL	3	0.25	sub-62	80	28890.0	0.9992903296008996
SAMP-BAL	3	0.25	sub-77	42	570.0	0.9992903296008996
SAMP-BAL	3	0.25	sub-77	42	12600.0	0.9992903296008996
SAMP-BAL	3	0.25	sub-77	42	27390.0	0.9992903296008996
SAMP-BAL	3	0.25	sub-77	42	27510.0	0.9992903296008996
SAMP-BAL	3	0.25	sub-84	51	28350.0	0.9992903296008996
SAMP-BAL	3	0.25	sub-84	51	28470.0	0.9992903296008996
SAMP-BAL	3	0.25	sub-99	66	31200.0	0.9992903296008996
SAMP-BAL	3	0.25	sub-99	66	31320.0	0.9992903296008996
SAMP-BAL	3	0.5	sub-101	68	25110.0	0.9890130573694068
SAMP-BAL	3	0.5	sub-109	96	19320.0	0.9890130573694068
SAMP-BAL	3	0.5	sub-110	96	7260.0	0.9890130573694068
SAMP-BAL	3	0.5	sub-110	96	22050.0	0.9890130573694068
SAMP-BAL	3	0.5	sub-111	96	23010.0	0.9890130573694068
SAMP-BAL	3	0.5	sub-111	96	28350.0	0.9890130573694068
SAMP-BAL	3	0.5	sub-22	14	25980.0	0.9890130573694068
SAMP-BAL	3	0.5	sub-3	1	12510.0	0.9890130573694068
SAMP-BAL	3	0.5	sub-3	1	19530.0	0.9890130573694068
SAMP-BAL	3	0.5	sub-3	1	23700.0	0.9890130573694068
SAMP-BAL	3	0.5	sub-3	1	23970.0	0.9890130573694068
SAMP-BAL	3	0.5	sub-3	1	24840.0	0.9890130573694068
SAMP-BAL	3	0.5	sub-3	1	26340.0	0.9890130573694068
SAMP-BAL	3	0.5	sub-3	1	26670.0	0.9890130573694068
SAMP-BAL	3	0.5	sub-3	1	27810.0	0.9890130573694068
SAMP-BAL	3	0.5	sub-3	1	29670.0	0.9890130573694068
SAMP-BAL	3	0.5	sub-3	1	29790.0	0.9890130573694068
SAMP-BAL	3	0.5	sub-52	31	17670.0	0.9890130573694068
SAMP-BAL	3	0.5	sub-62	80	28770.0	0.9890130573694068
SAMP-BAL	3	0.5	sub-62	80	28890.0	0.9890130573694068
SAMP-BAL	3	0.5	sub-68	33	9660.0	0.9890130573694068
SAMP-BAL	3	0.5	sub-68	33	22410.0	0.9890130573694068
SAMP-BAL	3	0.5	sub-68	33	25500.0	0.9890130573694068
SAMP-BAL	3	0.5	sub-68	33	25710.0	0.9890130573694068
SAMP-BAL	3	0.5	sub-77	42	570.0	0.9890130573694068
SAMP-BAL	3	0.5	sub-77	42	6450.0	0.9890130573694068
SAMP-BAL	3	0.5	sub-77	42	12600.0	0.9890130573694068
SAMP-BAL	3	0.5	sub-77	42	17910.0	0.9890130573694068
SAMP-BAL	3	0.5	sub-77	42	20310.0	0.9890130573694068
SAMP-BAL	3	0.5	sub-77	42	21900.0	0.9890130573694068
SAMP-BAL	3	0.5	sub-77	42	27390.0	0.9890130573694068
SAMP-BAL	3	0.5	sub-77	42	27510.0	0.9890130573694068
SAMP-BAL	3	0.5	sub-81	46	14820.0	0.9890130573694068
SAMP-BAL	3	0.5	sub-81	46	16290.0	0.9890130573694068
SAMP-BAL	3	0.5	sub-81	46	20190.0	0.9890130573694068
SAMP-BAL	3	0.5	sub-81	46	21150.0	0.9890130573694068
SAMP-BAL	3	0.5	sub-81	46	21750.0	0.9890130573694068
SAMP-BAL	3	0.5	sub-81	46	22140.0	0.9890130573694068
SAMP-BAL	3	0.5	sub-81	46	26370.0	0.9890130573694068
SAMP-BAL	3	0.5	sub-81	46	27000.0	0.9890130573694068
SAMP-BAL	3	0.5	sub-84	51	11940.0	0.9890130573694068
SAMP-BAL	3	0.5	sub-84	51	28350.0	0.9890130573694068
SAMP-BAL	3	0.5	sub-84	51	28470.0	0.9890130573694068
SAMP-BAL	3	0.5	sub-99	66	31200.0	0.9890130573694068
SAMP-BAL	3	0.5	sub-99	66	31320.0	0.9890130573694068
SAMP-BAL	3	1.0	sub-101	68	11790.0	0.9241418199787566
SAMP-BAL	3	1.0	sub-101	68	23820.0	0.9241418199787566
SAMP-BAL	3	1.0	sub-101	68	24960.0	0.9241418199787566
SAMP-BAL	3	1.0	sub-101	68	25110.0	0.9241418199787566
SAMP-BAL	3	1.0	sub-109	96	19320.0	0.9241418199787566
SAMP-BAL	3	1.0	sub-110	96	6810.0	0.9241418199787566
SAMP-BAL	3	1.0	sub-110	96	7260.0	0.9241418199787566
SAMP-BAL	3	1.0	sub-110	96	11550.0	0.9241418199787566
SAMP-BAL	3	1.0	sub-110	96	13170.0	0.9241418199787566
SAMP-BAL	3	1.0	sub-110	96	19710.0	0.9241418199787566
SAMP-BAL	3	1.0	sub-110	96	20820.0	0.9241418199787566
SAMP-BAL	3	1.0	sub-110	96	21300.0	0.9241418199787566
SAMP-BAL	3	1.0	sub-110	96	22050.0	0.9241418199787566
SAMP-BAL	3	1.0	sub-110	96	25650.0	0.9241418199787566
SAMP-BAL	3	1.0	sub-110	96	26910.0	0.9241418199787566
SAMP-BAL	3	1.0	sub-110	96	27270.0	0.9241418199787566
SAMP-BAL	3	1.0	sub-111	96	16620.0	0.9241418199787566
SAMP-BAL	3	1.0	sub-111	96	23010.0	0.9241418199787566
SAMP-BAL	3	1.0	sub-111	96	25800.0	0.9241418199787566
SAMP-BAL	3	1.0	sub-111	96	28350.0	0.9241418199787566
SAMP-BAL	3	1.0	sub-122	101	21810.0	0.9241418199787566
SAMP-BAL	3	1.0	sub-22	14	25980.0	0.9241418199787566
SAMP-BAL	3	1.0	sub-3	1	4440.0	0.9241418199787566
SAMP-BAL	3	1.0	sub-3	1	6360.0	0.9241418199787566
SAMP-BAL	3	1.0	sub-3	1	12510.0	0.9241418199787566
SAMP-BAL	3	1.0	sub-3	1	15570.0	0.9241418199787566
SAMP-BAL	3	1.0	sub-3	1	17280.0	0.9241418199787566
SAMP-BAL	3	1.0	sub-3	1	17850.0	0.9241418199787566
SAMP-BAL	3	1.0	sub-3	1	18840.0	0.9241418199787566
SAMP-BAL	3	1.0	sub-3	1	19530.0	0.9241418199787566
SAMP-BAL	3	1.0	sub-3	1	20370.0	0.9241418199787566
SAMP-BAL	3	1.0	sub-3	1	23700.0	0.9241418199787566
SAMP-BAL	3	1.0	sub-3	1	23970.0	0.9241418199787566
SAMP-BAL	3	1.0	sub-3	1	24840.0	0.9241418199787566
SAMP-BAL	3	1.0	sub-3	1	25680.0	0.9241418199787566
SAMP-BAL	3	1.0	sub-3	1	26340.0	0.9241418199787566
SAMP-BAL	3	1.0	sub-3	1	26670.0	0.9241418199787566
SAMP-BAL	3	1.0	sub-3	1	27030.0	0.9241418199787566
SAMP-BAL	3	1.0	sub-3	1	27810.0	0.9241418199787566
SAMP-BAL	3	1.0	sub-3	1	29370.0	0.9241418199787566
SAMP-BAL	3	1.0	sub-3	1	29670.0	0.9241418199787566
SAMP-BAL	3	1.0	sub-3	1	29790.0	0.9241418199787566
SAMP-BAL	3	1.0	sub-52	31	12000.0	0.9241418199787566
SAMP-BAL	3	1.0	sub-52	31	15750.0	0.9241418199787566
SAMP-BAL	3	1.0	sub-52	31	17670.0	0.9241418199787566
SAMP-BAL	3	1.0	sub-52	31	22500.0	0.9241418199787566
SAMP-BAL	3	1.0	sub-60	80	25290.0	0.9241418199787566
SAMP-BAL	3	1.0	sub-62	80	8160.0	0.9241418199787566
SAMP-BAL	3	1.0	sub-62	80	17040.0	0.9241418199787566
SAMP-BAL	3	1.0	sub-62	80	23940.0	0.9241418199787566
SAMP-BAL	3	1.0	sub-62	80	25980.0	0.9241418199787566
SAMP-BAL	3	1.0	sub-62	80	28770.0	0.9241418199787566
SAMP-BAL	3	1.0	sub-62	80	28890.0	0.9241418199787566
SAMP-BAL	3	1.0	sub-68	33	600.0	0.9241418199787566
SAMP-BAL	3	1.0	sub-68	33	7980.0	0.9241418199787566
SAMP-BAL	3	1.0	sub-68	33	8730.0	0.9241418199787566
SAMP-BAL	3	1.0	sub-68	33	9300.0	0.9241418199787566
SAMP-BAL	3	1.0	sub-68	33	9660.0	0.9241418199787566
SAMP-BAL	3	1.0	sub-68	33	10020.0	0.9241418199787566
SAMP-BAL	3	1.0	sub-68	33	15300.0	0.9241418199787566
SAMP-BAL	3	1.0	sub-68	33	20460.0	0.9241418199787566
SAMP-BAL	3	1.0	sub-68	33	20670.0	0.9241418199787566
SAMP-BAL	3	1.0	sub-68	33	21120.0	0.9241418199787566
SAMP-BAL	3	1.0	sub-68	33	22410.0	0.9241418199787566
SAMP-BAL	3	1.0	sub-68	33	22770.0	0.9241418199787566
SAMP-BAL	3	1.0	sub-68	33	23700.0	0.9241418199787566
SAMP-BAL	3	1.0	sub-68	33	25500.0	0.9241418199787566
SAMP-BAL	3	1.0	sub-68	33	25710.0	0.9241418199787566
SAMP-BAL	3	1.0	sub-77	42	180.0	0.9241418199787566
SAMP-BAL	3	1.0	sub-77	42	570.0	0.9241418199787566
SAMP-BAL	3	1.0	sub-77	42	6210.0	0.9241418199787566
SAMP-BAL	3	1.0	sub-77	42	6450.0	0.9241418199787566
SAMP-BAL	3	1.0	sub-77	42	11490.0	0.9241418199787566
SAMP-BAL	3	1.0	sub-77	42	12600.0	0.9241418199787566
SAMP-BAL	3	1.0	sub-77	42	14340.0	0.9241418199787566
SAMP-BAL	3	1.0	sub-77	42	15000.0	0.9241418199787566
SAMP-BAL	3	1.0	sub-77	42	17910.0	0.9241418199787566
SAMP-BAL	3	1.0	sub-77	42	20310.0	0.9241418199787566
SAMP-BAL	3	1.0	sub-77	42	20400.0	0.9241418199787566
SAMP-BAL	3	1.0	sub-77	42	21900.0	0.9241418199787566
SAMP-BAL	3	1.0	sub-77	42	24120.0	0.9241418199787566
SAMP-BAL	3	1.0	sub-77	42	25080.0	0.9241418199787566
SAMP-BAL	3	1.0	sub-77	42	27390.0	0.9241418199787566
SAMP-BAL	3	1.0	sub-77	42	27510.0	0.9241418199787566
SAMP-BAL	3	1.0	sub-81	46	2910.0	0.9241418199787566
SAMP-BAL	3	1.0	sub-81	46	13590.0	0.9241418199787566
SAMP-BAL	3	1.0	sub-81	46	13710.0	0.9241418199787566
SAMP-BAL	3	1.0	sub-81	46	14820.0	0.9241418199787566
SAMP-BAL	3	1.0	sub-81	46	16290.0	0.9241418199787566
SAMP-BAL	3	1.0	sub-81	46	20130.0	0.9241418199787566
SAMP-BAL	3	1.0	sub-81	46	20190.0	0.9241418199787566
SAMP-BAL	3	1.0	sub-81	46	21150.0	0.9241418199787566
SAMP-BAL	3	1.0	sub-81	46	21750.0	0.9241418199787566
SAMP-BAL	3	1.0	sub-81	46	22140.0	0.9241418199787566
SAMP-BAL	3	1.0	sub-81	46	26190.0	0.9241418199787566
SAMP-BAL	3	1.0	sub-81	46	26370.0	0.9241418199787566
SAMP-BAL	3	1.0	sub-81	46	27000.0	0.9241418199787566
SAMP-BAL	3	1.0	sub-84	51	5850.0	0.9241418199787566
SAMP-BAL	3	1.0	sub-84	51	11940.0	0.9241418199787566
SAMP-BAL	3	1.0	sub-84	51	12630.0	0.9241418199787566
SAMP-BAL	3	1.0	sub-84	51	24810.0	0.9241418199787566
SAMP-BAL	3	1.0	sub-84	51	28350.0	0.9241418199787566
SAMP-BAL	3	1.0	sub-84	51	28470.0	0.9241418199787566
SAMP-BAL	3	1.0	sub-86	53	5190.0	0.9241418199787566
SAMP-BAL	3	1.0	sub-86	53	24510.0	0.9241418199787566
SAMP-BAL	3	1.0	sub-86	53	26400.0	0.9241418199787566
SAMP-BAL	3	1.0	sub-86	53	26640.0	0.9241418199787566
SAMP-BAL	3	1.0	sub-99	66	22140.0	0.9241418199787566
SAMP-BAL	3	1.0	sub-99	66	29700.0	0.9241418199787566
SAMP-BAL	3	1.0	sub-99	66	31200.0	0.9241418199787566
SAMP-BAL	3	1.0	sub-99	66	31320.0	0.9241418199787566
RISK-BAL	3	1.0	sub-101	68	1290.0	1.0
RISK-BAL	3	1.0	sub-101	68	8100.0	1.0
RISK-BAL	3	1.0	sub-101	68	8460.0	1.0
RISK-BAL	3	1.0	sub-101	68	9030.0	1.0
RISK-BAL	3	1.0	sub-101	68	11790.0	1.0
RISK-BAL	3	1.0	sub-101	68	12900.0	1.0
RISK-BAL	3	1.0	sub-101	68	23820.0	1.0
RISK-BAL	3	1.0	sub-101	68	24960.0	1.0
RISK-BAL	3	1.0	sub-101	68	25110.0	1.0
RISK-BAL	3	1.0	sub-109	96	12300.0	1.0
RISK-BAL	3	1.0	sub-109	96	15960.0	1.0
RISK-BAL	3	1.0	sub-109	96	19320.0	1.0
RISK-BAL	3	1.0	sub-110	96	7260.0	1.0
RISK-BAL	3	1.0	sub-110	96	7350.0	1.0
RISK-BAL	3	1.0	sub-110	96	9000.0	1.0
RISK-BAL	3	1.0	sub-110	96	9210.0	1.0
RISK-BAL	3	1.0	sub-110	96	11550.0	1.0
RISK-BAL	3	1.0	sub-110	96	22050.0	1.0
RISK-BAL	3	1.0	sub-110	96	26880.0	1.0
RISK-BAL	3	1.0	sub-110	96	27270.0	1.0
RISK-BAL	3	1.0	sub-111	96	120.0	1.0
RISK-BAL	3	1.0	sub-111	96	20310.0	1.0
RISK-BAL	3	1.0	sub-111	96	28350.0	1.0
RISK-BAL	3	1.0	sub-122	101	21810.0	1.0
RISK-BAL	3	1.0	sub-22	14	27420.0	1.0
RISK-BAL	3	1.0	sub-3	1	4440.0	1.0
RISK-BAL	3	1.0	sub-3	1	6360.0	1.0
RISK-BAL	3	1.0	sub-3	1	12510.0	1.0
RISK-BAL	3	1.0	sub-3	1	12660.0	1.0
RISK-BAL	3	1.0	sub-3	1	17850.0	1.0
RISK-BAL	3	1.0	sub-3	1	18840.0	1.0
RISK-BAL	3	1.0	sub-3	1	19530.0	1.0
RISK-BAL	3	1.0	sub-3	1	22350.0	1.0
RISK-BAL	3	1.0	sub-3	1	23700.0	1.0
RISK-BAL	3	1.0	sub-3	1	23970.0	1.0
RISK-BAL	3	1.0	sub-3	1	24630.0	1.0
RISK-BAL	3	1.0	sub-3	1	24840.0	1.0
RISK-BAL	3	1.0	sub-3	1	25650.0	1.0
RISK-BAL	3	1.0	sub-3	1	26340.0	1.0
RISK-BAL	3	1.0	sub-3	1	26670.0	1.0
RISK-BAL	3	1.0	sub-3	1	26940.0	1.0
RISK-BAL	3	1.0	sub-3	1	27030.0	1.0
RISK-BAL	3	1.0	sub-52	31	10230.0	1.0
RISK-BAL	3	1.0	sub-52	31	10620.0	1.0
RISK-BAL	3	1.0	sub-52	31	15330.0	1.0
RISK-BAL	3	1.0	sub-52	31	15540.0	1.0
RISK-BAL	3	1.0	sub-52	31	15750.0	1.0
RISK-BAL	3	1.0	sub-52	31	17010.0	1.0
RISK-BAL	3	1.0	sub-52	31	17670.0	1.0
RISK-BAL	3	1.0	sub-52	31	22500.0	1.0
RISK-BAL	3	1.0	sub-60	80	20070.0	1.0
RISK-BAL	3	1.0	sub-60	80	21780.0	1.0
RISK-BAL	3	1.0	sub-60	80	23610.0	1.0
RISK-BAL	3	1.0	sub-60	80	24540.0	1.0
RISK-BAL	3	1.0	sub-60	80	25290.0	1.0
RISK-BAL	3	1.0	sub-62	80	1290.0	1.0
RISK-BAL	3	1.0	sub-62	80	8160.0	1.0
RISK-BAL	3	1.0	sub-62	80	17040.0	1.0
RISK-BAL	3	1.0	sub-62	80	17550.0	1.0
RISK-BAL	3	1.0	sub-62	80	23940.0	1.0
RISK-BAL	3	1.0	sub-62	80	25980.0	1.0
RISK-BAL	3	1.0	sub-62	80	26340.0	1.0
RISK-BAL	3	1.0	sub-68	33	600.0	1.0
RISK-BAL	3	1.0	sub-68	33	7980.0	1.0
RISK-BAL	3	1.0	sub-68	33	8880.0	1.0
RISK-BAL	3	1.0	sub-68	33	9300.0	1.0
RISK-BAL	3	1.0	sub-68	33	9660.0	1.0
RISK-BAL	3	1.0	sub-68	33	15300.0	1.0
RISK-BAL	3	1.0	sub-68	33	16920.0	1.0
RISK-BAL	3	1.0	sub-68	33	19500.0	1.0
RISK-BAL	3	1.0	sub-68	33	20490.0	1.0
RISK-BAL	3	1.0	sub-68	33	20670.0	1.0
RISK-BAL	3	1.0	sub-68	33	22410.0	1.0
RISK-BAL	3	1.0	sub-68	33	22620.0	1.0
RISK-BAL	3	1.0	sub-68	33	23190.0	1.0
RISK-BAL	3	1.0	sub-68	33	23700.0	1.0
RISK-BAL	3	1.0	sub-68	33	25500.0	1.0
RISK-BAL	3	1.0	sub-68	33	25710.0	1.0
RISK-BAL	3	1.0	sub-68	33	25860.0	1.0
RISK-BAL	3	1.0	sub-77	42	570.0	1.0
RISK-BAL	3	1.0	sub-77	42	6210.0	1.0
RISK-BAL	3	1.0	sub-77	42	12600.0	1.0
RISK-BAL	3	1.0	sub-77	42	14340.0	1.0
RISK-BAL	3	1.0	sub-77	42	16710.0	1.0
RISK-BAL	3	1.0	sub-77	42	16830.0	1.0
RISK-BAL	3	1.0	sub-77	42	17910.0	1.0
RISK-BAL	3	1.0	sub-77	42	18150.0	1.0
RISK-BAL	3	1.0	sub-77	42	20280.0	1.0
RISK-BAL	3	1.0	sub-77	42	20400.0	1.0
RISK-BAL	3	1.0	sub-77	42	21900.0	1.0
RISK-BAL	3	1.0	sub-77	42	25050.0	1.0
RISK-BAL	3	1.0	sub-81	46	6240.0	1.0
RISK-BAL	3	1.0	sub-81	46	6810.0	1.0
RISK-BAL	3	1.0	sub-81	46	7020.0	1.0
RISK-BAL	3	1.0	sub-81	46	7230.0	1.0
RISK-BAL	3	1.0	sub-81	46	13590.0	1.0
RISK-BAL	3	1.0	sub-81	46	13710.0	1.0
RISK-BAL	3	1.0	sub-81	46	13890.0	1.0
RISK-BAL	3	1.0	sub-81	46	14820.0	1.0
RISK-BAL	3	1.0	sub-81	46	16290.0	1.0
RISK-BAL	3	1.0	sub-81	46	19980.0	1.0
RISK-BAL	3	1.0	sub-81	46	20130.0	1.0
RISK-BAL	3	1.0	sub-81	46	20730.0	1.0
RISK-BAL	3	1.0	sub-81	46	21150.0	1.0
RISK-BAL	3	1.0	sub-81	46	21540.0	1.0
RISK-BAL	3	1.0	sub-81	46	21750.0	1.0
RISK-BAL	3	1.0	sub-81	46	21990.0	1.0
RISK-BAL	3	1.0	sub-81	46	22140.0	1.0
RISK-BAL	3	1.0	sub-81	46	25860.0	1.0
RISK-BAL	3	1.0	sub-81	46	26190.0	1.0
RISK-BAL	3	1.0	sub-81	46	26370.0	1.0
RISK-BAL	3	1.0	sub-81	46	27000.0	1.0
RISK-BAL	3	1.0	sub-84	51	5850.0	1.0
RISK-BAL	3	1.0	sub-84	51	11670.0	1.0
RISK-BAL	3	1.0	sub-84	51	11940.0	1.0
RISK-BAL	3	1.0	sub-84	51	17400.0	1.0
RISK-BAL	3	1.0	sub-84	51	18120.0	1.0
RISK-BAL	3	1.0	sub-84	51	19080.0	1.0
RISK-BAL	3	1.0	sub-84	51	19290.0	1.0
RISK-BAL	3	1.0	sub-84	51	27690.0	1.0
RISK-BAL	3	1.0	sub-86	53	24510.0	1.0
RISK-BAL	3	1.0	sub-86	53	26400.0	1.0
RISK-BAL	3	1.0	sub-86	53	26820.0	1.0
RISK-BAL	3	1.0	sub-99	66	22140.0	1.0
RISK-BAL	3	1.0	sub-99	66	23460.0	1.0
RISK-NAT	3	0.1	sub-110	96	6810.0	0.320821300824607
RISK-NAT	3	0.1	sub-110	96	26700.0	0.320821300824607
RISK-NAT	3	0.1	sub-22	14	25980.0	0.320821300824607
RISK-NAT	3	0.1	sub-3	1	23700.0	0.320821300824607
RISK-NAT	3	0.1	sub-81	46	14820.0	0.320821300824607
RISK-NAT	3	0.1	sub-81	46	19980.0	0.320821300824607
RISK-NAT	3	0.1	sub-81	46	20130.0	0.320821300824607
RISK-NAT	3	0.1	sub-81	46	21150.0	0.320821300824607
RISK-NAT	3	0.1	sub-81	46	26370.0	0.320821300824607
RISK-NAT	3	0.1	sub-81	46	27000.0	0.320821300824607
RISK-NAT	3	0.25	sub-101	68	11790.0	0.1824255238063563
RISK-NAT	3	0.25	sub-110	96	6810.0	0.1824255238063563
RISK-NAT	3	0.25	sub-110	96	26700.0	0.1824255238063563
RISK-NAT	3	0.25	sub-22	14	25980.0	0.1824255238063563
RISK-NAT	3	0.25	sub-3	1	4440.0	0.1824255238063563
RISK-NAT	3	0.25	sub-3	1	6360.0	0.1824255238063563
RISK-NAT	3	0.25	sub-3	1	12510.0	0.1824255238063563
RISK-NAT	3	0.25	sub-3	1	23700.0	0.1824255238063563
RISK-NAT	3	0.25	sub-3	1	24840.0	0.1824255238063563
RISK-NAT	3	0.25	sub-3	1	25680.0	0.1824255238063563
RISK-NAT	3	0.25	sub-3	1	26340.0	0.1824255238063563
RISK-NAT	3	0.25	sub-3	1	27030.0	0.1824255238063563
RISK-NAT	3	0.25	sub-52	31	17670.0	0.1824255238063563
RISK-NAT	3	0.25	sub-52	31	22500.0	0.1824255238063563
RISK-NAT	3	0.25	sub-62	80	23940.0	0.1824255238063563
RISK-NAT	3	0.25	sub-62	80	25980.0	0.1824255238063563
RISK-NAT	3	0.25	sub-68	33	22620.0	0.1824255238063563
RISK-NAT	3	0.25	sub-81	46	13710.0	0.1824255238063563
RISK-NAT	3	0.25	sub-81	46	14820.0	0.1824255238063563
RISK-NAT	3	0.25	sub-81	46	19980.0	0.1824255238063563
RISK-NAT	3	0.25	sub-81	46	20130.0	0.1824255238063563
RISK-NAT	3	0.25	sub-81	46	21150.0	0.1824255238063563
RISK-NAT	3	0.25	sub-81	46	21750.0	0.1824255238063563
RISK-NAT	3	0.25	sub-81	46	26370.0	0.1824255238063563
RISK-NAT	3	0.25	sub-81	46	27000.0	0.1824255238063563
RISK-NAT	3	0.25	sub-84	51	28470.0	0.1824255238063563
RISK-NAT	3	0.5	sub-101	68	11790.0	0.0953494648991094
RISK-NAT	3	0.5	sub-101	68	23820.0	0.0953494648991094
RISK-NAT	3	0.5	sub-109	96	12300.0	0.0953494648991094
RISK-NAT	3	0.5	sub-110	96	6810.0	0.0953494648991094
RISK-NAT	3	0.5	sub-110	96	26700.0	0.0953494648991094
RISK-NAT	3	0.5	sub-111	96	28350.0	0.0953494648991094
RISK-NAT	3	0.5	sub-122	101	21810.0	0.0953494648991094
RISK-NAT	3	0.5	sub-22	14	25980.0	0.0953494648991094
RISK-NAT	3	0.5	sub-3	1	4440.0	0.0953494648991094
RISK-NAT	3	0.5	sub-3	1	6360.0	0.0953494648991094
RISK-NAT	3	0.5	sub-3	1	12510.0	0.0953494648991094
RISK-NAT	3	0.5	sub-3	1	18840.0	0.0953494648991094
RISK-NAT	3	0.5	sub-3	1	19530.0	0.0953494648991094
RISK-NAT	3	0.5	sub-3	1	23700.0	0.0953494648991094
RISK-NAT	3	0.5	sub-3	1	23970.0	0.0953494648991094
RISK-NAT	3	0.5	sub-3	1	24840.0	0.0953494648991094
RISK-NAT	3	0.5	sub-3	1	25680.0	0.0953494648991094
RISK-NAT	3	0.5	sub-3	1	26340.0	0.0953494648991094
RISK-NAT	3	0.5	sub-3	1	27030.0	0.0953494648991094
RISK-NAT	3	0.5	sub-52	31	17670.0	0.0953494648991094
RISK-NAT	3	0.5	sub-52	31	22500.0	0.0953494648991094
RISK-NAT	3	0.5	sub-60	80	25290.0	0.0953494648991094
RISK-NAT	3	0.5	sub-62	80	1080.0	0.0953494648991094
RISK-NAT	3	0.5	sub-62	80	8160.0	0.0953494648991094
RISK-NAT	3	0.5	sub-62	80	17550.0	0.0953494648991094
RISK-NAT	3	0.5	sub-62	80	23940.0	0.0953494648991094
RISK-NAT	3	0.5	sub-62	80	25980.0	0.0953494648991094
RISK-NAT	3	0.5	sub-62	80	26340.0	0.0953494648991094
RISK-NAT	3	0.5	sub-68	33	8730.0	0.0953494648991094
RISK-NAT	3	0.5	sub-68	33	22620.0	0.0953494648991094
RISK-NAT	3	0.5	sub-68	33	23700.0	0.0953494648991094
RISK-NAT	3	0.5	sub-68	33	25710.0	0.0953494648991094
RISK-NAT	3	0.5	sub-77	42	20310.0	0.0953494648991094
RISK-NAT	3	0.5	sub-77	42	21900.0	0.0953494648991094
RISK-NAT	3	0.5	sub-77	42	24120.0	0.0953494648991094
RISK-NAT	3	0.5	sub-81	46	6810.0	0.0953494648991094
RISK-NAT	3	0.5	sub-81	46	7020.0	0.0953494648991094
RISK-NAT	3	0.5	sub-81	46	13590.0	0.0953494648991094
RISK-NAT	3	0.5	sub-81	46	13710.0	0.0953494648991094
RISK-NAT	3	0.5	sub-81	46	13800.0	0.0953494648991094
RISK-NAT	3	0.5	sub-81	46	14550.0	0.0953494648991094
RISK-NAT	3	0.5	sub-81	46	14820.0	0.0953494648991094
RISK-NAT	3	0.5	sub-81	46	16290.0	0.0953494648991094
RISK-NAT	3	0.5	sub-81	46	19980.0	0.0953494648991094
RISK-NAT	3	0.5	sub-81	46	20130.0	0.0953494648991094
RISK-NAT	3	0.5	sub-81	46	20190.0	0.0953494648991094
RISK-NAT	3	0.5	sub-81	46	21150.0	0.0953494648991094
RISK-NAT	3	0.5	sub-81	46	21540.0	0.0953494648991094
RISK-NAT	3	0.5	sub-81	46	21750.0	0.0953494648991094
RISK-NAT	3	0.5	sub-81	46	22140.0	0.0953494648991094
RISK-NAT	3	0.5	sub-81	46	23220.0	0.0953494648991094
RISK-NAT	3	0.5	sub-81	46	25860.0	0.0953494648991094
RISK-NAT	3	0.5	sub-81	46	26190.0	0.0953494648991094
RISK-NAT	3	0.5	sub-81	46	26370.0	0.0953494648991094
RISK-NAT	3	0.5	sub-81	46	27000.0	0.0953494648991094
RISK-NAT	3	0.5	sub-84	51	11940.0	0.0953494648991094
RISK-NAT	3	0.5	sub-84	51	28470.0	0.0953494648991094
RISK-NAT	3	0.5	sub-99	66	29700.0	0.0953494648991094
RISK-NAT	3	1.0	sub-101	68	1710.0	0.0474258731775667
RISK-NAT	3	1.0	sub-101	68	7710.0	0.0474258731775667
RISK-NAT	3	1.0	sub-101	68	8460.0	0.0474258731775667
RISK-NAT	3	1.0	sub-101	68	11790.0	0.0474258731775667
RISK-NAT	3	1.0	sub-101	68	23820.0	0.0474258731775667
RISK-NAT	3	1.0	sub-101	68	24960.0	0.0474258731775667
RISK-NAT	3	1.0	sub-109	96	12300.0	0.0474258731775667
RISK-NAT	3	1.0	sub-110	96	6810.0	0.0474258731775667
RISK-NAT	3	1.0	sub-110	96	9030.0	0.0474258731775667
RISK-NAT	3	1.0	sub-110	96	19740.0	0.0474258731775667
RISK-NAT	3	1.0	sub-110	96	20820.0	0.0474258731775667
RISK-NAT	3	1.0	sub-110	96	26700.0	0.0474258731775667
RISK-NAT	3	1.0	sub-110	96	26940.0	0.0474258731775667
RISK-NAT	3	1.0	sub-111	96	120.0	0.0474258731775667
RISK-NAT	3	1.0	sub-111	96	16620.0	0.0474258731775667
RISK-NAT	3	1.0	sub-111	96	24270.0	0.0474258731775667
RISK-NAT	3	1.0	sub-111	96	28350.0	0.0474258731775667
RISK-NAT	3	1.0	sub-122	101	21810.0	0.0474258731775667
RISK-NAT	3	1.0	sub-22	14	6210.0	0.0474258731775667
RISK-NAT	3	1.0	sub-22	14	25980.0	0.0474258731775667
RISK-NAT	3	1.0	sub-3	1	4440.0	0.0474258731775667
RISK-NAT	3	1.0	sub-3	1	6360.0	0.0474258731775667
RISK-NAT	3	1.0	sub-3	1	6750.0	0.0474258731775667
RISK-NAT	3	1.0	sub-3	1	12510.0	0.0474258731775667
RISK-NAT	3	1.0	sub-3	1	17820.0	0.0474258731775667
RISK-NAT	3	1.0	sub-3	1	18570.0	0.0474258731775667
RISK-NAT	3	1.0	sub-3	1	18840.0	0.0474258731775667
RISK-NAT	3	1.0	sub-3	1	19530.0	0.0474258731775667
RISK-NAT	3	1.0	sub-3	1	23700.0	0.0474258731775667
RISK-NAT	3	1.0	sub-3	1	23970.0	0.0474258731775667
RISK-NAT	3	1.0	sub-3	1	24840.0	0.0474258731775667
RISK-NAT	3	1.0	sub-3	1	25680.0	0.0474258731775667
RISK-NAT	3	1.0	sub-3	1	26340.0	0.0474258731775667
RISK-NAT	3	1.0	sub-3	1	26940.0	0.0474258731775667
RISK-NAT	3	1.0	sub-3	1	27030.0	0.0474258731775667
RISK-NAT	3	1.0	sub-52	31	10770.0	0.0474258731775667
RISK-NAT	3	1.0	sub-52	31	15330.0	0.0474258731775667
RISK-NAT	3	1.0	sub-52	31	15750.0	0.0474258731775667
RISK-NAT	3	1.0	sub-52	31	17670.0	0.0474258731775667
RISK-NAT	3	1.0	sub-52	31	21870.0	0.0474258731775667
RISK-NAT	3	1.0	sub-52	31	22500.0	0.0474258731775667
RISK-NAT	3	1.0	sub-60	80	1740.0	0.0474258731775667
RISK-NAT	3	1.0	sub-60	80	20070.0	0.0474258731775667
RISK-NAT	3	1.0	sub-60	80	21780.0	0.0474258731775667
RISK-NAT	3	1.0	sub-60	80	23610.0	0.0474258731775667
RISK-NAT	3	1.0	sub-60	80	25290.0	0.0474258731775667
RISK-NAT	3	1.0	sub-62	80	1080.0	0.0474258731775667
RISK-NAT	3	1.0	sub-62	80	8160.0	0.0474258731775667
RISK-NAT	3	1.0	sub-62	80	17040.0	0.0474258731775667
RISK-NAT	3	1.0	sub-62	80	17550.0	0.0474258731775667
RISK-NAT	3	1.0	sub-62	80	17790.0	0.0474258731775667
RISK-NAT	3	1.0	sub-62	80	23370.0	0.0474258731775667
RISK-NAT	3	1.0	sub-62	80	23940.0	0.0474258731775667
RISK-NAT	3	1.0	sub-62	80	25980.0	0.0474258731775667
RISK-NAT	3	1.0	sub-62	80	26340.0	0.0474258731775667
RISK-NAT	3	1.0	sub-68	33	600.0	0.0474258731775667
RISK-NAT	3	1.0	sub-68	33	7980.0	0.0474258731775667
RISK-NAT	3	1.0	sub-68	33	8730.0	0.0474258731775667
RISK-NAT	3	1.0	sub-68	33	15300.0	0.0474258731775667
RISK-NAT	3	1.0	sub-68	33	19080.0	0.0474258731775667
RISK-NAT	3	1.0	sub-68	33	20670.0	0.0474258731775667
RISK-NAT	3	1.0	sub-68	33	20820.0	0.0474258731775667
RISK-NAT	3	1.0	sub-68	33	21120.0	0.0474258731775667
RISK-NAT	3	1.0	sub-68	33	21480.0	0.0474258731775667
RISK-NAT	3	1.0	sub-68	33	22620.0	0.0474258731775667
RISK-NAT	3	1.0	sub-68	33	22980.0	0.0474258731775667
RISK-NAT	3	1.0	sub-68	33	23190.0	0.0474258731775667
RISK-NAT	3	1.0	sub-68	33	23700.0	0.0474258731775667
RISK-NAT	3	1.0	sub-68	33	25710.0	0.0474258731775667
RISK-NAT	3	1.0	sub-68	33	25860.0	0.0474258731775667
RISK-NAT	3	1.0	sub-77	42	570.0	0.0474258731775667
RISK-NAT	3	1.0	sub-77	42	4530.0	0.0474258731775667
RISK-NAT	3	1.0	sub-77	42	14340.0	0.0474258731775667
RISK-NAT	3	1.0	sub-77	42	16830.0	0.0474258731775667
RISK-NAT	3	1.0	sub-77	42	20310.0	0.0474258731775667
RISK-NAT	3	1.0	sub-77	42	20400.0	0.0474258731775667
RISK-NAT	3	1.0	sub-77	42	21900.0	0.0474258731775667
RISK-NAT	3	1.0	sub-77	42	24120.0	0.0474258731775667
RISK-NAT	3	1.0	sub-77	42	25080.0	0.0474258731775667
RISK-NAT	3	1.0	sub-81	46	2910.0	0.0474258731775667
RISK-NAT	3	1.0	sub-81	46	6240.0	0.0474258731775667
RISK-NAT	3	1.0	sub-81	46	6570.0	0.0474258731775667
RISK-NAT	3	1.0	sub-81	46	6810.0	0.0474258731775667
RISK-NAT	3	1.0	sub-81	46	7020.0	0.0474258731775667
RISK-NAT	3	1.0	sub-81	46	7230.0	0.0474258731775667
RISK-NAT	3	1.0	sub-81	46	13590.0	0.0474258731775667
RISK-NAT	3	1.0	sub-81	46	13710.0	0.0474258731775667
RISK-NAT	3	1.0	sub-81	46	13800.0	0.0474258731775667
RISK-NAT	3	1.0	sub-81	46	14370.0	0.0474258731775667
RISK-NAT	3	1.0	sub-81	46	14550.0	0.0474258731775667
RISK-NAT	3	1.0	sub-81	46	14820.0	0.0474258731775667
RISK-NAT	3	1.0	sub-81	46	16290.0	0.0474258731775667
RISK-NAT	3	1.0	sub-81	46	19980.0	0.0474258731775667
RISK-NAT	3	1.0	sub-81	46	20130.0	0.0474258731775667
RISK-NAT	3	1.0	sub-81	46	20190.0	0.0474258731775667
RISK-NAT	3	1.0	sub-81	46	21150.0	0.0474258731775667
RISK-NAT	3	1.0	sub-81	46	21540.0	0.0474258731775667
RISK-NAT	3	1.0	sub-81	46	21750.0	0.0474258731775667
RISK-NAT	3	1.0	sub-81	46	22140.0	0.0474258731775667
RISK-NAT	3	1.0	sub-81	46	22710.0	0.0474258731775667
RISK-NAT	3	1.0	sub-81	46	23220.0	0.0474258731775667
RISK-NAT	3	1.0	sub-81	46	24150.0	0.0474258731775667
RISK-NAT	3	1.0	sub-81	46	25860.0	0.0474258731775667
RISK-NAT	3	1.0	sub-81	46	26190.0	0.0474258731775667
RISK-NAT	3	1.0	sub-81	46	26370.0	0.0474258731775667
RISK-NAT	3	1.0	sub-81	46	27000.0	0.0474258731775667
RISK-NAT	3	1.0	sub-84	51	5850.0	0.0474258731775667
RISK-NAT	3	1.0	sub-84	51	11670.0	0.0474258731775667
RISK-NAT	3	1.0	sub-84	51	11940.0	0.0474258731775667
RISK-NAT	3	1.0	sub-84	51	12090.0	0.0474258731775667
RISK-NAT	3	1.0	sub-84	51	28470.0	0.0474258731775667
RISK-NAT	3	1.0	sub-86	53	24510.0	0.0474258731775667
RISK-NAT	3	1.0	sub-86	53	26400.0	0.0474258731775667
RISK-NAT	3	1.0	sub-99	66	20460.0	0.0474258731775667
RISK-NAT	3	1.0	sub-99	66	29700.0	0.0474258731775667
SAMP-BAL	4	0.1	sub-11	8	11610.0	0.9999921107374138
SAMP-BAL	4	0.1	sub-11	8	14250.0	0.9999921107374138
SAMP-BAL	4	0.1	sub-11	8	28410.0	0.9999921107374138
SAMP-BAL	4	0.1	sub-11	8	28530.0	0.9999921107374138
SAMP-BAL	4	0.1	sub-59	79	29820.0	0.9999921107374138
SAMP-BAL	4	0.1	sub-59	79	29940.0	0.9999921107374138
SAMP-BAL	4	0.1	sub-61	79	4530.0	0.9999921107374138
SAMP-BAL	4	0.1	sub-61	79	6720.0	0.9999921107374138
SAMP-BAL	4	0.1	sub-61	79	8760.0	0.9999921107374138
SAMP-BAL	4	0.1	sub-61	79	9480.0	0.9999921107374138
SAMP-BAL	4	0.1	sub-61	79	9900.0	0.9999921107374138
SAMP-BAL	4	0.1	sub-61	79	11490.0	0.9999921107374138
SAMP-BAL	4	0.1	sub-61	79	14370.0	0.9999921107374138
SAMP-BAL	4	0.1	sub-61	79	16950.0	0.9999921107374138
SAMP-BAL	4	0.1	sub-61	79	22800.0	0.9999921107374138
SAMP-BAL	4	0.1	sub-61	79	25320.0	0.9999921107374138
SAMP-BAL	4	0.1	sub-61	79	25830.0	0.9999921107374138
SAMP-BAL	4	0.1	sub-61	79	26370.0	0.9999921107374138
SAMP-BAL	4	0.1	sub-65	81	8280.0	0.9999921107374138
SAMP-BAL	4	0.1	sub-65	81	13350.0	0.9999921107374138
SAMP-BAL	4	0.1	sub-65	81	13890.0	0.9999921107374138
SAMP-BAL	4	0.1	sub-65	81	15360.0	0.9999921107374138
SAMP-BAL	4	0.1	sub-65	81	19620.0	0.9999921107374138
SAMP-BAL	4	0.1	sub-65	81	21840.0	0.9999921107374138
SAMP-BAL	4	0.1	sub-65	81	22890.0	0.9999921107374138
SAMP-BAL	4	0.1	sub-65	81	23310.0	0.9999921107374138
SAMP-BAL	4	0.1	sub-65	81	23520.0	0.9999921107374138
SAMP-BAL	4	0.1	sub-66	82	31410.0	0.9999921107374138
SAMP-BAL	4	0.1	sub-66	82	31530.0	0.9999921107374138
SAMP-BAL	4	0.1	sub-78	43	6060.0	0.9999921107374138
SAMP-BAL	4	0.25	sub-11	8	11220.0	0.9975273768433652
SAMP-BAL	4	0.25	sub-11	8	11610.0	0.9975273768433652
SAMP-BAL	4	0.25	sub-11	8	14250.0	0.9975273768433652
SAMP-BAL	4	0.25	sub-11	8	28410.0	0.9975273768433652
SAMP-BAL	4	0.25	sub-11	8	28530.0	0.9975273768433652
SAMP-BAL	4	0.25	sub-16	11	27690.0	0.9975273768433652
SAMP-BAL	4	0.25	sub-59	79	29820.0	0.9975273768433652
SAMP-BAL	4	0.25	sub-59	79	29940.0	0.9975273768433652
SAMP-BAL	4	0.25	sub-61	79	4230.0	0.9975273768433652
SAMP-BAL	4	0.25	sub-61	79	4530.0	0.9975273768433652
SAMP-BAL	4	0.25	sub-61	79	6720.0	0.9975273768433652
SAMP-BAL	4	0.25	sub-61	79	8760.0	0.9975273768433652
SAMP-BAL	4	0.25	sub-61	79	9480.0	0.9975273768433652
SAMP-BAL	4	0.25	sub-61	79	9900.0	0.9975273768433652
SAMP-BAL	4	0.25	sub-61	79	11460.0	0.9975273768433652
SAMP-BAL	4	0.25	sub-61	79	14370.0	0.9975273768433652
SAMP-BAL	4	0.25	sub-61	79	16530.0	0.9975273768433652
SAMP-BAL	4	0.25	sub-61	79	16950.0	0.9975273768433652
SAMP-BAL	4	0.25	sub-61	79	22710.0	0.9975273768433652
SAMP-BAL	4	0.25	sub-61	79	22800.0	0.9975273768433652
SAMP-BAL	4	0.25	sub-61	79	25320.0	0.9975273768433652
SAMP-BAL	4	0.25	sub-61	79	25440.0	0.9975273768433652
SAMP-BAL	4	0.25	sub-61	79	25830.0	0.9975273768433652
SAMP-BAL	4	0.25	sub-61	79	26250.0	0.9975273768433652
SAMP-BAL	4	0.25	sub-61	79	26370.0	0.9975273768433652
SAMP-BAL	4	0.25	sub-61	79	26880.0	0.9975273768433652
SAMP-BAL	4	0.25	sub-61	79	28230.0	0.9975273768433652
SAMP-BAL	4	0.25	sub-65	81	5970.0	0.9975273768433652
SAMP-BAL	4	0.25	sub-65	81	8280.0	0.9975273768433652
SAMP-BAL	4	0.25	sub-65	81	10320.0	0.9975273768433652
SAMP-BAL	4	0.25	sub-65	81	11100.0	0.9975273768433652
SAMP-BAL	4	0.25	sub-65	81	11250.0	0.9975273768433652
SAMP-BAL	4	0.25	sub-65	81	13350.0	0.9975273768433652
SAMP-BAL	4	0.25	sub-65	81	13890.0	0.9975273768433652
SAMP-BAL	4	0.25	sub-65	81	15360.0	0.9975273768433652
SAMP-BAL	4	0.25	sub-65	81	16020.0	0.9975273768433652
SAMP-BAL	4	0.25	sub-65	81	17580.0	0.9975273768433652
SAMP-BAL	4	0.25	sub-65	81	18450.0	0.9975273768433652
SAMP-BAL	4	0.25	sub-65	81	18930.0	0.9975273768433652
SAMP-BAL	4	0.25	sub-65	81	19260.0	0.9975273768433652
SAMP-BAL	4	0.25	sub-65	81	19620.0	0.9975273768433652
SAMP-BAL	4	0.25	sub-65	81	21840.0	0.9975273768433652
SAMP-BAL	4	0.25	sub-65	81	22890.0	0.9975273768433652
SAMP-BAL	4	0.25	sub-65	81	23130.0	0.9975273768433652
SAMP-BAL	4	0.25	sub-65	81	23310.0	0.9975273768433652
SAMP-BAL	4	0.25	sub-65	81	23520.0	0.9975273768433652
SAMP-BAL	4	0.25	sub-65	81	23640.0	0.9975273768433652
SAMP-BAL	4	0.25	sub-65	81	24390.0	0.9975273768433652
SAMP-BAL	4	0.25	sub-65	81	24690.0	0.9975273768433652
SAMP-BAL	4	0.25	sub-65	81	25890.0	0.9975273768433652
SAMP-BAL	4	0.25	sub-66	82	31410.0	0.9975273768433652
SAMP-BAL	4	0.25	sub-66	82	31530.0	0.9975273768433652
SAMP-BAL	4	0.25	sub-78	43	5880.0	0.9975273768433652
SAMP-BAL	4	0.25	sub-78	43	6060.0	0.9975273768433652
SAMP-BAL	4	0.5	sub-100	67	12270.0	0.9706877692486436
SAMP-BAL	4	0.5	sub-100	67	16470.0	0.9706877692486436
SAMP-BAL	4	0.5	sub-100	67	22710.0	0.9706877692486436
SAMP-BAL	4	0.5	sub-100	67	23790.0	0.9706877692486436
SAMP-BAL	4	0.5	sub-100	67	27600.0	0.9706877692486436
SAMP-BAL	4	0.5	sub-100	67	27990.0	0.9706877692486436
SAMP-BAL	4	0.5	sub-100	67	28920.0	0.9706877692486436
SAMP-BAL	4	0.5	sub-11	8	10410.0	0.9706877692486436
SAMP-BAL	4	0.5	sub-11	8	11220.0	0.9706877692486436
SAMP-BAL	4	0.5	sub-11	8	11610.0	0.9706877692486436
SAMP-BAL	4	0.5	sub-11	8	14250.0	0.9706877692486436
SAMP-BAL	4	0.5	sub-11	8	15690.0	0.9706877692486436
SAMP-BAL	4	0.5	sub-11	8	28410.0	0.9706877692486436
SAMP-BAL	4	0.5	sub-11	8	28530.0	0.9706877692486436
SAMP-BAL	4	0.5	sub-12	92	9480.0	0.9706877692486436
SAMP-BAL	4	0.5	sub-12	92	22890.0	0.9706877692486436
SAMP-BAL	4	0.5	sub-12	92	25260.0	0.9706877692486436
SAMP-BAL	4	0.5	sub-12	92	28170.0	0.9706877692486436
SAMP-BAL	4	0.5	sub-121	100	8310.0	0.9706877692486436
SAMP-BAL	4	0.5	sub-121	100	14280.0	0.9706877692486436
SAMP-BAL	4	0.5	sub-121	100	15300.0	0.9706877692486436
SAMP-BAL	4	0.5	sub-121	100	26010.0	0.9706877692486436
SAMP-BAL	4	0.5	sub-16	11	25860.0	0.9706877692486436
SAMP-BAL	4	0.5	sub-16	11	26790.0	0.9706877692486436
SAMP-BAL	4	0.5	sub-16	11	27210.0	0.9706877692486436
SAMP-BAL	4	0.5	sub-16	11	27690.0	0.9706877692486436
SAMP-BAL	4	0.5	sub-16	11	27780.0	0.9706877692486436
SAMP-BAL	4	0.5	sub-16	11	28560.0	0.9706877692486436
SAMP-BAL	4	0.5	sub-17	92	12150.0	0.9706877692486436
SAMP-BAL	4	0.5	sub-17	92	13530.0	0.9706877692486436
SAMP-BAL	4	0.5	sub-17	92	20760.0	0.9706877692486436
SAMP-BAL	4	0.5	sub-17	92	21120.0	0.9706877692486436
SAMP-BAL	4	0.5	sub-17	92	25260.0	0.9706877692486436
SAMP-BAL	4	0.5	sub-45	24	12750.0	0.9706877692486436
SAMP-BAL	4	0.5	sub-45	24	13620.0	0.9706877692486436
SAMP-BAL	4	0.5	sub-45	24	17190.0	0.9706877692486436
SAMP-BAL	4	0.5	sub-45	24	20190.0	0.9706877692486436
SAMP-BAL	4	0.5	sub-59	79	9330.0	0.9706877692486436
SAMP-BAL	4	0.5	sub-59	79	14100.0	0.9706877692486436
SAMP-BAL	4	0.5	sub-59	79	21510.0	0.9706877692486436
SAMP-BAL	4	0.5	sub-59	79	27270.0	0.9706877692486436
SAMP-BAL	4	0.5	sub-59	79	28950.0	0.9706877692486436
SAMP-BAL	4	0.5	sub-59	79	29100.0	0.9706877692486436
SAMP-BAL	4	0.5	sub-59	79	29820.0	0.9706877692486436
SAMP-BAL	4	0.5	sub-59	79	29940.0	0.9706877692486436
SAMP-BAL	4	0.5	sub-61	79	4230.0	0.9706877692486436
SAMP-BAL	4	0.5	sub-61	79	4530.0	0.9706877692486436
SAMP-BAL	4	0.5	sub-61	79	5220.0	0.9706877692486436
SAMP-BAL	4	0.5	sub-61	79	6720.0	0.9706877692486436
SAMP-BAL	4	0.5	sub-61	79	8760.0	0.9706877692486436
SAMP-BAL	4	0.5	sub-61	79	8910.0	0.9706877692486436
SAMP-BAL	4	0.5	sub-61	79	9480.0	0.9706877692486436
SAMP-BAL	4	0.5	sub-61	79	9900.0	0.9706877692486436
SAMP-BAL	4	0.5	sub-61	79	11460.0	0.9706877692486436
SAMP-BAL	4	0.5	sub-61	79	14370.0	0.9706877692486436
SAMP-BAL	4	0.5	sub-61	79	16530.0	0.9706877692486436
SAMP-BAL	4	0.5	sub-61	79	16950.0	0.9706877692486436
SAMP-BAL	4	0.5	sub-61	79	22710.0	0.9706877692486436
SAMP-BAL	4	0.5	sub-61	79	22800.0	0.9706877692486436
SAMP-BAL	4	0.5	sub-61	79	23070.0	0.9706877692486436
SAMP-BAL	4	0.5	sub-61	79	24180.0	0.9706877692486436
SAMP-BAL	4	0.5	sub-61	79	25020.0	0.9706877692486436
SAMP-BAL	4	0.5	sub-61	79	25320.0	0.9706877692486436
SAMP-BAL	4	0.5	sub-61	79	25440.0	0.9706877692486436
SAMP-BAL	4	0.5	sub-61	79	25830.0	0.9706877692486436
SAMP-BAL	4	0.5	sub-61	79	26370.0	0.9706877692486436
SAMP-BAL	4	0.5	sub-61	79	26880.0	0.9706877692486436
SAMP-BAL	4	0.5	sub-61	79	28230.0	0.9706877692486436
SAMP-BAL	4	0.5	sub-63	81	3660.0	0.9706877692486436
SAMP-BAL	4	0.5	sub-63	81	22920.0	0.9706877692486436
SAMP-BAL	4	0.5	sub-63	81	26010.0	0.9706877692486436
SAMP-BAL	4	0.5	sub-63	81	26460.0	0.9706877692486436
SAMP-BAL	4	0.5	sub-65	81	3960.0	0.9706877692486436
SAMP-BAL	4	0.5	sub-65	81	5970.0	0.9706877692486436
SAMP-BAL	4	0.5	sub-65	81	8280.0	0.9706877692486436
SAMP-BAL	4	0.5	sub-65	81	10320.0	0.9706877692486436
SAMP-BAL	4	0.5	sub-65	81	11100.0	0.9706877692486436
SAMP-BAL	4	0.5	sub-65	81	11250.0	0.9706877692486436
SAMP-BAL	4	0.5	sub-65	81	13350.0	0.9706877692486436
SAMP-BAL	4	0.5	sub-65	81	13890.0	0.9706877692486436
SAMP-BAL	4	0.5	sub-65	81	14970.0	0.9706877692486436
SAMP-BAL	4	0.5	sub-65	81	15030.0	0.9706877692486436
SAMP-BAL	4	0.5	sub-65	81	15360.0	0.9706877692486436
SAMP-BAL	4	0.5	sub-65	81	16020.0	0.9706877692486436
SAMP-BAL	4	0.5	sub-65	81	16080.0	0.9706877692486436
SAMP-BAL	4	0.5	sub-65	81	17580.0	0.9706877692486436
SAMP-BAL	4	0.5	sub-65	81	17790.0	0.9706877692486436
SAMP-BAL	4	0.5	sub-65	81	18450.0	0.9706877692486436
SAMP-BAL	4	0.5	sub-65	81	18930.0	0.9706877692486436
SAMP-BAL	4	0.5	sub-65	81	19260.0	0.9706877692486436
SAMP-BAL	4	0.5	sub-65	81	19620.0	0.9706877692486436
SAMP-BAL	4	0.5	sub-65	81	21840.0	0.9706877692486436
SAMP-BAL	4	0.5	sub-65	81	22890.0	0.9706877692486436
SAMP-BAL	4	0.5	sub-65	81	23130.0	0.9706877692486436
SAMP-BAL	4	0.5	sub-65	81	23310.0	0.9706877692486436
SAMP-BAL	4	0.5	sub-65	81	23520.0	0.9706877692486436
SAMP-BAL	4	0.5	sub-65	81	23640.0	0.9706877692486436
SAMP-BAL	4	0.5	sub-65	81	24390.0	0.9706877692486436
SAMP-BAL	4	0.5	sub-65	81	24690.0	0.9706877692486436
SAMP-BAL	4	0.5	sub-65	81	25890.0	0.9706877692486436
SAMP-BAL	4	0.5	sub-66	82	31410.0	0.9706877692486436
SAMP-BAL	4	0.5	sub-66	82	31530.0	0.9706877692486436
SAMP-BAL	4	0.5	sub-74	39	13890.0	0.9706877692486436
SAMP-BAL	4	0.5	sub-74	39	28380.0	0.9706877692486436
SAMP-BAL	4	0.5	sub-78	43	5880.0	0.9706877692486436
SAMP-BAL	4	0.5	sub-78	43	6060.0	0.9706877692486436
SAMP-BAL	4	0.5	sub-78	43	24570.0	0.9706877692486436
SAMP-BAL	4	0.5	sub-83	50	22530.0	0.9706877692486436
SAMP-BAL	4	1.0	sub-100	67	12270.0	0.9046505351008906
SAMP-BAL	4	1.0	sub-100	67	16470.0	0.9046505351008906
SAMP-BAL	4	1.0	sub-100	67	22710.0	0.9046505351008906
SAMP-BAL	4	1.0	sub-100	67	22950.0	0.9046505351008906
SAMP-BAL	4	1.0	sub-100	67	23790.0	0.9046505351008906
SAMP-BAL	4	1.0	sub-100	67	26250.0	0.9046505351008906
SAMP-BAL	4	1.0	sub-100	67	27600.0	0.9046505351008906
SAMP-BAL	4	1.0	sub-100	67	27990.0	0.9046505351008906
SAMP-BAL	4	1.0	sub-100	67	28920.0	0.9046505351008906
SAMP-BAL	4	1.0	sub-11	8	9780.0	0.9046505351008906
SAMP-BAL	4	1.0	sub-11	8	10410.0	0.9046505351008906
SAMP-BAL	4	1.0	sub-11	8	10890.0	0.9046505351008906
SAMP-BAL	4	1.0	sub-11	8	11220.0	0.9046505351008906
SAMP-BAL	4	1.0	sub-11	8	11610.0	0.9046505351008906
SAMP-BAL	4	1.0	sub-11	8	14250.0	0.9046505351008906
SAMP-BAL	4	1.0	sub-11	8	15690.0	0.9046505351008906
SAMP-BAL	4	1.0	sub-11	8	16230.0	0.9046505351008906
SAMP-BAL	4	1.0	sub-11	8	28410.0	0.9046505351008906
SAMP-BAL	4	1.0	sub-11	8	28530.0	0.9046505351008906
SAMP-BAL	4	1.0	sub-12	92	9480.0	0.9046505351008906
SAMP-BAL	4	1.0	sub-12	92	9900.0	0.9046505351008906
SAMP-BAL	4	1.0	sub-12	92	12990.0	0.9046505351008906
SAMP-BAL	4	1.0	sub-12	92	18000.0	0.9046505351008906
SAMP-BAL	4	1.0	sub-12	92	21180.0	0.9046505351008906
SAMP-BAL	4	1.0	sub-12	92	22890.0	0.9046505351008906
SAMP-BAL	4	1.0	sub-12	92	25260.0	0.9046505351008906
SAMP-BAL	4	1.0	sub-12	92	27690.0	0.9046505351008906
SAMP-BAL	4	1.0	sub-12	92	27900.0	0.9046505351008906
SAMP-BAL	4	1.0	sub-12	92	28170.0	0.9046505351008906
SAMP-BAL	4	1.0	sub-121	100	2280.0	0.9046505351008906
SAMP-BAL	4	1.0	sub-121	100	7920.0	0.9046505351008906
SAMP-BAL	4	1.0	sub-121	100	8310.0	0.9046505351008906
SAMP-BAL	4	1.0	sub-121	100	12330.0	0.9046505351008906
SAMP-BAL	4	1.0	sub-121	100	14280.0	0.9046505351008906
SAMP-BAL	4	1.0	sub-121	100	15300.0	0.9046505351008906
SAMP-BAL	4	1.0	sub-121	100	16230.0	0.9046505351008906
SAMP-BAL	4	1.0	sub-121	100	16800.0	0.9046505351008906
SAMP-BAL	4	1.0	sub-121	100	17400.0	0.9046505351008906
SAMP-BAL	4	1.0	sub-121	100	24480.0	0.9046505351008906
SAMP-BAL	4	1.0	sub-121	100	24870.0	0.9046505351008906
SAMP-BAL	4	1.0	sub-121	100	25170.0	0.9046505351008906
SAMP-BAL	4	1.0	sub-121	100	25350.0	0.9046505351008906
SAMP-BAL	4	1.0	sub-121	100	25560.0	0.9046505351008906
SAMP-BAL	4	1.0	sub-121	100	26010.0	0.9046505351008906
SAMP-BAL	4	1.0	sub-16	11	17460.0	0.9046505351008906
SAMP-BAL	4	1.0	sub-16	11	18900.0	0.9046505351008906
SAMP-BAL	4	1.0	sub-16	11	23400.0	0.9046505351008906
SAMP-BAL	4	1.0	sub-16	11	25860.0	0.9046505351008906
SAMP-BAL	4	1.0	sub-16	11	26070.0	0.9046505351008906
SAMP-BAL	4	1.0	sub-16	11	26790.0	0.9046505351008906
SAMP-BAL	4	1.0	sub-16	11	27210.0	0.9046505351008906
SAMP-BAL	4	1.0	sub-16	11	27420.0	0.9046505351008906
SAMP-BAL	4	1.0	sub-16	11	27690.0	0.9046505351008906
SAMP-BAL	4	1.0	sub-16	11	27780.0	0.9046505351008906
SAMP-BAL	4	1.0	sub-16	11	28560.0	0.9046505351008906
SAMP-BAL	4	1.0	sub-17	92	7410.0	0.9046505351008906
SAMP-BAL	4	1.0	sub-17	92	11520.0	0.9046505351008906
SAMP-BAL	4	1.0	sub-17	92	12150.0	0.9046505351008906
SAMP-BAL	4	1.0	sub-17	92	13530.0	0.9046505351008906
SAMP-BAL	4	1.0	sub-17	92	20760.0	0.9046505351008906
SAMP-BAL	4	1.0	sub-17	92	21120.0	0.9046505351008906
SAMP-BAL	4	1.0	sub-17	92	24810.0	0.9046505351008906
SAMP-BAL	4	1.0	sub-17	92	25260.0	0.9046505351008906
SAMP-BAL	4	1.0	sub-17	92	28920.0	0.9046505351008906
SAMP-BAL	4	1.0	sub-17	92	29160.0	0.9046505351008906
SAMP-BAL	4	1.0	sub-45	24	4500.0	0.9046505351008906
SAMP-BAL	4	1.0	sub-45	24	4980.0	0.9046505351008906
SAMP-BAL	4	1.0	sub-45	24	12750.0	0.9046505351008906
SAMP-BAL	4	1.0	sub-45	24	13620.0	0.9046505351008906
SAMP-BAL	4	1.0	sub-45	24	17190.0	0.9046505351008906
SAMP-BAL	4	1.0	sub-45	24	19860.0	0.9046505351008906
SAMP-BAL	4	1.0	sub-45	24	20190.0	0.9046505351008906
SAMP-BAL	4	1.0	sub-59	79	9330.0	0.9046505351008906
SAMP-BAL	4	1.0	sub-59	79	14040.0	0.9046505351008906
SAMP-BAL	4	1.0	sub-59	79	14100.0	0.9046505351008906
SAMP-BAL	4	1.0	sub-59	79	14280.0	0.9046505351008906
SAMP-BAL	4	1.0	sub-59	79	14430.0	0.9046505351008906
SAMP-BAL	4	1.0	sub-59	79	21510.0	0.9046505351008906
SAMP-BAL	4	1.0	sub-59	79	27270.0	0.9046505351008906
SAMP-BAL	4	1.0	sub-59	79	27570.0	0.9046505351008906
SAMP-BAL	4	1.0	sub-59	79	28530.0	0.9046505351008906
SAMP-BAL	4	1.0	sub-59	79	28950.0	0.9046505351008906
SAMP-BAL	4	1.0	sub-59	79	29040.0	0.9046505351008906
SAMP-BAL	4	1.0	sub-59	79	29100.0	0.9046505351008906
SAMP-BAL	4	1.0	sub-59	79	29820.0	0.9046505351008906
SAMP-BAL	4	1.0	sub-59	79	29940.0	0.9046505351008906
SAMP-BAL	4	1.0	sub-61	79	4230.0	0.9046505351008906
SAMP-BAL	4	1.0	sub-61	79	4530.0	0.9046505351008906
SAMP-BAL	4	1.0	sub-61	79	5220.0	0.9046505351008906
SAMP-BAL	4	1.0	sub-61	79	6720.0	0.9046505351008906
SAMP-BAL	4	1.0	sub-61	79	8490.0	0.9046505351008906
SAMP-BAL	4	1.0	sub-61	79	8760.0	0.9046505351008906
SAMP-BAL	4	1.0	sub-61	79	8910.0	0.9046505351008906
SAMP-BAL	4	1.0	sub-61	79	9480.0	0.9046505351008906
SAMP-BAL	4	1.0	sub-61	79	9900.0	0.9046505351008906
SAMP-BAL	4	1.0	sub-61	79	11460.0	0.9046505351008906
SAMP-BAL	4	1.0	sub-61	79	14370.0	0.9046505351008906
SAMP-BAL	4	1.0	sub-61	79	16470.0	0.9046505351008906
SAMP-BAL	4	1.0	sub-61	79	16530.0	0.9046505351008906
SAMP-BAL	4	1.0	sub-61	79	16950.0	0.9046505351008906
SAMP-BAL	4	1.0	sub-61	79	22710.0	0.9046505351008906
SAMP-BAL	4	1.0	sub-61	79	22800.0	0.9046505351008906
SAMP-BAL	4	1.0	sub-61	79	25320.0	0.9046505351008906
SAMP-BAL	4	1.0	sub-61	79	25440.0	0.9046505351008906
SAMP-BAL	4	1.0	sub-61	79	25830.0	0.9046505351008906
SAMP-BAL	4	1.0	sub-61	79	26370.0	0.9046505351008906
SAMP-BAL	4	1.0	sub-61	79	26880.0	0.9046505351008906
SAMP-BAL	4	1.0	sub-61	79	28230.0	0.9046505351008906
SAMP-BAL	4	1.0	sub-63	81	3660.0	0.9046505351008906
SAMP-BAL	4	1.0	sub-63	81	8370.0	0.9046505351008906
SAMP-BAL	4	1.0	sub-63	81	16560.0	0.9046505351008906
SAMP-BAL	4	1.0	sub-63	81	21330.0	0.9046505351008906
SAMP-BAL	4	1.0	sub-63	81	22920.0	0.9046505351008906
SAMP-BAL	4	1.0	sub-63	81	26010.0	0.9046505351008906
SAMP-BAL	4	1.0	sub-63	81	26190.0	0.9046505351008906
SAMP-BAL	4	1.0	sub-63	81	26460.0	0.9046505351008906
SAMP-BAL	4	1.0	sub-64	82	10200.0	0.9046505351008906
SAMP-BAL	4	1.0	sub-64	82	21480.0	0.9046505351008906
SAMP-BAL	4	1.0	sub-65	81	3960.0	0.9046505351008906
SAMP-BAL	4	1.0	sub-65	81	5970.0	0.9046505351008906
SAMP-BAL	4	1.0	sub-65	81	8280.0	0.9046505351008906
SAMP-BAL	4	1.0	sub-65	81	10320.0	0.9046505351008906
SAMP-BAL	4	1.0	sub-65	81	11100.0	0.9046505351008906
SAMP-BAL	4	1.0	sub-65	81	11250.0	0.9046505351008906
SAMP-BAL	4	1.0	sub-65	81	13350.0	0.9046505351008906
SAMP-BAL	4	1.0	sub-65	81	13890.0	0.9046505351008906
SAMP-BAL	4	1.0	sub-65	81	14430.0	0.9046505351008906
SAMP-BAL	4	1.0	sub-65	81	14970.0	0.9046505351008906
SAMP-BAL	4	1.0	sub-65	81	15030.0	0.9046505351008906
SAMP-BAL	4	1.0	sub-65	81	15360.0	0.9046505351008906
SAMP-BAL	4	1.0	sub-65	81	16020.0	0.9046505351008906
SAMP-BAL	4	1.0	sub-65	81	16080.0	0.9046505351008906
SAMP-BAL	4	1.0	sub-65	81	17580.0	0.9046505351008906
SAMP-BAL	4	1.0	sub-65	81	17790.0	0.9046505351008906
SAMP-BAL	4	1.0	sub-65	81	18450.0	0.9046505351008906
SAMP-BAL	4	1.0	sub-65	81	18930.0	0.9046505351008906
SAMP-BAL	4	1.0	sub-65	81	19260.0	0.9046505351008906
SAMP-BAL	4	1.0	sub-65	81	19620.0	0.9046505351008906
SAMP-BAL	4	1.0	sub-65	81	21840.0	0.9046505351008906
SAMP-BAL	4	1.0	sub-65	81	22890.0	0.9046505351008906
SAMP-BAL	4	1.0	sub-65	81	23130.0	0.9046505351008906
SAMP-BAL	4	1.0	sub-65	81	23310.0	0.9046505351008906
SAMP-BAL	4	1.0	sub-65	81	23520.0	0.9046505351008906
SAMP-BAL	4	1.0	sub-65	81	23640.0	0.9046505351008906
SAMP-BAL	4	1.0	sub-65	81	24390.0	0.9046505351008906
SAMP-BAL	4	1.0	sub-65	81	24690.0	0.9046505351008906
SAMP-BAL	4	1.0	sub-65	81	25890.0	0.9046505351008906
SAMP-BAL	4	1.0	sub-66	82	14880.0	0.9046505351008906
SAMP-BAL	4	1.0	sub-66	82	30150.0	0.9046505351008906
SAMP-BAL	4	1.0	sub-66	82	30720.0	0.9046505351008906
SAMP-BAL	4	1.0	sub-66	82	31410.0	0.9046505351008906
SAMP-BAL	4	1.0	sub-66	82	31530.0	0.9046505351008906
SAMP-BAL	4	1.0	sub-74	39	7920.0	0.9046505351008906
SAMP-BAL	4	1.0	sub-74	39	13890.0	0.9046505351008906
SAMP-BAL	4	1.0	sub-74	39	23430.0	0.9046505351008906
SAMP-BAL	4	1.0	sub-74	39	26040.0	0.9046505351008906
SAMP-BAL	4	1.0	sub-74	39	27660.0	0.9046505351008906
SAMP-BAL	4	1.0	sub-74	39	28380.0	0.9046505351008906
SAMP-BAL	4	1.0	sub-78	43	5880.0	0.9046505351008906
SAMP-BAL	4	1.0	sub-78	43	6060.0	0.9046505351008906
SAMP-BAL	4	1.0	sub-78	43	15360.0	0.9046505351008906
SAMP-BAL	4	1.0	sub-78	43	23910.0	0.9046505351008906
SAMP-BAL	4	1.0	sub-78	43	24570.0	0.9046505351008906
SAMP-BAL	4	1.0	sub-78	43	25230.0	0.9046505351008906
SAMP-BAL	4	1.0	sub-78	43	25380.0	0.9046505351008906
SAMP-BAL	4	1.0	sub-83	50	17640.0	0.9046505351008906
SAMP-BAL	4	1.0	sub-83	50	18450.0	0.9046505351008906
SAMP-BAL	4	1.0	sub-83	50	21390.0	0.9046505351008906
SAMP-BAL	4	1.0	sub-83	50	22530.0	0.9046505351008906
SAMP-BAL	4	1.0	sub-83	50	23040.0	0.9046505351008906
RISK-NAT	4	0.1	sub-100	67	23790.0	0.2227001388253088
RISK-NAT	4	0.1	sub-11	8	10890.0	0.2227001388253088
RISK-NAT	4	0.1	sub-11	8	11070.0	0.2227001388253088
RISK-NAT	4	0.1	sub-11	8	11220.0	0.2227001388253088
RISK-NAT	4	0.1	sub-11	8	25770.0	0.2227001388253088
RISK-NAT	4	0.1	sub-11	8	26340.0	0.2227001388253088
RISK-NAT	4	0.1	sub-11	8	27270.0	0.2227001388253088
RISK-NAT	4	0.1	sub-11	8	27480.0	0.2227001388253088
RISK-NAT	4	0.1	sub-11	8	27600.0	0.2227001388253088
RISK-NAT	4	0.1	sub-11	8	27900.0	0.2227001388253088
RISK-NAT	4	0.1	sub-11	8	28200.0	0.2227001388253088
RISK-NAT	4	0.1	sub-12	92	22800.0	0.2227001388253088
RISK-NAT	4	0.1	sub-12	92	22890.0	0.2227001388253088
RISK-NAT	4	0.1	sub-16	11	27210.0	0.2227001388253088
RISK-NAT	4	0.1	sub-16	11	27690.0	0.2227001388253088
RISK-NAT	4	0.1	sub-16	11	27780.0	0.2227001388253088
RISK-NAT	4	0.1	sub-16	11	28290.0	0.2227001388253088
RISK-NAT	4	0.1	sub-45	24	13620.0	0.2227001388253088
RISK-NAT	4	0.1	sub-61	79	22830.0	0.2227001388253088
RISK-NAT	4	0.1	sub-64	82	22440.0	0.2227001388253088
RISK-NAT	4	0.1	sub-65	81	19620.0	0.2227001388253088
RISK-NAT	4	0.1	sub-65	81	24690.0	0.2227001388253088
RISK-NAT	4	0.1	sub-65	81	25890.0	0.2227001388253088
RISK-NAT	4	0.1	sub-78	43	5790.0	0.2227001388253088
RISK-NAT	4	0.1	sub-78	43	24570.0	0.2227001388253088
RISK-NAT	4	0.25	sub-100	67	23790.0	0.1192029220221175
RISK-NAT	4	0.25	sub-11	8	10680.0	0.1192029220221175
RISK-NAT	4	0.25	sub-11	8	10890.0	0.1192029220221175
RISK-NAT	4	0.25	sub-11	8	11070.0	0.1192029220221175
RISK-NAT	4	0.25	sub-11	8	11220.0	0.1192029220221175
RISK-NAT	4	0.25	sub-11	8	26340.0	0.1192029220221175
RISK-NAT	4	0.25	sub-11	8	27270.0	0.1192029220221175
RISK-NAT	4	0.25	sub-11	8	27480.0	0.1192029220221175
RISK-NAT	4	0.25	sub-11	8	27600.0	0.1192029220221175
RISK-NAT	4	0.25	sub-11	8	27900.0	0.1192029220221175
RISK-NAT	4	0.25	sub-11	8	28200.0	0.1192029220221175
RISK-NAT	4	0.25	sub-12	92	22800.0	0.1192029220221175
RISK-NAT	4	0.25	sub-12	92	22890.0	0.1192029220221175
RISK-NAT	4	0.25	sub-12	92	28170.0	0.1192029220221175
RISK-NAT	4	0.25	sub-121	100	25170.0	0.1192029220221175
RISK-NAT	4	0.25	sub-16	11	18900.0	0.1192029220221175
RISK-NAT	4	0.25	sub-16	11	25860.0	0.1192029220221175
RISK-NAT	4	0.25	sub-16	11	27210.0	0.1192029220221175
RISK-NAT	4	0.25	sub-16	11	27420.0	0.1192029220221175
RISK-NAT	4	0.25	sub-16	11	27690.0	0.1192029220221175
RISK-NAT	4	0.25	sub-16	11	27780.0	0.1192029220221175
RISK-NAT	4	0.25	sub-16	11	28290.0	0.1192029220221175
RISK-NAT	4	0.25	sub-16	11	28560.0	0.1192029220221175
RISK-NAT	4	0.25	sub-45	24	13620.0	0.1192029220221175
RISK-NAT	4	0.25	sub-61	79	22830.0	0.1192029220221175
RISK-NAT	4	0.25	sub-61	79	25440.0	0.1192029220221175
RISK-NAT	4	0.25	sub-61	79	26250.0	0.1192029220221175
RISK-NAT	4	0.25	sub-63	81	22920.0	0.1192029220221175
RISK-NAT	4	0.25	sub-64	82	14910.0	0.1192029220221175
RISK-NAT	4	0.25	sub-64	82	21480.0	0.1192029220221175
RISK-NAT	4	0.25	sub-64	82	22440.0	0.1192029220221175
RISK-NAT	4	0.25	sub-65	81	3960.0	0.1192029220221175
RISK-NAT	4	0.25	sub-65	81	14430.0	0.1192029220221175
RISK-NAT	4	0.25	sub-65	81	14970.0	0.1192029220221175
RISK-NAT	4	0.25	sub-65	81	19620.0	0.1192029220221175
RISK-NAT	4	0.25	sub-65	81	23670.0	0.1192029220221175
RISK-NAT	4	0.25	sub-65	81	24690.0	0.1192029220221175
RISK-NAT	4	0.25	sub-65	81	25890.0	0.1192029220221175
RISK-NAT	4	0.25	sub-66	82	9780.0	0.1192029220221175
RISK-NAT	4	0.25	sub-66	82	19920.0	0.1192029220221175
RISK-NAT	4	0.25	sub-66	82	30150.0	0.1192029220221175
RISK-NAT	4	0.25	sub-66	82	30720.0	0.1192029220221175
RISK-NAT	4	0.25	sub-74	39	13890.0	0.1192029220221175
RISK-NAT	4	0.25	sub-78	43	5790.0	0.1192029220221175
RISK-NAT	4	0.25	sub-78	43	24570.0	0.1192029220221175
RISK-NAT	4	0.25	sub-83	50	8790.0	0.1192029220221175
RISK-NAT	4	0.25	sub-83	50	10080.0	0.1192029220221175
RISK-NAT	4	0.25	sub-83	50	17640.0	0.1192029220221175
RISK-NAT	4	0.5	sub-100	67	23790.0	0.0758581800212435
RISK-NAT	4	0.5	sub-11	8	10680.0	0.0758581800212435
RISK-NAT	4	0.5	sub-11	8	10890.0	0.0758581800212435
RISK-NAT	4	0.5	sub-11	8	11070.0	0.0758581800212435
RISK-NAT	4	0.5	sub-11	8	11220.0	0.0758581800212435
RISK-NAT	4	0.5	sub-11	8	26340.0	0.0758581800212435
RISK-NAT	4	0.5	sub-11	8	27270.0	0.0758581800212435
RISK-NAT	4	0.5	sub-11	8	27480.0	0.0758581800212435
RISK-NAT	4	0.5	sub-11	8	27600.0	0.0758581800212435
RISK-NAT	4	0.5	sub-11	8	28200.0	0.0758581800212435
RISK-NAT	4	0.5	sub-11	8	28410.0	0.0758581800212435
RISK-NAT	4	0.5	sub-12	92	9480.0	0.0758581800212435
RISK-NAT	4	0.5	sub-12	92	22800.0	0.0758581800212435
RISK-NAT	4	0.5	sub-12	92	22890.0	0.0758581800212435
RISK-NAT	4	0.5	sub-12	92	25260.0	0.0758581800212435
RISK-NAT	4	0.5	sub-12	92	27690.0	0.0758581800212435
RISK-NAT	4	0.5	sub-12	92	28170.0	0.0758581800212435
RISK-NAT	4	0.5	sub-121	100	8310.0	0.0758581800212435
RISK-NAT	4	0.5	sub-121	100	14280.0	0.0758581800212435
RISK-NAT	4	0.5	sub-121	100	15300.0	0.0758581800212435
RISK-NAT	4	0.5	sub-121	100	16230.0	0.0758581800212435
RISK-NAT	4	0.5	sub-121	100	25170.0	0.0758581800212435
RISK-NAT	4	0.5	sub-16	11	17460.0	0.0758581800212435
RISK-NAT	4	0.5	sub-16	11	17640.0	0.0758581800212435
RISK-NAT	4	0.5	sub-16	11	18900.0	0.0758581800212435
RISK-NAT	4	0.5	sub-16	11	25860.0	0.0758581800212435
RISK-NAT	4	0.5	sub-16	11	26790.0	0.0758581800212435
RISK-NAT	4	0.5	sub-16	11	27210.0	0.0758581800212435
RISK-NAT	4	0.5	sub-16	11	27420.0	0.0758581800212435
RISK-NAT	4	0.5	sub-16	11	27690.0	0.0758581800212435
RISK-NAT	4	0.5	sub-16	11	27780.0	0.0758581800212435
RISK-NAT	4	0.5	sub-16	11	28290.0	0.0758581800212435
RISK-NAT	4	0.5	sub-16	11	28560.0	0.0758581800212435
RISK-NAT	4	0.5	sub-17	92	12150.0	0.0758581800212435
RISK-NAT	4	0.5	sub-17	92	28770.0	0.0758581800212435
RISK-NAT	4	0.5	sub-45	24	13620.0	0.0758581800212435
RISK-NAT	4	0.5	sub-59	79	27270.0	0.0758581800212435
RISK-NAT	4	0.5	sub-61	79	22830.0	0.0758581800212435
RISK-NAT	4	0.5	sub-61	79	25440.0	0.0758581800212435
RISK-NAT	4	0.5	sub-61	79	26250.0	0.0758581800212435
RISK-NAT	4	0.5	sub-63	81	3660.0	0.0758581800212435
RISK-NAT	4	0.5	sub-63	81	22920.0	0.0758581800212435
RISK-NAT	4	0.5	sub-63	81	26010.0	0.0758581800212435
RISK-NAT	4	0.5	sub-63	81	26460.0	0.0758581800212435
RISK-NAT	4	0.5	sub-64	82	10200.0	0.0758581800212435
RISK-NAT	4	0.5	sub-64	82	14910.0	0.0758581800212435
RISK-NAT	4	0.5	sub-64	82	21480.0	0.0758581800212435
RISK-NAT	4	0.5	sub-64	82	22440.0	0.0758581800212435
RISK-NAT	4	0.5	sub-64	82	26010.0	0.0758581800212435
RISK-NAT	4	0.5	sub-65	81	3840.0	0.0758581800212435
RISK-NAT	4	0.5	sub-65	81	3960.0	0.0758581800212435
RISK-NAT	4	0.5	sub-65	81	14430.0	0.0758581800212435
RISK-NAT	4	0.5	sub-65	81	14970.0	0.0758581800212435
RISK-NAT	4	0.5	sub-65	81	18960.0	0.0758581800212435
RISK-NAT	4	0.5	sub-65	81	19620.0	0.0758581800212435
RISK-NAT	4	0.5	sub-65	81	23310.0	0.0758581800212435
RISK-NAT	4	0.5	sub-65	81	23670.0	0.0758581800212435
RISK-NAT	4	0.5	sub-65	81	24690.0	0.0758581800212435
RISK-NAT	4	0.5	sub-65	81	25890.0	0.0758581800212435
RISK-NAT	4	0.5	sub-66	82	9780.0	0.0758581800212435
RISK-NAT	4	0.5	sub-66	82	19920.0	0.0758581800212435
RISK-NAT	4	0.5	sub-66	82	30150.0	0.0758581800212435
RISK-NAT	4	0.5	sub-66	82	30720.0	0.0758581800212435
RISK-NAT	4	0.5	sub-74	39	7920.0	0.0758581800212435
RISK-NAT	4	0.5	sub-74	39	13890.0	0.0758581800212435
RISK-NAT	4	0.5	sub-78	43	5790.0	0.0758581800212435
RISK-NAT	4	0.5	sub-78	43	5850.0	0.0758581800212435
RISK-NAT	4	0.5	sub-78	43	16170.0	0.0758581800212435
RISK-NAT	4	0.5	sub-78	43	17010.0	0.0758581800212435
RISK-NAT	4	0.5	sub-78	43	23910.0	0.0758581800212435
RISK-NAT	4	0.5	sub-78	43	24570.0	0.0758581800212435
RISK-NAT	4	0.5	sub-78	43	24780.0	0.0758581800212435
RISK-NAT	4	0.5	sub-78	43	25380.0	0.0758581800212435
RISK-NAT	4	0.5	sub-83	50	8790.0	0.0758581800212435
RISK-NAT	4	0.5	sub-83	50	10080.0	0.0758581800212435
RISK-NAT	4	0.5	sub-83	50	13950.0	0.0758581800212435
RISK-NAT	4	0.5	sub-83	50	17640.0	0.0758581800212435
RISK-NAT	4	0.5	sub-83	50	18450.0	0.0758581800212435
RISK-NAT	4	1.0	sub-100	67	12270.0	0.0474258731775667
RISK-NAT	4	1.0	sub-100	67	16470.0	0.0474258731775667
RISK-NAT	4	1.0	sub-100	67	22710.0	0.0474258731775667
RISK-NAT	4	1.0	sub-100	67	22950.0	0.0474258731775667
RISK-NAT	4	1.0	sub-100	67	23790.0	0.0474258731775667
RISK-NAT	4	1.0	sub-100	67	26250.0	0.0474258731775667
RISK-NAT	4	1.0	sub-100	67	27600.0	0.0474258731775667
RISK-NAT	4	1.0	sub-11	8	10680.0	0.0474258731775667
RISK-NAT	4	1.0	sub-11	8	10890.0	0.0474258731775667
RISK-NAT	4	1.0	sub-11	8	11070.0	0.0474258731775667
RISK-NAT	4	1.0	sub-11	8	11220.0	0.0474258731775667
RISK-NAT	4	1.0	sub-11	8	26340.0	0.0474258731775667
RISK-NAT	4	1.0	sub-11	8	27270.0	0.0474258731775667
RISK-NAT	4	1.0	sub-11	8	27600.0	0.0474258731775667
RISK-NAT	4	1.0	sub-11	8	28410.0	0.0474258731775667
RISK-NAT	4	1.0	sub-12	92	9480.0	0.0474258731775667
RISK-NAT	4	1.0	sub-12	92	21870.0	0.0474258731775667
RISK-NAT	4	1.0	sub-12	92	22800.0	0.0474258731775667
RISK-NAT	4	1.0	sub-12	92	22890.0	0.0474258731775667
RISK-NAT	4	1.0	sub-12	92	25260.0	0.0474258731775667
RISK-NAT	4	1.0	sub-12	92	27690.0	0.0474258731775667
RISK-NAT	4	1.0	sub-12	92	28170.0	0.0474258731775667
RISK-NAT	4	1.0	sub-121	100	7920.0	0.0474258731775667
RISK-NAT	4	1.0	sub-121	100	8310.0	0.0474258731775667
RISK-NAT	4	1.0	sub-121	100	10320.0	0.0474258731775667
RISK-NAT	4	1.0	sub-121	100	14280.0	0.0474258731775667
RISK-NAT	4	1.0	sub-121	100	15300.0	0.0474258731775667
RISK-NAT	4	1.0	sub-121	100	16230.0	0.0474258731775667
RISK-NAT	4	1.0	sub-121	100	16800.0	0.0474258731775667
RISK-NAT	4	1.0	sub-121	100	25170.0	0.0474258731775667
RISK-NAT	4	1.0	sub-121	100	26010.0	0.0474258731775667
RISK-NAT	4	1.0	sub-16	11	17460.0	0.0474258731775667
RISK-NAT	4	1.0	sub-16	11	17640.0	0.0474258731775667
RISK-NAT	4	1.0	sub-16	11	18030.0	0.0474258731775667
RISK-NAT	4	1.0	sub-16	11	18360.0	0.0474258731775667
RISK-NAT	4	1.0	sub-16	11	18900.0	0.0474258731775667
RISK-NAT	4	1.0	sub-16	11	19440.0	0.0474258731775667
RISK-NAT	4	1.0	sub-16	11	25860.0	0.0474258731775667
RISK-NAT	4	1.0	sub-16	11	26070.0	0.0474258731775667
RISK-NAT	4	1.0	sub-16	11	26790.0	0.0474258731775667
RISK-NAT	4	1.0	sub-16	11	27210.0	0.0474258731775667
RISK-NAT	4	1.0	sub-16	11	27420.0	0.0474258731775667
RISK-NAT	4	1.0	sub-16	11	27690.0	0.0474258731775667
RISK-NAT	4	1.0	sub-16	11	27780.0	0.0474258731775667
RISK-NAT	4	1.0	sub-16	11	28290.0	0.0474258731775667
RISK-NAT	4	1.0	sub-16	11	28560.0	0.0474258731775667
RISK-NAT	4	1.0	sub-17	92	12150.0	0.0474258731775667
RISK-NAT	4	1.0	sub-17	92	24930.0	0.0474258731775667
RISK-NAT	4	1.0	sub-17	92	27960.0	0.0474258731775667
RISK-NAT	4	1.0	sub-17	92	28770.0	0.0474258731775667
RISK-NAT	4	1.0	sub-45	24	3150.0	0.0474258731775667
RISK-NAT	4	1.0	sub-45	24	13620.0	0.0474258731775667
RISK-NAT	4	1.0	sub-45	24	17190.0	0.0474258731775667
RISK-NAT	4	1.0	sub-45	24	20190.0	0.0474258731775667
RISK-NAT	4	1.0	sub-59	79	9330.0	0.0474258731775667
RISK-NAT	4	1.0	sub-59	79	27270.0	0.0474258731775667
RISK-NAT	4	1.0	sub-59	79	27420.0	0.0474258731775667
RISK-NAT	4	1.0	sub-61	79	22830.0	0.0474258731775667
RISK-NAT	4	1.0	sub-61	79	25440.0	0.0474258731775667
RISK-NAT	4	1.0	sub-61	79	26250.0	0.0474258731775667
RISK-NAT	4	1.0	sub-63	81	3660.0	0.0474258731775667
RISK-NAT	4	1.0	sub-63	81	9060.0	0.0474258731775667
RISK-NAT	4	1.0	sub-63	81	9270.0	0.0474258731775667
RISK-NAT	4	1.0	sub-63	81	9600.0	0.0474258731775667
RISK-NAT	4	1.0	sub-63	81	21330.0	0.0474258731775667
RISK-NAT	4	1.0	sub-63	81	22920.0	0.0474258731775667
RISK-NAT	4	1.0	sub-63	81	26010.0	0.0474258731775667
RISK-NAT	4	1.0	sub-63	81	26190.0	0.0474258731775667
RISK-NAT	4	1.0	sub-63	81	26460.0	0.0474258731775667
RISK-NAT	4	1.0	sub-64	82	4590.0	0.0474258731775667
RISK-NAT	4	1.0	sub-64	82	8970.0	0.0474258731775667
RISK-NAT	4	1.0	sub-64	82	10200.0	0.0474258731775667
RISK-NAT	4	1.0	sub-64	82	11250.0	0.0474258731775667
RISK-NAT	4	1.0	sub-64	82	14910.0	0.0474258731775667
RISK-NAT	4	1.0	sub-64	82	17610.0	0.0474258731775667
RISK-NAT	4	1.0	sub-64	82	18030.0	0.0474258731775667
RISK-NAT	4	1.0	sub-64	82	21480.0	0.0474258731775667
RISK-NAT	4	1.0	sub-64	82	21990.0	0.0474258731775667
RISK-NAT	4	1.0	sub-64	82	22440.0	0.0474258731775667
RISK-NAT	4	1.0	sub-64	82	26010.0	0.0474258731775667
RISK-NAT	4	1.0	sub-65	81	3840.0	0.0474258731775667
RISK-NAT	4	1.0	sub-65	81	3960.0	0.0474258731775667
RISK-NAT	4	1.0	sub-65	81	14430.0	0.0474258731775667
RISK-NAT	4	1.0	sub-65	81	14970.0	0.0474258731775667
RISK-NAT	4	1.0	sub-65	81	15360.0	0.0474258731775667
RISK-NAT	4	1.0	sub-65	81	18600.0	0.0474258731775667
RISK-NAT	4	1.0	sub-65	81	18960.0	0.0474258731775667
RISK-NAT	4	1.0	sub-65	81	19620.0	0.0474258731775667
RISK-NAT	4	1.0	sub-65	81	23310.0	0.0474258731775667
RISK-NAT	4	1.0	sub-65	81	23670.0	0.0474258731775667
RISK-NAT	4	1.0	sub-65	81	24690.0	0.0474258731775667
RISK-NAT	4	1.0	sub-65	81	25890.0	0.0474258731775667
RISK-NAT	4	1.0	sub-66	82	9780.0	0.0474258731775667
RISK-NAT	4	1.0	sub-66	82	13200.0	0.0474258731775667
RISK-NAT	4	1.0	sub-66	82	19920.0	0.0474258731775667
RISK-NAT	4	1.0	sub-66	82	23310.0	0.0474258731775667
RISK-NAT	4	1.0	sub-66	82	30150.0	0.0474258731775667
RISK-NAT	4	1.0	sub-66	82	30720.0	0.0474258731775667
RISK-NAT	4	1.0	sub-74	39	7920.0	0.0474258731775667
RISK-NAT	4	1.0	sub-74	39	13890.0	0.0474258731775667
RISK-NAT	4	1.0	sub-74	39	28380.0	0.0474258731775667
RISK-NAT	4	1.0	sub-78	43	5790.0	0.0474258731775667
RISK-NAT	4	1.0	sub-78	43	5850.0	0.0474258731775667
RISK-NAT	4	1.0	sub-78	43	16170.0	0.0474258731775667
RISK-NAT	4	1.0	sub-78	43	17010.0	0.0474258731775667
RISK-NAT	4	1.0	sub-78	43	23910.0	0.0474258731775667
RISK-NAT	4	1.0	sub-78	43	24570.0	0.0474258731775667
RISK-NAT	4	1.0	sub-78	43	24780.0	0.0474258731775667
RISK-NAT	4	1.0	sub-78	43	25380.0	0.0474258731775667
RISK-NAT	4	1.0	sub-83	50	4950.0	0.0474258731775667
RISK-NAT	4	1.0	sub-83	50	5220.0	0.0474258731775667
RISK-NAT	4	1.0	sub-83	50	5310.0	0.0474258731775667
RISK-NAT	4	1.0	sub-83	50	8310.0	0.0474258731775667
RISK-NAT	4	1.0	sub-83	50	8790.0	0.0474258731775667
RISK-NAT	4	1.0	sub-83	50	10080.0	0.0474258731775667
RISK-NAT	4	1.0	sub-83	50	13950.0	0.0474258731775667
RISK-NAT	4	1.0	sub-83	50	17640.0	0.0474258731775667
RISK-NAT	4	1.0	sub-83	50	18450.0	0.0474258731775667
RISK-NAT	4	1.0	sub-83	50	22530.0	0.0474258731775667
SAMP-BAL	5	0.1	sub-14	9	31950.0	1.0
SAMP-BAL	5	0.1	sub-20	13	30900.0	1.0
SAMP-BAL	5	0.1	sub-20	13	31020.0	1.0
SAMP-BAL	5	0.1	sub-24	16	26340.0	1.0
SAMP-BAL	5	0.1	sub-24	16	26460.0	1.0
SAMP-BAL	5	0.1	sub-38	87	16410.0	1.0
SAMP-BAL	5	0.1	sub-38	87	17760.0	1.0
SAMP-BAL	5	0.1	sub-38	87	19680.0	1.0
SAMP-BAL	5	0.1	sub-38	87	24630.0	1.0
SAMP-BAL	5	0.1	sub-49	29	26160.0	1.0
SAMP-BAL	5	0.1	sub-49	29	26280.0	1.0
SAMP-BAL	5	0.1	sub-71	36	31260.0	1.0
SAMP-BAL	5	0.1	sub-71	36	31380.0	1.0
SAMP-BAL	5	0.25	sub-14	9	1140.0	0.9988304897349444
SAMP-BAL	5	0.25	sub-14	9	1380.0	0.9988304897349444
SAMP-BAL	5	0.25	sub-14	9	2790.0	0.9988304897349444
SAMP-BAL	5	0.25	sub-14	9	14700.0	0.9988304897349444
SAMP-BAL	5	0.25	sub-14	9	26940.0	0.9988304897349444
SAMP-BAL	5	0.25	sub-14	9	31920.0	0.9988304897349444
SAMP-BAL	5	0.25	sub-19	93	1980.0	0.9988304897349444
SAMP-BAL	5	0.25	sub-19	93	3120.0	0.9988304897349444
SAMP-BAL	5	0.25	sub-19	93	8880.0	0.9988304897349444
SAMP-BAL	5	0.25	sub-20	13	30900.0	0.9988304897349444
SAMP-BAL	5	0.25	sub-20	13	31020.0	0.9988304897349444
SAMP-BAL	5	0.25	sub-21	93	26010.0	0.9988304897349444
SAMP-BAL	5	0.25	sub-21	93	26100.0	0.9988304897349444
SAMP-BAL	5	0.25	sub-21	93	29880.0	0.9988304897349444
SAMP-BAL	5	0.25	sub-24	16	17370.0	0.9988304897349444
SAMP-BAL	5	0.25	sub-24	16	24780.0	0.9988304897349444
SAMP-BAL	5	0.25	sub-24	16	26340.0	0.9988304897349444
SAMP-BAL	5	0.25	sub-24	16	26460.0	0.9988304897349444
SAMP-BAL	5	0.25	sub-38	87	2460.0	0.9988304897349444
SAMP-BAL	5	0.25	sub-38	87	9960.0	0.9988304897349444
SAMP-BAL	5	0.25	sub-38	87	12840.0	0.9988304897349444
SAMP-BAL	5	0.25	sub-38	87	13320.0	0.9988304897349444
SAMP-BAL	5	0.25	sub-38	87	16410.0	0.9988304897349444
SAMP-BAL	5	0.25	sub-38	87	17160.0	0.9988304897349444
SAMP-BAL	5	0.25	sub-38	87	17760.0	0.9988304897349444
SAMP-BAL	5	0.25	sub-38	87	19680.0	0.9988304897349444
SAMP-BAL	5	0.25	sub-38	87	21840.0	0.9988304897349444
SAMP-BAL	5	0.25	sub-38	87	24600.0	0.9988304897349444
SAMP-BAL	5	0.25	sub-49	29	26160.0	0.9988304897349444
SAMP-BAL	5	0.25	sub-49	29	26280.0	0.9988304897349444
SAMP-BAL	5	0.25	sub-69	34	23040.0	0.9988304897349444
SAMP-BAL	5	0.25	sub-71	36	31260.0	0.9988304897349444
SAMP-BAL	5	0.25	sub-71	36	31380.0	0.9988304897349444
SAMP-BAL	5	0.5	sub-125	104	17760.0	0.995929862284104
SAMP-BAL	5	0.5	sub-125	104	23940.0	0.995929862284104
SAMP-BAL	5	0.5	sub-14	9	1140.0	0.995929862284104
SAMP-BAL	5	0.5	sub-14	9	1380.0	0.995929862284104
SAMP-BAL	5	0.5	sub-14	9	2790.0	0.995929862284104
SAMP-BAL	5	0.5	sub-14	9	14700.0	0.995929862284104
SAMP-BAL	5	0.5	sub-14	9	26940.0	0.995929862284104
SAMP-BAL	5	0.5	sub-14	9	28500.0	0.995929862284104
SAMP-BAL	5	0.5	sub-14	9	31920.0	0.995929862284104
SAMP-BAL	5	0.5	sub-19	93	930.0	0.995929862284104
SAMP-BAL	5	0.5	sub-19	93	1980.0	0.995929862284104
SAMP-BAL	5	0.5	sub-19	93	3120.0	0.995929862284104
SAMP-BAL	5	0.5	sub-19	93	4020.0	0.995929862284104
SAMP-BAL	5	0.5	sub-19	93	8880.0	0.995929862284104
SAMP-BAL	5	0.5	sub-19	93	27150.0	0.995929862284104
SAMP-BAL	5	0.5	sub-20	13	24900.0	0.995929862284104
SAMP-BAL	5	0.5	sub-20	13	30900.0	0.995929862284104
SAMP-BAL	5	0.5	sub-20	13	31020.0	0.995929862284104
SAMP-BAL	5	0.5	sub-21	93	26010.0	0.995929862284104
SAMP-BAL	5	0.5	sub-21	93	26100.0	0.995929862284104
SAMP-BAL	5	0.5	sub-21	93	28950.0	0.995929862284104
SAMP-BAL	5	0.5	sub-21	93	29880.0	0.995929862284104
SAMP-BAL	5	0.5	sub-24	16	17370.0	0.995929862284104
SAMP-BAL	5	0.5	sub-24	16	24780.0	0.995929862284104
SAMP-BAL	5	0.5	sub-24	16	26340.0	0.995929862284104
SAMP-BAL	5	0.5	sub-24	16	26460.0	0.995929862284104
SAMP-BAL	5	0.5	sub-38	87	2460.0	0.995929862284104
SAMP-BAL	5	0.5	sub-38	87	2820.0	0.995929862284104
SAMP-BAL	5	0.5	sub-38	87	9960.0	0.995929862284104
SAMP-BAL	5	0.5	sub-38	87	12840.0	0.995929862284104
SAMP-BAL	5	0.5	sub-38	87	13320.0	0.995929862284104
SAMP-BAL	5	0.5	sub-38	87	16410.0	0.995929862284104
SAMP-BAL	5	0.5	sub-38	87	17160.0	0.995929862284104
SAMP-BAL	5	0.5	sub-38	87	17760.0	0.995929862284104
SAMP-BAL	5	0.5	sub-38	87	19680.0	0.995929862284104
SAMP-BAL	5	0.5	sub-38	87	21840.0	0.995929862284104
SAMP-BAL	5	0.5	sub-38	87	24600.0	0.995929862284104
SAMP-BAL	5	0.5	sub-43	87	11310.0	0.995929862284104
SAMP-BAL	5	0.5	sub-49	29	24720.0	0.995929862284104
SAMP-BAL	5	0.5	sub-49	29	26160.0	0.995929862284104
SAMP-BAL	5	0.5	sub-49	29	26280.0	0.995929862284104
SAMP-BAL	5	0.5	sub-69	34	13050.0	0.995929862284104
SAMP-BAL	5	0.5	sub-69	34	23040.0	0.995929862284104
SAMP-BAL	5	0.5	sub-71	36	21090.0	0.995929862284104
SAMP-BAL	5	0.5	sub-71	36	31260.0	0.995929862284104
SAMP-BAL	5	0.5	sub-71	36	31380.0	0.995929862284104
SAMP-BAL	5	1.0	sub-116	98	8760.0	0.9525741268224334
SAMP-BAL	5	1.0	sub-116	98	14070.0	0.9525741268224334
SAMP-BAL	5	1.0	sub-116	98	17070.0	0.9525741268224334
SAMP-BAL	5	1.0	sub-125	104	1410.0	0.9525741268224334
SAMP-BAL	5	1.0	sub-125	104	3630.0	0.9525741268224334
SAMP-BAL	5	1.0	sub-125	104	13230.0	0.9525741268224334
SAMP-BAL	5	1.0	sub-125	104	17760.0	0.9525741268224334
SAMP-BAL	5	1.0	sub-125	104	23760.0	0.9525741268224334
SAMP-BAL	5	1.0	sub-125	104	23940.0	0.9525741268224334
SAMP-BAL	5	1.0	sub-125	104	24450.0	0.9525741268224334
SAMP-BAL	5	1.0	sub-14	9	1140.0	0.9525741268224334
SAMP-BAL	5	1.0	sub-14	9	1380.0	0.9525741268224334
SAMP-BAL	5	1.0	sub-14	9	2790.0	0.9525741268224334
SAMP-BAL	5	1.0	sub-14	9	11100.0	0.9525741268224334
SAMP-BAL	5	1.0	sub-14	9	12570.0	0.9525741268224334
SAMP-BAL	5	1.0	sub-14	9	14700.0	0.9525741268224334
SAMP-BAL	5	1.0	sub-14	9	15480.0	0.9525741268224334
SAMP-BAL	5	1.0	sub-14	9	20940.0	0.9525741268224334
SAMP-BAL	5	1.0	sub-14	9	26940.0	0.9525741268224334
SAMP-BAL	5	1.0	sub-14	9	28500.0	0.9525741268224334
SAMP-BAL	5	1.0	sub-14	9	31530.0	0.9525741268224334
SAMP-BAL	5	1.0	sub-14	9	31920.0	0.9525741268224334
SAMP-BAL	5	1.0	sub-19	93	930.0	0.9525741268224334
SAMP-BAL	5	1.0	sub-19	93	1980.0	0.9525741268224334
SAMP-BAL	5	1.0	sub-19	93	2280.0	0.9525741268224334
SAMP-BAL	5	1.0	sub-19	93	3120.0	0.9525741268224334
SAMP-BAL	5	1.0	sub-19	93	3360.0	0.9525741268224334
SAMP-BAL	5	1.0	sub-19	93	3420.0	0.9525741268224334
SAMP-BAL	5	1.0	sub-19	93	3570.0	0.9525741268224334
SAMP-BAL	5	1.0	sub-19	93	3840.0	0.9525741268224334
SAMP-BAL	5	1.0	sub-19	93	4020.0	0.9525741268224334
SAMP-BAL	5	1.0	sub-19	93	4140.0	0.9525741268224334
SAMP-BAL	5	1.0	sub-19	93	8880.0	0.9525741268224334
SAMP-BAL	5	1.0	sub-19	93	9000.0	0.9525741268224334
SAMP-BAL	5	1.0	sub-19	93	13050.0	0.9525741268224334
SAMP-BAL	5	1.0	sub-19	93	24390.0	0.9525741268224334
SAMP-BAL	5	1.0	sub-19	93	27150.0	0.9525741268224334
SAMP-BAL	5	1.0	sub-20	13	3030.0	0.9525741268224334
SAMP-BAL	5	1.0	sub-20	13	12540.0	0.9525741268224334
SAMP-BAL	5	1.0	sub-20	13	19050.0	0.9525741268224334
SAMP-BAL	5	1.0	sub-20	13	24900.0	0.9525741268224334
SAMP-BAL	5	1.0	sub-20	13	29250.0	0.9525741268224334
SAMP-BAL	5	1.0	sub-20	13	30900.0	0.9525741268224334
SAMP-BAL	5	1.0	sub-20	13	31020.0	0.9525741268224334
SAMP-BAL	5	1.0	sub-21	93	3990.0	0.9525741268224334
SAMP-BAL	5	1.0	sub-21	93	5700.0	0.9525741268224334
SAMP-BAL	5	1.0	sub-21	93	9540.0	0.9525741268224334
SAMP-BAL	5	1.0	sub-21	93	10560.0	0.9525741268224334
SAMP-BAL	5	1.0	sub-21	93	13260.0	0.9525741268224334
SAMP-BAL	5	1.0	sub-21	93	13440.0	0.9525741268224334
SAMP-BAL	5	1.0	sub-21	93	15120.0	0.9525741268224334
SAMP-BAL	5	1.0	sub-21	93	17220.0	0.9525741268224334
SAMP-BAL	5	1.0	sub-21	93	22860.0	0.9525741268224334
SAMP-BAL	5	1.0	sub-21	93	22950.0	0.9525741268224334
SAMP-BAL	5	1.0	sub-21	93	24930.0	0.9525741268224334
SAMP-BAL	5	1.0	sub-21	93	26010.0	0.9525741268224334
SAMP-BAL	5	1.0	sub-21	93	26100.0	0.9525741268224334
SAMP-BAL	5	1.0	sub-21	93	28950.0	0.9525741268224334
SAMP-BAL	5	1.0	sub-21	93	29880.0	0.9525741268224334
SAMP-BAL	5	1.0	sub-21	93	30240.0	0.9525741268224334
SAMP-BAL	5	1.0	sub-24	16	4710.0	0.9525741268224334
SAMP-BAL	5	1.0	sub-24	16	5100.0	0.9525741268224334
SAMP-BAL	5	1.0	sub-24	16	8190.0	0.9525741268224334
SAMP-BAL	5	1.0	sub-24	16	17370.0	0.9525741268224334
SAMP-BAL	5	1.0	sub-24	16	17880.0	0.9525741268224334
SAMP-BAL	5	1.0	sub-24	16	18090.0	0.9525741268224334
SAMP-BAL	5	1.0	sub-24	16	18360.0	0.9525741268224334
SAMP-BAL	5	1.0	sub-24	16	18780.0	0.9525741268224334
SAMP-BAL	5	1.0	sub-24	16	19020.0	0.9525741268224334
SAMP-BAL	5	1.0	sub-24	16	21270.0	0.9525741268224334
SAMP-BAL	5	1.0	sub-24	16	23160.0	0.9525741268224334
SAMP-BAL	5	1.0	sub-24	16	23310.0	0.9525741268224334
SAMP-BAL	5	1.0	sub-24	16	24330.0	0.9525741268224334
SAMP-BAL	5	1.0	sub-24	16	24690.0	0.9525741268224334
SAMP-BAL	5	1.0	sub-24	16	24780.0	0.9525741268224334
SAMP-BAL	5	1.0	sub-24	16	25110.0	0.9525741268224334
SAMP-BAL	5	1.0	sub-24	16	25200.0	0.9525741268224334
SAMP-BAL	5	1.0	sub-24	16	25380.0	0.9525741268224334
SAMP-BAL	5	1.0	sub-24	16	26340.0	0.9525741268224334
SAMP-BAL	5	1.0	sub-24	16	26460.0	0.9525741268224334
SAMP-BAL	5	1.0	sub-31	95	20130.0	0.9525741268224334
SAMP-BAL	5	1.0	sub-38	87	2460.0	0.9525741268224334
SAMP-BAL	5	1.0	sub-38	87	2820.0	0.9525741268224334
SAMP-BAL	5	1.0	sub-38	87	9960.0	0.9525741268224334
SAMP-BAL	5	1.0	sub-38	87	10050.0	0.9525741268224334
SAMP-BAL	5	1.0	sub-38	87	12840.0	0.9525741268224334
SAMP-BAL	5	1.0	sub-38	87	13320.0	0.9525741268224334
SAMP-BAL	5	1.0	sub-38	87	16410.0	0.9525741268224334
SAMP-BAL	5	1.0	sub-38	87	17160.0	0.9525741268224334
SAMP-BAL	5	1.0	sub-38	87	17760.0	0.9525741268224334
SAMP-BAL	5	1.0	sub-38	87	19680.0	0.9525741268224334
SAMP-BAL	5	1.0	sub-38	87	21840.0	0.9525741268224334
SAMP-BAL	5	1.0	sub-38	87	21900.0	0.9525741268224334
SAMP-BAL	5	1.0	sub-38	87	24600.0	0.9525741268224334
SAMP-BAL	5	1.0	sub-43	87	2340.0	0.9525741268224334
SAMP-BAL	5	1.0	sub-43	87	6360.0	0.9525741268224334
SAMP-BAL	5	1.0	sub-43	87	7170.0	0.9525741268224334
SAMP-BAL	5	1.0	sub-43	87	8010.0	0.9525741268224334
SAMP-BAL	5	1.0	sub-43	87	11310.0	0.9525741268224334
SAMP-BAL	5	1.0	sub-47	87	12480.0	0.9525741268224334
SAMP-BAL	5	1.0	sub-49	29	19560.0	0.9525741268224334
SAMP-BAL	5	1.0	sub-49	29	24720.0	0.9525741268224334
SAMP-BAL	5	1.0	sub-49	29	26160.0	0.9525741268224334
SAMP-BAL	5	1.0	sub-49	29	26280.0	0.9525741268224334
SAMP-BAL	5	1.0	sub-69	34	1980.0	0.9525741268224334
SAMP-BAL	5	1.0	sub-69	34	3540.0	0.9525741268224334
SAMP-BAL	5	1.0	sub-69	34	7440.0	0.9525741268224334
SAMP-BAL	5	1.0	sub-69	34	8850.0	0.9525741268224334
SAMP-BAL	5	1.0	sub-69	34	9690.0	0.9525741268224334
SAMP-BAL	5	1.0	sub-69	34	13050.0	0.9525741268224334
SAMP-BAL	5	1.0	sub-69	34	18390.0	0.9525741268224334
SAMP-BAL	5	1.0	sub-69	34	23040.0	0.9525741268224334
SAMP-BAL	5	1.0	sub-71	36	3330.0	0.9525741268224334
SAMP-BAL	5	1.0	sub-71	36	19770.0	0.9525741268224334
SAMP-BAL	5	1.0	sub-71	36	21090.0	0.9525741268224334
SAMP-BAL	5	1.0	sub-71	36	22740.0	0.9525741268224334
SAMP-BAL	5	1.0	sub-71	36	26880.0	0.9525741268224334
SAMP-BAL	5	1.0	sub-71	36	27210.0	0.9525741268224334
SAMP-BAL	5	1.0	sub-71	36	27570.0	0.9525741268224334
SAMP-BAL	5	1.0	sub-71	36	28560.0	0.9525741268224334
SAMP-BAL	5	1.0	sub-71	36	30780.0	0.9525741268224334
SAMP-BAL	5	1.0	sub-71	36	31260.0	0.9525741268224334
SAMP-BAL	5	1.0	sub-71	36	31380.0	0.9525741268224334
RISK-BAL	5	1.0	sub-104	72	5910.0	1.0
RISK-BAL	5	1.0	sub-104	72	23130.0	1.0
RISK-BAL	5	1.0	sub-104	72	24270.0	1.0
RISK-BAL	5	1.0	sub-115	98	16950.0	1.0
RISK-BAL	5	1.0	sub-115	98	21960.0	1.0
RISK-BAL	5	1.0	sub-116	98	7290.0	1.0
RISK-BAL	5	1.0	sub-116	98	8760.0	1.0
RISK-BAL	5	1.0	sub-116	98	22380.0	1.0
RISK-BAL	5	1.0	sub-117	98	23070.0	1.0
RISK-BAL	5	1.0	sub-125	104	780.0	1.0
RISK-BAL	5	1.0	sub-125	104	1410.0	1.0
RISK-BAL	5	1.0	sub-125	104	13200.0	1.0
RISK-BAL	5	1.0	sub-125	104	20310.0	1.0
RISK-BAL	5	1.0	sub-14	9	1140.0	1.0
RISK-BAL	5	1.0	sub-14	9	1380.0	1.0
RISK-BAL	5	1.0	sub-14	9	2790.0	1.0
RISK-BAL	5	1.0	sub-14	9	7260.0	1.0
RISK-BAL	5	1.0	sub-14	9	8640.0	1.0
RISK-BAL	5	1.0	sub-14	9	11100.0	1.0
RISK-BAL	5	1.0	sub-14	9	12510.0	1.0
RISK-BAL	5	1.0	sub-14	9	12570.0	1.0
RISK-BAL	5	1.0	sub-14	9	12960.0	1.0
RISK-BAL	5	1.0	sub-14	9	13920.0	1.0
RISK-BAL	5	1.0	sub-14	9	14670.0	1.0
RISK-BAL	5	1.0	sub-14	9	15480.0	1.0
RISK-BAL	5	1.0	sub-14	9	20430.0	1.0
RISK-BAL	5	1.0	sub-14	9	20700.0	1.0
RISK-BAL	5	1.0	sub-14	9	23190.0	1.0
RISK-BAL	5	1.0	sub-14	9	26850.0	1.0
RISK-BAL	5	1.0	sub-14	9	26940.0	1.0
RISK-BAL	5	1.0	sub-14	9	29940.0	1.0
RISK-BAL	5	1.0	sub-14	9	31530.0	1.0
RISK-BAL	5	1.0	sub-19	93	180.0	1.0
RISK-BAL	5	1.0	sub-19	93	420.0	1.0
RISK-BAL	5	1.0	sub-19	93	930.0	1.0
RISK-BAL	5	1.0	sub-19	93	1980.0	1.0
RISK-BAL	5	1.0	sub-19	93	2280.0	1.0
RISK-BAL	5	1.0	sub-19	93	3090.0	1.0
RISK-BAL	5	1.0	sub-19	93	3210.0	1.0
RISK-BAL	5	1.0	sub-19	93	3810.0	1.0
RISK-BAL	5	1.0	sub-19	93	4020.0	1.0
RISK-BAL	5	1.0	sub-19	93	4110.0	1.0
RISK-BAL	5	1.0	sub-19	93	8880.0	1.0
RISK-BAL	5	1.0	sub-19	93	9420.0	1.0
RISK-BAL	5	1.0	sub-19	93	12240.0	1.0
RISK-BAL	5	1.0	sub-19	93	13050.0	1.0
RISK-BAL	5	1.0	sub-19	93	14280.0	1.0
RISK-BAL	5	1.0	sub-19	93	17190.0	1.0
RISK-BAL	5	1.0	sub-19	93	20460.0	1.0
RISK-BAL	5	1.0	sub-19	93	27240.0	1.0
RISK-BAL	5	1.0	sub-20	13	3060.0	1.0
RISK-BAL	5	1.0	sub-20	13	3630.0	1.0
RISK-BAL	5	1.0	sub-20	13	11010.0	1.0
RISK-BAL	5	1.0	sub-20	13	18300.0	1.0
RISK-BAL	5	1.0	sub-20	13	19200.0	1.0
RISK-BAL	5	1.0	sub-20	13	24480.0	1.0
RISK-BAL	5	1.0	sub-20	13	24660.0	1.0
RISK-BAL	5	1.0	sub-20	13	24900.0	1.0
RISK-BAL	5	1.0	sub-20	13	25770.0	1.0
RISK-BAL	5	1.0	sub-21	93	600.0	1.0
RISK-BAL	5	1.0	sub-21	93	3990.0	1.0
RISK-BAL	5	1.0	sub-21	93	4500.0	1.0
RISK-BAL	5	1.0	sub-21	93	5070.0	1.0
RISK-BAL	5	1.0	sub-21	93	5340.0	1.0
RISK-BAL	5	1.0	sub-21	93	5700.0	1.0
RISK-BAL	5	1.0	sub-21	93	5880.0	1.0
RISK-BAL	5	1.0	sub-21	93	6240.0	1.0
RISK-BAL	5	1.0	sub-21	93	9540.0	1.0
RISK-BAL	5	1.0	sub-21	93	10560.0	1.0
RISK-BAL	5	1.0	sub-21	93	13440.0	1.0
RISK-BAL	5	1.0	sub-21	93	17220.0	1.0
RISK-BAL	5	1.0	sub-21	93	22860.0	1.0
RISK-BAL	5	1.0	sub-21	93	26010.0	1.0
RISK-BAL	5	1.0	sub-21	93	26100.0	1.0
RISK-BAL	5	1.0	sub-21	93	28950.0	1.0
RISK-BAL	5	1.0	sub-21	93	29880.0	1.0
RISK-BAL	5	1.0	sub-21	93	30090.0	1.0
RISK-BAL	5	1.0	sub-21	93	30240.0	1.0
RISK-BAL	5	1.0	sub-21	93	30330.0	1.0
RISK-BAL	5	1.0	sub-24	16	4710.0	1.0
RISK-BAL	5	1.0	sub-24	16	4950.0	1.0
RISK-BAL	5	1.0	sub-24	16	8190.0	1.0
RISK-BAL	5	1.0	sub-24	16	17370.0	1.0
RISK-BAL	5	1.0	sub-24	16	17790.0	1.0
RISK-BAL	5	1.0	sub-24	16	17910.0	1.0
RISK-BAL	5	1.0	sub-24	16	18090.0	1.0
RISK-BAL	5	1.0	sub-24	16	18360.0	1.0
RISK-BAL	5	1.0	sub-24	16	18780.0	1.0
RISK-BAL	5	1.0	sub-24	16	19920.0	1.0
RISK-BAL	5	1.0	sub-24	16	21240.0	1.0
RISK-BAL	5	1.0	sub-24	16	21540.0	1.0
RISK-BAL	5	1.0	sub-24	16	21750.0	1.0
RISK-BAL	5	1.0	sub-24	16	23160.0	1.0
RISK-BAL	5	1.0	sub-24	16	23310.0	1.0
RISK-BAL	5	1.0	sub-24	16	24420.0	1.0
RISK-BAL	5	1.0	sub-24	16	24480.0	1.0
RISK-BAL	5	1.0	sub-24	16	24780.0	1.0
RISK-BAL	5	1.0	sub-24	16	25110.0	1.0
RISK-BAL	5	1.0	sub-24	16	25200.0	1.0
RISK-BAL	5	1.0	sub-24	16	25380.0	1.0
RISK-BAL	5	1.0	sub-24	16	25470.0	1.0
RISK-BAL	5	1.0	sub-31	95	13680.0	1.0
RISK-BAL	5	1.0	sub-31	95	17610.0	1.0
RISK-BAL	5	1.0	sub-31	95	17880.0	1.0
RISK-BAL	5	1.0	sub-31	95	19980.0	1.0
RISK-BAL	5	1.0	sub-31	95	20130.0	1.0
RISK-BAL	5	1.0	sub-38	87	1500.0	1.0
RISK-BAL	5	1.0	sub-38	87	17190.0	1.0
RISK-BAL	5	1.0	sub-38	87	17760.0	1.0
RISK-BAL	5	1.0	sub-38	87	24630.0	1.0
RISK-BAL	5	1.0	sub-43	87	2340.0	1.0
RISK-BAL	5	1.0	sub-43	87	2700.0	1.0
RISK-BAL	5	1.0	sub-43	87	6180.0	1.0
RISK-BAL	5	1.0	sub-43	87	6360.0	1.0
RISK-BAL	5	1.0	sub-43	87	7170.0	1.0
RISK-BAL	5	1.0	sub-43	87	8010.0	1.0
RISK-BAL	5	1.0	sub-43	87	10860.0	1.0
RISK-BAL	5	1.0	sub-43	87	10980.0	1.0
RISK-BAL	5	1.0	sub-43	87	11310.0	1.0
RISK-BAL	5	1.0	sub-43	87	11430.0	1.0
RISK-BAL	5	1.0	sub-47	87	5850.0	1.0
RISK-BAL	5	1.0	sub-47	87	8250.0	1.0
RISK-BAL	5	1.0	sub-47	87	11520.0	1.0
RISK-BAL	5	1.0	sub-49	29	630.0	1.0
RISK-BAL	5	1.0	sub-49	29	17550.0	1.0
RISK-BAL	5	1.0	sub-49	29	19680.0	1.0
RISK-BAL	5	1.0	sub-49	29	20850.0	1.0
RISK-BAL	5	1.0	sub-49	29	24720.0	1.0
RISK-BAL	5	1.0	sub-49	29	25260.0	1.0
RISK-BAL	5	1.0	sub-49	29	25560.0	1.0
RISK-BAL	5	1.0	sub-69	34	540.0	1.0
RISK-BAL	5	1.0	sub-69	34	1020.0	1.0
RISK-BAL	5	1.0	sub-69	34	1980.0	1.0
RISK-BAL	5	1.0	sub-69	34	3510.0	1.0
RISK-BAL	5	1.0	sub-69	34	7440.0	1.0
RISK-BAL	5	1.0	sub-69	34	8670.0	1.0
RISK-BAL	5	1.0	sub-69	34	9690.0	1.0
RISK-BAL	5	1.0	sub-69	34	21900.0	1.0
RISK-BAL	5	1.0	sub-69	34	23040.0	1.0
RISK-BAL	5	1.0	sub-69	34	25380.0	1.0
RISK-BAL	5	1.0	sub-69	34	26910.0	1.0
RISK-BAL	5	1.0	sub-71	36	3330.0	1.0
RISK-BAL	5	1.0	sub-71	36	6870.0	1.0
RISK-BAL	5	1.0	sub-71	36	19770.0	1.0
RISK-BAL	5	1.0	sub-71	36	20010.0	1.0
RISK-BAL	5	1.0	sub-71	36	21090.0	1.0
RISK-BAL	5	1.0	sub-71	36	26880.0	1.0
RISK-BAL	5	1.0	sub-71	36	27210.0	1.0
RISK-BAL	5	1.0	sub-71	36	27570.0	1.0
RISK-BAL	5	1.0	sub-71	36	28560.0	1.0
RISK-BAL	5	1.0	sub-71	36	30780.0	1.0
RISK-NAT	5	0.1	sub-125	104	17760.0	0.320821300824607
RISK-NAT	5	0.1	sub-125	104	23760.0	0.320821300824607
RISK-NAT	5	0.1	sub-14	9	1140.0	0.320821300824607
RISK-NAT	5	0.1	sub-14	9	1380.0	0.320821300824607
RISK-NAT	5	0.1	sub-14	9	2790.0	0.320821300824607
RISK-NAT	5	0.1	sub-14	9	14700.0	0.320821300824607
RISK-NAT	5	0.1	sub-19	93	930.0	0.320821300824607
RISK-NAT	5	0.1	sub-19	93	1980.0	0.320821300824607
RISK-NAT	5	0.1	sub-19	93	3120.0	0.320821300824607
RISK-NAT	5	0.1	sub-19	93	4020.0	0.320821300824607
RISK-NAT	5	0.1	sub-19	93	8880.0	0.320821300824607
RISK-NAT	5	0.1	sub-21	93	5700.0	0.320821300824607
RISK-NAT	5	0.1	sub-21	93	26100.0	0.320821300824607
RISK-NAT	5	0.1	sub-21	93	29880.0	0.320821300824607
RISK-NAT	5	0.1	sub-24	16	8190.0	0.320821300824607
RISK-NAT	5	0.1	sub-24	16	17370.0	0.320821300824607
RISK-NAT	5	0.1	sub-38	87	24630.0	0.320821300824607
RISK-NAT	5	0.1	sub-43	87	11310.0	0.320821300824607
RISK-NAT	5	0.25	sub-125	104	3630.0	0.1824255238063563
RISK-NAT	5	0.25	sub-125	104	4590.0	0.1824255238063563
RISK-NAT	5	0.25	sub-125	104	13230.0	0.1824255238063563
RISK-NAT	5	0.25	sub-125	104	17760.0	0.1824255238063563
RISK-NAT	5	0.25	sub-125	104	23760.0	0.1824255238063563
RISK-NAT	5	0.25	sub-125	104	23940.0	0.1824255238063563
RISK-NAT	5	0.25	sub-14	9	1140.0	0.1824255238063563
RISK-NAT	5	0.25	sub-14	9	1380.0	0.1824255238063563
RISK-NAT	5	0.25	sub-14	9	2790.0	0.1824255238063563
RISK-NAT	5	0.25	sub-14	9	14700.0	0.1824255238063563
RISK-NAT	5	0.25	sub-14	9	26940.0	0.1824255238063563
RISK-NAT	5	0.25	sub-19	93	930.0	0.1824255238063563
RISK-NAT	5	0.25	sub-19	93	1980.0	0.1824255238063563
RISK-NAT	5	0.25	sub-19	93	2280.0	0.1824255238063563
RISK-NAT	5	0.25	sub-19	93	3120.0	0.1824255238063563
RISK-NAT	5	0.25	sub-19	93	4020.0	0.1824255238063563
RISK-NAT	5	0.25	sub-19	93	8880.0	0.1824255238063563
RISK-NAT	5	0.25	sub-21	93	5700.0	0.1824255238063563
RISK-NAT	5	0.25	sub-21	93	22860.0	0.1824255238063563
RISK-NAT	5	0.25	sub-21	93	26010.0	0.1824255238063563
RISK-NAT	5	0.25	sub-21	93	26100.0	0.1824255238063563
RISK-NAT	5	0.25	sub-21	93	28950.0	0.1824255238063563
RISK-NAT	5	0.25	sub-21	93	29880.0	0.1824255238063563
RISK-NAT	5	0.25	sub-21	93	30240.0	0.1824255238063563
RISK-NAT	5	0.25	sub-24	16	8190.0	0.1824255238063563
RISK-NAT	5	0.25	sub-24	16	17370.0	0.1824255238063563
RISK-NAT	5	0.25	sub-24	16	17910.0	0.1824255238063563
RISK-NAT	5	0.25	sub-38	87	12840.0	0.1824255238063563
RISK-NAT	5	0.25	sub-38	87	24630.0	0.1824255238063563
RISK-NAT	5	0.25	sub-43	87	11310.0	0.1824255238063563
RISK-NAT	5	0.25	sub-69	34	13050.0	0.1824255238063563
RISK-NAT	5	0.25	sub-69	34	18390.0	0.1824255238063563
RISK-NAT	5	0.25	sub-69	34	23040.0	0.1824255238063563
RISK-NAT	5	0.25	sub-71	36	21090.0	0.1824255238063563
RISK-NAT	5	0.25	sub-71	36	26880.0	0.1824255238063563
RISK-NAT	5	0.25	sub-71	36	27570.0	0.1824255238063563
RISK-NAT	5	0.25	sub-71	36	28560.0	0.1824255238063563
RISK-NAT	5	0.5	sub-104	72	24510.0	0.1192029220221175
RISK-NAT	5	0.5	sub-117	98	9180.0	0.1192029220221175
RISK-NAT	5	0.5	sub-125	104	3630.0	0.1192029220221175
RISK-NAT	5	0.5	sub-125	104	4590.0	0.1192029220221175
RISK-NAT	5	0.5	sub-125	104	13230.0	0.1192029220221175
RISK-NAT	5	0.5	sub-125	104	17760.0	0.1192029220221175
RISK-NAT	5	0.5	sub-125	104	23760.0	0.1192029220221175
RISK-NAT	5	0.5	sub-125	104	23940.0	0.1192029220221175
RISK-NAT	5	0.5	sub-14	9	1140.0	0.1192029220221175
RISK-NAT	5	0.5	sub-14	9	1380.0	0.1192029220221175
RISK-NAT	5	0.5	sub-14	9	2790.0	0.1192029220221175
RISK-NAT	5	0.5	sub-14	9	14700.0	0.1192029220221175
RISK-NAT	5	0.5	sub-14	9	26940.0	0.1192029220221175
RISK-NAT	5	0.5	sub-19	93	930.0	0.1192029220221175
RISK-NAT	5	0.5	sub-19	93	1980.0	0.1192029220221175
RISK-NAT	5	0.5	sub-19	93	2280.0	0.1192029220221175
RISK-NAT	5	0.5	sub-19	93	3120.0	0.1192029220221175
RISK-NAT	5	0.5	sub-19	93	4020.0	0.1192029220221175
RISK-NAT	5	0.5	sub-19	93	8880.0	0.1192029220221175
RISK-NAT	5	0.5	sub-19	93	9600.0	0.1192029220221175
RISK-NAT	5	0.5	sub-20	13	29250.0	0.1192029220221175
RISK-NAT	5	0.5	sub-21	93	600.0	0.1192029220221175
RISK-NAT	5	0.5	sub-21	93	5700.0	0.1192029220221175
RISK-NAT	5	0.5	sub-21	93	5880.0	0.1192029220221175
RISK-NAT	5	0.5	sub-21	93	22860.0	0.1192029220221175
RISK-NAT	5	0.5	sub-21	93	26010.0	0.1192029220221175
RISK-NAT	5	0.5	sub-21	93	26100.0	0.1192029220221175
RISK-NAT	5	0.5	sub-21	93	28950.0	0.1192029220221175
RISK-NAT	5	0.5	sub-21	93	29880.0	0.1192029220221175
RISK-NAT	5	0.5	sub-21	93	30240.0	0.1192029220221175
RISK-NAT	5	0.5	sub-24	16	7260.0	0.1192029220221175
RISK-NAT	5	0.5	sub-24	16	8190.0	0.1192029220221175
RISK-NAT	5	0.5	sub-24	16	17370.0	0.1192029220221175
RISK-NAT	5	0.5	sub-24	16	17910.0	0.1192029220221175
RISK-NAT	5	0.5	sub-24	16	18780.0	0.1192029220221175
RISK-NAT	5	0.5	sub-31	95	20130.0	0.1192029220221175
RISK-NAT	5	0.5	sub-38	87	12840.0	0.1192029220221175
RISK-NAT	5	0.5	sub-38	87	17760.0	0.1192029220221175
RISK-NAT	5	0.5	sub-38	87	19680.0	0.1192029220221175
RISK-NAT	5	0.5	sub-38	87	24630.0	0.1192029220221175
RISK-NAT	5	0.5	sub-43	87	6360.0	0.1192029220221175
RISK-NAT	5	0.5	sub-43	87	11310.0	0.1192029220221175
RISK-NAT	5	0.5	sub-69	34	13050.0	0.1192029220221175
RISK-NAT	5	0.5	sub-69	34	18390.0	0.1192029220221175
RISK-NAT	5	0.5	sub-69	34	23040.0	0.1192029220221175
RISK-NAT	5	0.5	sub-69	34	26910.0	0.1192029220221175
RISK-NAT	5	0.5	sub-71	36	6870.0	0.1192029220221175
RISK-NAT	5	0.5	sub-71	36	19770.0	0.1192029220221175
RISK-NAT	5	0.5	sub-71	36	21090.0	0.1192029220221175
RISK-NAT	5	0.5	sub-71	36	26880.0	0.1192029220221175
RISK-NAT	5	0.5	sub-71	36	27570.0	0.1192029220221175
RISK-NAT	5	0.5	sub-71	36	28560.0	0.1192029220221175
RISK-NAT	5	1.0	sub-104	72	23550.0	0.0474258731775667
RISK-NAT	5	1.0	sub-104	72	24510.0	0.0474258731775667
RISK-NAT	5	1.0	sub-117	98	8280.0	0.0474258731775667
RISK-NAT	5	1.0	sub-117	98	9180.0	0.0474258731775667
RISK-NAT	5	1.0	sub-125	104	780.0	0.0474258731775667
RISK-NAT	5	1.0	sub-125	104	1410.0	0.0474258731775667
RISK-NAT	5	1.0	sub-125	104	2160.0	0.0474258731775667
RISK-NAT	5	1.0	sub-125	104	3630.0	0.0474258731775667
RISK-NAT	5	1.0	sub-125	104	4590.0	0.0474258731775667
RISK-NAT	5	1.0	sub-125	104	10830.0	0.0474258731775667
RISK-NAT	5	1.0	sub-125	104	13230.0	0.0474258731775667
RISK-NAT	5	1.0	sub-125	104	16770.0	0.0474258731775667
RISK-NAT	5	1.0	sub-125	104	17760.0	0.0474258731775667
RISK-NAT	5	1.0	sub-125	104	23760.0	0.0474258731775667
RISK-NAT	5	1.0	sub-125	104	23940.0	0.0474258731775667
RISK-NAT	5	1.0	sub-125	104	24450.0	0.0474258731775667
RISK-NAT	5	1.0	sub-125	104	28470.0	0.0474258731775667
RISK-NAT	5	1.0	sub-14	9	150.0	0.0474258731775667
RISK-NAT	5	1.0	sub-14	9	1140.0	0.0474258731775667
RISK-NAT	5	1.0	sub-14	9	1380.0	0.0474258731775667
RISK-NAT	5	1.0	sub-14	9	1980.0	0.0474258731775667
RISK-NAT	5	1.0	sub-14	9	2790.0	0.0474258731775667
RISK-NAT	5	1.0	sub-14	9	12570.0	0.0474258731775667
RISK-NAT	5	1.0	sub-14	9	14700.0	0.0474258731775667
RISK-NAT	5	1.0	sub-14	9	20580.0	0.0474258731775667
RISK-NAT	5	1.0	sub-14	9	20940.0	0.0474258731775667
RISK-NAT	5	1.0	sub-14	9	25740.0	0.0474258731775667
RISK-NAT	5	1.0	sub-14	9	26940.0	0.0474258731775667
RISK-NAT	5	1.0	sub-14	9	28500.0	0.0474258731775667
RISK-NAT	5	1.0	sub-14	9	31530.0	0.0474258731775667
RISK-NAT	5	1.0	sub-14	9	31860.0	0.0474258731775667
RISK-NAT	5	1.0	sub-19	93	930.0	0.0474258731775667
RISK-NAT	5	1.0	sub-19	93	1980.0	0.0474258731775667
RISK-NAT	5	1.0	sub-19	93	2280.0	0.0474258731775667
RISK-NAT	5	1.0	sub-19	93	3120.0	0.0474258731775667
RISK-NAT	5	1.0	sub-19	93	3210.0	0.0474258731775667
RISK-NAT	5	1.0	sub-19	93	3420.0	0.0474258731775667
RISK-NAT	5	1.0	sub-19	93	3840.0	0.0474258731775667
RISK-NAT	5	1.0	sub-19	93	4020.0	0.0474258731775667
RISK-NAT	5	1.0	sub-19	93	8880.0	0.0474258731775667
RISK-NAT	5	1.0	sub-19	93	9600.0	0.0474258731775667
RISK-NAT	5	1.0	sub-19	93	14280.0	0.0474258731775667
RISK-NAT	5	1.0	sub-19	93	20460.0	0.0474258731775667
RISK-NAT	5	1.0	sub-20	13	3630.0	0.0474258731775667
RISK-NAT	5	1.0	sub-20	13	12540.0	0.0474258731775667
RISK-NAT	5	1.0	sub-20	13	29250.0	0.0474258731775667
RISK-NAT	5	1.0	sub-21	93	600.0	0.0474258731775667
RISK-NAT	5	1.0	sub-21	93	2220.0	0.0474258731775667
RISK-NAT	5	1.0	sub-21	93	5340.0	0.0474258731775667
RISK-NAT	5	1.0	sub-21	93	5700.0	0.0474258731775667
RISK-NAT	5	1.0	sub-21	93	5880.0	0.0474258731775667
RISK-NAT	5	1.0	sub-21	93	6270.0	0.0474258731775667
RISK-NAT	5	1.0	sub-21	93	10560.0	0.0474258731775667
RISK-NAT	5	1.0	sub-21	93	13260.0	0.0474258731775667
RISK-NAT	5	1.0	sub-21	93	13440.0	0.0474258731775667
RISK-NAT	5	1.0	sub-21	93	15120.0	0.0474258731775667
RISK-NAT	5	1.0	sub-21	93	22860.0	0.0474258731775667
RISK-NAT	5	1.0	sub-21	93	26010.0	0.0474258731775667
RISK-NAT	5	1.0	sub-21	93	26100.0	0.0474258731775667
RISK-NAT	5	1.0	sub-21	93	28950.0	0.0474258731775667
RISK-NAT	5	1.0	sub-21	93	29880.0	0.0474258731775667
RISK-NAT	5	1.0	sub-21	93	30090.0	0.0474258731775667
RISK-NAT	5	1.0	sub-21	93	30240.0	0.0474258731775667
RISK-NAT	5	1.0	sub-24	16	1920.0	0.0474258731775667
RISK-NAT	5	1.0	sub-24	16	4710.0	0.0474258731775667
RISK-NAT	5	1.0	sub-24	16	4950.0	0.0474258731775667
RISK-NAT	5	1.0	sub-24	16	7260.0	0.0474258731775667
RISK-NAT	5	1.0	sub-24	16	8190.0	0.0474258731775667
RISK-NAT	5	1.0	sub-24	16	17370.0	0.0474258731775667
RISK-NAT	5	1.0	sub-24	16	17910.0	0.0474258731775667
RISK-NAT	5	1.0	sub-24	16	18090.0	0.0474258731775667
RISK-NAT	5	1.0	sub-24	16	18360.0	0.0474258731775667
RISK-NAT	5	1.0	sub-24	16	18780.0	0.0474258731775667
RISK-NAT	5	1.0	sub-24	16	19230.0	0.0474258731775667
RISK-NAT	5	1.0	sub-24	16	21270.0	0.0474258731775667
RISK-NAT	5	1.0	sub-24	16	21750.0	0.0474258731775667
RISK-NAT	5	1.0	sub-24	16	23160.0	0.0474258731775667
RISK-NAT	5	1.0	sub-24	16	23310.0	0.0474258731775667
RISK-NAT	5	1.0	sub-24	16	24780.0	0.0474258731775667
RISK-NAT	5	1.0	sub-31	95	5400.0	0.0474258731775667
RISK-NAT	5	1.0	sub-31	95	13680.0	0.0474258731775667
RISK-NAT	5	1.0	sub-31	95	17880.0	0.0474258731775667
RISK-NAT	5	1.0	sub-31	95	20130.0	0.0474258731775667
RISK-NAT	5	1.0	sub-38	87	9570.0	0.0474258731775667
RISK-NAT	5	1.0	sub-38	87	12840.0	0.0474258731775667
RISK-NAT	5	1.0	sub-38	87	17760.0	0.0474258731775667
RISK-NAT	5	1.0	sub-38	87	19680.0	0.0474258731775667
RISK-NAT	5	1.0	sub-38	87	24630.0	0.0474258731775667
RISK-NAT	5	1.0	sub-43	87	2700.0	0.0474258731775667
RISK-NAT	5	1.0	sub-43	87	5520.0	0.0474258731775667
RISK-NAT	5	1.0	sub-43	87	6180.0	0.0474258731775667
RISK-NAT	5	1.0	sub-43	87	6360.0	0.0474258731775667
RISK-NAT	5	1.0	sub-43	87	10860.0	0.0474258731775667
RISK-NAT	5	1.0	sub-43	87	11310.0	0.0474258731775667
RISK-NAT	5	1.0	sub-43	87	21720.0	0.0474258731775667
RISK-NAT	5	1.0	sub-49	29	19560.0	0.0474258731775667
RISK-NAT	5	1.0	sub-49	29	20850.0	0.0474258731775667
RISK-NAT	5	1.0	sub-49	29	24720.0	0.0474258731775667
RISK-NAT	5	1.0	sub-49	29	25560.0	0.0474258731775667
RISK-NAT	5	1.0	sub-69	34	1980.0	0.0474258731775667
RISK-NAT	5	1.0	sub-69	34	3510.0	0.0474258731775667
RISK-NAT	5	1.0	sub-69	34	8850.0	0.0474258731775667
RISK-NAT	5	1.0	sub-69	34	13050.0	0.0474258731775667
RISK-NAT	5	1.0	sub-69	34	18390.0	0.0474258731775667
RISK-NAT	5	1.0	sub-69	34	23040.0	0.0474258731775667
RISK-NAT	5	1.0	sub-69	34	25380.0	0.0474258731775667
RISK-NAT	5	1.0	sub-69	34	26910.0	0.0474258731775667
RISK-NAT	5	1.0	sub-71	36	6870.0	0.0474258731775667
RISK-NAT	5	1.0	sub-71	36	19770.0	0.0474258731775667
RISK-NAT	5	1.0	sub-71	36	20790.0	0.0474258731775667
RISK-NAT	5	1.0	sub-71	36	21090.0	0.0474258731775667
RISK-NAT	5	1.0	sub-71	36	21360.0	0.0474258731775667
RISK-NAT	5	1.0	sub-71	36	21480.0	0.0474258731775667
RISK-NAT	5	1.0	sub-71	36	22740.0	0.0474258731775667
RISK-NAT	5	1.0	sub-71	36	25530.0	0.0474258731775667
RISK-NAT	5	1.0	sub-71	36	26880.0	0.0474258731775667
RISK-NAT	5	1.0	sub-71	36	27210.0	0.0474258731775667
RISK-NAT	5	1.0	sub-71	36	27570.0	0.0474258731775667
RISK-NAT	5	1.0	sub-71	36	28080.0	0.0474258731775667
RISK-NAT	5	1.0	sub-71	36	28290.0	0.0474258731775667
RISK-NAT	5	1.0	sub-71	36	28560.0	0.0474258731775667
RISK-NAT	5	1.0	sub-71	36	30420.0	0.0474258731775667
RISK-NAT	5	1.0	sub-71	36	30780.0	0.0474258731775667
