candidate	outer_fold	threshold	recordings	pid	reference_events	predicted_events	true_positive	false_positive	false_negative	ignored_predictions	supported_hours	precision	recall	f1	false_alarms_per_hour
SAMP-BAL	1	1.12535162055095e-07	66	51	128	164	12	144	116	8	506.83333333333337	0.07692307692307693	0.09375	0.08450704225352113	0.2841170667543571
SAMP-BAL	1	1.4449800373124837e-07	66	51	128	173	12	152	116	9	506.83333333333337	0.07317073170731707	0.09375	0.0821917808219178	0.2999013482407103
SAMP-BAL	1	1.8553910183683314e-07	66	51	128	176	12	155	116	9	506.83333333333337	0.0718562874251497	0.09375	0.08135593220338982	0.3058204537980927
SAMP-BAL	1	2.38236909993343e-07	66	51	128	187	12	165	116	10	506.83333333333337	0.06779661016949153	0.09375	0.07868852459016394	0.32555080565603417
SAMP-BAL	1	3.059022269256247e-07	66	51	128	190	12	167	116	11	506.83333333333337	0.0670391061452514	0.09375	0.0781758957654723	0.32949687602762245
SAMP-BAL	1	3.927862002670442e-07	66	51	128	191	12	168	116	11	506.83333333333337	0.06666666666666667	0.09375	0.07792207792207792	0.3314699112134166
SAMP-BAL	1	5.043474082014517e-07	66	51	128	198	12	175	116	11	506.83333333333337	0.06417112299465241	0.09375	0.0761904761904762	0.34528115751397565
SAMP-BAL	1	6.475947982049267e-07	66	51	128	204	12	180	116	12	506.83333333333337	0.0625	0.09375	0.075	0.3551463334429464
SAMP-BAL	1	8.315280276641321e-07	66	51	128	206	12	182	116	12	506.83333333333337	0.061855670103092786	0.09375	0.07453416149068323	0.35909240381453467
SAMP-BAL	1	1.067702870044147e-06	66	51	128	218	12	194	116	12	506.83333333333337	0.05825242718446602	0.09375	0.0718562874251497	0.3827688260440644
SAMP-BAL	1	1.3709572068578448e-06	66	51	128	223	12	199	116	12	506.83333333333337	0.05687203791469194	0.09375	0.07079646017699115	0.39263400197303516
SAMP-BAL	1	1.7603432133424856e-06	66	51	128	236	12	212	116	12	506.83333333333337	0.05357142857142857	0.09375	0.06818181818181818	0.41828345938835904
SAMP-BAL	1	2.2603242979035746e-06	66	51	128	246	13	221	115	12	506.83333333333337	0.05555555555555555	0.1015625	0.0718232044198895	0.4360407760605064
SAMP-BAL	1	2.902311985211097e-06	66	51	128	260	14	233	114	13	506.83333333333337	0.05668016194331984	0.109375	0.07466666666666667	0.45971719829003616
SAMP-BAL	1	3.726639284186561e-06	66	51	128	275	14	248	114	13	506.83333333333337	0.05343511450381679	0.109375	0.07179487179487179	0.4893127260769483
SAMP-BAL	1	4.785094494890119e-06	66	51	128	291	14	264	114	13	506.83333333333337	0.050359712230215826	0.109375	0.06896551724137931	0.5208812890496547
SAMP-BAL	1	6.144174602214718e-06	66	51	128	306	14	278	114	14	506.83333333333337	0.04794520547945205	0.109375	0.06666666666666667	0.5485037816507727
SAMP-BAL	1	7.889262586245034e-06	66	51	128	326	15	296	113	15	506.83333333333337	0.04823151125401929	0.1171875	0.0683371298405467	0.5840184149950673
SAMP-BAL	1	1.0129990980873921e-05	66	51	128	356	15	326	113	15	506.83333333333337	0.04398826979472141	0.1171875	0.06396588486140725	0.6432094705688918
SAMP-BAL	1	1.3007128466476033e-05	66	51	128	385	15	355	113	15	506.83333333333337	0.04054054054054054	0.1171875	0.060240963855421686	0.700427490956922
SAMP-BAL	1	1.670142184809518e-05	66	51	128	430	15	400	113	15	506.83333333333337	0.03614457831325301	0.1171875	0.055248618784530384	0.7892140743176586
SAMP-BAL	1	2.144494842091395e-05	66	51	128	464	15	434	113	15	506.83333333333337	0.0334075723830735	0.1171875	0.05199306759098787	0.8562972706346595
SAMP-BAL	1	2.7535691114583473e-05	66	51	128	506	16	475	112	15	506.83333333333337	0.032586558044806514	0.125	0.051696284329563816	0.9371917132522196
SAMP-BAL	1	3.5356250741744315e-05	66	51	128	553	17	521	111	15	506.83333333333337	0.031598513011152414	0.1328125	0.05105105105105105	1.0279513317987503
SAMP-BAL	1	4.5397868702434395e-05	66	51	128	625	17	592	111	16	506.83333333333337	0.027914614121510674	0.1328125	0.04613297150610583	1.1680368299901347
SAMP-BAL	1	5.829126566113865e-05	66	51	128	692	18	658	110	16	506.83333333333337	0.026627218934911243	0.140625	0.04477611940298507	1.2982571522525483
SAMP-BAL	1	7.484622751061123e-05	66	51	128	791	22	753	106	16	506.83333333333337	0.02838709677419355	0.171875	0.048726467331118496	1.4856954949029924
SAMP-BAL	1	9.610241549947396e-05	66	51	128	893	25	852	103	16	506.83333333333337	0.028506271379703536	0.1953125	0.04975124378109453	1.6810259782966128
SAMP-BAL	1	0.00012339457598623172	66	51	128	1001	27	958	101	16	506.83333333333337	0.027411167512690356	0.2109375	0.04851752021563342	1.8901677079907924
SAMP-BAL	1	0.00015843621910252592	66	51	128	1123	28	1076	100	19	506.83333333333337	0.025362318840579712	0.21875	0.045454545454545456	2.1229858599145017
SAMP-BAL	1	0.00020342697805520653	66	51	128	1265	31	1214	97	20	506.83333333333337	0.024899598393574297	0.2421875	0.04515659140568099	2.395264715554094
SAMP-BAL	1	0.0002611903190957194	66	51	128	1427	34	1373	94	20	506.83333333333337	0.024164889836531627	0.265625	0.04429967426710098	2.708977310095363
SAMP-BAL	1	0.0003353501304664781	66	51	128	1636	36	1579	92	21	506.83333333333337	0.022291021671826627	0.28125	0.04130808950086059	3.1154225583689574
SAMP-BAL	1	0.0004305570813246149	66	51	128	1861	38	1801	90	22	506.83333333333337	0.02066340402392605	0.296875	0.03863751906456533	3.553436369615258
SAMP-BAL	1	0.0005527786369235996	66	51	128	2104	40	2042	88	22	506.83333333333337	0.01921229586935639	0.3125	0.03619909502262444	4.028937849391647
SAMP-BAL	1	0.0007096703991005881	66	51	128	2338	43	2272	85	23	506.83333333333337	0.018574514038876888	0.3359375	0.03520261972984036	4.482735942124301
SAMP-BAL	1	0.0009110511944006454	66	51	128	2604	45	2536	83	23	506.83333333333337	0.01743510267338241	0.3515625	0.03322259136212625	5.003617231173956
SAMP-BAL	1	0.0011695102650555148	66	51	128	2857	49	2785	79	23	506.83333333333337	0.017290049400141144	0.3828125	0.03308575286968265	5.494902992436698
SAMP-BAL	1	0.0015011822567369917	66	51	128	3173	54	3096	74	23	506.83333333333337	0.017142857142857144	0.421875	0.03294691885295912	6.1085169352186774
SAMP-BAL	1	0.0019267346633274757	66	51	128	3531	59	3448	69	24	506.83333333333337	0.016823495865412035	0.4609375	0.032462173314993126	6.803025320618217
SAMP-BAL	1	0.0024726231566347743	66	51	128	3942	65	3853	63	24	506.83333333333337	0.016590096988259317	0.5078125	0.03213049925852694	7.602104570864847
SAMP-BAL	1	0.0031726828424851893	66	51	128	4401	68	4309	60	24	506.83333333333337	0.01553575508339045	0.53125	0.03018867924528302	8.501808615586977
SAMP-BAL	1	0.004070137715896128	66	51	128	4867	72	4770	56	25	506.83333333333337	0.01486988847583643	0.5625	0.0289738430583501	9.41137783623808
SAMP-BAL	1	0.005220125693558397	66	51	128	5406	75	5306	53	25	506.83333333333337	0.013937929752834045	0.5859375	0.027228172082047558	10.468924695823741
SAMP-BAL	1	0.0066928509242848554	66	51	128	5873	80	5768	48	25	506.83333333333337	0.013679890560875513	0.625	0.02677376171352075	11.380466951660637
SAMP-BAL	1	0.008577485413711984	66	51	128	6358	81	6252	47	25	506.83333333333337	0.012790146849834202	0.6328125	0.02507351803126451	12.335415981585005
SAMP-BAL	1	0.01098694263059318	66	51	128	6718	87	6605	41	26	506.83333333333337	0.013000597728631201	0.6796875	0.025513196480938416	13.031897402170337
SAMP-BAL	1	0.014063627043245475	66	51	128	7027	92	6908	36	27	506.83333333333337	0.013142857142857144	0.71875	0.025813692480359147	13.629727063465964
SAMP-BAL	1	0.01798620996209156	66	51	128	7134	92	7015	36	27	506.83333333333337	0.012944983818770227	0.71875	0.02543192812715964	13.840841828345939
SAMP-BAL	1	0.022977369910025615	66	51	128	7200	93	7080	35	27	506.83333333333337	0.012965286491007947	0.7265625	0.02547596219695932	13.969089115422557
SAMP-BAL	1	0.02931223075135632	66	51	128	7125	95	7005	33	25	506.83333333333337	0.013380281690140845	0.7421875	0.02628666297731046	13.821111476487996
SAMP-BAL	1	0.03732688734412946	66	51	128	6969	96	6849	32	24	506.83333333333337	0.013822894168466522	0.75	0.02714548282199915	13.51331798750411
SAMP-BAL	1	0.04742587317756678	66	51	128	6850	95	6731	33	24	506.83333333333337	0.013917374743627307	0.7421875	0.0273224043715847	13.2804998355804
SAMP-BAL	1	0.060086650174007626	66	51	128	6643	95	6525	33	23	506.83333333333337	0.014350453172205438	0.7421875	0.028156490812092472	12.874054587306807
SAMP-BAL	1	0.07585818002124355	66	51	128	6328	94	6212	34	22	506.83333333333337	0.014906438312718047	0.734375	0.029219769972023624	12.256494574153239
SAMP-BAL	1	0.09534946489910949	66	51	128	5902	94	5786	34	22	506.83333333333337	0.01598639455782313	0.734375	0.031291611185086554	11.415981585004932
SAMP-BAL	1	0.11920292202211755	66	51	128	5400	95	5284	33	21	506.83333333333337	0.017661275329986986	0.7421875	0.0345015434901035	10.42551792173627
SAMP-BAL	1	0.14804719803168948	66	51	128	4915	93	4801	35	21	506.83333333333337	0.0190028606456886	0.7265625	0.037037037037037035	9.472541926997698
SAMP-BAL	1	0.18242552380635635	66	51	128	4439	91	4327	37	21	506.83333333333337	0.020597555454956996	0.7109375	0.04003519577650682	8.537323248931273
SAMP-BAL	1	0.22270013882530884	66	51	128	3958	91	3846	37	21	506.83333333333337	0.023114046228092457	0.7109375	0.04477244772447724	7.588293324564288
SAMP-BAL	1	0.2689414213699951	66	51	128	3502	91	3391	37	20	506.83333333333337	0.02613440551407237	0.7109375	0.050415512465373964	6.690562315027951
SAMP-BAL	1	0.320821300824607	66	51	128	3070	89	2961	39	20	506.83333333333337	0.029180327868852458	0.6953125	0.05601006922592826	5.842157185136468
SAMP-BAL	1	0.3775406687981454	66	51	128	2725	88	2617	40	20	506.83333333333337	0.03253234750462107	0.6875	0.06212495587716202	5.163433081223282
SAMP-BAL	1	0.43782349911420193	66	51	128	2400	87	2293	41	20	506.83333333333337	0.0365546218487395	0.6796875	0.06937799043062201	4.524169681025978
SAMP-BAL	1	0.5	66	51	128	2118	85	2013	43	20	506.83333333333337	0.04051477597712107	0.6640625	0.07637017070979335	3.971719829003617
SAMP-BAL	1	0.5621765008857981	66	51	128	1829	85	1724	43	20	506.83333333333337	0.046987285793255944	0.6640625	0.08776458440887971	3.4015126603091086
SAMP-BAL	1	0.6224593312018546	66	51	128	1590	82	1488	46	20	506.83333333333337	0.05222929936305733	0.640625	0.09658421672555949	2.93587635646169
SAMP-BAL	1	0.679178699175393	66	51	128	1414	80	1314	48	20	506.83333333333337	0.05738880918220947	0.625	0.10512483574244415	2.5925682341335086
SAMP-BAL	1	0.7310585786300049	66	51	128	1217	74	1123	54	20	506.83333333333337	0.061821219715956555	0.578125	0.11169811320754718	2.2157185136468267
SAMP-BAL	1	0.7772998611746911	66	51	128	1051	70	961	58	20	506.83333333333337	0.06789524733268672	0.546875	0.12079378774805867	1.8960868135481748
SAMP-BAL	1	0.8175744761936437	66	51	128	916	63	833	65	20	506.83333333333337	0.0703125	0.4921875	0.123046875	1.6435383097665242
SAMP-BAL	1	0.8519528019683106	66	51	128	812	59	734	69	19	506.83333333333337	0.07440100882723834	0.4609375	0.1281216069489685	1.4482078263729035
SAMP-BAL	1	0.8807970779778823	66	51	128	724	56	650	72	18	506.83333333333337	0.07932011331444759	0.4375	0.1342925659472422	1.2824728707661952
SAMP-BAL	1	0.9046505351008906	66	51	128	617	53	548	75	16	506.83333333333337	0.08818635607321132	0.4140625	0.14540466392318244	1.0812232818151923
SAMP-BAL	1	0.9241418199787566	66	51	128	561	51	494	77	16	506.83333333333337	0.09357798165137615	0.3984375	0.1515601783060921	0.9746793817823084
SAMP-BAL	1	0.9399133498259924	66	51	128	500	49	435	79	16	506.83333333333337	0.1012396694214876	0.3828125	0.16013071895424835	0.8582703058204537
SAMP-BAL	1	0.9525741268224334	66	51	128	448	45	390	83	13	506.83333333333337	0.10344827586206896	0.3515625	0.15985790408525755	0.7694837224597172
SAMP-BAL	1	0.9626731126558706	66	51	128	411	43	355	85	13	506.83333333333337	0.10804020100502512	0.3359375	0.1634980988593156	0.700427490956922
SAMP-BAL	1	0.9706877692486436	66	51	128	355	36	308	92	11	506.83333333333337	0.10465116279069768	0.28125	0.15254237288135594	0.6076948372245972
SAMP-BAL	1	0.9770226300899744	66	51	128	331	32	289	96	10	506.83333333333337	0.09968847352024922	0.25	0.14253897550111358	0.5702071686945084
SAMP-BAL	1	0.9820137900379085	66	51	128	307	30	268	98	9	506.83333333333337	0.10067114093959731	0.234375	0.14084507042253522	0.5287734297928313
SAMP-BAL	1	0.9859363729567544	66	51	128	283	27	248	101	8	506.83333333333337	0.09818181818181818	0.2109375	0.13399503722084366	0.4893127260769483
SAMP-BAL	1	0.9890130573694068	66	51	128	260	25	227	103	8	506.83333333333337	0.0992063492063492	0.1953125	0.13157894736842105	0.44787898717527125
SAMP-BAL	1	0.991422514586288	66	51	128	225	20	197	108	8	506.83333333333337	0.09216589861751152	0.15625	0.11594202898550725	0.3886879316014469
SAMP-BAL	1	0.9933071490757153	66	51	128	205	18	179	110	8	506.83333333333337	0.09137055837563451	0.140625	0.11076923076923077	0.3531732982571522
SAMP-BAL	1	0.9947798743064417	66	51	128	181	16	157	112	8	506.83333333333337	0.09248554913294797	0.125	0.10631229235880399	0.309766524169681
SAMP-BAL	1	0.995929862284104	66	51	128	165	13	144	115	8	506.83333333333337	0.08280254777070063	0.1015625	0.0912280701754386	0.2841170667543571
SAMP-BAL	1	0.9968273171575148	66	51	128	147	9	134	119	4	506.83333333333337	0.06293706293706294	0.0703125	0.06642066420664207	0.26438671489641563
SAMP-BAL	1	0.9975273768433653	66	51	128	140	8	128	120	4	506.83333333333337	0.058823529411764705	0.0625	0.06060606060606061	0.2525485037816508
SAMP-BAL	1	0.9980732653366725	66	51	128	132	8	120	120	4	506.83333333333337	0.0625	0.0625	0.0625	0.2367642222952976
SAMP-BAL	1	0.998498817743263	66	51	128	125	7	114	121	4	506.83333333333337	0.05785123966942149	0.0546875	0.05622489959839357	0.2249260111805327
SAMP-BAL	1	0.9988304897349445	66	51	128	119	7	108	121	4	506.83333333333337	0.06086956521739131	0.0546875	0.05761316872427984	0.21308780006576783
SAMP-BAL	1	0.9990889488055994	66	51	128	114	6	104	122	4	506.83333333333337	0.05454545454545454	0.046875	0.05042016806722689	0.20519565932259123
SAMP-BAL	1	0.9992903296008995	66	51	128	108	4	100	124	4	506.83333333333337	0.038461538461538464	0.03125	0.034482758620689655	0.19730351857941464
SAMP-BAL	1	0.9994472213630764	66	51	128	100	1	95	127	4	506.83333333333337	0.010416666666666666	0.0078125	0.008928571428571428	0.18743834265044393
SAMP-BAL	1	0.9995694429186754	66	51	128	95	0	91	128	4	506.83333333333337	0.0	0.0	0.0	0.17954620190726733
SAMP-BAL	1	0.9996646498695336	66	51	128	90	0	87	128	3	506.83333333333337	0.0	0.0	0.0	0.17165406116409074
SAMP-BAL	1	0.9997388096809043	66	51	128	88	0	86	128	2	506.83333333333337	0.0	0.0	0.0	0.1696810259782966
SAMP-BAL	1	0.9997965730219448	66	51	128	91	0	89	128	2	506.83333333333337	0.0	0.0	0.0	0.17560013153567905
SAMP-BAL	1	0.9998415637808975	66	51	128	104	0	102	128	2	506.83333333333337	0.0	0.0	0.0	0.20124958895100295
SAMP-BAL	1	0.9998766054240137	66	51	128	108	0	106	128	2	506.83333333333337	0.0	0.0	0.0	0.20914172969417952
SAMP-BAL	1	0.9999038975845005	66	51	128	118	0	116	128	2	506.83333333333337	0.0	0.0	0.0	0.228872081552121
SAMP-BAL	1	0.9999251537724895	66	51	128	120	1	117	127	2	506.83333333333337	0.00847457627118644	0.0078125	0.008130081300813009	0.23084511673791513
SAMP-BAL	1	0.9999417087343389	66	51	128	110	1	108	127	1	506.83333333333337	0.009174311926605505	0.0078125	0.008438818565400843	0.21308780006576783
SAMP-BAL	1	0.9999546021312976	66	51	128	97	1	95	127	1	506.83333333333337	0.010416666666666666	0.0078125	0.008928571428571428	0.18743834265044393
SAMP-BAL	1	0.9999646437492582	66	51	128	89	1	87	127	1	506.83333333333337	0.011363636363636364	0.0078125	0.009259259259259259	0.17165406116409074
SAMP-BAL	1	0.9999724643088853	66	51	128	84	1	82	127	1	506.83333333333337	0.012048192771084338	0.0078125	0.009478672985781991	0.16178888523512003
SAMP-BAL	1	0.9999785550515792	66	51	128	62	0	62	128	0	506.83333333333337	0.0	0.0	0.0	0.12232818151923708
SAMP-BAL	1	0.999983298578152	66	51	128	57	0	57	128	0	506.83333333333337	0.0	0.0	0.0	0.11246300559026635
SAMP-BAL	1	0.9999869928715335	66	51	128	53	0	53	128	0	506.83333333333337	0.0	0.0	0.0	0.10457086484708976
SAMP-BAL	1	0.9999898700090192	66	51	128	48	0	48	128	0	506.83333333333337	0.0	0.0	0.0	0.09470568891811904
SAMP-BAL	1	0.9999921107374138	66	51	128	45	0	45	128	0	506.83333333333337	0.0	0.0	0.0	0.0887865833607366
SAMP-BAL	1	0.9999938558253978	66	51	128	43	0	43	128	0	506.83333333333337	0.0	0.0	0.0	0.0848405129891483
SAMP-BAL	1	0.9999952149055051	66	51	128	41	0	41	128	0	506.83333333333337	0.0	0.0	0.0	0.08089444261756001
SAMP-BAL	1	0.9999962733607158	66	51	128	39	0	39	128	0	506.83333333333337	0.0	0.0	0.0	0.07694837224597172
SAMP-BAL	1	0.9999970976880148	66	51	128	38	0	38	128	0	506.83333333333337	0.0	0.0	0.0	0.07497533706017757
SAMP-BAL	1	0.999997739675702	66	51	128	38	0	38	128	0	506.83333333333337	0.0	0.0	0.0	0.07497533706017757
SAMP-BAL	1	0.9999982396567868	66	51	128	37	0	37	128	0	506.83333333333337	0.0	0.0	0.0	0.07300230187438342
SAMP-BAL	1	0.999998629042793	66	51	128	35	0	35	128	0	506.83333333333337	0.0	0.0	0.0	0.06905623150279513
SAMP-BAL	1	0.9999989322971299	66	51	128	34	0	34	128	0	506.83333333333337	0.0	0.0	0.0	0.06708319631700098
SAMP-BAL	1	0.9999991684719722	66	51	128	34	0	34	128	0	506.83333333333337	0.0	0.0	0.0	0.06708319631700098
SAMP-BAL	1	0.9999993524052017	66	51	128	33	0	33	128	0	506.83333333333337	0.0	0.0	0.0	0.06511016113120684
SAMP-BAL	1	0.9999994956525918	66	51	128	32	0	32	128	0	506.83333333333337	0.0	0.0	0.0	0.0631371259454127
SAMP-BAL	1	0.9999996072137998	66	51	128	29	0	29	128	0	506.83333333333337	0.0	0.0	0.0	0.05721802038803025
SAMP-BAL	1	0.999999694097773	66	51	128	28	0	28	128	0	506.83333333333337	0.0	0.0	0.0	0.0552449852022361
SAMP-BAL	1	0.9999997617630899	66	51	128	27	0	27	128	0	506.83333333333337	0.0	0.0	0.0	0.05327195001644196
SAMP-BAL	1	0.9999998144608981	66	51	128	27	0	27	128	0	506.83333333333337	0.0	0.0	0.0	0.05327195001644196
SAMP-BAL	1	0.9999998555019962	66	51	128	27	0	27	128	0	506.83333333333337	0.0	0.0	0.0	0.05327195001644196
SAMP-BAL	1	0.9999998874648379	66	51	128	27	0	27	128	0	506.83333333333337	0.0	0.0	0.0	0.05327195001644196
SAMP-BAL	1	1.0	66	51	128	25	0	25	128	0	506.83333333333337	0.0	0.0	0.0	0.04932587964485366
SAMP-BAL	1	1.0000000000000002	66	51	128	0	0	0	128	0	506.83333333333337		0.0	0.0	0.0
RISK-BAL	1	1.12535162055095e-07	66	51	128	7113	80	7017	48	16	506.83333333333337	0.01127236860645343	0.625	0.022145328719723183	13.844787898717525
RISK-BAL	1	1.4449800373124837e-07	66	51	128	7143	80	7047	48	16	506.83333333333337	0.01122491932089238	0.625	0.022053756030323914	13.90397895429135
RISK-BAL	1	1.8553910183683314e-07	66	51	128	7137	80	7041	48	16	506.83333333333337	0.011234377194214296	0.625	0.02207200993240447	13.892140743176586
RISK-BAL	1	2.38236909993343e-07	66	51	128	7167	80	7071	48	16	506.83333333333337	0.011187246538945601	0.625	0.021981041351834044	13.95133179875041
RISK-BAL	1	3.059022269256247e-07	66	51	128	7170	81	7073	47	16	506.83333333333337	0.011322337154039698	0.6328125	0.0222466355396869	13.955277869121998
RISK-BAL	1	3.927862002670442e-07	66	51	128	7186	81	7089	47	16	506.83333333333337	0.011297071129707114	0.6328125	0.022197862428062484	13.986846432094705
RISK-BAL	1	5.043474082014517e-07	66	51	128	7169	84	7069	44	16	506.83333333333337	0.011743324479239479	0.65625	0.023073753605274	13.947385728378821
RISK-BAL	1	6.475947982049267e-07	66	51	128	7158	84	7058	44	16	506.83333333333337	0.011761411369364323	0.65625	0.023108665749656122	13.925682341335087
RISK-BAL	1	8.315280276641321e-07	66	51	128	7131	84	7031	44	16	506.83333333333337	0.011806043569922698	0.65625	0.023194808780891897	13.872410391318644
RISK-BAL	1	1.067702870044147e-06	66	51	128	7111	84	7011	44	16	506.83333333333337	0.011839323467230444	0.65625	0.023259033642530805	13.832949687602762
RISK-BAL	1	1.3709572068578448e-06	66	51	128	7108	84	7008	44	16	506.83333333333337	0.011844331641285956	0.65625	0.02326869806094183	13.82703058204538
RISK-BAL	1	1.7603432133424856e-06	66	51	128	7062	84	6962	44	16	506.83333333333337	0.011921657678115243	0.65625	0.023417897964873154	13.736270963498848
RISK-BAL	1	2.2603242979035746e-06	66	51	128	7016	85	6915	43	16	506.83333333333337	0.012142857142857143	0.6640625	0.023849607182940515	13.643538309766523
RISK-BAL	1	2.902311985211097e-06	66	51	128	6980	85	6879	43	16	506.83333333333337	0.012205628948879953	0.6640625	0.023970671178793007	13.572509043077934
RISK-BAL	1	3.726639284186561e-06	66	51	128	6937	84	6837	44	16	506.83333333333337	0.012136974425661032	0.65625	0.023833167825223437	13.48964156527458
RISK-BAL	1	4.785094494890119e-06	66	51	128	6873	85	6772	43	16	506.83333333333337	0.012396091585241359	0.6640625	0.024337866857551897	13.36139427819796
RISK-BAL	1	6.144174602214718e-06	66	51	128	6837	85	6736	43	16	506.83333333333337	0.01246151590675854	0.6640625	0.024463951647719095	13.29036501150937
RISK-BAL	1	7.889262586245034e-06	66	51	128	6775	85	6674	43	16	506.83333333333337	0.012575824826157716	0.6640625	0.02468418759982576	13.168036829990134
RISK-BAL	1	1.0129990980873921e-05	66	51	128	6692	85	6591	43	16	506.83333333333337	0.012732174955062911	0.6640625	0.02498530276308054	13.00427490956922
RISK-BAL	1	1.3007128466476033e-05	66	51	128	6616	85	6515	43	16	506.83333333333337	0.012878787878787878	0.6640625	0.025267538644470868	12.854324235448864
RISK-BAL	1	1.670142184809518e-05	66	51	128	6525	84	6425	44	16	506.83333333333337	0.01290520817329851	0.65625	0.025312641253578422	12.676751068727391
RISK-BAL	1	2.144494842091395e-05	66	51	128	6459	84	6359	44	16	506.83333333333337	0.013037404935589011	0.65625	0.025566884796834576	12.546530746464978
RISK-BAL	1	2.7535691114583473e-05	66	51	128	6360	84	6260	44	16	506.83333333333337	0.013240857503152586	0.65625	0.02595797280593325	12.351200263071357
RISK-BAL	1	3.5356250741744315e-05	66	51	128	6258	84	6158	44	16	506.83333333333337	0.013457225248317847	0.65625	0.026373626373626374	12.149950674120355
RISK-BAL	1	4.5397868702434395e-05	66	51	128	6136	83	6037	45	16	506.83333333333337	0.013562091503267974	0.6484375	0.026568501920614596	11.911213416639262
RISK-BAL	1	5.829126566113865e-05	66	51	128	6035	83	5936	45	16	506.83333333333337	0.013789666057484632	0.6484375	0.027005043110460387	11.711936862874055
RISK-BAL	1	7.484622751061123e-05	66	51	128	5933	82	5835	46	16	506.83333333333337	0.013858374176102755	0.640625	0.027129859387923904	11.512660309108846
RISK-BAL	1	9.610241549947396e-05	66	51	128	5814	82	5716	46	16	506.83333333333337	0.014142807864780959	0.640625	0.027674654066824164	11.277869121999341
RISK-BAL	1	0.00012339457598623172	66	51	128	5676	82	5578	46	16	506.83333333333337	0.014487632508833921	0.640625	0.028334485141672427	11.00559026635975
RISK-BAL	1	0.00015843621910252592	66	51	128	5554	82	5456	46	16	506.83333333333337	0.014806789454676778	0.640625	0.02894458171549594	10.764879973692864
RISK-BAL	1	0.00020342697805520653	66	51	128	5427	82	5329	46	16	506.83333333333337	0.015154315283681389	0.640625	0.029608232532948187	10.514304505097007
RISK-BAL	1	0.0002611903190957194	66	51	128	5287	82	5189	46	16	506.83333333333337	0.015556820337696831	0.640625	0.030375995554732357	10.238079579085825
RISK-BAL	1	0.0003353501304664781	66	51	128	5171	82	5073	46	16	506.83333333333337	0.015906886517943745	0.640625	0.03104296801060004	10.009207497533705
RISK-BAL	1	0.0004305570813246149	66	51	128	5056	82	4958	46	16	506.83333333333337	0.01626984126984127	0.640625	0.03173374613003096	9.782308451167378
RISK-BAL	1	0.0005527786369235996	66	51	128	4938	82	4840	46	16	506.83333333333337	0.016659894351889477	0.640625	0.032475247524752476	9.549490299243669
RISK-BAL	1	0.0007096703991005881	66	51	128	4806	81	4710	47	15	506.83333333333337	0.016906700062617408	0.6328125	0.03293352307379549	9.29299572509043
RISK-BAL	1	0.0009110511944006454	66	51	128	4677	80	4582	48	15	506.83333333333337	0.01716001716001716	0.625	0.033402922755741124	9.04044722130878
RISK-BAL	1	0.0011695102650555148	66	51	128	4522	80	4427	48	15	506.83333333333337	0.01775016640781007	0.625	0.034519956850053934	8.734626767510687
RISK-BAL	1	0.0015011822567369917	66	51	128	4395	78	4302	50	15	506.83333333333337	0.01780821917808219	0.609375	0.03460514640638864	8.487997369286418
RISK-BAL	1	0.0019267346633274757	66	51	128	4253	78	4160	50	15	506.83333333333337	0.018404907975460124	0.609375	0.03573064590013743	8.20782637290365
RISK-BAL	1	0.0024726231566347743	66	51	128	4131	78	4038	50	15	506.83333333333337	0.018950437317784258	0.609375	0.036757775683317624	7.967116080236764
RISK-BAL	1	0.0031726828424851893	66	51	128	4004	78	3911	50	15	506.83333333333337	0.01955377287540737	0.609375	0.037891668690794265	7.716540611640907
RISK-BAL	1	0.004070137715896128	66	51	128	3873	77	3781	51	15	506.83333333333337	0.0199585277345775	0.6015625	0.0386352232814852	7.460046037487668
RISK-BAL	1	0.005220125693558397	66	51	128	3741	77	3649	51	15	506.83333333333337	0.020665593129361247	0.6015625	0.03995848469122989	7.199605392962841
RISK-BAL	1	0.0066928509242848554	66	51	128	3628	76	3537	52	15	506.83333333333337	0.021035150844173817	0.59375	0.04063084736701417	6.978625452153897
RISK-BAL	1	0.008577485413711984	66	51	128	3515	76	3424	52	15	506.83333333333337	0.021714285714285714	0.59375	0.04189636163175303	6.755672476159158
RISK-BAL	1	0.01098694263059318	66	51	128	3399	75	3309	53	15	506.83333333333337	0.022163120567375887	0.5859375	0.042710706150341685	6.528773429792831
RISK-BAL	1	0.014063627043245475	66	51	128	3277	74	3189	54	14	506.83333333333337	0.022678516702421086	0.578125	0.04364494249483928	6.292009207497533
RISK-BAL	1	0.01798620996209156	66	51	128	3140	74	3052	54	14	506.83333333333337	0.023672424824056303	0.578125	0.04548248309772587	6.021703387043735
RISK-BAL	1	0.022977369910025615	66	51	128	3013	74	2925	54	14	506.83333333333337	0.024674891630543514	0.578125	0.0473297089862488	5.7711279184478785
RISK-BAL	1	0.02931223075135632	66	51	128	2933	74	2845	54	14	506.83333333333337	0.025351147653305928	0.578125	0.04857236626189695	5.613285103584347
RISK-BAL	1	0.03732688734412946	66	51	128	2838	74	2750	54	14	506.83333333333337	0.026203966005665724	0.578125	0.05013550135501355	5.4258467609339025
RISK-BAL	1	0.04742587317756678	66	51	128	2747	73	2660	55	14	506.83333333333337	0.026710574460300035	0.5703125	0.05103110800419434	5.24827359421243
RISK-BAL	1	0.060086650174007626	66	51	128	2643	72	2557	56	14	506.83333333333337	0.027386839102320273	0.5625	0.05223068552774755	5.045050970075633
RISK-BAL	1	0.07585818002124355	66	51	128	2563	70	2480	58	13	506.83333333333337	0.027450980392156862	0.546875	0.05227781926811053	4.893127260769483
RISK-BAL	1	0.09534946489910949	66	51	128	2488	70	2405	58	13	506.83333333333337	0.028282828282828285	0.546875	0.05378409527468306	4.745149621834923
RISK-BAL	1	0.11920292202211755	66	51	128	2406	70	2323	58	13	506.83333333333337	0.029251984956122024	0.546875	0.055533518445061485	4.583360736599802
RISK-BAL	1	0.14804719803168948	66	51	128	2330	68	2249	60	13	506.83333333333337	0.0293482952093224	0.53125	0.05562372188139059	4.437356132851035
RISK-BAL	1	0.18242552380635635	66	51	128	2247	67	2167	61	13	506.83333333333337	0.02999104744852283	0.5234375	0.056731583403895	4.275567247615916
RISK-BAL	1	0.22270013882530884	66	51	128	2186	67	2106	61	13	506.83333333333337	0.030832949838932353	0.5234375	0.05823554976097349	4.155212101282473
RISK-BAL	1	0.2689414213699951	66	51	128	2110	67	2030	61	13	506.83333333333337	0.03195040534096328	0.5234375	0.0602247191011236	4.005261427162117
RISK-BAL	1	0.320821300824607	66	51	128	2021	65	1944	63	12	506.83333333333337	0.03235440517670483	0.5078125	0.06083294337856809	3.835580401183821
RISK-BAL	1	0.3775406687981454	66	51	128	1934	64	1858	64	12	506.83333333333337	0.03329864724245578	0.5	0.0624390243902439	3.6658993752055244
RISK-BAL	1	0.43782349911420193	66	51	128	1879	64	1803	64	12	506.83333333333337	0.03427959292983396	0.5	0.06416040100250626	3.557382439986846
RISK-BAL	1	0.5	66	51	128	1824	63	1749	65	12	506.83333333333337	0.0347682119205298	0.4921875	0.06494845360824743	3.450838539953962
RISK-BAL	1	0.5621765008857981	66	51	128	1750	61	1677	67	12	506.83333333333337	0.035097813578826235	0.4765625	0.06538049303322616	3.3087800065767836
RISK-BAL	1	0.6224593312018546	66	51	128	1697	61	1624	67	12	506.83333333333337	0.03620178041543027	0.4765625	0.06729178157749587	3.204209141729694
RISK-BAL	1	0.679178699175393	66	51	128	1631	60	1559	68	12	506.83333333333337	0.03705991352686844	0.46875	0.06868918145392101	3.0759618546530745
RISK-BAL	1	0.7310585786300049	66	51	128	1574	59	1503	69	12	506.83333333333337	0.03777208706786172	0.4609375	0.06982248520710059	2.9654718842486023
RISK-BAL	1	0.7772998611746911	66	51	128	1512	59	1441	69	12	506.83333333333337	0.03933333333333333	0.4609375	0.07248157248157248	2.8431437027293653
RISK-BAL	1	0.8175744761936437	66	51	128	1464	58	1394	70	12	506.83333333333337	0.03994490358126722	0.453125	0.07341772151898734	2.7504110489970404
RISK-BAL	1	0.8519528019683106	66	51	128	1422	58	1352	70	12	506.83333333333337	0.04113475177304964	0.453125	0.0754226267880364	2.667543571193686
RISK-BAL	1	0.8807970779778823	66	51	128	1367	58	1297	70	12	506.83333333333337	0.042804428044280446	0.453125	0.0782198246797033	2.559026635975008
RISK-BAL	1	0.9046505351008906	66	51	128	1305	58	1235	70	12	506.83333333333337	0.0448569218870843	0.453125	0.08163265306122448	2.436698454455771
RISK-BAL	1	0.9241418199787566	66	51	128	1253	56	1185	72	12	506.83333333333337	0.045124899274778404	0.4375	0.08181154127100074	2.3380466951660637
RISK-BAL	1	0.9399133498259924	66	51	128	1213	56	1145	72	12	506.83333333333337	0.0466278101582015	0.4375	0.08427389014296463	2.2591252877342978
RISK-BAL	1	0.9525741268224334	66	51	128	1177	56	1109	72	12	506.83333333333337	0.048068669527897	0.4375	0.08662026295436968	2.1880960210457086
RISK-BAL	1	0.9626731126558706	66	51	128	1141	56	1073	72	12	506.83333333333337	0.049601417183348095	0.4375	0.08910103420843278	2.1170667543571193
RISK-BAL	1	0.9706877692486436	66	51	128	1106	55	1039	73	12	506.83333333333337	0.050274223034734916	0.4296875	0.09001636661211129	2.0499835580401182
RISK-BAL	1	0.9770226300899744	66	51	128	1065	54	999	74	12	506.83333333333337	0.05128205128205128	0.421875	0.09144792548687553	1.9710621506083523
RISK-BAL	1	0.9820137900379085	66	51	128	1023	53	959	75	11	506.83333333333337	0.05237154150197629	0.4140625	0.09298245614035087	1.8921407431765864
RISK-BAL	1	0.9859363729567544	66	51	128	991	51	929	77	11	506.83333333333337	0.05204081632653061	0.3984375	0.09205776173285199	1.8329496876027622
RISK-BAL	1	0.9890130573694068	66	51	128	956	50	895	78	11	506.83333333333337	0.05291005291005291	0.390625	0.09319664492078285	1.7658664912857611
RISK-BAL	1	0.991422514586288	66	51	128	912	49	852	79	11	506.83333333333337	0.05438401775804662	0.3828125	0.09523809523809523	1.6810259782966128
RISK-BAL	1	0.9933071490757153	66	51	128	888	48	829	80	11	506.83333333333337	0.05473204104903079	0.375	0.0955223880597015	1.6356461690233475
RISK-BAL	1	0.9947798743064417	66	51	128	868	47	810	81	11	506.83333333333337	0.05484247374562427	0.3671875	0.09543147208121827	1.5981585004932586
RISK-BAL	1	0.995929862284104	66	51	128	838	45	782	83	11	506.83333333333337	0.05441354292623942	0.3515625	0.09424083769633508	1.5429135152910225
RISK-BAL	1	0.9968273171575148	66	51	128	808	44	754	84	10	506.83333333333337	0.05513784461152882	0.34375	0.09503239740820735	1.4876685300887864
RISK-BAL	1	0.9975273768433653	66	51	128	781	43	728	85	10	506.83333333333337	0.055771725032425425	0.3359375	0.09566184649610679	1.4363696152581387
RISK-BAL	1	0.9980732653366725	66	51	128	758	42	706	86	10	506.83333333333337	0.05614973262032086	0.328125	0.0958904109589041	1.3929628411706674
RISK-BAL	1	0.998498817743263	66	51	128	732	40	682	88	10	506.83333333333337	0.055401662049861494	0.3125	0.09411764705882353	1.345609996711608
RISK-BAL	1	0.9988304897349445	66	51	128	700	40	650	88	10	506.83333333333337	0.057971014492753624	0.3125	0.097799511002445	1.2824728707661952
RISK-BAL	1	0.9990889488055994	66	51	128	685	39	636	89	10	506.83333333333337	0.057777777777777775	0.3046875	0.09713574097135741	1.2548503781650773
RISK-BAL	1	0.9992903296008995	66	51	128	658	39	609	89	10	506.83333333333337	0.06018518518518518	0.3046875	0.10051546391752578	1.2015784281486352
RISK-BAL	1	0.9994472213630764	66	51	128	638	38	590	90	10	506.83333333333337	0.06050955414012739	0.296875	0.10052910052910052	1.1640907596185464
RISK-BAL	1	0.9995694429186754	66	51	128	622	37	575	91	10	506.83333333333337	0.06045751633986928	0.2890625	0.1	1.1344952318316341
RISK-BAL	1	0.9996646498695336	66	51	128	600	35	555	93	10	506.83333333333337	0.059322033898305086	0.2734375	0.09749303621169916	1.0950345281157514
RISK-BAL	1	0.9997388096809043	66	51	128	580	34	536	94	10	506.83333333333337	0.05964912280701754	0.265625	0.09742120343839542	1.0575468595856625
RISK-BAL	1	0.9997965730219448	66	51	128	558	34	514	94	10	506.83333333333337	0.06204379562043796	0.265625	0.10059171597633136	1.0141400854981912
RISK-BAL	1	0.9998415637808975	66	51	128	542	34	498	94	10	506.83333333333337	0.06390977443609022	0.265625	0.10303030303030303	0.982571522525485
RISK-BAL	1	0.9998766054240137	66	51	128	526	34	482	94	10	506.83333333333337	0.06589147286821706	0.265625	0.10559006211180125	0.9510029595527786
RISK-BAL	1	0.9999038975845005	66	51	128	511	34	467	94	10	506.83333333333337	0.06786427145708583	0.265625	0.10810810810810811	0.9214074317658664
RISK-BAL	1	0.9999251537724895	66	51	128	501	33	458	95	10	506.83333333333337	0.06720977596741344	0.2578125	0.10662358642972536	0.9036501150937191
RISK-BAL	1	0.9999417087343389	66	51	128	490	33	447	95	10	506.83333333333337	0.06875	0.2578125	0.10855263157894737	0.8819467280499835
RISK-BAL	1	0.9999546021312976	66	51	128	480	33	437	95	10	506.83333333333337	0.07021276595744681	0.2578125	0.11036789297658862	0.862216376192042
RISK-BAL	1	0.9999646437492582	66	51	128	466	32	424	96	10	506.83333333333337	0.07017543859649122	0.25	0.1095890410958904	0.8365669187767181
RISK-BAL	1	0.9999724643088853	66	51	128	445	32	403	96	10	506.83333333333337	0.0735632183908046	0.25	0.11367673179396093	0.7951331798750411
RISK-BAL	1	0.9999785550515792	66	51	128	435	30	395	98	10	506.83333333333337	0.07058823529411765	0.234375	0.10849909584086799	0.7793488983886879
RISK-BAL	1	0.999983298578152	66	51	128	422	30	383	98	9	506.83333333333337	0.07263922518159806	0.234375	0.11090573012939002	0.7556724761591581
RISK-BAL	1	0.9999869928715335	66	51	128	400	30	361	98	9	506.83333333333337	0.07672634271099744	0.234375	0.11560693641618497	0.7122657020716869
RISK-BAL	1	0.9999898700090192	66	51	128	394	30	355	98	9	506.83333333333337	0.07792207792207792	0.234375	0.11695906432748537	0.700427490956922
RISK-BAL	1	0.9999921107374138	66	51	128	384	30	344	98	10	506.83333333333337	0.08021390374331551	0.234375	0.11952191235059761	0.6787241039131864
RISK-BAL	1	0.9999938558253978	66	51	128	371	30	331	98	10	506.83333333333337	0.08310249307479224	0.234375	0.12269938650306748	0.6530746464978625
RISK-BAL	1	0.9999952149055051	66	51	128	361	29	322	99	10	506.83333333333337	0.08262108262108261	0.2265625	0.12108559498956159	0.6353173298257152
RISK-BAL	1	0.9999962733607158	66	51	128	346	28	309	100	9	506.83333333333337	0.0830860534124629	0.21875	0.12043010752688173	0.6096678724103912
RISK-BAL	1	0.9999970976880148	66	51	128	337	27	301	101	9	506.83333333333337	0.08231707317073171	0.2109375	0.11842105263157894	0.5938835909240381
RISK-BAL	1	0.999997739675702	66	51	128	327	27	291	101	9	506.83333333333337	0.08490566037735849	0.2109375	0.1210762331838565	0.5741532390660966
RISK-BAL	1	0.9999982396567868	66	51	128	319	25	285	103	9	506.83333333333337	0.08064516129032258	0.1953125	0.1141552511415525	0.5623150279513317
RISK-BAL	1	0.999998629042793	66	51	128	310	24	277	104	9	506.83333333333337	0.07973421926910298	0.1875	0.11188811188811189	0.5465307464649786
RISK-BAL	1	0.9999989322971299	66	51	128	302	24	269	104	9	506.83333333333337	0.08191126279863481	0.1875	0.11401425178147269	0.5307464649786254
RISK-BAL	1	0.9999991684719722	66	51	128	297	24	264	104	9	506.83333333333337	0.08333333333333333	0.1875	0.11538461538461539	0.5208812890496547
RISK-BAL	1	0.9999993524052017	66	51	128	289	24	256	104	9	506.83333333333337	0.08571428571428572	0.1875	0.11764705882352941	0.5050970075633016
RISK-BAL	1	0.9999994956525918	66	51	128	279	24	246	104	9	506.83333333333337	0.08888888888888889	0.1875	0.12060301507537688	0.48536665570536003
RISK-BAL	1	0.9999996072137998	66	51	128	270	23	238	105	9	506.83333333333337	0.08812260536398467	0.1796875	0.11825192802056556	0.4695823742190069
RISK-BAL	1	0.999999694097773	66	51	128	263	25	229	103	9	506.83333333333337	0.0984251968503937	0.1953125	0.13089005235602094	0.45182505754685953
RISK-BAL	1	0.9999997617630899	66	51	128	248	25	215	103	8	506.83333333333337	0.10416666666666667	0.1953125	0.1358695652173913	0.4242025649457415
RISK-BAL	1	0.9999998144608981	66	51	128	248	25	215	103	8	506.83333333333337	0.10416666666666667	0.1953125	0.1358695652173913	0.4242025649457415
RISK-BAL	1	0.9999998555019962	66	51	128	248	25	215	103	8	506.83333333333337	0.10416666666666667	0.1953125	0.1358695652173913	0.4242025649457415
RISK-BAL	1	0.9999998874648379	66	51	128	248	25	215	103	8	506.83333333333337	0.10416666666666667	0.1953125	0.1358695652173913	0.4242025649457415
RISK-BAL	1	1.0	66	51	128	232	25	199	103	8	506.83333333333337	0.11160714285714286	0.1953125	0.14204545454545456	0.39263400197303516
RISK-BAL	1	1.0000000000000002	66	51	128	0	0	0	128	0	506.83333333333337		0.0	0.0	0.0
RISK-NAT	1	1.12535162055095e-07	66	51	128	92	12	77	116	3	506.83333333333337	0.1348314606741573	0.09375	0.11059907834101383	0.1519237093061493
RISK-NAT	1	1.4449800373124837e-07	66	51	128	99	12	84	116	3	506.83333333333337	0.125	0.09375	0.10714285714285714	0.1657349556067083
RISK-NAT	1	1.8553910183683314e-07	66	51	128	100	12	85	116	3	506.83333333333337	0.12371134020618557	0.09375	0.10666666666666667	0.16770799079250245
RISK-NAT	1	2.38236909993343e-07	66	51	128	100	12	85	116	3	506.83333333333337	0.12371134020618557	0.09375	0.10666666666666667	0.16770799079250245
RISK-NAT	1	3.059022269256247e-07	66	51	128	100	12	85	116	3	506.83333333333337	0.12371134020618557	0.09375	0.10666666666666667	0.16770799079250245
RISK-NAT	1	3.927862002670442e-07	66	51	128	100	12	85	116	3	506.83333333333337	0.12371134020618557	0.09375	0.10666666666666667	0.16770799079250245
RISK-NAT	1	5.043474082014517e-07	66	51	128	101	12	86	116	3	506.83333333333337	0.12244897959183673	0.09375	0.10619469026548672	0.1696810259782966
RISK-NAT	1	6.475947982049267e-07	66	51	128	105	12	90	116	3	506.83333333333337	0.11764705882352941	0.09375	0.10434782608695652	0.1775731667214732
RISK-NAT	1	8.315280276641321e-07	66	51	128	106	12	91	116	3	506.83333333333337	0.11650485436893204	0.09375	0.1038961038961039	0.17954620190726733
RISK-NAT	1	1.067702870044147e-06	66	51	128	107	12	92	116	3	506.83333333333337	0.11538461538461539	0.09375	0.10344827586206896	0.18151923709306148
RISK-NAT	1	1.3709572068578448e-06	66	51	128	110	12	95	116	3	506.83333333333337	0.11214953271028037	0.09375	0.10212765957446808	0.18743834265044393
RISK-NAT	1	1.7603432133424856e-06	66	51	128	111	12	96	116	3	506.83333333333337	0.1111111111111111	0.09375	0.1016949152542373	0.18941137783623807
RISK-NAT	1	2.2603242979035746e-06	66	51	128	113	12	98	116	3	506.83333333333337	0.10909090909090909	0.09375	0.10084033613445378	0.19335744820782635
RISK-NAT	1	2.902311985211097e-06	66	51	128	117	12	102	116	3	506.83333333333337	0.10526315789473684	0.09375	0.09917355371900827	0.20124958895100295
RISK-NAT	1	3.726639284186561e-06	66	51	128	125	12	110	116	3	506.83333333333337	0.09836065573770492	0.09375	0.096	0.2170338704373561
RISK-NAT	1	4.785094494890119e-06	66	51	128	129	12	114	116	3	506.83333333333337	0.09523809523809523	0.09375	0.09448818897637795	0.2249260111805327
RISK-NAT	1	6.144174602214718e-06	66	51	128	135	12	120	116	3	506.83333333333337	0.09090909090909091	0.09375	0.09230769230769231	0.2367642222952976
RISK-NAT	1	7.889262586245034e-06	66	51	128	147	12	132	116	3	506.83333333333337	0.08333333333333333	0.09375	0.08823529411764706	0.26044064452482735
RISK-NAT	1	1.0129990980873921e-05	66	51	128	163	12	148	116	3	506.83333333333337	0.075	0.09375	0.08333333333333333	0.2920092074975337
RISK-NAT	1	1.3007128466476033e-05	66	51	128	189	12	172	116	5	506.83333333333337	0.06521739130434782	0.09375	0.07692307692307693	0.3393620519565932
RISK-NAT	1	1.670142184809518e-05	66	51	128	226	12	209	116	5	506.83333333333337	0.05429864253393665	0.09375	0.06876790830945559	0.41236435383097664
RISK-NAT	1	2.144494842091395e-05	66	51	128	264	13	244	115	7	506.83333333333337	0.05058365758754864	0.1015625	0.06753246753246753	0.48142058533377174
RISK-NAT	1	2.7535691114583473e-05	66	51	128	321	14	299	114	8	506.83333333333337	0.04472843450479233	0.109375	0.06349206349206349	0.5899375205524499
RISK-NAT	1	3.5356250741744315e-05	66	51	128	388	18	360	110	10	506.83333333333337	0.047619047619047616	0.140625	0.07114624505928854	0.7102926668858928
RISK-NAT	1	4.5397868702434395e-05	66	51	128	499	19	469	109	11	506.83333333333337	0.0389344262295082	0.1484375	0.06168831168831169	0.9253535021374547
RISK-NAT	1	5.829126566113865e-05	66	51	128	645	23	611	105	11	506.83333333333337	0.03627760252365931	0.1796875	0.06036745406824147	1.2055244985202236
RISK-NAT	1	7.484622751061123e-05	66	51	128	933	29	893	99	11	506.83333333333337	0.031453362255965296	0.2265625	0.05523809523809524	1.7619204209141728
RISK-NAT	1	9.610241549947396e-05	66	51	128	1261	34	1212	94	15	506.83333333333337	0.027287319422150885	0.265625	0.049490538573508006	2.3913186451825057
RISK-NAT	1	0.00012339457598623172	66	51	128	1699	42	1641	86	16	506.83333333333337	0.024955436720142603	0.328125	0.04638321369409166	3.2377507398881944
RISK-NAT	1	0.00015843621910252592	66	51	128	2352	52	2284	76	16	506.83333333333337	0.02226027397260274	0.40625	0.04220779220779221	4.506412364353831
RISK-NAT	1	0.00020342697805520653	66	51	128	3334	65	3252	63	17	506.83333333333337	0.019596020500452217	0.5078125	0.03773584905660377	6.416310424202565
RISK-NAT	1	0.0002611903190957194	66	51	128	4513	72	4425	56	16	506.83333333333337	0.016010673782521682	0.5625	0.031135135135135134	8.730680697139098
RISK-NAT	1	0.0003353501304664781	66	51	128	6043	83	5944	45	16	506.83333333333337	0.013771362203417953	0.6484375	0.026969943135662065	11.727721144360407
RISK-NAT	1	0.0004305570813246149	66	51	128	7443	90	7336	38	17	506.83333333333337	0.012119579854565042	0.703125	0.023828435266084195	14.47418612298586
RISK-NAT	1	0.0005527786369235996	66	51	128	8751	93	8642	35	16	506.83333333333337	0.010646823125357757	0.7265625	0.02098612208055963	17.050970075633014
RISK-NAT	1	0.0007096703991005881	66	51	128	9662	96	9550	32	16	506.83333333333337	0.009952311839104291	0.75	0.019643953345610803	18.8424860243341
RISK-NAT	1	0.0009110511944006454	66	51	128	10039	99	9924	29	16	506.83333333333337	0.009877282250823106	0.7734375	0.019505467441631365	19.58040118382111
RISK-NAT	1	0.0011695102650555148	66	51	128	9729	100	9613	28	16	506.83333333333337	0.010295480284155256	0.78125	0.0203231378924906	18.966787241039132
RISK-NAT	1	0.0015011822567369917	66	51	128	8719	101	8601	27	17	506.83333333333337	0.011606527235118364	0.7890625	0.02287655719139298	16.970075633015455
RISK-NAT	1	0.0019267346633274757	66	51	128	7473	100	7355	28	18	506.83333333333337	0.01341381623071764	0.78125	0.02637478570486615	14.511673791515948
RISK-NAT	1	0.0024726231566347743	66	51	128	6190	100	6072	28	18	506.83333333333337	0.016202203499675955	0.78125	0.031746031746031744	11.980269648142057
RISK-NAT	1	0.0031726828424851893	66	51	128	5031	99	4915	29	17	506.83333333333337	0.01974471479856402	0.7734375	0.038506417736289385	9.69746793817823
RISK-NAT	1	0.004070137715896128	66	51	128	4048	97	3934	31	17	506.83333333333337	0.024063507814438105	0.7578125	0.04664582832411637	7.761920420914173
RISK-NAT	1	0.005220125693558397	66	51	128	3292	96	3179	32	17	506.83333333333337	0.02931297709923664	0.75	0.05642080517190714	6.272278855639592
RISK-NAT	1	0.0066928509242848554	66	51	128	2658	94	2547	34	17	506.83333333333337	0.03559257856872397	0.734375	0.06789454676778621	5.025320618217691
RISK-NAT	1	0.008577485413711984	66	51	128	2138	89	2033	39	16	506.83333333333337	0.041941564561734215	0.6953125	0.0791111111111111	4.0111805327195
RISK-NAT	1	0.01098694263059318	66	51	128	1744	84	1644	44	16	506.83333333333337	0.04861111111111111	0.65625	0.09051724137931035	3.243669845445577
RISK-NAT	1	0.014063627043245475	66	51	128	1382	75	1292	53	15	506.83333333333337	0.0548646671543526	0.5859375	0.10033444816053512	2.5491614600460375
RISK-NAT	1	0.01798620996209156	66	51	128	1118	71	1033	57	14	506.83333333333337	0.06431159420289854	0.5546875	0.11525974025974026	2.0381453469253534
RISK-NAT	1	0.022977369910025615	66	51	128	890	67	810	61	13	506.83333333333337	0.07639680729760548	0.5234375	0.13333333333333333	1.5981585004932586
RISK-NAT	1	0.02931223075135632	66	51	128	696	58	625	70	13	506.83333333333337	0.0849194729136164	0.453125	0.14303329223181258	1.2331469911213415
RISK-NAT	1	0.03732688734412946	66	51	128	549	50	486	78	13	506.83333333333337	0.09328358208955224	0.390625	0.15060240963855423	0.9588951002959553
RISK-NAT	1	0.04742587317756678	66	51	128	436	42	382	86	12	506.83333333333337	0.09905660377358491	0.328125	0.15217391304347827	0.7536994409733639
RISK-NAT	1	0.060086650174007626	66	51	128	357	33	313	95	11	506.83333333333337	0.0953757225433526	0.2578125	0.13924050632911392	0.6175600131535679
RISK-NAT	1	0.07585818002124355	66	51	128	254	29	216	99	9	506.83333333333337	0.11836734693877551	0.2265625	0.1554959785522788	0.42617560013153566
RISK-NAT	1	0.09534946489910949	66	51	128	191	22	161	106	8	506.83333333333337	0.12021857923497267	0.171875	0.1414790996784566	0.3176586649128576
RISK-NAT	1	0.11920292202211755	66	51	128	153	20	125	108	8	506.83333333333337	0.13793103448275862	0.15625	0.14652014652014653	0.24662939822426833
RISK-NAT	1	0.14804719803168948	66	51	128	127	18	103	110	6	506.83333333333337	0.1487603305785124	0.140625	0.14457831325301204	0.2032226241367971
RISK-NAT	1	0.18242552380635635	66	51	128	92	12	78	116	2	506.83333333333337	0.13333333333333333	0.09375	0.11009174311926606	0.15389674449194343
RISK-NAT	1	0.22270013882530884	66	51	128	74	12	60	116	2	506.83333333333337	0.16666666666666666	0.09375	0.12	0.1183821111476488
RISK-NAT	1	0.2689414213699951	66	51	128	55	9	44	119	2	506.83333333333337	0.16981132075471697	0.0703125	0.09944751381215469	0.08681354817494244
RISK-NAT	1	0.320821300824607	66	51	128	41	7	33	121	1	506.83333333333337	0.175	0.0546875	0.08333333333333333	0.06511016113120684
RISK-NAT	1	0.3775406687981454	66	51	128	35	4	30	124	1	506.83333333333337	0.11764705882352941	0.03125	0.04938271604938271	0.0591910555738244
RISK-NAT	1	0.43782349911420193	66	51	128	27	1	25	127	1	506.83333333333337	0.038461538461538464	0.0078125	0.012987012987012988	0.04932587964485366
RISK-NAT	1	0.5	66	51	128	25	0	24	128	1	506.83333333333337	0.0	0.0	0.0	0.04735284445905952
RISK-NAT	1	0.5621765008857981	66	51	128	20	0	20	128	0	506.83333333333337	0.0	0.0	0.0	0.03946070371588293
RISK-NAT	1	0.6224593312018546	66	51	128	20	0	20	128	0	506.83333333333337	0.0	0.0	0.0	0.03946070371588293
RISK-NAT	1	0.679178699175393	66	51	128	18	0	18	128	0	506.83333333333337	0.0	0.0	0.0	0.03551463334429464
RISK-NAT	1	0.7310585786300049	66	51	128	18	0	18	128	0	506.83333333333337	0.0	0.0	0.0	0.03551463334429464
RISK-NAT	1	0.7772998611746911	66	51	128	21	0	21	128	0	506.83333333333337	0.0	0.0	0.0	0.04143373890167708
RISK-NAT	1	0.8175744761936437	66	51	128	22	0	22	128	0	506.83333333333337	0.0	0.0	0.0	0.04340677408747122
RISK-NAT	1	0.8519528019683106	66	51	128	15	0	15	128	0	506.83333333333337	0.0	0.0	0.0	0.0295955277869122
RISK-NAT	1	0.8807970779778823	66	51	128	13	0	13	128	0	506.83333333333337	0.0	0.0	0.0	0.025649457415323904
RISK-NAT	1	0.9046505351008906	66	51	128	6	0	6	128	0	506.83333333333337	0.0	0.0	0.0	0.01183821111476488
RISK-NAT	1	0.9241418199787566	66	51	128	7	0	7	128	0	506.83333333333337	0.0	0.0	0.0	0.013811246300559025
RISK-NAT	1	0.9399133498259924	66	51	128	6	0	6	128	0	506.83333333333337	0.0	0.0	0.0	0.01183821111476488
RISK-NAT	1	0.9525741268224334	66	51	128	3	0	3	128	0	506.83333333333337	0.0	0.0	0.0	0.00591910555738244
RISK-NAT	1	0.9626731126558706	66	51	128	2	0	2	128	0	506.83333333333337	0.0	0.0	0.0	0.003946070371588293
RISK-NAT	1	0.9706877692486436	66	51	128	1	0	1	128	0	506.83333333333337	0.0	0.0	0.0	0.0019730351857941467
RISK-NAT	1	0.9770226300899744	66	51	128	1	0	1	128	0	506.83333333333337	0.0	0.0	0.0	0.0019730351857941467
RISK-NAT	1	0.9820137900379085	66	51	128	1	0	1	128	0	506.83333333333337	0.0	0.0	0.0	0.0019730351857941467
RISK-NAT	1	0.9859363729567544	66	51	128	1	0	1	128	0	506.83333333333337	0.0	0.0	0.0	0.0019730351857941467
RISK-NAT	1	0.9890130573694068	66	51	128	0	0	0	128	0	506.83333333333337		0.0	0.0	0.0
RISK-NAT	1	0.991422514586288	66	51	128	0	0	0	128	0	506.83333333333337		0.0	0.0	0.0
RISK-NAT	1	0.9933071490757153	66	51	128	0	0	0	128	0	506.83333333333337		0.0	0.0	0.0
RISK-NAT	1	0.9947798743064417	66	51	128	0	0	0	128	0	506.83333333333337		0.0	0.0	0.0
RISK-NAT	1	0.995929862284104	66	51	128	0	0	0	128	0	506.83333333333337		0.0	0.0	0.0
RISK-NAT	1	0.9968273171575148	66	51	128	0	0	0	128	0	506.83333333333337		0.0	0.0	0.0
RISK-NAT	1	0.9975273768433653	66	51	128	0	0	0	128	0	506.83333333333337		0.0	0.0	0.0
RISK-NAT	1	0.9980732653366725	66	51	128	0	0	0	128	0	506.83333333333337		0.0	0.0	0.0
RISK-NAT	1	0.998498817743263	66	51	128	0	0	0	128	0	506.83333333333337		0.0	0.0	0.0
RISK-NAT	1	0.9988304897349445	66	51	128	0	0	0	128	0	506.83333333333337		0.0	0.0	0.0
RISK-NAT	1	0.9990889488055994	66	51	128	0	0	0	128	0	506.83333333333337		0.0	0.0	0.0
RISK-NAT	1	0.9992903296008995	66	51	128	0	0	0	128	0	506.83333333333337		0.0	0.0	0.0
RISK-NAT	1	0.9994472213630764	66	51	128	0	0	0	128	0	506.83333333333337		0.0	0.0	0.0
RISK-NAT	1	0.9995694429186754	66	51	128	0	0	0	128	0	506.83333333333337		0.0	0.0	0.0
RISK-NAT	1	0.9996646498695336	66	51	128	0	0	0	128	0	506.83333333333337		0.0	0.0	0.0
RISK-NAT	1	0.9997388096809043	66	51	128	0	0	0	128	0	506.83333333333337		0.0	0.0	0.0
RISK-NAT	1	0.9997965730219448	66	51	128	0	0	0	128	0	506.83333333333337		0.0	0.0	0.0
RISK-NAT	1	0.9998415637808975	66	51	128	0	0	0	128	0	506.83333333333337		0.0	0.0	0.0
RISK-NAT	1	0.9998766054240137	66	51	128	0	0	0	128	0	506.83333333333337		0.0	0.0	0.0
RISK-NAT	1	0.9999038975845005	66	51	128	0	0	0	128	0	506.83333333333337		0.0	0.0	0.0
RISK-NAT	1	0.9999251537724895	66	51	128	0	0	0	128	0	506.83333333333337		0.0	0.0	0.0
RISK-NAT	1	0.9999417087343389	66	51	128	0	0	0	128	0	506.83333333333337		0.0	0.0	0.0
RISK-NAT	1	0.9999546021312976	66	51	128	0	0	0	128	0	506.83333333333337		0.0	0.0	0.0
RISK-NAT	1	0.9999646437492582	66	51	128	0	0	0	128	0	506.83333333333337		0.0	0.0	0.0
RISK-NAT	1	0.9999724643088853	66	51	128	0	0	0	128	0	506.83333333333337		0.0	0.0	0.0
RISK-NAT	1	0.9999785550515792	66	51	128	0	0	0	128	0	506.83333333333337		0.0	0.0	0.0
RISK-NAT	1	0.999983298578152	66	51	128	0	0	0	128	0	506.83333333333337		0.0	0.0	0.0
RISK-NAT	1	0.9999869928715335	66	51	128	0	0	0	128	0	506.83333333333337		0.0	0.0	0.0
RISK-NAT	1	0.9999898700090192	66	51	128	0	0	0	128	0	506.83333333333337		0.0	0.0	0.0
RISK-NAT	1	0.9999921107374138	66	51	128	0	0	0	128	0	506.83333333333337		0.0	0.0	0.0
RISK-NAT	1	0.9999938558253978	66	51	128	0	0	0	128	0	506.83333333333337		0.0	0.0	0.0
RISK-NAT	1	0.9999952149055051	66	51	128	0	0	0	128	0	506.83333333333337		0.0	0.0	0.0
RISK-NAT	1	0.9999962733607158	66	51	128	0	0	0	128	0	506.83333333333337		0.0	0.0	0.0
RISK-NAT	1	0.9999970976880148	66	51	128	0	0	0	128	0	506.83333333333337		0.0	0.0	0.0
RISK-NAT	1	0.999997739675702	66	51	128	0	0	0	128	0	506.83333333333337		0.0	0.0	0.0
RISK-NAT	1	0.9999982396567868	66	51	128	0	0	0	128	0	506.83333333333337		0.0	0.0	0.0
RISK-NAT	1	0.999998629042793	66	51	128	0	0	0	128	0	506.83333333333337		0.0	0.0	0.0
RISK-NAT	1	0.9999989322971299	66	51	128	0	0	0	128	0	506.83333333333337		0.0	0.0	0.0
RISK-NAT	1	0.9999991684719722	66	51	128	0	0	0	128	0	506.83333333333337		0.0	0.0	0.0
RISK-NAT	1	0.9999993524052017	66	51	128	0	0	0	128	0	506.83333333333337		0.0	0.0	0.0
RISK-NAT	1	0.9999994956525918	66	51	128	0	0	0	128	0	506.83333333333337		0.0	0.0	0.0
RISK-NAT	1	0.9999996072137998	66	51	128	0	0	0	128	0	506.83333333333337		0.0	0.0	0.0
RISK-NAT	1	0.999999694097773	66	51	128	0	0	0	128	0	506.83333333333337		0.0	0.0	0.0
RISK-NAT	1	0.9999997617630899	66	51	128	0	0	0	128	0	506.83333333333337		0.0	0.0	0.0
RISK-NAT	1	0.9999998144608981	66	51	128	0	0	0	128	0	506.83333333333337		0.0	0.0	0.0
RISK-NAT	1	0.9999998555019962	66	51	128	0	0	0	128	0	506.83333333333337		0.0	0.0	0.0
RISK-NAT	1	0.9999998874648379	66	51	128	0	0	0	128	0	506.83333333333337		0.0	0.0	0.0
RISK-NAT	1	1.0	66	51	128	0	0	0	128	0	506.83333333333337		0.0	0.0	0.0
RISK-NAT	1	1.0000000000000002	66	51	128	0	0	0	128	0	506.83333333333337		0.0	0.0	0.0
SAMP-BAL	2	1.12535162055095e-07	66	51	151	244	14	223	137	7	510.24166666666673	0.05907172995780591	0.09271523178807947	0.07216494845360824	0.4370478041450946
SAMP-BAL	2	1.4449800373124837e-07	66	51	151	250	14	229	137	7	510.24166666666673	0.05761316872427984	0.09271523178807947	0.07106598984771574	0.4488069378889088
SAMP-BAL	2	1.8553910183683314e-07	66	51	151	258	14	237	137	7	510.24166666666673	0.055776892430278883	0.09271523178807947	0.06965174129353234	0.46448578288066106
SAMP-BAL	2	2.38236909993343e-07	66	51	151	267	14	245	137	8	510.24166666666673	0.05405405405405406	0.09271523178807947	0.06829268292682927	0.4801646278724133
SAMP-BAL	2	3.059022269256247e-07	66	51	151	277	14	255	137	8	510.24166666666673	0.05204460966542751	0.09271523178807947	0.06666666666666667	0.4997631841121037
SAMP-BAL	2	3.927862002670442e-07	66	51	151	283	14	261	137	8	510.24166666666673	0.05090909090909091	0.09271523178807947	0.06572769953051644	0.5115223178559178
SAMP-BAL	2	5.043474082014517e-07	66	51	151	281	14	258	137	9	510.24166666666673	0.051470588235294115	0.09271523178807947	0.06619385342789598	0.5056427509840108
SAMP-BAL	2	6.475947982049267e-07	66	51	151	286	14	263	137	9	510.24166666666673	0.05054151624548736	0.09271523178807947	0.06542056074766354	0.515442029103856
SAMP-BAL	2	8.315280276641321e-07	66	51	151	298	14	275	137	9	510.24166666666673	0.04844290657439446	0.09271523178807947	0.06363636363636363	0.5389602965914844
SAMP-BAL	2	1.067702870044147e-06	66	51	151	305	15	280	136	10	510.24166666666673	0.05084745762711865	0.09933774834437085	0.06726457399103139	0.5487595747113295
SAMP-BAL	2	1.3709572068578448e-06	66	51	151	321	15	296	136	10	510.24166666666673	0.04823151125401929	0.09933774834437085	0.06493506493506493	0.580117264694834
SAMP-BAL	2	1.7603432133424856e-06	66	51	151	337	15	312	136	10	510.24166666666673	0.045871559633027525	0.09933774834437085	0.06276150627615062	0.6114749546783386
SAMP-BAL	2	2.2603242979035746e-06	66	51	151	361	16	335	135	10	510.24166666666673	0.045584045584045586	0.10596026490066225	0.06374501992031872	0.6565516340296264
SAMP-BAL	2	2.902311985211097e-06	66	51	151	379	16	353	135	10	510.24166666666673	0.04336043360433604	0.10596026490066225	0.06153846153846154	0.691829035261069
SAMP-BAL	2	3.726639284186561e-06	66	51	151	392	17	365	134	10	510.24166666666673	0.04450261780104712	0.11258278145695365	0.06378986866791744	0.7153473027486974
SAMP-BAL	2	4.785094494890119e-06	66	51	151	422	17	395	134	10	510.24166666666673	0.0412621359223301	0.11258278145695365	0.06039076376554174	0.7741429714677684
SAMP-BAL	2	6.144174602214718e-06	66	51	151	438	18	410	133	10	510.24166666666673	0.04205607476635514	0.11920529801324503	0.06217616580310881	0.8035408058273039
SAMP-BAL	2	7.889262586245034e-06	66	51	151	458	19	429	132	10	510.24166666666673	0.04241071428571429	0.12582781456953643	0.06343906510851419	0.8407780626827156
SAMP-BAL	2	1.0129990980873921e-05	66	51	151	489	20	458	131	11	510.24166666666673	0.04184100418410042	0.13245033112582782	0.06359300476947535	0.8976138757778176
SAMP-BAL	2	1.3007128466476033e-05	66	51	151	521	21	489	130	11	510.24166666666673	0.041176470588235294	0.1390728476821192	0.06354009077155824	0.9583694001208577
SAMP-BAL	2	1.670142184809518e-05	66	51	151	560	22	527	129	11	510.24166666666673	0.04007285974499089	0.1456953642384106	0.06285714285714286	1.032843913831681
SAMP-BAL	2	2.144494842091395e-05	66	51	151	592	22	557	129	13	510.24166666666673	0.037996545768566495	0.1456953642384106	0.06027397260273973	1.0916395825507519
SAMP-BAL	2	2.7535691114583473e-05	66	51	151	633	23	597	128	13	510.24166666666673	0.037096774193548385	0.152317880794702	0.05966277561608301	1.1700338075095134
SAMP-BAL	2	3.5356250741744315e-05	66	51	151	688	23	652	128	13	510.24166666666673	0.034074074074074076	0.152317880794702	0.05569007263922518	1.2778258668278102
SAMP-BAL	2	4.5397868702434395e-05	66	51	151	749	24	710	127	15	510.24166666666673	0.0326975476839237	0.15894039735099338	0.05423728813559322	1.3914974930180142
SAMP-BAL	2	5.829126566113865e-05	66	51	151	832	24	791	127	17	510.24166666666673	0.029447852760736196	0.15894039735099338	0.049689440993788817	1.550245798559506
SAMP-BAL	2	7.484622751061123e-05	66	51	151	918	26	874	125	18	510.24166666666673	0.028888888888888888	0.17218543046357615	0.049476688867745006	1.7129138153489358
SAMP-BAL	2	9.610241549947396e-05	66	51	151	1030	30	982	121	18	510.24166666666673	0.029644268774703556	0.1986754966887417	0.051590713671539126	1.9245782227375914
SAMP-BAL	2	0.00012339457598623172	66	51	151	1139	30	1091	121	18	510.24166666666673	0.026761819803746655	0.1986754966887417	0.04716981132075472	2.138202485750216
SAMP-BAL	2	0.00015843621910252592	66	51	151	1294	33	1243	118	18	510.24166666666673	0.02586206896551724	0.2185430463576159	0.046250875963559916	2.4361005405935092
SAMP-BAL	2	0.00020342697805520653	66	51	151	1451	40	1393	111	18	510.24166666666673	0.027913468248429867	0.26490066225165565	0.050505050505050504	2.7300788841888646
SAMP-BAL	2	0.0002611903190957194	66	51	151	1671	43	1609	108	19	510.24166666666673	0.02602905569007264	0.2847682119205298	0.04769828064337216	3.1534076989661757
SAMP-BAL	2	0.0003353501304664781	66	51	151	1900	46	1834	105	20	510.24166666666673	0.02446808510638298	0.304635761589404	0.04529788281634663	3.5943752143592085
SAMP-BAL	2	0.0004305570813246149	66	51	151	2140	47	2073	104	20	510.24166666666673	0.022169811320754716	0.31125827814569534	0.041391457507705856	4.062780708487807
SAMP-BAL	2	0.0005527786369235996	66	51	151	2412	52	2340	99	20	510.24166666666673	0.021739130434782608	0.3443708609271523	0.04089657884388517	4.58606216008754
SAMP-BAL	2	0.0007096703991005881	66	51	151	2727	55	2652	96	20	510.24166666666673	0.02031769486516439	0.36423841059602646	0.03848845346396081	5.197537114765878
SAMP-BAL	2	0.0009110511944006454	66	51	151	3067	60	2985	91	22	510.24166666666673	0.019704433497536946	0.3973509933774834	0.03754693366708386	5.850169037547567
SAMP-BAL	2	0.0011695102650555148	66	51	151	3356	63	3271	88	22	510.24166666666673	0.01889622075584883	0.41721854304635764	0.036154949784791966	6.4106877460027105
SAMP-BAL	2	0.0015011822567369917	66	51	151	3688	65	3600	86	23	510.24166666666673	0.017735334242837655	0.4304635761589404	0.034067085953878404	7.055480246288522
SAMP-BAL	2	0.0019267346633274757	66	51	151	4045	65	3956	86	24	510.24166666666673	0.016165133051479732	0.4304635761589404	0.0311601150527325	7.753188848421499
SAMP-BAL	2	0.0024726231566347743	66	51	151	4344	68	4251	83	25	510.24166666666673	0.015744385274369065	0.4503311258278146	0.030425055928411632	8.331346257492363
SAMP-BAL	2	0.0031726828424851893	66	51	151	4668	70	4573	81	25	510.24166666666673	0.015076459185871204	0.46357615894039733	0.02920317062995411	8.962419768410392
SAMP-BAL	2	0.004070137715896128	66	51	151	5023	75	4923	76	25	510.24166666666673	0.015006002400960384	0.4966887417218543	0.029131870266071083	9.648369236799555
SAMP-BAL	2	0.005220125693558397	66	51	151	5281	79	5177	72	25	510.24166666666673	0.015030441400304413	0.5231788079470199	0.029221379692990566	10.146172565287689
SAMP-BAL	2	0.0066928509242848554	66	51	151	5493	85	5382	66	26	510.24166666666673	0.0155478324492409	0.5629139072847682	0.030259878960484158	10.54794296820134
SAMP-BAL	2	0.008577485413711984	66	51	151	5712	86	5600	65	26	510.24166666666673	0.015124868097080548	0.5695364238410596	0.02946719205071098	10.975191494226591
SAMP-BAL	2	0.01098694263059318	66	51	151	5812	90	5696	61	26	510.24166666666673	0.015554787417905289	0.5960264900662252	0.03031834259727135	11.163337634127618
SAMP-BAL	2	0.014063627043245475	66	51	151	5939	94	5819	57	26	510.24166666666673	0.015897175714527312	0.6225165562913907	0.03100263852242744	11.404399875875809
SAMP-BAL	2	0.01798620996209156	66	51	151	5938	96	5816	55	26	510.24166666666673	0.016238159675236806	0.6357615894039735	0.03166749134092034	11.398520309003901
SAMP-BAL	2	0.022977369910025615	66	51	151	5959	98	5835	53	26	510.24166666666673	0.01651778189785943	0.6490066225165563	0.032215647600262985	11.435757565859314
SAMP-BAL	2	0.02931223075135632	66	51	151	5914	98	5789	53	27	510.24166666666673	0.016646848989298454	0.6490066225165563	0.03246107982775753	11.345604207156738
SAMP-BAL	2	0.03732688734412946	66	51	151	5859	99	5733	52	27	510.24166666666673	0.016975308641975308	0.6556291390728477	0.033093765669396626	11.235852292214473
SAMP-BAL	2	0.04742587317756678	66	51	151	5735	100	5608	51	27	510.24166666666673	0.01751927119831815	0.6622516556291391	0.034135518006485746	10.990870339218343
SAMP-BAL	2	0.060086650174007626	66	51	151	5641	101	5513	50	27	510.24166666666673	0.017990737442109012	0.6688741721854304	0.035039028620988726	10.804684054941285
SAMP-BAL	2	0.07585818002124355	66	51	151	5455	102	5328	49	25	510.24166666666673	0.01878453038674033	0.6754966887417219	0.036552589141730873	10.442110764507014
SAMP-BAL	2	0.09534946489910949	66	51	151	5134	103	5006	48	25	510.24166666666673	0.02016050107653161	0.6821192052980133	0.039163498098859315	9.811037253588985
SAMP-BAL	2	0.11920292202211755	66	51	151	4855	104	4727	47	24	510.24166666666673	0.021527634030221485	0.6887417218543046	0.04175030108390205	9.264237534501623
SAMP-BAL	2	0.14804719803168948	66	51	151	4629	104	4501	47	24	510.24166666666673	0.02258414766558089	0.6887417218543046	0.04373423044575273	8.821310163484622
SAMP-BAL	2	0.18242552380635635	66	51	151	4284	103	4159	48	22	510.24166666666673	0.02416705771938057	0.6821192052980133	0.04668026285973261	8.151039540087213
SAMP-BAL	2	0.22270013882530884	66	51	151	3921	103	3797	48	21	510.24166666666673	0.02641025641025641	0.6821192052980133	0.050851641569982724	7.441571804210422
SAMP-BAL	2	0.2689414213699951	66	51	151	3536	103	3413	48	20	510.24166666666673	0.029294653014789535	0.6821192052980133	0.056176711208071994	6.688987244606313
SAMP-BAL	2	0.320821300824607	66	51	151	3196	103	3073	48	20	510.24166666666673	0.03243073047858942	0.6821192052980133	0.06191764352269312	6.022636332456842
SAMP-BAL	2	0.3775406687981454	66	51	151	2859	102	2738	49	19	510.24166666666673	0.03591549295774648	0.6754966887417219	0.06820461384152457	5.3660846984272155
SAMP-BAL	2	0.43782349911420193	66	51	151	2562	102	2441	49	19	510.24166666666673	0.04011010617381046	0.6754966887417219	0.0757238307349666	4.784007578108412
SAMP-BAL	2	0.5	66	51	151	2288	99	2171	52	18	510.24166666666673	0.04361233480176212	0.6556291390728477	0.08178438661710037	4.254846559636773
SAMP-BAL	2	0.5621765008857981	66	51	151	2026	96	1912	55	18	510.24166666666673	0.04780876494023904	0.6357615894039735	0.0889300602130616	3.747243953028793
SAMP-BAL	2	0.6224593312018546	66	51	151	1819	95	1705	56	19	510.24166666666673	0.05277777777777778	0.6291390728476821	0.097385955920041	3.341553838867203
SAMP-BAL	2	0.679178699175393	66	51	151	1630	89	1522	62	19	510.24166666666673	0.05524518932340161	0.5894039735099338	0.10102156640181612	2.9829002596808696
SAMP-BAL	2	0.7310585786300049	66	51	151	1433	88	1326	63	19	510.24166666666673	0.06223479490806223	0.5827814569536424	0.11246006389776358	2.598768557382939
SAMP-BAL	2	0.7772998611746911	66	51	151	1246	82	1145	69	19	510.24166666666673	0.06682966585167074	0.543046357615894	0.11901306240928883	2.2440346894445438
SAMP-BAL	2	0.8175744761936437	66	51	151	1112	82	1012	69	18	510.24166666666673	0.07495429616087751	0.543046357615894	0.13172690763052208	1.9833738914566625
SAMP-BAL	2	0.8519528019683106	66	51	151	974	79	878	72	17	510.24166666666673	0.08254963427377221	0.5231788079470199	0.14259927797833935	1.7207532378448118
SAMP-BAL	2	0.8807970779778823	66	51	151	853	77	759	74	17	510.24166666666673	0.09210526315789473	0.5099337748344371	0.15602836879432624	1.487530418592497
SAMP-BAL	2	0.9046505351008906	66	51	151	743	74	653	77	16	510.24166666666673	0.10178817056396149	0.4900662251655629	0.16856492027334852	1.2797857224517792
SAMP-BAL	2	0.9241418199787566	66	51	151	654	69	569	82	16	510.24166666666673	0.10815047021943573	0.45695364238410596	0.17490494296577946	1.1151578500383803
SAMP-BAL	2	0.9399133498259924	66	51	151	570	64	490	87	16	510.24166666666673	0.11552346570397112	0.423841059602649	0.18156028368794327	0.9603292557448266
SAMP-BAL	2	0.9525741268224334	66	51	151	490	56	418	95	16	510.24166666666673	0.11814345991561181	0.3708609271523179	0.1792	0.8192196508190562
SAMP-BAL	2	0.9626731126558706	66	51	151	440	51	375	100	14	510.24166666666673	0.11971830985915492	0.33774834437086093	0.17677642980935876	0.7349458589883877
SAMP-BAL	2	0.9706877692486436	66	51	151	381	43	326	108	12	510.24166666666673	0.11653116531165311	0.2847682119205298	0.16538461538461538	0.6389129334139051
SAMP-BAL	2	0.9770226300899744	66	51	151	326	40	274	111	12	510.24166666666673	0.12738853503184713	0.26490066225165565	0.17204301075268819	0.5370004409675153
SAMP-BAL	2	0.9820137900379085	66	51	151	278	36	231	115	11	510.24166666666673	0.1348314606741573	0.23841059602649006	0.1722488038277512	0.45272664913684685
SAMP-BAL	2	0.9859363729567544	66	51	151	252	28	213	123	11	510.24166666666673	0.11618257261410789	0.18543046357615894	0.14285714285714285	0.4174492479054043
SAMP-BAL	2	0.9890130573694068	66	51	151	229	26	194	125	9	510.24166666666673	0.11818181818181818	0.17218543046357615	0.14016172506738545	0.3802119910499926
SAMP-BAL	2	0.991422514586288	66	51	151	204	20	175	131	9	510.24166666666673	0.10256410256410256	0.13245033112582782	0.11560693641618497	0.34297473419458097
SAMP-BAL	2	0.9933071490757153	66	51	151	185	15	161	136	9	510.24166666666673	0.08522727272727272	0.09933774834437085	0.09174311926605505	0.3155367554590145
SAMP-BAL	2	0.9947798743064417	66	51	151	169	13	149	138	7	510.24166666666673	0.08024691358024691	0.08609271523178808	0.08306709265175719	0.2920184879713861
SAMP-BAL	2	0.995929862284104	66	51	151	162	12	143	139	7	510.24166666666673	0.07741935483870968	0.07947019867549669	0.0784313725490196	0.28025935422757187
SAMP-BAL	2	0.9968273171575148	66	51	151	155	9	140	142	6	510.24166666666673	0.06040268456375839	0.059602649006622516	0.06	0.27437978735566476
SAMP-BAL	2	0.9975273768433653	66	51	151	154	9	139	142	6	510.24166666666673	0.060810810810810814	0.059602649006622516	0.06020066889632107	0.2724199317316957
SAMP-BAL	2	0.9980732653366725	66	51	151	153	8	139	143	6	510.24166666666673	0.05442176870748299	0.052980132450331126	0.053691275167785234	0.2724199317316957
SAMP-BAL	2	0.998498817743263	66	51	151	149	7	137	144	5	510.24166666666673	0.04861111111111111	0.046357615894039736	0.04745762711864407	0.26850022048375766
SAMP-BAL	2	0.9988304897349445	66	51	151	149	7	137	144	5	510.24166666666673	0.04861111111111111	0.046357615894039736	0.04745762711864407	0.26850022048375766
SAMP-BAL	2	0.9990889488055994	66	51	151	148	7	136	144	5	510.24166666666673	0.04895104895104895	0.046357615894039736	0.047619047619047616	0.2665403648597886
SAMP-BAL	2	0.9992903296008995	66	51	151	151	6	141	145	4	510.24166666666673	0.04081632653061224	0.039735099337748346	0.040268456375838924	0.2763396429796338
SAMP-BAL	2	0.9994472213630764	66	51	151	147	5	138	146	4	510.24166666666673	0.03496503496503497	0.033112582781456956	0.034013605442176874	0.2704600761077267
SAMP-BAL	2	0.9995694429186754	66	51	151	143	1	138	150	4	510.24166666666673	0.007194244604316547	0.006622516556291391	0.006896551724137931	0.2704600761077267
SAMP-BAL	2	0.9996646498695336	66	51	151	146	1	141	150	4	510.24166666666673	0.007042253521126761	0.006622516556291391	0.006825938566552901	0.2763396429796338
SAMP-BAL	2	0.9997388096809043	66	51	151	146	1	141	150	4	510.24166666666673	0.007042253521126761	0.006622516556291391	0.006825938566552901	0.2763396429796338
SAMP-BAL	2	0.9997965730219448	66	51	151	145	2	139	149	4	510.24166666666673	0.014184397163120567	0.013245033112582781	0.0136986301369863	0.2724199317316957
SAMP-BAL	2	0.9998415637808975	66	51	151	143	2	137	149	4	510.24166666666673	0.014388489208633094	0.013245033112582781	0.013793103448275862	0.26850022048375766
SAMP-BAL	2	0.9998766054240137	66	51	151	142	2	136	149	4	510.24166666666673	0.014492753623188406	0.013245033112582781	0.01384083044982699	0.2665403648597886
SAMP-BAL	2	0.9999038975845005	66	51	151	144	2	138	149	4	510.24166666666673	0.014285714285714285	0.013245033112582781	0.013745704467353952	0.2704600761077267
SAMP-BAL	2	0.9999251537724895	66	51	151	146	2	141	149	3	510.24166666666673	0.013986013986013986	0.013245033112582781	0.013605442176870748	0.2763396429796338
SAMP-BAL	2	0.9999417087343389	66	51	151	147	2	142	149	3	510.24166666666673	0.013888888888888888	0.013245033112582781	0.013559322033898305	0.2782994986036028
SAMP-BAL	2	0.9999546021312976	66	51	151	149	2	144	149	3	510.24166666666673	0.0136986301369863	0.013245033112582781	0.013468013468013467	0.2822192098515409
SAMP-BAL	2	0.9999646437492582	66	51	151	142	2	137	149	3	510.24166666666673	0.014388489208633094	0.013245033112582781	0.013793103448275862	0.26850022048375766
SAMP-BAL	2	0.9999724643088853	66	51	151	130	2	125	149	3	510.24166666666673	0.015748031496062992	0.013245033112582781	0.014388489208633094	0.24498195299612927
SAMP-BAL	2	0.9999785550515792	66	51	151	118	2	113	149	3	510.24166666666673	0.017391304347826087	0.013245033112582781	0.015037593984962405	0.22146368550850085
SAMP-BAL	2	0.999983298578152	66	51	151	110	2	105	149	3	510.24166666666673	0.018691588785046728	0.013245033112582781	0.015503875968992248	0.20578484051674859
SAMP-BAL	2	0.9999869928715335	66	51	151	108	2	103	149	3	510.24166666666673	0.01904761904761905	0.013245033112582781	0.015625	0.2018651292688105
SAMP-BAL	2	0.9999898700090192	66	51	151	102	2	97	149	3	510.24166666666673	0.020202020202020204	0.013245033112582781	0.016	0.1901059955249963
SAMP-BAL	2	0.9999921107374138	66	51	151	98	2	93	149	3	510.24166666666673	0.021052631578947368	0.013245033112582781	0.016260162601626018	0.18226657302912017
SAMP-BAL	2	0.9999938558253978	66	51	151	91	2	86	149	3	510.24166666666673	0.022727272727272728	0.013245033112582781	0.016736401673640166	0.16854758366133693
SAMP-BAL	2	0.9999952149055051	66	51	151	84	1	80	150	3	510.24166666666673	0.012345679012345678	0.006622516556291391	0.008620689655172414	0.15678844991752272
SAMP-BAL	2	0.9999962733607158	66	51	151	79	1	75	150	3	510.24166666666673	0.013157894736842105	0.006622516556291391	0.00881057268722467	0.14698917179767756
SAMP-BAL	2	0.9999970976880148	66	51	151	76	1	72	150	3	510.24166666666673	0.0136986301369863	0.006622516556291391	0.008928571428571428	0.14110960492577046
SAMP-BAL	2	0.999997739675702	66	51	151	74	1	70	150	3	510.24166666666673	0.014084507042253521	0.006622516556291391	0.009009009009009009	0.13718989367783238
SAMP-BAL	2	0.9999982396567868	66	51	151	68	0	66	151	2	510.24166666666673	0.0	0.0	0.0	0.12935047118195625
SAMP-BAL	2	0.999998629042793	66	51	151	65	0	63	151	2	510.24166666666673	0.0	0.0	0.0	0.12347090431004915
SAMP-BAL	2	0.9999989322971299	66	51	151	63	0	61	151	2	510.24166666666673	0.0	0.0	0.0	0.11955119306211108
SAMP-BAL	2	0.9999991684719722	66	51	151	63	0	61	151	2	510.24166666666673	0.0	0.0	0.0	0.11955119306211108
SAMP-BAL	2	0.9999993524052017	66	51	151	62	0	60	151	2	510.24166666666673	0.0	0.0	0.0	0.11759133743814204
SAMP-BAL	2	0.9999994956525918	66	51	151	61	0	59	151	2	510.24166666666673	0.0	0.0	0.0	0.115631481814173
SAMP-BAL	2	0.9999996072137998	66	51	151	59	0	58	151	1	510.24166666666673	0.0	0.0	0.0	0.11367162619020398
SAMP-BAL	2	0.999999694097773	66	51	151	58	0	57	151	1	510.24166666666673	0.0	0.0	0.0	0.11171177056623494
SAMP-BAL	2	0.9999997617630899	66	51	151	53	0	53	151	0	510.24166666666673	0.0	0.0	0.0	0.1038723480703588
SAMP-BAL	2	0.9999998144608981	66	51	151	53	0	53	151	0	510.24166666666673	0.0	0.0	0.0	0.1038723480703588
SAMP-BAL	2	0.9999998555019962	66	51	151	53	0	53	151	0	510.24166666666673	0.0	0.0	0.0	0.1038723480703588
SAMP-BAL	2	0.9999998874648379	66	51	151	53	0	53	151	0	510.24166666666673	0.0	0.0	0.0	0.1038723480703588
SAMP-BAL	2	1.0	66	51	151	44	0	44	151	0	510.24166666666673	0.0	0.0	0.0	0.08623364745463749
SAMP-BAL	2	1.0000000000000002	66	51	151	0	0	0	151	0	510.24166666666673		0.0	0.0	0.0
RISK-BAL	2	1.12535162055095e-07	66	51	151	6353	92	6244	59	17	510.24166666666673	0.01452020202020202	0.609271523178808	0.028364421149992294	12.237338516062648
RISK-BAL	2	1.4449800373124837e-07	66	51	151	6313	94	6202	57	17	510.24166666666673	0.014930114358322744	0.6225165562913907	0.029160850007755545	12.155024579855949
RISK-BAL	2	1.8553910183683314e-07	66	51	151	6263	93	6153	58	17	510.24166666666673	0.014889529298751201	0.6158940397350994	0.029076129435672973	12.058991654281467
RISK-BAL	2	2.38236909993343e-07	66	51	151	6232	94	6121	57	17	510.24166666666673	0.015124698310539019	0.6225165562913907	0.029531888155827836	11.996276274314457
RISK-BAL	2	3.059022269256247e-07	66	51	151	6160	96	6047	55	17	510.24166666666673	0.015627543545498942	0.6357615894039735	0.030505243088655862	11.851246958140749
RISK-BAL	2	3.927862002670442e-07	66	51	151	6118	95	6006	56	17	510.24166666666673	0.015571217833142107	0.6291390728476821	0.030390275111964172	11.770892877558019
RISK-BAL	2	5.043474082014517e-07	66	51	151	6064	95	5952	56	17	510.24166666666673	0.015710269555151316	0.6291390728476821	0.030655050016134236	11.66506067386369
RISK-BAL	2	6.475947982049267e-07	66	51	151	6028	95	5917	56	16	510.24166666666673	0.015801729873586162	0.6291390728476821	0.030829141651792957	11.596465727024775
RISK-BAL	2	8.315280276641321e-07	66	51	151	5986	95	5875	56	16	510.24166666666673	0.015912897822445562	0.6291390728476821	0.031040679627511846	11.514151790818074
RISK-BAL	2	1.067702870044147e-06	66	51	151	5932	95	5821	56	16	510.24166666666673	0.01605814739688979	0.6291390728476821	0.03131696060656008	11.408319587123747
RISK-BAL	2	1.3709572068578448e-06	66	51	151	5881	97	5768	54	16	510.24166666666673	0.016538789428815006	0.6423841059602649	0.032247340425531915	11.304447239053388
RISK-BAL	2	1.7603432133424856e-06	66	51	151	5842	98	5728	53	16	510.24166666666673	0.01682114658427738	0.6490066225165563	0.032792370754559146	11.226053014094626
RISK-BAL	2	2.2603242979035746e-06	66	51	151	5768	98	5654	53	16	510.24166666666673	0.017037552155771907	0.6490066225165563	0.03320345586989666	11.081023697920918
RISK-BAL	2	2.902311985211097e-06	66	51	151	5712	98	5598	53	16	510.24166666666673	0.01720505617977528	0.6490066225165563	0.033521463998631776	10.971271782978652
RISK-BAL	2	3.726639284186561e-06	66	51	151	5644	98	5530	53	16	510.24166666666673	0.017412935323383085	0.6490066225165563	0.03391590240526043	10.838001600548758
RISK-BAL	2	4.785094494890119e-06	66	51	151	5595	98	5481	53	16	510.24166666666673	0.01756587202007528	0.6490066225165563	0.03420593368237347	10.741968674974276
RISK-BAL	2	6.144174602214718e-06	66	51	151	5540	98	5426	53	16	510.24166666666673	0.01774076755973932	0.6490066225165563	0.034537444933920705	10.634176615655978
RISK-BAL	2	7.889262586245034e-06	66	51	151	5479	99	5364	52	16	510.24166666666673	0.018121911037891267	0.6556291390728477	0.035268970431065194	10.512665566969899
RISK-BAL	2	1.0129990980873921e-05	66	51	151	5402	99	5287	52	16	510.24166666666673	0.01838098774600817	0.6556291390728477	0.03575943651797002	10.361756683924282
RISK-BAL	2	1.3007128466476033e-05	66	51	151	5321	98	5207	53	16	510.24166666666673	0.018473138548539113	0.6490066225165563	0.03592375366568915	10.20496823400676
RISK-BAL	2	1.670142184809518e-05	66	51	151	5257	98	5143	53	16	510.24166666666673	0.01869872161801183	0.6490066225165563	0.03635014836795252	10.079537474072742
RISK-BAL	2	2.144494842091395e-05	66	51	151	5180	99	5065	52	16	510.24166666666673	0.0191711851278079	0.6556291390728477	0.03725305738476011	9.926668735403158
RISK-BAL	2	2.7535691114583473e-05	66	51	151	5128	100	5012	51	16	510.24166666666673	0.019561815336463225	0.6622516556291391	0.03800114003420103	9.822796387332799
RISK-BAL	2	3.5356250741744315e-05	66	51	151	5065	99	4950	52	16	510.24166666666673	0.0196078431372549	0.6556291390728477	0.03807692307692308	9.701285338646718
RISK-BAL	2	4.5397868702434395e-05	66	51	151	5010	99	4896	52	15	510.24166666666673	0.01981981981981982	0.6556291390728477	0.0384764865915274	9.595453134952391
RISK-BAL	2	5.829126566113865e-05	66	51	151	4939	99	4825	52	15	510.24166666666673	0.020105605199025184	0.6556291390728477	0.03901477832512315	9.456303385650589
RISK-BAL	2	7.484622751061123e-05	66	51	151	4869	99	4755	52	15	510.24166666666673	0.0203955500618047	0.6556291390728477	0.03956043956043956	9.319113491972757
RISK-BAL	2	9.610241549947396e-05	66	51	151	4821	99	4707	52	15	510.24166666666673	0.020599250936329586	0.6556291390728477	0.039943514222311884	9.225040422022243
RISK-BAL	2	0.00012339457598623172	66	51	151	4759	99	4645	52	15	510.24166666666673	0.020868465430016865	0.6556291390728477	0.04044943820224719	9.103529373336164
RISK-BAL	2	0.00015843621910252592	66	51	151	4704	99	4590	52	15	510.24166666666673	0.02111324376199616	0.6556291390728477	0.04090909090909091	8.995737314017866
RISK-BAL	2	0.00020342697805520653	66	51	151	4661	98	4548	53	15	510.24166666666673	0.021093413689195005	0.6490066225165563	0.040858870127162814	8.913423377811167
RISK-BAL	2	0.0002611903190957194	66	51	151	4618	98	4505	53	15	510.24166666666673	0.021290462741690202	0.6490066225165563	0.04122843920908709	8.829149585980499
RISK-BAL	2	0.0003353501304664781	66	51	151	4575	99	4461	52	15	510.24166666666673	0.021710526315789475	0.6556291390728477	0.04202929314370622	8.742915938525861
RISK-BAL	2	0.0004305570813246149	66	51	151	4527	99	4413	52	15	510.24166666666673	0.021941489361702128	0.6556291390728477	0.042461934377010506	8.648842868575347
RISK-BAL	2	0.0005527786369235996	66	51	151	4491	99	4377	52	15	510.24166666666673	0.022117962466487937	0.6556291390728477	0.04279230602982494	8.578288066112462
RISK-BAL	2	0.0007096703991005881	66	51	151	4450	99	4336	52	15	510.24166666666673	0.022322435174746337	0.6556291390728477	0.043174880069777585	8.497933985529732
RISK-BAL	2	0.0009110511944006454	66	51	151	4397	100	4282	51	15	510.24166666666673	0.022820629849383843	0.6622516556291391	0.04412089124200309	8.392101781835404
RISK-BAL	2	0.0011695102650555148	66	51	151	4350	100	4235	51	15	510.24166666666673	0.02306805074971165	0.6622516556291391	0.04458314757021846	8.299988567508858
RISK-BAL	2	0.0015011822567369917	66	51	151	4297	97	4185	54	15	510.24166666666673	0.022652965903783278	0.6423841059602649	0.04376268892397925	8.201995786310407
RISK-BAL	2	0.0019267346633274757	66	51	151	4264	98	4151	53	15	510.24166666666673	0.023064250411861616	0.6490066225165563	0.04454545454545455	8.13536069509546
RISK-BAL	2	0.0024726231566347743	66	51	151	4221	98	4108	53	15	510.24166666666673	0.02330004755111745	0.6490066225165563	0.04498508147808125	8.051086903264792
RISK-BAL	2	0.0031726828424851893	66	51	151	4143	97	4031	54	15	510.24166666666673	0.023498062015503876	0.6423841059602649	0.045337695723299834	7.900178020219176
RISK-BAL	2	0.004070137715896128	66	51	151	4095	97	3983	54	15	510.24166666666673	0.023774509803921567	0.6423841059602649	0.04585204443393997	7.806104950268662
RISK-BAL	2	0.005220125693558397	66	51	151	4050	97	3938	54	15	510.24166666666673	0.024039653035935565	0.6423841059602649	0.04634495938843765	7.717911447190056
RISK-BAL	2	0.0066928509242848554	66	51	151	4003	97	3891	54	15	510.24166666666673	0.02432296890672016	0.6423841059602649	0.04687122493355883	7.625798232863511
RISK-BAL	2	0.008577485413711984	66	51	151	3954	97	3842	54	15	510.24166666666673	0.024625539477024627	0.6423841059602649	0.04743276283618582	7.529765307289029
RISK-BAL	2	0.01098694263059318	66	51	151	3914	97	3802	54	15	510.24166666666673	0.024878173890741217	0.6423841059602649	0.047901234567901234	7.451371082330267
RISK-BAL	2	0.014063627043245475	66	51	151	3826	97	3714	54	15	510.24166666666673	0.02545263710312254	0.6423841059602649	0.048965169106511865	7.278903787420992
RISK-BAL	2	0.01798620996209156	66	51	151	3756	97	3644	54	15	510.24166666666673	0.025928896017107725	0.6423841059602649	0.04984583761562179	7.14171389374316
RISK-BAL	2	0.022977369910025615	66	51	151	3667	97	3555	54	15	510.24166666666673	0.02656078860898138	0.6423841059602649	0.051012358664212464	6.967286743209916
RISK-BAL	2	0.02931223075135632	66	51	151	3593	97	3481	54	15	510.24166666666673	0.027110117384013414	0.6423841059602649	0.05202467149369804	6.822257427036208
RISK-BAL	2	0.03732688734412946	66	51	151	3497	94	3388	57	15	510.24166666666673	0.026995979322228605	0.6225165562913907	0.051747866776768514	6.639990854007087
RISK-BAL	2	0.04742587317756678	66	51	151	3397	94	3288	57	15	510.24166666666673	0.027794204612655235	0.6225165562913907	0.05321256722332295	6.444005291610184
RISK-BAL	2	0.060086650174007626	66	51	151	3332	94	3224	57	14	510.24166666666673	0.028330319469559977	0.6225165562913907	0.054194292303257424	6.318574531676166
RISK-BAL	2	0.07585818002124355	66	51	151	3253	94	3145	57	14	510.24166666666673	0.029021302871256562	0.6225165562913907	0.05545722713864307	6.163745937382612
RISK-BAL	2	0.09534946489910949	66	51	151	3176	94	3068	57	14	510.24166666666673	0.029728020240354206	0.6225165562913907	0.05674615152429822	6.0128370543369964
RISK-BAL	2	0.11920292202211755	66	51	151	3085	93	2978	58	14	510.24166666666673	0.03028329534353631	0.6158940397350994	0.05772811918063315	5.836450048179783
RISK-BAL	2	0.14804719803168948	66	51	151	2975	93	2868	58	14	510.24166666666673	0.031408308004052685	0.6158940397350994	0.05976863753213368	5.620865929543189
RISK-BAL	2	0.18242552380635635	66	51	151	2907	94	2799	57	14	510.24166666666673	0.032492222606291046	0.6225165562913907	0.06176084099868594	5.485635891489326
RISK-BAL	2	0.22270013882530884	66	51	151	2818	94	2710	57	14	510.24166666666673	0.033523537803138374	0.6225165562913907	0.06362098138747885	5.311208740956082
RISK-BAL	2	0.2689414213699951	66	51	151	2752	94	2644	57	14	510.24166666666673	0.03433162892622352	0.6225165562913907	0.06507442021460713	5.181858269774126
RISK-BAL	2	0.320821300824607	66	51	151	2675	94	2567	57	14	510.24166666666673	0.03532506576475009	0.6225165562913907	0.06685633001422475	5.03094938672851
RISK-BAL	2	0.3775406687981454	66	51	151	2595	94	2487	57	14	510.24166666666673	0.03641999225106548	0.6225165562913907	0.06881405563689605	4.874160936810988
RISK-BAL	2	0.43782349911420193	66	51	151	2522	94	2415	57	13	510.24166666666673	0.037465125548027105	0.6225165562913907	0.07067669172932331	4.733051331885217
RISK-BAL	2	0.5	66	51	151	2429	92	2324	59	13	510.24166666666673	0.0380794701986755	0.609271523178808	0.07167900272691859	4.554704470104035
RISK-BAL	2	0.5621765008857981	66	51	151	2339	92	2234	59	13	510.24166666666673	0.03955288048151333	0.609271523178808	0.0742834073475979	4.378317463946822
RISK-BAL	2	0.6224593312018546	66	51	151	2247	91	2144	60	12	510.24166666666673	0.0407158836689038	0.6026490066225165	0.07627829002514669	4.201930457789609
RISK-BAL	2	0.679178699175393	66	51	151	2183	91	2080	60	12	510.24166666666673	0.041916167664670656	0.6026490066225165	0.07838070628768304	4.076499697855591
RISK-BAL	2	0.7310585786300049	66	51	151	2101	91	1998	60	12	510.24166666666673	0.043561512685495456	0.6026490066225165	0.08125	3.91579153669013
RISK-BAL	2	0.7772998611746911	66	51	151	2013	90	1911	61	12	510.24166666666673	0.044977511244377814	0.5960264900662252	0.08364312267657993	3.745284097404824
RISK-BAL	2	0.8175744761936437	66	51	151	1946	90	1844	61	12	510.24166666666673	0.04653567735263702	0.5960264900662252	0.08633093525179857	3.6139737705988986
RISK-BAL	2	0.8519528019683106	66	51	151	1887	90	1785	61	12	510.24166666666673	0.048	0.5960264900662252	0.08884501480750247	3.4983422887847255
RISK-BAL	2	0.8807970779778823	66	51	151	1806	88	1706	63	12	510.24166666666673	0.04905239687848383	0.5827814569536424	0.09048843187660668	3.343513694491172
RISK-BAL	2	0.9046505351008906	66	51	151	1746	88	1647	63	11	510.24166666666673	0.050720461095100866	0.5827814569536424	0.09331919406150584	3.2278822126769993
RISK-BAL	2	0.9241418199787566	66	51	151	1691	88	1592	63	11	510.24166666666673	0.05238095238095238	0.5827814569536424	0.0961223375204806	3.120090153358702
RISK-BAL	2	0.9399133498259924	66	51	151	1635	88	1536	63	11	510.24166666666673	0.054187192118226604	0.5827814569536424	0.09915492957746479	3.0103382384164363
RISK-BAL	2	0.9525741268224334	66	51	151	1564	88	1467	63	9	510.24166666666673	0.05659163987138264	0.5827814569536424	0.10316529894490035	2.8751082003625728
RISK-BAL	2	0.9626731126558706	66	51	151	1520	87	1424	64	9	510.24166666666673	0.05757776307081403	0.5761589403973509	0.10469314079422383	2.7908344085319046
RISK-BAL	2	0.9706877692486436	66	51	151	1471	86	1376	65	9	510.24166666666673	0.058823529411764705	0.5695364238410596	0.10663360198388097	2.696761338581391
RISK-BAL	2	0.9770226300899744	66	51	151	1427	85	1333	66	9	510.24166666666673	0.059943582510578276	0.5629139072847682	0.10834926704907584	2.6124875467507223
RISK-BAL	2	0.9820137900379085	66	51	151	1377	84	1284	67	9	510.24166666666673	0.06140350877192982	0.5562913907284768	0.11059907834101383	2.5164546211762397
RISK-BAL	2	0.9859363729567544	66	51	151	1334	82	1243	69	9	510.24166666666673	0.061886792452830186	0.543046357615894	0.1111111111111111	2.4361005405935092
RISK-BAL	2	0.9890130573694068	66	51	151	1289	81	1199	70	9	510.24166666666673	0.06328125	0.5364238410596026	0.11320754716981132	2.3498668931388718
RISK-BAL	2	0.991422514586288	66	51	151	1245	80	1156	71	9	510.24166666666673	0.06472491909385113	0.5298013245033113	0.11535688536409516	2.265593101308203
RISK-BAL	2	0.9933071490757153	66	51	151	1203	79	1115	72	9	510.24166666666673	0.0661641541038526	0.5231788079470199	0.11747211895910781	2.185239020725473
RISK-BAL	2	0.9947798743064417	66	51	151	1154	76	1069	75	9	510.24166666666673	0.06637554585152838	0.5033112582781457	0.11728395061728394	2.0950856620228975
RISK-BAL	2	0.995929862284104	66	51	151	1105	73	1023	78	9	510.24166666666673	0.0666058394160584	0.48344370860927155	0.11708099438652766	2.004932303320322
RISK-BAL	2	0.9968273171575148	66	51	151	1071	72	990	79	9	510.24166666666673	0.06779661016949153	0.4768211920529801	0.11871393239901072	1.9402570677293436
RISK-BAL	2	0.9975273768433653	66	51	151	1031	72	950	79	9	510.24166666666673	0.07045009784735812	0.4768211920529801	0.12276214833759591	1.8618628427705823
RISK-BAL	2	0.9980732653366725	66	51	151	1003	72	922	79	9	510.24166666666673	0.07243460764587525	0.4768211920529801	0.125764192139738	1.8069868852994493
RISK-BAL	2	0.998498817743263	66	51	151	974	72	893	79	9	510.24166666666673	0.07461139896373056	0.4768211920529801	0.12903225806451613	1.7501510722043474
RISK-BAL	2	0.9988304897349445	66	51	151	934	69	856	82	9	510.24166666666673	0.0745945945945946	0.45695364238410596	0.12825278810408922	1.677636414117493
RISK-BAL	2	0.9990889488055994	66	51	151	914	69	836	82	9	510.24166666666673	0.07624309392265194	0.45695364238410596	0.13068181818181818	1.6384393016381125
RISK-BAL	2	0.9992903296008995	66	51	151	874	69	796	82	9	510.24166666666673	0.07976878612716763	0.45695364238410596	0.13582677165354332	1.560045076679351
RISK-BAL	2	0.9994472213630764	66	51	151	848	69	770	82	9	510.24166666666673	0.08224076281287247	0.45695364238410596	0.1393939393939394	1.5090888304561563
RISK-BAL	2	0.9995694429186754	66	51	151	815	68	738	83	9	510.24166666666673	0.08436724565756824	0.4503311258278146	0.14211076280041798	1.4463734504891472
RISK-BAL	2	0.9996646498695336	66	51	151	786	68	709	83	9	510.24166666666673	0.08751608751608751	0.4503311258278146	0.14655172413793102	1.3895376373940451
RISK-BAL	2	0.9997388096809043	66	51	151	762	67	686	84	9	510.24166666666673	0.08897742363877822	0.44370860927152317	0.14823008849557523	1.3444609580427573
RISK-BAL	2	0.9997965730219448	66	51	151	744	65	670	86	9	510.24166666666673	0.08843537414965986	0.4304635761589404	0.14672686230248308	1.3131032680592527
RISK-BAL	2	0.9998415637808975	66	51	151	729	65	655	86	9	510.24166666666673	0.09027777777777778	0.4304635761589404	0.14925373134328357	1.2837054336997173
RISK-BAL	2	0.9998766054240137	66	51	151	707	64	634	87	9	510.24166666666673	0.09169054441260745	0.423841059602649	0.15076560659599528	1.2425484655963677
RISK-BAL	2	0.9999038975845005	66	51	151	685	59	617	92	9	510.24166666666673	0.08727810650887574	0.39072847682119205	0.14268440145102781	1.209230919988894
RISK-BAL	2	0.9999251537724895	66	51	151	659	57	593	94	9	510.24166666666673	0.0876923076923077	0.37748344370860926	0.14232209737827714	1.1621943850136371
RISK-BAL	2	0.9999417087343389	66	51	151	638	57	572	94	9	510.24166666666673	0.09062003179650238	0.37748344370860926	0.14615384615384616	1.1210374169102875
RISK-BAL	2	0.9999546021312976	66	51	151	616	56	551	95	9	510.24166666666673	0.09225700164744646	0.3708609271523179	0.14775725593667546	1.0798804488069378
RISK-BAL	2	0.9999646437492582	66	51	151	592	54	529	97	9	510.24166666666673	0.09262435677530018	0.3576158940397351	0.14713896457765668	1.036763625079619
RISK-BAL	2	0.9999724643088853	66	51	151	579	52	518	99	9	510.24166666666673	0.0912280701754386	0.3443708609271523	0.14424410540915394	1.0152052132159597
RISK-BAL	2	0.9999785550515792	66	51	151	553	52	493	99	8	510.24166666666673	0.09541284403669725	0.3443708609271523	0.14942528735632185	0.9662088226167338
RISK-BAL	2	0.999983298578152	66	51	151	535	51	477	100	7	510.24166666666673	0.09659090909090909	0.33774834437086093	0.15022091310751104	0.9348511326332293
RISK-BAL	2	0.9999869928715335	66	51	151	521	51	463	100	7	510.24166666666673	0.09922178988326848	0.33774834437086093	0.15338345864661654	0.9074131538976627
RISK-BAL	2	0.9999898700090192	66	51	151	501	51	444	100	6	510.24166666666673	0.10303030303030303	0.33774834437086093	0.15789473684210525	0.8701758970422511
RISK-BAL	2	0.9999921107374138	66	51	151	488	51	431	100	6	510.24166666666673	0.10580912863070539	0.33774834437086093	0.16113744075829384	0.8446977739306537
RISK-BAL	2	0.9999938558253978	66	51	151	468	51	411	100	6	510.24166666666673	0.11038961038961038	0.33774834437086093	0.16639477977161501	0.805500661451273
RISK-BAL	2	0.9999952149055051	66	51	151	452	49	397	102	6	510.24166666666673	0.10986547085201794	0.32450331125827814	0.16415410385259632	0.7780626827157066
RISK-BAL	2	0.9999962733607158	66	51	151	437	46	385	105	6	510.24166666666673	0.10672853828306264	0.304635761589404	0.15807560137457044	0.7545444152280781
RISK-BAL	2	0.9999970976880148	66	51	151	420	45	369	106	6	510.24166666666673	0.10869565217391304	0.2980132450331126	0.1592920353982301	0.7231867252445736
RISK-BAL	2	0.999997739675702	66	51	151	399	45	348	106	6	510.24166666666673	0.11450381679389313	0.2980132450331126	0.16544117647058823	0.6820297571412238
RISK-BAL	2	0.9999982396567868	66	51	151	382	43	333	108	6	510.24166666666673	0.11436170212765957	0.2847682119205298	0.16318785578747627	0.6526319227816884
RISK-BAL	2	0.999998629042793	66	51	151	369	43	320	108	6	510.24166666666673	0.1184573002754821	0.2847682119205298	0.16731517509727625	0.6271537996700909
RISK-BAL	2	0.9999989322971299	66	51	151	347	42	299	109	6	510.24166666666673	0.12316715542521994	0.2781456953642384	0.17073170731707318	0.5859968315667412
RISK-BAL	2	0.9999991684719722	66	51	151	339	42	291	109	6	510.24166666666673	0.12612612612612611	0.2781456953642384	0.17355371900826447	0.5703179865749889
RISK-BAL	2	0.9999993524052017	66	51	151	328	41	281	110	6	510.24166666666673	0.12732919254658384	0.271523178807947	0.1733615221987315	0.5507194303352986
RISK-BAL	2	0.9999994956525918	66	51	151	319	40	273	111	6	510.24166666666673	0.12779552715654952	0.26490066225165565	0.1724137931034483	0.5350405853435463
RISK-BAL	2	0.9999996072137998	66	51	151	310	39	265	112	6	510.24166666666673	0.12828947368421054	0.2582781456953642	0.17142857142857143	0.519361740351794
RISK-BAL	2	0.999999694097773	66	51	151	299	38	255	113	6	510.24166666666673	0.1296928327645051	0.25165562913907286	0.17117117117117117	0.4997631841121037
RISK-BAL	2	0.9999997617630899	66	51	151	279	36	237	115	6	510.24166666666673	0.13186813186813187	0.23841059602649006	0.16981132075471697	0.46448578288066106
RISK-BAL	2	0.9999998144608981	66	51	151	279	36	237	115	6	510.24166666666673	0.13186813186813187	0.23841059602649006	0.16981132075471697	0.46448578288066106
RISK-BAL	2	0.9999998555019962	66	51	151	279	36	237	115	6	510.24166666666673	0.13186813186813187	0.23841059602649006	0.16981132075471697	0.46448578288066106
RISK-BAL	2	0.9999998874648379	66	51	151	279	36	237	115	6	510.24166666666673	0.13186813186813187	0.23841059602649006	0.16981132075471697	0.46448578288066106
RISK-BAL	2	1.0	66	51	151	238	30	203	121	5	510.24166666666673	0.12875536480686695	0.1986754966887417	0.15625	0.3978506916657139
RISK-BAL	2	1.0000000000000002	66	51	151	0	0	0	151	0	510.24166666666673		0.0	0.0	0.0
RISK-NAT	2	1.12535162055095e-07	66	51	151	106	15	88	136	3	510.24166666666673	0.14563106796116504	0.09933774834437085	0.11811023622047244	0.17246729490927498
RISK-NAT	2	1.4449800373124837e-07	66	51	151	109	15	91	136	3	510.24166666666673	0.14150943396226415	0.09933774834437085	0.11673151750972763	0.1783468617811821
RISK-NAT	2	1.8553910183683314e-07	66	51	151	114	15	96	136	3	510.24166666666673	0.13513513513513514	0.09933774834437085	0.11450381679389313	0.18814613990102727
RISK-NAT	2	2.38236909993343e-07	66	51	151	116	15	98	136	3	510.24166666666673	0.13274336283185842	0.09933774834437085	0.11363636363636363	0.19206585114896532
RISK-NAT	2	3.059022269256247e-07	66	51	151	115	15	97	136	3	510.24166666666673	0.13392857142857142	0.09933774834437085	0.11406844106463879	0.1901059955249963
RISK-NAT	2	3.927862002670442e-07	66	51	151	116	15	98	136	3	510.24166666666673	0.13274336283185842	0.09933774834437085	0.11363636363636363	0.19206585114896532
RISK-NAT	2	5.043474082014517e-07	66	51	151	118	15	100	136	3	510.24166666666673	0.13043478260869565	0.09933774834437085	0.11278195488721804	0.1959855623969034
RISK-NAT	2	6.475947982049267e-07	66	51	151	124	15	106	136	3	510.24166666666673	0.12396694214876033	0.09933774834437085	0.11029411764705882	0.2077446961407176
RISK-NAT	2	8.315280276641321e-07	66	51	151	131	15	113	136	3	510.24166666666673	0.1171875	0.09933774834437085	0.10752688172043011	0.22146368550850085
RISK-NAT	2	1.067702870044147e-06	66	51	151	137	15	119	136	3	510.24166666666673	0.11194029850746269	0.09933774834437085	0.10526315789473684	0.23322281925231506
RISK-NAT	2	1.3709572068578448e-06	66	51	151	148	15	130	136	3	510.24166666666673	0.10344827586206896	0.09933774834437085	0.10135135135135136	0.25478123111597445
RISK-NAT	2	1.7603432133424856e-06	66	51	151	157	15	139	136	3	510.24166666666673	0.09740259740259741	0.09933774834437085	0.09836065573770492	0.2724199317316957
RISK-NAT	2	2.2603242979035746e-06	66	51	151	168	15	150	136	3	510.24166666666673	0.09090909090909091	0.09933774834437085	0.0949367088607595	0.29397834359535513
RISK-NAT	2	2.902311985211097e-06	66	51	151	174	15	155	136	4	510.24166666666673	0.08823529411764706	0.09933774834437085	0.09345794392523364	0.3037776217152003
RISK-NAT	2	3.726639284186561e-06	66	51	151	185	15	166	136	4	510.24166666666673	0.08287292817679558	0.09933774834437085	0.09036144578313253	0.32533603357885965
RISK-NAT	2	4.785094494890119e-06	66	51	151	203	15	184	136	4	510.24166666666673	0.07537688442211055	0.09933774834437085	0.08571428571428572	0.3606134348103023
RISK-NAT	2	6.144174602214718e-06	66	51	151	232	15	212	136	5	510.24166666666673	0.06607929515418502	0.09933774834437085	0.07936507936507936	0.4154893922814352
RISK-NAT	2	7.889262586245034e-06	66	51	151	275	15	254	136	6	510.24166666666673	0.055762081784386616	0.09933774834437085	0.07142857142857142	0.49780332848813463
RISK-NAT	2	1.0129990980873921e-05	66	51	151	342	15	320	136	7	510.24166666666673	0.04477611940298507	0.09933774834437085	0.06172839506172839	0.6271537996700909
RISK-NAT	2	1.3007128466476033e-05	66	51	151	404	16	378	135	10	510.24166666666673	0.04060913705583756	0.10596026490066225	0.05871559633027523	0.7408254258602949
RISK-NAT	2	1.670142184809518e-05	66	51	151	466	16	440	135	10	510.24166666666673	0.03508771929824561	0.10596026490066225	0.05271828665568369	0.862336474546375
RISK-NAT	2	2.144494842091395e-05	66	51	151	505	18	476	133	11	510.24166666666673	0.03643724696356275	0.11920529801324503	0.05581395348837209	0.9328912770092602
RISK-NAT	2	2.7535691114583473e-05	66	51	151	563	19	532	132	12	510.24166666666673	0.034482758620689655	0.12582781456953643	0.05413105413105413	1.0426431919515262
RISK-NAT	2	3.5356250741744315e-05	66	51	151	617	23	583	128	11	510.24166666666673	0.037953795379537955	0.152317880794702	0.0607661822985469	1.1425958287739468
RISK-NAT	2	4.5397868702434395e-05	66	51	151	715	27	677	124	11	510.24166666666673	0.03835227272727273	0.17880794701986755	0.06315789473684211	1.326822257427036
RISK-NAT	2	5.829126566113865e-05	66	51	151	884	28	844	123	12	510.24166666666673	0.03211009174311927	0.18543046357615894	0.05474095796676442	1.6541181466298647
RISK-NAT	2	7.484622751061123e-05	66	51	151	1122	37	1072	114	13	510.24166666666673	0.033363390441839495	0.24503311258278146	0.05873015873015873	2.1009652288948044
RISK-NAT	2	9.610241549947396e-05	66	51	151	1497	41	1444	110	12	510.24166666666673	0.027609427609427608	0.271523178807947	0.05012224938875306	2.830031521011285
RISK-NAT	2	0.00012339457598623172	66	51	151	2013	48	1952	103	13	510.24166666666673	0.024	0.31788079470198677	0.044630404463040445	3.8256381779875546
RISK-NAT	2	0.00015843621910252592	66	51	151	2653	57	2583	94	13	510.24166666666673	0.02159090909090909	0.37748344370860926	0.04084557506270154	5.062307076712015
RISK-NAT	2	0.00020342697805520653	66	51	151	3524	63	3447	88	14	510.24166666666673	0.017948717948717947	0.41721854304635764	0.03441682600382409	6.75562233582126
RISK-NAT	2	0.0002611903190957194	66	51	151	4643	74	4554	77	15	510.24166666666673	0.01598962834917891	0.4900662251655629	0.03096882192927391	8.925182511554981
RISK-NAT	2	0.0003353501304664781	66	51	151	5796	83	5698	68	15	510.24166666666673	0.014357377616329355	0.5496688741721855	0.027983816587997302	11.167257345375557
RISK-NAT	2	0.0004305570813246149	66	51	151	6872	90	6767	61	15	510.24166666666673	0.013125273443196733	0.5960264900662252	0.025684931506849314	13.262343007398453
RISK-NAT	2	0.0005527786369235996	66	51	151	7881	95	7771	56	15	510.24166666666673	0.012077294685990338	0.6291390728476821	0.023699638268679057	15.230038053863364
RISK-NAT	2	0.0007096703991005881	66	51	151	8547	99	8432	52	16	510.24166666666673	0.01160473566990974	0.6556291390728477	0.022805805114029024	16.525502621306895
RISK-NAT	2	0.0009110511944006454	66	51	151	8758	103	8639	48	16	510.24166666666673	0.011782200869366278	0.6821192052980133	0.02316428651748566	16.931192735468485
RISK-NAT	2	0.0011695102650555148	66	51	151	8549	106	8427	45	16	510.24166666666673	0.012422360248447204	0.7019867549668874	0.024412713035467527	16.51570334318705
RISK-NAT	2	0.0015011822567369917	66	51	151	8027	108	7901	43	18	510.24166666666673	0.013484829566737421	0.7152317880794702	0.026470588235294117	15.484819284979338
RISK-NAT	2	0.0019267346633274757	66	51	151	7325	108	7199	43	18	510.24166666666673	0.01478034761187902	0.7152317880794702	0.028962188254223652	14.109000636953075
RISK-NAT	2	0.0024726231566347743	66	51	151	6380	108	6255	43	17	510.24166666666673	0.016973125884016973	0.7152317880794702	0.03315934909425852	12.258896927926308
RISK-NAT	2	0.0031726828424851893	66	51	151	5436	107	5313	44	16	510.24166666666673	0.01974169741697417	0.7086092715231788	0.038413211272662	10.412712930147478
RISK-NAT	2	0.004070137715896128	66	51	151	4563	107	4440	44	16	510.24166666666673	0.0235319991202991	0.7086092715231788	0.04555129842486164	8.70175897042251
RISK-NAT	2	0.005220125693558397	66	51	151	3720	106	3600	45	14	510.24166666666673	0.028602266594711278	0.7019867549668874	0.05496499870365569	7.055480246288522
RISK-NAT	2	0.0066928509242848554	66	51	151	2979	103	2864	48	12	510.24166666666673	0.03471520053926525	0.6821192052980133	0.06606799230275817	5.613026507047313
RISK-NAT	2	0.008577485413711984	66	51	151	2392	102	2278	49	12	510.24166666666673	0.04285714285714286	0.6754966887417219	0.08060055314105097	4.46455111140146
RISK-NAT	2	0.01098694263059318	66	51	151	1936	102	1822	49	12	510.24166666666673	0.05301455301455302	0.6754966887417219	0.0983132530120482	3.57085694687158
RISK-NAT	2	0.014063627043245475	66	51	151	1559	95	1452	56	12	510.24166666666673	0.06140917905623788	0.6291390728476821	0.11189634864546526	2.8457103660030376
RISK-NAT	2	0.01798620996209156	66	51	151	1269	92	1166	59	11	510.24166666666673	0.07313195548489666	0.609271523178808	0.13058907026259758	2.2851916575478937
RISK-NAT	2	0.022977369910025615	66	51	151	1025	87	929	64	9	510.24166666666673	0.08562992125984252	0.5761589403973509	0.14910025706940874	1.8207058746672327
RISK-NAT	2	0.02931223075135632	66	51	151	836	79	748	72	9	510.24166666666673	0.09552599758162031	0.5231788079470199	0.16155419222903886	1.4659720067288375
RISK-NAT	2	0.03732688734412946	66	51	151	662	70	583	81	9	510.24166666666673	0.10719754977029096	0.46357615894039733	0.17412935323383086	1.1425958287739468
RISK-NAT	2	0.04742587317756678	66	51	151	520	61	450	90	9	510.24166666666673	0.11937377690802348	0.40397350993377484	0.18429003021148035	0.8819350307860653
RISK-NAT	2	0.060086650174007626	66	51	151	416	50	357	101	9	510.24166666666673	0.12285012285012285	0.33112582781456956	0.17921146953405018	0.6996684577569452
RISK-NAT	2	0.07585818002124355	66	51	151	342	42	292	109	8	510.24166666666673	0.12574850299401197	0.2781456953642384	0.1731958762886598	0.5722778421989579
RISK-NAT	2	0.09534946489910949	66	51	151	256	36	212	115	8	510.24166666666673	0.14516129032258066	0.23841059602649006	0.18045112781954886	0.4154893922814352
RISK-NAT	2	0.11920292202211755	66	51	151	210	31	173	120	6	510.24166666666673	0.15196078431372548	0.2052980132450331	0.17464788732394365	0.3390550229466429
RISK-NAT	2	0.14804719803168948	66	51	151	157	26	126	125	5	510.24166666666673	0.17105263157894737	0.17218543046357615	0.1716171617161716	0.2469418086200983
RISK-NAT	2	0.18242552380635635	66	51	151	121	19	97	132	5	510.24166666666673	0.16379310344827586	0.12582781456953643	0.14232209737827714	0.1901059955249963
RISK-NAT	2	0.22270013882530884	66	51	151	85	14	67	137	4	510.24166666666673	0.1728395061728395	0.09271523178807947	0.1206896551724138	0.13131032680592528
RISK-NAT	2	0.2689414213699951	66	51	151	59	9	49	142	1	510.24166666666673	0.15517241379310345	0.059602649006622516	0.0861244019138756	0.09603292557448266
RISK-NAT	2	0.320821300824607	66	51	151	42	7	35	144	0	510.24166666666673	0.16666666666666666	0.046357615894039736	0.07253886010362694	0.06859494683891619
RISK-NAT	2	0.3775406687981454	66	51	151	30	4	26	147	0	510.24166666666673	0.13333333333333333	0.026490066225165563	0.04419889502762431	0.05095624622319488
RISK-NAT	2	0.43782349911420193	66	51	151	23	2	21	149	0	510.24166666666673	0.08695652173913043	0.013245033112582781	0.022988505747126436	0.04115696810334971
RISK-NAT	2	0.5	66	51	151	20	1	19	150	0	510.24166666666673	0.05	0.006622516556291391	0.011695906432748537	0.03723725685541165
RISK-NAT	2	0.5621765008857981	66	51	151	18	1	17	150	0	510.24166666666673	0.05555555555555555	0.006622516556291391	0.011834319526627219	0.033317545607473575
RISK-NAT	2	0.6224593312018546	66	51	151	15	0	15	151	0	510.24166666666673	0.0	0.0	0.0	0.02939783435953551
RISK-NAT	2	0.679178699175393	66	51	151	12	0	12	151	0	510.24166666666673	0.0	0.0	0.0	0.02351826748762841
RISK-NAT	2	0.7310585786300049	66	51	151	10	0	10	151	0	510.24166666666673	0.0	0.0	0.0	0.01959855623969034
RISK-NAT	2	0.7772998611746911	66	51	151	10	0	10	151	0	510.24166666666673	0.0	0.0	0.0	0.01959855623969034
RISK-NAT	2	0.8175744761936437	66	51	151	9	0	9	151	0	510.24166666666673	0.0	0.0	0.0	0.017638700615721307
RISK-NAT	2	0.8519528019683106	66	51	151	8	0	8	151	0	510.24166666666673	0.0	0.0	0.0	0.01567884499175227
RISK-NAT	2	0.8807970779778823	66	51	151	7	0	7	151	0	510.24166666666673	0.0	0.0	0.0	0.013718989367783239
RISK-NAT	2	0.9046505351008906	66	51	151	5	0	5	151	0	510.24166666666673	0.0	0.0	0.0	0.00979927811984517
RISK-NAT	2	0.9241418199787566	66	51	151	5	0	5	151	0	510.24166666666673	0.0	0.0	0.0	0.00979927811984517
RISK-NAT	2	0.9399133498259924	66	51	151	5	0	5	151	0	510.24166666666673	0.0	0.0	0.0	0.00979927811984517
RISK-NAT	2	0.9525741268224334	66	51	151	5	0	5	151	0	510.24166666666673	0.0	0.0	0.0	0.00979927811984517
RISK-NAT	2	0.9626731126558706	66	51	151	4	0	4	151	0	510.24166666666673	0.0	0.0	0.0	0.007839422495876136
RISK-NAT	2	0.9706877692486436	66	51	151	3	0	3	151	0	510.24166666666673	0.0	0.0	0.0	0.005879566871907102
RISK-NAT	2	0.9770226300899744	66	51	151	2	0	2	151	0	510.24166666666673	0.0	0.0	0.0	0.003919711247938068
RISK-NAT	2	0.9820137900379085	66	51	151	1	0	1	151	0	510.24166666666673	0.0	0.0	0.0	0.001959855623969034
RISK-NAT	2	0.9859363729567544	66	51	151	1	0	1	151	0	510.24166666666673	0.0	0.0	0.0	0.001959855623969034
RISK-NAT	2	0.9890130573694068	66	51	151	1	0	1	151	0	510.24166666666673	0.0	0.0	0.0	0.001959855623969034
RISK-NAT	2	0.991422514586288	66	51	151	1	0	1	151	0	510.24166666666673	0.0	0.0	0.0	0.001959855623969034
RISK-NAT	2	0.9933071490757153	66	51	151	1	0	1	151	0	510.24166666666673	0.0	0.0	0.0	0.001959855623969034
RISK-NAT	2	0.9947798743064417	66	51	151	1	0	1	151	0	510.24166666666673	0.0	0.0	0.0	0.001959855623969034
RISK-NAT	2	0.995929862284104	66	51	151	0	0	0	151	0	510.24166666666673		0.0	0.0	0.0
RISK-NAT	2	0.9968273171575148	66	51	151	0	0	0	151	0	510.24166666666673		0.0	0.0	0.0
RISK-NAT	2	0.9975273768433653	66	51	151	0	0	0	151	0	510.24166666666673		0.0	0.0	0.0
RISK-NAT	2	0.9980732653366725	66	51	151	0	0	0	151	0	510.24166666666673		0.0	0.0	0.0
RISK-NAT	2	0.998498817743263	66	51	151	0	0	0	151	0	510.24166666666673		0.0	0.0	0.0
RISK-NAT	2	0.9988304897349445	66	51	151	0	0	0	151	0	510.24166666666673		0.0	0.0	0.0
RISK-NAT	2	0.9990889488055994	66	51	151	0	0	0	151	0	510.24166666666673		0.0	0.0	0.0
RISK-NAT	2	0.9992903296008995	66	51	151	0	0	0	151	0	510.24166666666673		0.0	0.0	0.0
RISK-NAT	2	0.9994472213630764	66	51	151	0	0	0	151	0	510.24166666666673		0.0	0.0	0.0
RISK-NAT	2	0.9995694429186754	66	51	151	0	0	0	151	0	510.24166666666673		0.0	0.0	0.0
RISK-NAT	2	0.9996646498695336	66	51	151	0	0	0	151	0	510.24166666666673		0.0	0.0	0.0
RISK-NAT	2	0.9997388096809043	66	51	151	0	0	0	151	0	510.24166666666673		0.0	0.0	0.0
RISK-NAT	2	0.9997965730219448	66	51	151	0	0	0	151	0	510.24166666666673		0.0	0.0	0.0
RISK-NAT	2	0.9998415637808975	66	51	151	0	0	0	151	0	510.24166666666673		0.0	0.0	0.0
RISK-NAT	2	0.9998766054240137	66	51	151	0	0	0	151	0	510.24166666666673		0.0	0.0	0.0
RISK-NAT	2	0.9999038975845005	66	51	151	0	0	0	151	0	510.24166666666673		0.0	0.0	0.0
RISK-NAT	2	0.9999251537724895	66	51	151	0	0	0	151	0	510.24166666666673		0.0	0.0	0.0
RISK-NAT	2	0.9999417087343389	66	51	151	0	0	0	151	0	510.24166666666673		0.0	0.0	0.0
RISK-NAT	2	0.9999546021312976	66	51	151	0	0	0	151	0	510.24166666666673		0.0	0.0	0.0
RISK-NAT	2	0.9999646437492582	66	51	151	0	0	0	151	0	510.24166666666673		0.0	0.0	0.0
RISK-NAT	2	0.9999724643088853	66	51	151	0	0	0	151	0	510.24166666666673		0.0	0.0	0.0
RISK-NAT	2	0.9999785550515792	66	51	151	0	0	0	151	0	510.24166666666673		0.0	0.0	0.0
RISK-NAT	2	0.999983298578152	66	51	151	0	0	0	151	0	510.24166666666673		0.0	0.0	0.0
RISK-NAT	2	0.9999869928715335	66	51	151	0	0	0	151	0	510.24166666666673		0.0	0.0	0.0
RISK-NAT	2	0.9999898700090192	66	51	151	0	0	0	151	0	510.24166666666673		0.0	0.0	0.0
RISK-NAT	2	0.9999921107374138	66	51	151	0	0	0	151	0	510.24166666666673		0.0	0.0	0.0
RISK-NAT	2	0.9999938558253978	66	51	151	0	0	0	151	0	510.24166666666673		0.0	0.0	0.0
RISK-NAT	2	0.9999952149055051	66	51	151	0	0	0	151	0	510.24166666666673		0.0	0.0	0.0
RISK-NAT	2	0.9999962733607158	66	51	151	0	0	0	151	0	510.24166666666673		0.0	0.0	0.0
RISK-NAT	2	0.9999970976880148	66	51	151	0	0	0	151	0	510.24166666666673		0.0	0.0	0.0
RISK-NAT	2	0.999997739675702	66	51	151	0	0	0	151	0	510.24166666666673		0.0	0.0	0.0
RISK-NAT	2	0.9999982396567868	66	51	151	0	0	0	151	0	510.24166666666673		0.0	0.0	0.0
RISK-NAT	2	0.999998629042793	66	51	151	0	0	0	151	0	510.24166666666673		0.0	0.0	0.0
RISK-NAT	2	0.9999989322971299	66	51	151	0	0	0	151	0	510.24166666666673		0.0	0.0	0.0
RISK-NAT	2	0.9999991684719722	66	51	151	0	0	0	151	0	510.24166666666673		0.0	0.0	0.0
RISK-NAT	2	0.9999993524052017	66	51	151	0	0	0	151	0	510.24166666666673		0.0	0.0	0.0
RISK-NAT	2	0.9999994956525918	66	51	151	0	0	0	151	0	510.24166666666673		0.0	0.0	0.0
RISK-NAT	2	0.9999996072137998	66	51	151	0	0	0	151	0	510.24166666666673		0.0	0.0	0.0
RISK-NAT	2	0.999999694097773	66	51	151	0	0	0	151	0	510.24166666666673		0.0	0.0	0.0
RISK-NAT	2	0.9999997617630899	66	51	151	0	0	0	151	0	510.24166666666673		0.0	0.0	0.0
RISK-NAT	2	0.9999998144608981	66	51	151	0	0	0	151	0	510.24166666666673		0.0	0.0	0.0
RISK-NAT	2	0.9999998555019962	66	51	151	0	0	0	151	0	510.24166666666673		0.0	0.0	0.0
RISK-NAT	2	0.9999998874648379	66	51	151	0	0	0	151	0	510.24166666666673		0.0	0.0	0.0
RISK-NAT	2	1.0	66	51	151	0	0	0	151	0	510.24166666666673		0.0	0.0	0.0
RISK-NAT	2	1.0000000000000002	66	51	151	0	0	0	151	0	510.24166666666673		0.0	0.0	0.0
SAMP-BAL	3	1.12535162055095e-07	66	51	147	193	17	166	130	10	503.6166666666667	0.09289617486338798	0.11564625850340136	0.10303030303030303	0.3296157791971407
SAMP-BAL	3	1.4449800373124837e-07	66	51	147	201	17	174	130	10	503.6166666666667	0.08900523560209424	0.11564625850340136	0.10059171597633136	0.34550087698977394
SAMP-BAL	3	1.8553910183683314e-07	66	51	147	208	17	181	130	10	503.6166666666667	0.08585858585858586	0.11564625850340136	0.09855072463768116	0.35940033755832806
SAMP-BAL	3	2.38236909993343e-07	66	51	147	213	17	186	130	10	503.6166666666667	0.08374384236453201	0.11564625850340136	0.09714285714285714	0.3693285236787239
SAMP-BAL	3	3.059022269256247e-07	66	51	147	221	17	194	130	10	503.6166666666667	0.08056872037914692	0.11564625850340136	0.09497206703910614	0.3852136214713572
SAMP-BAL	3	3.927862002670442e-07	66	51	147	226	18	198	129	10	503.6166666666667	0.08333333333333333	0.12244897959183673	0.09917355371900827	0.3931561703676738
SAMP-BAL	3	5.043474082014517e-07	66	51	147	233	18	205	129	10	503.6166666666667	0.08071748878923767	0.12244897959183673	0.0972972972972973	0.40705563093622793
SAMP-BAL	3	6.475947982049267e-07	66	51	147	244	19	215	128	10	503.6166666666667	0.0811965811965812	0.1292517006802721	0.09973753280839895	0.42691200317701955
SAMP-BAL	3	8.315280276641321e-07	66	51	147	255	19	226	128	10	503.6166666666667	0.07755102040816327	0.1292517006802721	0.09693877551020408	0.4487540126418903
SAMP-BAL	3	1.067702870044147e-06	66	51	147	264	19	235	128	10	503.6166666666667	0.07480314960629922	0.1292517006802721	0.09476309226932668	0.4666247476586028
SAMP-BAL	3	1.3709572068578448e-06	66	51	147	285	19	256	128	10	503.6166666666667	0.06909090909090909	0.1292517006802721	0.09004739336492891	0.5083231293642652
SAMP-BAL	3	1.7603432133424856e-06	66	51	147	302	19	273	128	10	503.6166666666667	0.06506849315068493	0.1292517006802721	0.08656036446469248	0.5420789621736108
SAMP-BAL	3	2.2603242979035746e-06	66	51	147	313	19	284	128	10	503.6166666666667	0.0627062706270627	0.1292517006802721	0.08444444444444445	0.5639209716384816
SAMP-BAL	3	2.902311985211097e-06	66	51	147	337	20	307	127	10	503.6166666666667	0.06116207951070336	0.1360544217687075	0.08438818565400844	0.6095906277923023
SAMP-BAL	3	3.726639284186561e-06	66	51	147	354	20	323	127	11	503.6166666666667	0.05830903790087463	0.1360544217687075	0.08163265306122448	0.641360823377569
SAMP-BAL	3	4.785094494890119e-06	66	51	147	386	21	354	126	11	503.6166666666667	0.056	0.14285714285714285	0.08045977011494253	0.7029155773240229
SAMP-BAL	3	6.144174602214718e-06	66	51	147	416	21	384	126	11	503.6166666666667	0.05185185185185185	0.14285714285714285	0.07608695652173914	0.7624846940463977
SAMP-BAL	3	7.889262586245034e-06	66	51	147	437	21	405	126	11	503.6166666666667	0.04929577464788732	0.14285714285714285	0.07329842931937172	0.80418307575206
SAMP-BAL	3	1.0129990980873921e-05	66	51	147	464	21	432	126	11	503.6166666666667	0.046357615894039736	0.14285714285714285	0.07	0.8577952808021975
SAMP-BAL	3	1.3007128466476033e-05	66	51	147	500	21	467	126	12	503.6166666666667	0.0430327868852459	0.14285714285714285	0.06614173228346457	0.927292583644968
SAMP-BAL	3	1.670142184809518e-05	66	51	147	528	22	494	125	12	503.6166666666667	0.04263565891472868	0.14965986394557823	0.06636500754147813	0.9809047886951053
SAMP-BAL	3	2.144494842091395e-05	66	51	147	554	23	517	124	14	503.6166666666667	0.04259259259259259	0.1564625850340136	0.06695778748180495	1.026574444848926
SAMP-BAL	3	2.7535691114583473e-05	66	51	147	588	23	551	124	14	503.6166666666667	0.04006968641114982	0.1564625850340136	0.0638002773925104	1.0940861104676176
SAMP-BAL	3	3.5356250741744315e-05	66	51	147	636	23	597	124	16	503.6166666666667	0.037096774193548385	0.1564625850340136	0.05997392438070404	1.185425422775259
SAMP-BAL	3	4.5397868702434395e-05	66	51	147	693	25	652	122	16	503.6166666666667	0.03692762186115214	0.17006802721088435	0.06067961165048544	1.2946354700996128
SAMP-BAL	3	5.829126566113865e-05	66	51	147	757	29	712	118	16	503.6166666666667	0.03913630229419703	0.19727891156462585	0.06531531531531531	1.4137737035443625
SAMP-BAL	3	7.484622751061123e-05	66	51	147	842	29	795	118	18	503.6166666666667	0.03519417475728155	0.19727891156462585	0.05973223480947477	1.5785815931429328
SAMP-BAL	3	9.610241549947396e-05	66	51	147	967	33	916	114	18	503.6166666666667	0.03477344573234984	0.22448979591836735	0.060218978102189784	1.8188436972565112
SAMP-BAL	3	0.00012339457598623172	66	51	147	1096	35	1043	112	18	503.6166666666667	0.032467532467532464	0.23809523809523808	0.05714285714285714	2.0710196247145647
SAMP-BAL	3	0.00015843621910252592	66	51	147	1239	38	1183	109	18	503.6166666666667	0.031122031122031123	0.2585034013605442	0.05555555555555555	2.349008836085647
SAMP-BAL	3	0.00020342697805520653	66	51	147	1385	39	1328	108	18	503.6166666666667	0.02852962692026335	0.2653061224489796	0.05151915455746367	2.6369262335771255
SAMP-BAL	3	0.0002611903190957194	66	51	147	1540	40	1482	107	18	503.6166666666667	0.026281208935611037	0.272108843537415	0.04793289394847214	2.9427143660853163
SAMP-BAL	3	0.0003353501304664781	66	51	147	1712	45	1649	102	18	503.6166666666667	0.026564344746162927	0.30612244897959184	0.04888647474198805	3.274315782506536
SAMP-BAL	3	0.0004305570813246149	66	51	147	1894	49	1827	98	18	503.6166666666667	0.026119402985074626	0.3333333333333333	0.04844290657439446	3.6277592083926264
SAMP-BAL	3	0.0005527786369235996	66	51	147	2092	51	2022	96	19	503.6166666666667	0.024602026049204053	0.3469387755102041	0.04594594594594595	4.014958467088063
SAMP-BAL	3	0.0007096703991005881	66	51	147	2311	57	2235	90	19	503.6166666666667	0.024869109947643978	0.3877551020408163	0.046740467404674045	4.437899195816924
SAMP-BAL	3	0.0009110511944006454	66	51	147	2521	64	2438	83	19	503.6166666666667	0.025579536370903277	0.43537414965986393	0.048320120800302	4.840983552304994
SAMP-BAL	3	0.0011695102650555148	66	51	147	2726	67	2639	80	20	503.6166666666667	0.02475979305247598	0.4557823129251701	0.04696810375043813	5.240096634344905
SAMP-BAL	3	0.0015011822567369917	66	51	147	2949	69	2858	78	22	503.6166666666667	0.023573624871882474	0.46938775510204084	0.044892648015614836	5.674951186418241
SAMP-BAL	3	0.0019267346633274757	66	51	147	3203	70	3111	77	22	503.6166666666667	0.022005658597925182	0.47619047619047616	0.042067307692307696	6.177317404110269
SAMP-BAL	3	0.0024726231566347743	66	51	147	3485	74	3389	73	22	503.6166666666667	0.021368755414380596	0.5034013605442177	0.040997229916897505	6.729324552404275
SAMP-BAL	3	0.0031726828424851893	66	51	147	3866	76	3768	71	22	503.6166666666667	0.019771071800208116	0.5170068027210885	0.03808569280881984	7.481881060330277
SAMP-BAL	3	0.004070137715896128	66	51	147	4214	82	4110	65	22	503.6166666666667	0.019561068702290078	0.5578231292517006	0.03779672735653376	8.160968990965351
SAMP-BAL	3	0.005220125693558397	66	51	147	4569	86	4461	61	22	503.6166666666667	0.018913569386408622	0.5850340136054422	0.036642522368981675	8.857927656617136
SAMP-BAL	3	0.0066928509242848554	66	51	147	4951	89	4840	58	22	503.6166666666667	0.018056400892676	0.6054421768707483	0.035066981875492516	9.610484164543138
SAMP-BAL	3	0.008577485413711984	66	51	147	5285	90	5174	57	21	503.6166666666667	0.01709726443768997	0.6122448979591837	0.03326557013491037	10.273686997385578
SAMP-BAL	3	0.01098694263059318	66	51	147	5554	91	5442	56	21	503.6166666666667	0.016446773902042293	0.6190476190476191	0.03204225352112676	10.805837773438792
SAMP-BAL	3	0.014063627043245475	66	51	147	5794	92	5682	55	20	503.6166666666667	0.01593349497748528	0.6258503401360545	0.031075831785171423	11.282390707217791
SAMP-BAL	3	0.01798620996209156	66	51	147	5993	94	5877	53	22	503.6166666666667	0.01574275665717635	0.6394557823129252	0.03072899640405361	11.669589965913227
SAMP-BAL	3	0.022977369910025615	66	51	147	6101	97	5982	50	22	503.6166666666667	0.01595657180457312	0.6598639455782312	0.031159653067780277	11.87808187444154
SAMP-BAL	3	0.02931223075135632	66	51	147	6124	98	6004	49	22	503.6166666666667	0.016060308095706327	0.6666666666666666	0.03136501840294447	11.921765893371282
SAMP-BAL	3	0.03732688734412946	66	51	147	6086	98	5966	49	22	503.6166666666667	0.016160949868073878	0.6666666666666666	0.031556915150539364	11.846311678856273
SAMP-BAL	3	0.04742587317756678	66	51	147	5952	99	5831	48	22	503.6166666666667	0.01669477234401349	0.673469387755102	0.03258186605232845	11.578250653605586
SAMP-BAL	3	0.060086650174007626	66	51	147	5774	100	5651	47	23	503.6166666666667	0.01738828029907842	0.6802721088435374	0.0339097999321804	11.220835953271337
SAMP-BAL	3	0.07585818002124355	66	51	147	5512	100	5389	47	23	503.6166666666667	0.018218254691200583	0.6802721088435374	0.035486160397444996	10.700599000562597
SAMP-BAL	3	0.09534946489910949	66	51	147	5179	100	5055	47	24	503.6166666666667	0.019398642095053348	0.6802721088435374	0.03772161448509996	10.037396167720157
SAMP-BAL	3	0.11920292202211755	66	51	147	4747	101	4622	46	24	503.6166666666667	0.021384713106076647	0.6870748299319728	0.04147843942505133	9.177615249693881
SAMP-BAL	3	0.14804719803168948	66	51	147	4277	100	4153	47	24	503.6166666666667	0.023512814483893724	0.6802721088435374	0.045454545454545456	8.246351391600754
SAMP-BAL	3	0.18242552380635635	66	51	147	3828	99	3705	48	24	503.6166666666667	0.026025236593059938	0.673469387755102	0.05011389521640091	7.35678591521329
SAMP-BAL	3	0.22270013882530884	66	51	147	3432	99	3309	48	24	503.6166666666667	0.029049295774647887	0.673469387755102	0.05569620253164557	6.570473574477943
SAMP-BAL	3	0.2689414213699951	66	51	147	3064	98	2942	49	24	503.6166666666667	0.03223684210526316	0.6666666666666666	0.06149984311264512	5.841744713240891
SAMP-BAL	3	0.320821300824607	66	51	147	2690	92	2576	55	22	503.6166666666667	0.034482758620689655	0.6258503401360545	0.06536412078152753	5.115001489227918
SAMP-BAL	3	0.3775406687981454	66	51	147	2356	92	2242	55	22	503.6166666666667	0.03941730934018852	0.6258503401360545	0.07416364369205965	4.451798656385479
SAMP-BAL	3	0.43782349911420193	66	51	147	2070	91	1958	56	21	503.6166666666667	0.04441190824792582	0.6190476190476191	0.08287795992714025	3.8878776847469965
SAMP-BAL	3	0.5	66	51	147	1815	89	1707	58	19	503.6166666666667	0.04955456570155902	0.6054421768707483	0.09161091096242924	3.3894827415031274
SAMP-BAL	3	0.5621765008857981	66	51	147	1618	87	1513	60	18	503.6166666666667	0.054375	0.5918367346938775	0.09959931310818546	3.00426912003177
SAMP-BAL	3	0.6224593312018546	66	51	147	1440	81	1342	66	17	503.6166666666667	0.05692199578355587	0.5510204081632653	0.10318471337579618	2.6647251547142337
SAMP-BAL	3	0.679178699175393	66	51	147	1251	78	1157	69	16	503.6166666666667	0.06315789473684211	0.5306122448979592	0.11287988422575977	2.297382268259589
SAMP-BAL	3	0.7310585786300049	66	51	147	1095	76	1003	71	16	503.6166666666667	0.07043558850787766	0.5170068027210885	0.12398042414355628	1.9915941357513982
SAMP-BAL	3	0.7772998611746911	66	51	147	975	74	886	73	15	503.6166666666667	0.07708333333333334	0.5034013605442177	0.13369467028003612	1.7592745805341363
SAMP-BAL	3	0.8175744761936437	66	51	147	862	70	779	77	13	503.6166666666667	0.08244994110718493	0.47619047619047616	0.14056224899598393	1.5468113975576663
SAMP-BAL	3	0.8519528019683106	66	51	147	763	65	686	82	12	503.6166666666667	0.08655126498002663	0.4421768707482993	0.1447661469933185	1.3621471357183041
SAMP-BAL	3	0.8807970779778823	66	51	147	664	59	593	88	12	503.6166666666667	0.09049079754601227	0.4013605442176871	0.1476846057571965	1.1774828738789422
SAMP-BAL	3	0.9046505351008906	66	51	147	591	55	524	92	12	503.6166666666667	0.09499136442141623	0.3741496598639456	0.15151515151515152	1.0404739054174803
SAMP-BAL	3	0.9241418199787566	66	51	147	529	54	463	93	12	503.6166666666667	0.10444874274661509	0.3673469387755102	0.16265060240963855	0.9193500347486514
SAMP-BAL	3	0.9399133498259924	66	51	147	477	46	422	101	9	503.6166666666667	0.09829059829059829	0.3129251700680272	0.14959349593495935	0.8379389085614058
SAMP-BAL	3	0.9525741268224334	66	51	147	435	43	383	104	9	503.6166666666667	0.10093896713615023	0.2925170068027211	0.15008726003490402	0.7604990568223186
SAMP-BAL	3	0.9626731126558706	66	51	147	410	39	362	108	9	503.6166666666667	0.09725685785536159	0.2653061224489796	0.14233576642335766	0.7188006751166561
SAMP-BAL	3	0.9706877692486436	66	51	147	363	34	320	113	9	503.6166666666667	0.096045197740113	0.23129251700680273	0.13572854291417166	0.6354039117053314
SAMP-BAL	3	0.9770226300899744	66	51	147	334	31	294	116	9	503.6166666666667	0.09538461538461539	0.2108843537414966	0.13135593220338984	0.5837773438792733
SAMP-BAL	3	0.9820137900379085	66	51	147	312	27	276	120	9	503.6166666666667	0.0891089108910891	0.1836734693877551	0.12	0.5480358738458484
SAMP-BAL	3	0.9859363729567544	66	51	147	297	23	265	124	9	503.6166666666667	0.0798611111111111	0.1564625850340136	0.10574712643678161	0.5261938643809776
SAMP-BAL	3	0.9890130573694068	66	51	147	275	22	244	125	9	503.6166666666667	0.08270676691729323	0.14965986394557823	0.10653753026634383	0.4844954826753152
SAMP-BAL	3	0.991422514586288	66	51	147	270	21	241	126	8	503.6166666666667	0.08015267175572519	0.14285714285714285	0.10268948655256724	0.47853857100307773
SAMP-BAL	3	0.9933071490757153	66	51	147	251	19	226	128	6	503.6166666666667	0.07755102040816327	0.1292517006802721	0.09693877551020408	0.4487540126418903
SAMP-BAL	3	0.9947798743064417	66	51	147	230	14	210	133	6	503.6166666666667	0.0625	0.09523809523809523	0.07547169811320754	0.41698381705662374
SAMP-BAL	3	0.995929862284104	66	51	147	209	12	191	135	6	503.6166666666667	0.059113300492610835	0.08163265306122448	0.06857142857142857	0.3792567097991197
SAMP-BAL	3	0.9968273171575148	66	51	147	196	13	177	134	6	503.6166666666667	0.06842105263157895	0.08843537414965986	0.0771513353115727	0.35145778866201144
SAMP-BAL	3	0.9975273768433653	66	51	147	180	11	164	136	5	503.6166666666667	0.06285714285714286	0.07482993197278912	0.06832298136645963	0.3256445047489824
SAMP-BAL	3	0.9980732653366725	66	51	147	166	10	151	137	5	503.6166666666667	0.062111801242236024	0.06802721088435375	0.06493506493506493	0.29983122083595326
SAMP-BAL	3	0.998498817743263	66	51	147	153	7	141	140	5	503.6166666666667	0.0472972972972973	0.047619047619047616	0.04745762711864407	0.27997484859516164
SAMP-BAL	3	0.9988304897349445	66	51	147	146	6	135	141	5	503.6166666666667	0.0425531914893617	0.04081632653061224	0.041666666666666664	0.2680610252506867
SAMP-BAL	3	0.9990889488055994	66	51	147	136	5	127	142	4	503.6166666666667	0.03787878787878788	0.034013605442176874	0.035842293906810034	0.2521759274580534
SAMP-BAL	3	0.9992903296008995	66	51	147	129	3	122	144	4	503.6166666666667	0.024	0.02040816326530612	0.022058823529411766	0.2422477413376576
SAMP-BAL	3	0.9994472213630764	66	51	147	120	2	114	145	4	503.6166666666667	0.017241379310344827	0.013605442176870748	0.015209125475285171	0.22636264354502433
SAMP-BAL	3	0.9995694429186754	66	51	147	113	2	107	145	4	503.6166666666667	0.01834862385321101	0.013605442176870748	0.015625	0.21246318297647018
SAMP-BAL	3	0.9996646498695336	66	51	147	108	1	103	146	4	503.6166666666667	0.009615384615384616	0.006802721088435374	0.00796812749003984	0.20452063408015356
SAMP-BAL	3	0.9997388096809043	66	51	147	100	1	95	146	4	503.6166666666667	0.010416666666666666	0.006802721088435374	0.00823045267489712	0.18863553628752028
SAMP-BAL	3	0.9997965730219448	66	51	147	94	1	90	146	3	503.6166666666667	0.01098901098901099	0.006802721088435374	0.008403361344537815	0.17870735016712447
SAMP-BAL	3	0.9998415637808975	66	51	147	88	0	85	147	3	503.6166666666667	0.0	0.0	0.0	0.16877916404672866
SAMP-BAL	3	0.9998766054240137	66	51	147	84	0	81	147	3	503.6166666666667	0.0	0.0	0.0	0.160836615150412
SAMP-BAL	3	0.9999038975845005	66	51	147	80	0	77	147	3	503.6166666666667	0.0	0.0	0.0	0.15289406625409538
SAMP-BAL	3	0.9999251537724895	66	51	147	74	0	72	147	2	503.6166666666667	0.0	0.0	0.0	0.14296588013369957
SAMP-BAL	3	0.9999417087343389	66	51	147	75	0	73	147	2	503.6166666666667	0.0	0.0	0.0	0.14495151735777873
SAMP-BAL	3	0.9999546021312976	66	51	147	77	0	75	147	2	503.6166666666667	0.0	0.0	0.0	0.14892279180593707
SAMP-BAL	3	0.9999646437492582	66	51	147	79	0	77	147	2	503.6166666666667	0.0	0.0	0.0	0.15289406625409538
SAMP-BAL	3	0.9999724643088853	66	51	147	81	0	79	147	2	503.6166666666667	0.0	0.0	0.0	0.1568653407022537
SAMP-BAL	3	0.9999785550515792	66	51	147	89	0	87	147	2	503.6166666666667	0.0	0.0	0.0	0.17275043849488697
SAMP-BAL	3	0.999983298578152	66	51	147	88	0	86	147	2	503.6166666666667	0.0	0.0	0.0	0.17076480127080781
SAMP-BAL	3	0.9999869928715335	66	51	147	79	0	77	147	2	503.6166666666667	0.0	0.0	0.0	0.15289406625409538
SAMP-BAL	3	0.9999898700090192	66	51	147	80	0	78	147	2	503.6166666666667	0.0	0.0	0.0	0.15487970347817454
SAMP-BAL	3	0.9999921107374138	66	51	147	86	0	85	147	1	503.6166666666667	0.0	0.0	0.0	0.16877916404672866
SAMP-BAL	3	0.9999938558253978	66	51	147	84	0	83	147	1	503.6166666666667	0.0	0.0	0.0	0.16480788959857035
SAMP-BAL	3	0.9999952149055051	66	51	147	82	0	81	147	1	503.6166666666667	0.0	0.0	0.0	0.160836615150412
SAMP-BAL	3	0.9999962733607158	66	51	147	78	0	77	147	1	503.6166666666667	0.0	0.0	0.0	0.15289406625409538
SAMP-BAL	3	0.9999970976880148	66	51	147	78	0	77	147	1	503.6166666666667	0.0	0.0	0.0	0.15289406625409538
SAMP-BAL	3	0.999997739675702	66	51	147	70	0	69	147	1	503.6166666666667	0.0	0.0	0.0	0.1370089684614621
SAMP-BAL	3	0.9999982396567868	66	51	147	55	0	54	147	1	503.6166666666667	0.0	0.0	0.0	0.10722441010027468
SAMP-BAL	3	0.999998629042793	66	51	147	46	0	45	147	1	503.6166666666667	0.0	0.0	0.0	0.08935367508356223
SAMP-BAL	3	0.9999989322971299	66	51	147	42	0	41	147	1	503.6166666666667	0.0	0.0	0.0	0.0814111261872456
SAMP-BAL	3	0.9999991684719722	66	51	147	42	0	41	147	1	503.6166666666667	0.0	0.0	0.0	0.0814111261872456
SAMP-BAL	3	0.9999993524052017	66	51	147	40	0	40	147	0	503.6166666666667	0.0	0.0	0.0	0.07942548896316642
SAMP-BAL	3	0.9999994956525918	66	51	147	37	0	37	147	0	503.6166666666667	0.0	0.0	0.0	0.07346857729092894
SAMP-BAL	3	0.9999996072137998	66	51	147	35	0	35	147	0	503.6166666666667	0.0	0.0	0.0	0.06949730284277063
SAMP-BAL	3	0.999999694097773	66	51	147	33	0	33	147	0	503.6166666666667	0.0	0.0	0.0	0.0655260283946123
SAMP-BAL	3	0.9999997617630899	66	51	147	33	0	33	147	0	503.6166666666667	0.0	0.0	0.0	0.0655260283946123
SAMP-BAL	3	0.9999998144608981	66	51	147	33	0	33	147	0	503.6166666666667	0.0	0.0	0.0	0.0655260283946123
SAMP-BAL	3	0.9999998555019962	66	51	147	33	0	33	147	0	503.6166666666667	0.0	0.0	0.0	0.0655260283946123
SAMP-BAL	3	0.9999998874648379	66	51	147	33	0	33	147	0	503.6166666666667	0.0	0.0	0.0	0.0655260283946123
SAMP-BAL	3	1.0	66	51	147	30	0	30	147	0	503.6166666666667	0.0	0.0	0.0	0.05956911672237482
SAMP-BAL	3	1.0000000000000002	66	51	147	0	0	0	147	0	503.6166666666667		0.0	0.0	0.0
RISK-BAL	3	1.12535162055095e-07	66	51	147	4695	93	4588	54	14	503.6166666666666	0.019867549668874173	0.6326530612244898	0.03852526926263463	9.11010358407519
RISK-BAL	3	1.4449800373124837e-07	66	51	147	4633	93	4526	54	14	503.6166666666666	0.020134228187919462	0.6326530612244898	0.039026437263953	8.986994076182283
RISK-BAL	3	1.8553910183683314e-07	66	51	147	4587	93	4480	54	14	503.6166666666666	0.02033675923901159	0.6326530612244898	0.03940677966101695	8.89565476387464
RISK-BAL	3	2.38236909993343e-07	66	51	147	4526	93	4419	54	14	503.6166666666666	0.020611702127659573	0.6326530612244898	0.03992273019961365	8.774530893205812
RISK-BAL	3	3.059022269256247e-07	66	51	147	4482	93	4375	54	14	503.6166666666666	0.02081468218442256	0.6326530612244898	0.040303358613217766	8.68716285534633
RISK-BAL	3	3.927862002670442e-07	66	51	147	4432	93	4325	54	14	503.6166666666666	0.021050248981439566	0.6326530612244898	0.0407447973713034	8.58788099414237
RISK-BAL	3	5.043474082014517e-07	66	51	147	4368	93	4261	54	14	503.6166666666666	0.021359669269637116	0.6326530612244898	0.04132415018884692	8.460800211801304
RISK-BAL	3	6.475947982049267e-07	66	51	147	4316	93	4209	54	14	503.6166666666666	0.021617852161785217	0.6326530612244898	0.041807147673634526	8.357547076149189
RISK-BAL	3	8.315280276641321e-07	66	51	147	4255	93	4148	54	14	503.6166666666666	0.021928790379627448	0.6326530612244898	0.04238833181403829	8.23642320548036
RISK-BAL	3	1.067702870044147e-06	66	51	147	4197	92	4091	55	14	503.6166666666666	0.02199378436528807	0.6258503401360545	0.04249422632794457	8.123241883707847
RISK-BAL	3	1.3709572068578448e-06	66	51	147	4148	92	4044	55	12	503.6166666666666	0.022243713733075435	0.6258503401360545	0.04296054167639505	8.029916934176127
RISK-BAL	3	1.7603432133424856e-06	66	51	147	4106	92	4002	55	12	503.6166666666666	0.02247191011235955	0.6258503401360545	0.043385993869370434	7.946520170764802
RISK-BAL	3	2.2603242979035746e-06	66	51	147	4060	92	3956	55	12	503.6166666666666	0.022727272727272728	0.6258503401360545	0.043861740166865316	7.85518085845716
RISK-BAL	3	2.902311985211097e-06	66	51	147	4002	91	3899	56	12	503.6166666666666	0.02280701754385965	0.6190476190476191	0.043993231810490696	7.741999536684649
RISK-BAL	3	3.726639284186561e-06	66	51	147	3957	89	3856	58	12	503.6166666666666	0.02256020278833967	0.6054421768707483	0.04349951124144673	7.6566171360492445
RISK-BAL	3	4.785094494890119e-06	66	51	147	3902	89	3801	58	12	503.6166666666666	0.02287917737789203	0.6054421768707483	0.04409214763438197	7.54740708872489
RISK-BAL	3	6.144174602214718e-06	66	51	147	3860	89	3759	58	12	503.6166666666666	0.02312889812889813	0.6054421768707483	0.04455569461827284	7.464010325313566
RISK-BAL	3	7.889262586245034e-06	66	51	147	3794	89	3693	58	12	503.6166666666666	0.023532522474881017	0.6054421768707483	0.04530414863833036	7.332958268524341
RISK-BAL	3	1.0129990980873921e-05	66	51	147	3738	89	3637	58	12	503.6166666666666	0.023886205045625334	0.6054421768707483	0.045959204750839144	7.2217625839759085
RISK-BAL	3	1.3007128466476033e-05	66	51	147	3697	89	3596	58	12	503.6166666666666	0.024151967435549523	0.6054421768707483	0.04645093945720251	7.140351457788663
RISK-BAL	3	1.670142184809518e-05	66	51	147	3637	89	3536	58	12	503.6166666666666	0.024551724137931035	0.6054421768707483	0.047189819724284196	7.021213224343913
RISK-BAL	3	2.144494842091395e-05	66	51	147	3602	89	3501	58	12	503.6166666666666	0.02479108635097493	0.6054421768707483	0.04763179020604763	6.951715921501142
RISK-BAL	3	2.7535691114583473e-05	66	51	147	3551	89	3450	58	12	503.6166666666666	0.025148346990675332	0.6054421768707483	0.04829083016820401	6.8504484230731055
RISK-BAL	3	3.5356250741744315e-05	66	51	147	3513	89	3412	58	12	503.6166666666666	0.02542130819765781	0.6054421768707483	0.048793859649122806	6.774994208558097
RISK-BAL	3	4.5397868702434395e-05	66	51	147	3456	89	3356	58	11	503.6166666666666	0.02583454281567489	0.6054421768707483	0.04955456570155902	6.663798524009664
RISK-BAL	3	5.829126566113865e-05	66	51	147	3396	88	3297	59	11	503.6166666666666	0.025997045790251107	0.5986394557823129	0.04983012457531144	6.546645927788994
RISK-BAL	3	7.484622751061123e-05	66	51	147	3348	88	3249	59	11	503.6166666666666	0.02637099190890021	0.5986394557823129	0.0505166475315729	6.451335341033194
RISK-BAL	3	9.610241549947396e-05	66	51	147	3282	88	3183	59	11	503.6166666666666	0.026903087740752063	0.5986394557823129	0.051492100643651256	6.32028328424397
RISK-BAL	3	0.00012339457598623172	66	51	147	3225	88	3127	59	10	503.6166666666666	0.027371695178849145	0.5986394557823129	0.052349791790600834	6.209087599695536
RISK-BAL	3	0.00015843621910252592	66	51	147	3173	87	3077	60	9	503.6166666666666	0.027496839443742097	0.5918367346938775	0.05255209906372697	6.109805738491578
RISK-BAL	3	0.00020342697805520653	66	51	147	3122	86	3027	61	9	503.6166666666666	0.027626084163186636	0.5850340136054422	0.05276073619631902	6.01052387728762
RISK-BAL	3	0.0002611903190957194	66	51	147	3071	86	2976	61	9	503.6166666666666	0.028086218158066622	0.5850340136054422	0.05359925210345902	5.909256378859583
RISK-BAL	3	0.0003353501304664781	66	51	147	3020	86	2925	61	9	503.6166666666666	0.028561939554965127	0.5850340136054422	0.05446485117162761	5.807988880431545
RISK-BAL	3	0.0004305570813246149	66	51	147	2963	86	2868	61	9	503.6166666666666	0.02911306702775897	0.5850340136054422	0.05546597871654305	5.694807558659034
RISK-BAL	3	0.0005527786369235996	66	51	147	2918	86	2823	61	9	503.6166666666666	0.029563423856995532	0.5850340136054422	0.056282722513089	5.605453883575471
RISK-BAL	3	0.0007096703991005881	66	51	147	2860	86	2765	61	9	503.6166666666666	0.030164854437039635	0.5850340136054422	0.057371581054036024	5.49028692457888
RISK-BAL	3	0.0009110511944006454	66	51	147	2829	85	2735	62	9	503.6166666666666	0.030141843971631204	0.5782312925170068	0.057296932928884395	5.430717807856505
RISK-BAL	3	0.0011695102650555148	66	51	147	2782	84	2689	63	9	503.6166666666666	0.030292102416155788	0.5714285714285714	0.057534246575342465	5.339378495548864
RISK-BAL	3	0.0015011822567369917	66	51	147	2745	84	2652	63	9	503.6166666666666	0.03070175438596491	0.5714285714285714	0.05827263267429761	5.265909918257935
RISK-BAL	3	0.0019267346633274757	66	51	147	2706	84	2613	63	9	503.6166666666666	0.03114571746384872	0.5714285714285714	0.05907172995780591	5.188470066518848
RISK-BAL	3	0.0024726231566347743	66	51	147	2658	83	2566	64	9	503.6166666666666	0.03133257833144583	0.564625850340136	0.059370529327610874	5.095145116987127
RISK-BAL	3	0.0031726828424851893	66	51	147	2603	82	2513	65	8	503.6166666666666	0.03159922928709056	0.5578231292517006	0.05981035740335521	4.989906344110931
RISK-BAL	3	0.004070137715896128	66	51	147	2563	82	2473	65	8	503.6166666666666	0.03209393346379648	0.5578231292517006	0.06069578090303479	4.910480855147765
RISK-BAL	3	0.005220125693558397	66	51	147	2524	82	2434	65	8	503.6166666666666	0.03259141494435612	0.5578231292517006	0.06158467893353361	4.8330410034086775
RISK-BAL	3	0.0066928509242848554	66	51	147	2480	81	2391	66	8	503.6166666666666	0.032766990291262135	0.5510204081632653	0.061855670103092786	4.7476586027732735
RISK-BAL	3	0.008577485413711984	66	51	147	2441	81	2352	66	8	503.6166666666666	0.03329223181257707	0.5510204081632653	0.06279069767441861	4.670218751034186
RISK-BAL	3	0.01098694263059318	66	51	147	2398	81	2309	66	8	503.6166666666666	0.033891213389121336	0.5510204081632653	0.06385494678754434	4.584836350398783
RISK-BAL	3	0.014063627043245475	66	51	147	2345	81	2256	66	8	503.6166666666666	0.03465982028241335	0.5510204081632653	0.06521739130434782	4.479597577522587
RISK-BAL	3	0.01798620996209156	66	51	147	2299	81	2210	66	8	503.6166666666666	0.03535573985159319	0.5510204081632653	0.06644790812141099	4.3882582652149456
RISK-BAL	3	0.022977369910025615	66	51	147	2261	81	2172	66	8	503.6166666666666	0.03595206391478029	0.5510204081632653	0.0675	4.312804050699937
RISK-BAL	3	0.02931223075135632	66	51	147	2231	80	2143	67	8	503.6166666666666	0.03598740440845704	0.54421768707483	0.06751054852320675	4.255220571201642
RISK-BAL	3	0.03732688734412946	66	51	147	2177	80	2089	67	8	503.6166666666666	0.036883356385431075	0.54421768707483	0.0690846286701209	4.147996161101367
RISK-BAL	3	0.04742587317756678	66	51	147	2145	80	2057	67	8	503.6166666666666	0.03743565746373421	0.54421768707483	0.07005253940455342	4.084455769930834
RISK-BAL	3	0.060086650174007626	66	51	147	2122	80	2034	67	8	503.6166666666666	0.03784295175023652	0.54421768707483	0.07076514816452897	4.038786113777014
RISK-BAL	3	0.07585818002124355	66	51	147	2088	80	2000	67	8	503.6166666666666	0.038461538461538464	0.54421768707483	0.07184553210597217	3.9712744481583218
RISK-BAL	3	0.09534946489910949	66	51	147	2050	80	1962	67	8	503.6166666666666	0.039177277179236046	0.54421768707483	0.07309273640931932	3.8958202336433136
RISK-BAL	3	0.11920292202211755	66	51	147	2018	80	1930	67	8	503.6166666666666	0.03980099502487562	0.54421768707483	0.07417709782104775	3.8322798424727806
RISK-BAL	3	0.14804719803168948	66	51	147	1987	80	1899	67	8	503.6166666666666	0.0404244567963618	0.54421768707483	0.07525870178739416	3.770725088526327
RISK-BAL	3	0.18242552380635635	66	51	147	1946	80	1858	67	8	503.6166666666666	0.0412796697626419	0.54421768707483	0.07673860911270983	3.689313962339081
RISK-BAL	3	0.22270013882530884	66	51	147	1906	79	1819	68	8	503.6166666666666	0.04162276080084299	0.5374149659863946	0.07726161369193155	3.611874110599994
RISK-BAL	3	0.2689414213699951	66	51	147	1870	77	1785	70	8	503.6166666666666	0.041353383458646614	0.5238095238095238	0.07665505226480836	3.5443624449813025
RISK-BAL	3	0.320821300824607	66	51	147	1833	76	1749	71	8	503.6166666666666	0.041643835616438356	0.5170068027210885	0.07707910750507099	3.4728795049144523
RISK-BAL	3	0.3775406687981454	66	51	147	1801	76	1717	71	8	503.6166666666666	0.042387060791968766	0.5170068027210885	0.07835051546391752	3.4093391137439193
RISK-BAL	3	0.43782349911420193	66	51	147	1768	75	1685	72	8	503.6166666666666	0.04261363636363636	0.5102040816326531	0.07865757734661773	3.3457987225733863
RISK-BAL	3	0.5	66	51	147	1736	75	1653	72	8	503.6166666666666	0.043402777777777776	0.5102040816326531	0.08	3.282258331402853
RISK-BAL	3	0.5621765008857981	66	51	147	1705	75	1622	72	8	503.6166666666666	0.04419563936358279	0.5102040816326531	0.08134490238611713	3.220703577456399
RISK-BAL	3	0.6224593312018546	66	51	147	1671	74	1589	73	8	503.6166666666666	0.04449789536981359	0.5034013605442177	0.08176795580110498	3.155177549061787
RISK-BAL	3	0.679178699175393	66	51	147	1638	74	1556	73	8	503.6166666666666	0.04539877300613497	0.5034013605442177	0.08328643781654474	3.089651520667174
RISK-BAL	3	0.7310585786300049	66	51	147	1603	74	1521	73	8	503.6166666666666	0.04639498432601881	0.5034013605442177	0.08495981630309989	3.0201542178244036
RISK-BAL	3	0.7772998611746911	66	51	147	1574	74	1492	73	8	503.6166666666666	0.04725415070242656	0.5034013605442177	0.08639813193228255	2.962570738326108
RISK-BAL	3	0.8175744761936437	66	51	147	1548	74	1466	73	8	503.6166666666666	0.048051948051948054	0.5034013605442177	0.0877296976882039	2.91094417050005
RISK-BAL	3	0.8519528019683106	66	51	147	1518	74	1436	73	8	503.6166666666666	0.04900662251655629	0.5034013605442177	0.08931804465902234	2.851375053777675
RISK-BAL	3	0.8807970779778823	66	51	147	1491	74	1409	73	8	503.6166666666666	0.049898853674983146	0.5034013605442177	0.09079754601226994	2.7977628487275377
RISK-BAL	3	0.9046505351008906	66	51	147	1465	74	1383	73	8	503.6166666666666	0.05078929306794784	0.5034013605442177	0.09226932668329177	2.7461362809014798
RISK-BAL	3	0.9241418199787566	66	51	147	1439	73	1358	74	8	503.6166666666666	0.05101327742837177	0.4965986394557823	0.09252217997465145	2.6964953502995006
RISK-BAL	3	0.9399133498259924	66	51	147	1409	73	1328	74	8	503.6166666666666	0.052105638829407566	0.4965986394557823	0.09431524547803617	2.6369262335771255
RISK-BAL	3	0.9525741268224334	66	51	147	1383	71	1304	76	8	503.6166666666666	0.05163636363636363	0.48299319727891155	0.09329829172141918	2.589270940199226
RISK-BAL	3	0.9626731126558706	66	51	147	1355	71	1276	76	8	503.6166666666666	0.05270972531551596	0.48299319727891155	0.09504685408299866	2.5336730979250093
RISK-BAL	3	0.9706877692486436	66	51	147	1329	71	1250	76	8	503.6166666666666	0.053747161241483724	0.48299319727891155	0.09673024523160763	2.4820465300989514
RISK-BAL	3	0.9770226300899744	66	51	147	1308	71	1229	76	8	503.6166666666666	0.054615384615384614	0.48299319727891155	0.09813407049067036	2.440348148393289
RISK-BAL	3	0.9820137900379085	66	51	147	1277	71	1198	76	8	503.6166666666666	0.05594956658786446	0.48299319727891155	0.10028248587570622	2.3787933944468347
RISK-BAL	3	0.9859363729567544	66	51	147	1253	71	1174	76	8	503.6166666666666	0.0570281124497992	0.48299319727891155	0.10201149425287356	2.331138101068935
RISK-BAL	3	0.9890130573694068	66	51	147	1222	70	1144	77	8	503.6166666666666	0.057660626029654036	0.47619047619047616	0.10286554004408523	2.27156898434656
RISK-BAL	3	0.991422514586288	66	51	147	1188	69	1111	78	8	503.6166666666666	0.05847457627118644	0.46938775510204084	0.1039939713639789	2.206042955951948
RISK-BAL	3	0.9933071490757153	66	51	147	1160	69	1084	78	7	503.6166666666666	0.0598438855160451	0.46938775510204084	0.10615384615384615	2.1524307509018104
RISK-BAL	3	0.9947798743064417	66	51	147	1132	68	1057	79	7	503.6166666666666	0.060444444444444446	0.46258503401360546	0.1069182389937107	2.0988185458516733
RISK-BAL	3	0.995929862284104	66	51	147	1113	67	1039	80	7	503.6166666666666	0.06057866184448463	0.4557823129251701	0.10694333599361533	2.0630770758182484
RISK-BAL	3	0.9968273171575148	66	51	147	1092	67	1018	80	7	503.6166666666666	0.06175115207373272	0.4557823129251701	0.10876623376623376	2.021378694112586
RISK-BAL	3	0.9975273768433653	66	51	147	1064	66	991	81	7	503.6166666666666	0.06244087038789026	0.4489795918367347	0.10963455149501661	1.9677664890624484
RISK-BAL	3	0.9980732653366725	66	51	147	1050	66	977	81	7	503.6166666666666	0.06327900287631831	0.4489795918367347	0.11092436974789915	1.9399675679253403
RISK-BAL	3	0.998498817743263	66	51	147	1029	65	958	82	6	503.6166666666666	0.0635386119257087	0.4421768707482993	0.1111111111111111	1.9022404606678363
RISK-BAL	3	0.9988304897349445	66	51	147	1012	64	942	83	6	503.6166666666666	0.0636182902584493	0.43537414965986393	0.11101474414570685	1.8704702650825695
RISK-BAL	3	0.9990889488055994	66	51	147	999	65	928	82	6	503.6166666666666	0.06545820745216516	0.4421768707482993	0.11403508771929824	1.8426713439454614
RISK-BAL	3	0.9992903296008995	66	51	147	982	65	911	82	6	503.6166666666666	0.06659836065573771	0.4421768707482993	0.1157613535173642	1.8089155111361157
RISK-BAL	3	0.9994472213630764	66	51	147	962	64	892	83	6	503.6166666666666	0.06694560669456066	0.43537414965986393	0.11604714415231188	1.7711884038786117
RISK-BAL	3	0.9995694429186754	66	51	147	945	63	877	84	5	503.6166666666666	0.06702127659574468	0.42857142857142855	0.11591536338546458	1.741403845517424
RISK-BAL	3	0.9996646498695336	66	51	147	922	63	854	84	5	503.6166666666666	0.06870229007633588	0.42857142857142855	0.11842105263157894	1.6957341893636035
RISK-BAL	3	0.9997388096809043	66	51	147	905	63	837	84	5	503.6166666666666	0.07	0.42857142857142855	0.12034383954154727	1.6619783565542576
RISK-BAL	3	0.9997965730219448	66	51	147	893	62	826	85	5	503.6166666666666	0.06981981981981981	0.4217687074829932	0.11980676328502415	1.6401363470893868
RISK-BAL	3	0.9998415637808975	66	51	147	878	61	812	86	5	503.6166666666666	0.06987399770904926	0.41496598639455784	0.11960784313725491	1.6123374259522787
RISK-BAL	3	0.9998766054240137	66	51	147	858	58	795	89	5	503.6166666666666	0.06799531066822978	0.3945578231292517	0.116	1.578581593142933
RISK-BAL	3	0.9999038975845005	66	51	147	841	58	778	89	5	503.6166666666666	0.06937799043062201	0.3945578231292517	0.11800610376398779	1.544825760333587
RISK-BAL	3	0.9999251537724895	66	51	147	829	57	767	90	5	503.6166666666666	0.0691747572815534	0.3877551020408163	0.11740473738414006	1.5229837508687165
RISK-BAL	3	0.9999417087343389	66	51	147	817	56	756	91	5	503.6166666666666	0.06896551724137931	0.38095238095238093	0.11678832116788321	1.5011417414038457
RISK-BAL	3	0.9999546021312976	66	51	147	804	55	744	92	5	503.6166666666666	0.0688360450563204	0.3741496598639456	0.11627906976744186	1.4773140947148957
RISK-BAL	3	0.9999646437492582	66	51	147	798	55	738	92	5	503.6166666666666	0.06935687263556116	0.3741496598639456	0.11702127659574468	1.4654002713704208
RISK-BAL	3	0.9999724643088853	66	51	147	778	55	718	92	5	503.6166666666666	0.07115135834411385	0.3741496598639456	0.11956521739130435	1.4256875268888376
RISK-BAL	3	0.9999785550515792	66	51	147	762	55	702	92	5	503.6166666666666	0.0726552179656539	0.3741496598639456	0.12168141592920353	1.3939173313035709
RISK-BAL	3	0.999983298578152	66	51	147	747	54	688	93	5	503.6166666666666	0.07277628032345014	0.3673469387755102	0.12148481439820022	1.3661184101664627
RISK-BAL	3	0.9999869928715335	66	51	147	731	53	673	94	5	503.6166666666666	0.07300275482093664	0.36054421768707484	0.12142038946162657	1.3363338518052752
RISK-BAL	3	0.9999898700090192	66	51	147	715	52	658	95	5	503.6166666666666	0.07323943661971831	0.35374149659863946	0.12135355892648775	1.3065492934440879
RISK-BAL	3	0.9999921107374138	66	51	147	695	49	641	98	5	503.6166666666666	0.07101449275362319	0.3333333333333333	0.11708482676224612	1.2727934606347422
RISK-BAL	3	0.9999938558253978	66	51	147	685	50	630	97	5	503.6166666666666	0.07352941176470588	0.3401360544217687	0.12091898428053205	1.2509514511698714
RISK-BAL	3	0.9999952149055051	66	51	147	671	48	618	99	5	503.6166666666666	0.07207207207207207	0.32653061224489793	0.11808118081180811	1.2271238044809214
RISK-BAL	3	0.9999962733607158	66	51	147	660	48	608	99	4	503.6166666666666	0.07317073170731707	0.32653061224489793	0.11955168119551682	1.2072674322401298
RISK-BAL	3	0.9999970976880148	66	51	147	649	48	597	99	4	503.6166666666666	0.07441860465116279	0.32653061224489793	0.12121212121212122	1.185425422775259
RISK-BAL	3	0.999997739675702	66	51	147	638	48	586	99	4	503.6166666666666	0.07570977917981073	0.32653061224489793	0.12291933418693982	1.1635834133103884
RISK-BAL	3	0.9999982396567868	66	51	147	627	46	577	101	4	503.6166666666666	0.0738362760834671	0.3129251700680272	0.11948051948051948	1.145712678293676
RISK-BAL	3	0.999998629042793	66	51	147	617	45	568	102	4	503.6166666666666	0.0734094616639478	0.30612244897959184	0.11842105263157894	1.1278419432769633
RISK-BAL	3	0.9999989322971299	66	51	147	602	45	553	102	4	503.6166666666666	0.07525083612040134	0.30612244897959184	0.12080536912751678	1.098057384915776
RISK-BAL	3	0.9999991684719722	66	51	147	596	46	546	101	4	503.6166666666666	0.0777027027027027	0.3129251700680272	0.12449255751014884	1.084157924347222
RISK-BAL	3	0.9999993524052017	66	51	147	589	46	539	101	4	503.6166666666666	0.07863247863247863	0.3129251700680272	0.12568306010928962	1.0702584637786678
RISK-BAL	3	0.9999994956525918	66	51	147	578	46	528	101	4	503.6166666666666	0.08013937282229965	0.3129251700680272	0.1276005547850208	1.048416454313797
RISK-BAL	3	0.9999996072137998	66	51	147	569	46	520	101	3	503.6166666666666	0.0812720848056537	0.3129251700680272	0.12903225806451613	1.0325313565211638
RISK-BAL	3	0.999999694097773	66	51	147	555	46	506	101	3	503.6166666666666	0.08333333333333333	0.3129251700680272	0.13161659513590845	1.0047324353840554
RISK-BAL	3	0.9999997617630899	66	51	147	539	44	492	103	3	503.6166666666666	0.08208955223880597	0.29931972789115646	0.12884333821376281	0.9769335142469472
RISK-BAL	3	0.9999998144608981	66	51	147	539	44	492	103	3	503.6166666666666	0.08208955223880597	0.29931972789115646	0.12884333821376281	0.9769335142469472
RISK-BAL	3	0.9999998555019962	66	51	147	539	44	492	103	3	503.6166666666666	0.08208955223880597	0.29931972789115646	0.12884333821376281	0.9769335142469472
RISK-BAL	3	0.9999998874648379	66	51	147	505	44	458	103	3	503.6166666666666	0.08764940239043825	0.29931972789115646	0.13559322033898305	0.9094218486282557
RISK-BAL	3	1.0	66	51	147	505	44	458	103	3	503.6166666666666	0.08764940239043825	0.29931972789115646	0.13559322033898305	0.9094218486282557
RISK-BAL	3	1.0000000000000002	66	51	147	0	0	0	147	0	503.6166666666666		0.0	0.0	0.0
RISK-NAT	3	1.12535162055095e-07	66	51	147	150	16	130	131	4	503.6166666666666	0.1095890410958904	0.10884353741496598	0.10921501706484642	0.25813283913029095
RISK-NAT	3	1.4449800373124837e-07	66	51	147	159	16	139	131	4	503.6166666666666	0.1032258064516129	0.10884353741496598	0.10596026490066225	0.2760035741470034
RISK-NAT	3	1.8553910183683314e-07	66	51	147	164	16	143	131	5	503.6166666666666	0.10062893081761007	0.10884353741496598	0.10457516339869281	0.28394612304332
RISK-NAT	3	2.38236909993343e-07	66	51	147	185	16	164	131	5	503.6166666666666	0.08888888888888889	0.10884353741496598	0.09785932721712538	0.3256445047489824
RISK-NAT	3	3.059022269256247e-07	66	51	147	220	16	197	131	7	503.6166666666666	0.07511737089201878	0.10884353741496598	0.08888888888888889	0.3911705331435947
RISK-NAT	3	3.927862002670442e-07	66	51	147	251	16	228	131	7	503.6166666666666	0.06557377049180328	0.10884353741496598	0.08184143222506395	0.45272528709004867
RISK-NAT	3	5.043474082014517e-07	66	51	147	274	16	251	131	7	503.6166666666666	0.0599250936329588	0.10884353741496598	0.07729468599033816	0.4983949432438694
RISK-NAT	3	6.475947982049267e-07	66	51	147	307	16	283	131	8	503.6166666666666	0.05351170568561873	0.10884353741496598	0.07174887892376682	0.5619353344144026
RISK-NAT	3	8.315280276641321e-07	66	51	147	307	16	283	131	8	503.6166666666666	0.05351170568561873	0.10884353741496598	0.07174887892376682	0.5619353344144026
RISK-NAT	3	1.067702870044147e-06	66	51	147	308	17	283	130	8	503.6166666666666	0.056666666666666664	0.11564625850340136	0.07606263982102908	0.5619353344144026
RISK-NAT	3	1.3709572068578448e-06	66	51	147	290	17	265	130	8	503.6166666666666	0.06028368794326241	0.11564625850340136	0.07925407925407925	0.5261938643809776
RISK-NAT	3	1.7603432133424856e-06	66	51	147	261	17	236	130	8	503.6166666666666	0.06719367588932806	0.11564625850340136	0.085	0.468610384882682
RISK-NAT	3	2.2603242979035746e-06	66	51	147	238	17	215	130	6	503.6166666666666	0.07327586206896551	0.11564625850340136	0.08970976253298153	0.4269120031770196
RISK-NAT	3	2.902311985211097e-06	66	51	147	240	17	216	130	7	503.6166666666666	0.07296137339055794	0.11564625850340136	0.08947368421052632	0.42889764040109873
RISK-NAT	3	3.726639284186561e-06	66	51	147	245	18	220	129	7	503.6166666666666	0.07563025210084033	0.12244897959183673	0.09350649350649351	0.4368401892974154
RISK-NAT	3	4.785094494890119e-06	66	51	147	261	18	235	129	8	503.6166666666666	0.07114624505928854	0.12244897959183673	0.09	0.46662474765860285
RISK-NAT	3	6.144174602214718e-06	66	51	147	268	18	243	129	7	503.6166666666666	0.06896551724137931	0.12244897959183673	0.08823529411764706	0.4825098454512361
RISK-NAT	3	7.889262586245034e-06	66	51	147	288	18	261	129	9	503.6166666666666	0.06451612903225806	0.12244897959183673	0.08450704225352113	0.518251315484661
RISK-NAT	3	1.0129990980873921e-05	66	51	147	321	19	292	128	10	503.6166666666666	0.06109324758842444	0.1292517006802721	0.08296943231441048	0.579806069431115
RISK-NAT	3	1.3007128466476033e-05	66	51	147	366	20	335	127	11	503.6166666666666	0.056338028169014086	0.1360544217687075	0.0796812749003984	0.6651884700665189
RISK-NAT	3	1.670142184809518e-05	66	51	147	425	22	392	125	11	503.6166666666666	0.05314009661835749	0.14965986394557823	0.0784313725490196	0.7783697918390311
RISK-NAT	3	2.144494842091395e-05	66	51	147	511	23	476	124	12	503.6166666666666	0.04609218436873747	0.1564625850340136	0.07120743034055728	0.9451633186616806
RISK-NAT	3	2.7535691114583473e-05	66	51	147	637	25	600	122	12	503.6166666666666	0.04	0.17006802721088435	0.06476683937823834	1.1913823344474965
RISK-NAT	3	3.5356250741744315e-05	66	51	147	804	28	764	119	12	503.6166666666666	0.03535353535353535	0.19047619047619047	0.059637912673056445	1.517026839196479
RISK-NAT	3	4.5397868702434395e-05	66	51	147	1030	36	981	111	13	503.6166666666666	0.035398230088495575	0.24489795918367346	0.061855670103092786	1.9479101168216568
RISK-NAT	3	5.829126566113865e-05	66	51	147	1306	42	1251	105	13	503.6166666666666	0.03248259860788863	0.2857142857142857	0.058333333333333334	2.48403216732303
RISK-NAT	3	7.484622751061123e-05	66	51	147	1644	50	1579	97	15	503.6166666666666	0.030693677102516883	0.3401360544217687	0.05630630630630631	3.135321176820995
RISK-NAT	3	9.610241549947396e-05	66	51	147	2134	58	2059	89	17	503.6166666666666	0.0273972602739726	0.3945578231292517	0.05123674911660778	4.088427044378992
RISK-NAT	3	0.00012339457598623172	66	51	147	2776	64	2694	83	18	503.6166666666666	0.023205221174764323	0.43537414965986393	0.044061962134251294	5.349306681669259
RISK-NAT	3	0.00015843621910252592	66	51	147	3673	70	3585	77	18	503.6166666666666	0.019151846785225718	0.47619047619047616	0.03682272488164124	7.118509448323792
RISK-NAT	3	0.00020342697805520653	66	51	147	4689	75	4596	72	18	503.6166666666666	0.01605651894669236	0.5102040816326531	0.031133250311332503	9.125988681867824
RISK-NAT	3	0.0002611903190957194	66	51	147	5816	82	5716	65	18	503.6166666666666	0.014142807864780959	0.5578231292517006	0.027586206896551724	11.349902372836484
RISK-NAT	3	0.0003353501304664781	66	51	147	6928	86	6824	61	18	503.6166666666666	0.012445730824891461	0.5850340136054422	0.024372963015445656	13.549988417116195
RISK-NAT	3	0.0004305570813246149	66	51	147	7798	93	7687	54	18	503.6166666666666	0.011953727506426735	0.6326530612244898	0.023464110003784535	15.26359334149651
RISK-NAT	3	0.0005527786369235996	66	51	147	8365	99	8248	48	18	503.6166666666666	0.011860548700131784	0.673469387755102	0.023310572168589592	16.37753582420492
RISK-NAT	3	0.0007096703991005881	66	51	147	8586	101	8468	46	17	503.6166666666666	0.011786672890652352	0.6870748299319728	0.0231757687012391	16.814376013502336
RISK-NAT	3	0.0009110511944006454	66	51	147	8503	104	8381	43	18	503.6166666666666	0.012256923983500295	0.7074829931972789	0.024096385542168676	16.64162557500745
RISK-NAT	3	0.0011695102650555148	66	51	147	7985	104	7863	43	18	503.6166666666666	0.013053847119367391	0.7074829931972789	0.02563470544737491	15.613065492934442
RISK-NAT	3	0.0015011822567369917	66	51	147	7312	106	7187	41	19	503.6166666666666	0.014534485122720417	0.7210884353741497	0.02849462365591398	14.27077472945693
RISK-NAT	3	0.0019267346633274757	66	51	147	6536	107	6411	40	18	503.6166666666666	0.016416078551702976	0.7278911564625851	0.03210802700675169	12.7299202435715
RISK-NAT	3	0.0024726231566347743	66	51	147	5669	105	5547	42	17	503.6166666666666	0.018577494692144373	0.7142857142857143	0.03621314019658562	11.014329681967105
RISK-NAT	3	0.0031726828424851893	66	51	147	4797	105	4676	42	16	503.6166666666666	0.021961932650073207	0.7142857142857143	0.04261363636363636	9.284839659794157
RISK-NAT	3	0.004070137715896128	66	51	147	4036	103	3917	44	16	503.6166666666666	0.02562189054726368	0.7006802721088435	0.04943604511639069	7.777741006718073
RISK-NAT	3	0.005220125693558397	66	51	147	3291	97	3178	50	16	503.6166666666666	0.029618320610687022	0.6598639455782312	0.05669199298655757	6.310355098123574
RISK-NAT	3	0.0066928509242848554	66	51	147	2654	97	2541	50	16	503.6166666666666	0.03677028051554208	0.6598639455782312	0.0696588868940754	5.0455041863851475
RISK-NAT	3	0.008577485413711984	66	51	147	2169	94	2060	53	15	503.6166666666666	0.0436397400185701	0.6394557823129252	0.08170360712733594	4.0904126816030715
RISK-NAT	3	0.01098694263059318	66	51	147	1739	88	1637	59	14	503.6166666666666	0.051014492753623186	0.5986394557823129	0.09401709401709402	3.2504881358175863
RISK-NAT	3	0.014063627043245475	66	51	147	1410	85	1312	62	13	503.6166666666666	0.06084466714387974	0.5782312925170068	0.11010362694300518	2.605156037991859
RISK-NAT	3	0.01798620996209156	66	51	147	1151	78	1062	69	11	503.6166666666666	0.06842105263157895	0.5306122448979592	0.12121212121212122	2.1087467319720687
RISK-NAT	3	0.022977369910025615	66	51	147	962	79	873	68	10	503.6166666666666	0.08298319327731092	0.5374149659863946	0.1437670609645132	1.7334612966211076
RISK-NAT	3	0.02931223075135632	66	51	147	798	72	717	75	9	503.6166666666666	0.09125475285171103	0.4897959183673469	0.15384615384615385	1.4237018896647584
RISK-NAT	3	0.03732688734412946	66	51	147	642	58	576	89	8	503.6166666666666	0.0914826498422713	0.3945578231292517	0.14852752880921896	1.1437270410695968
RISK-NAT	3	0.04742587317756678	66	51	147	517	53	456	94	8	503.6166666666666	0.10412573673870335	0.36054421768707484	0.16158536585365854	0.9054505741800973
RISK-NAT	3	0.060086650174007626	66	51	147	418	43	367	104	8	503.6166666666666	0.1048780487804878	0.2925170068027211	0.15439856373429084	0.728728861237052
RISK-NAT	3	0.07585818002124355	66	51	147	340	38	294	109	8	503.6166666666666	0.1144578313253012	0.2585034013605442	0.15866388308977036	0.5837773438792733
RISK-NAT	3	0.09534946489910949	66	51	147	276	30	238	117	8	503.6166666666666	0.11194029850746269	0.20408163265306123	0.14457831325301204	0.4725816593308403
RISK-NAT	3	0.11920292202211755	66	51	147	224	26	191	121	7	503.6166666666666	0.11981566820276497	0.17687074829931973	0.14285714285714285	0.37925670979911974
RISK-NAT	3	0.14804719803168948	66	51	147	184	23	156	124	5	503.6166666666666	0.12849162011173185	0.1564625850340136	0.1411042944785276	0.3097594069563491
RISK-NAT	3	0.18242552380635635	66	51	147	142	17	122	130	3	503.6166666666666	0.1223021582733813	0.11564625850340136	0.11888111888111888	0.24224774133765764
RISK-NAT	3	0.22270013882530884	66	51	147	108	11	95	136	2	503.6166666666666	0.10377358490566038	0.07482993197278912	0.08695652173913043	0.18863553628752028
RISK-NAT	3	0.2689414213699951	66	51	147	75	8	67	139	0	503.6166666666666	0.10666666666666667	0.05442176870748299	0.07207207207207207	0.1330376940133038
RISK-NAT	3	0.320821300824607	66	51	147	52	7	45	140	0	503.6166666666666	0.1346153846153846	0.047619047619047616	0.07035175879396985	0.08935367508356225
RISK-NAT	3	0.3775406687981454	66	51	147	38	6	32	141	0	503.6166666666666	0.15789473684210525	0.04081632653061224	0.06486486486486487	0.06354039117053314
RISK-NAT	3	0.43782349911420193	66	51	147	28	3	25	144	0	503.6166666666666	0.10714285714285714	0.02040816326530612	0.03428571428571429	0.04964093060197902
RISK-NAT	3	0.5	66	51	147	24	0	24	147	0	503.6166666666666	0.0	0.0	0.0	0.047655293377899866
RISK-NAT	3	0.5621765008857981	66	51	147	17	0	17	147	0	503.6166666666666	0.0	0.0	0.0	0.033755832809345736
RISK-NAT	3	0.6224593312018546	66	51	147	15	0	15	147	0	503.6166666666666	0.0	0.0	0.0	0.029784558361187412
RISK-NAT	3	0.679178699175393	66	51	147	11	0	11	147	0	503.6166666666666	0.0	0.0	0.0	0.02184200946487077
RISK-NAT	3	0.7310585786300049	66	51	147	9	0	9	147	0	503.6166666666666	0.0	0.0	0.0	0.01787073501671245
RISK-NAT	3	0.7772998611746911	66	51	147	7	0	7	147	0	503.6166666666666	0.0	0.0	0.0	0.013899460568554126
RISK-NAT	3	0.8175744761936437	66	51	147	6	0	6	147	0	503.6166666666666	0.0	0.0	0.0	0.011913823344474966
RISK-NAT	3	0.8519528019683106	66	51	147	5	0	5	147	0	503.6166666666666	0.0	0.0	0.0	0.009928186120395805
RISK-NAT	3	0.8807970779778823	66	51	147	3	0	3	147	0	503.6166666666666	0.0	0.0	0.0	0.005956911672237483
RISK-NAT	3	0.9046505351008906	66	51	147	3	0	3	147	0	503.6166666666666	0.0	0.0	0.0	0.005956911672237483
RISK-NAT	3	0.9241418199787566	66	51	147	1	0	1	147	0	503.6166666666666	0.0	0.0	0.0	0.0019856372240791608
RISK-NAT	3	0.9399133498259924	66	51	147	0	0	0	147	0	503.6166666666666		0.0	0.0	0.0
RISK-NAT	3	0.9525741268224334	66	51	147	0	0	0	147	0	503.6166666666666		0.0	0.0	0.0
RISK-NAT	3	0.9626731126558706	66	51	147	0	0	0	147	0	503.6166666666666		0.0	0.0	0.0
RISK-NAT	3	0.9706877692486436	66	51	147	0	0	0	147	0	503.6166666666666		0.0	0.0	0.0
RISK-NAT	3	0.9770226300899744	66	51	147	0	0	0	147	0	503.6166666666666		0.0	0.0	0.0
RISK-NAT	3	0.9820137900379085	66	51	147	0	0	0	147	0	503.6166666666666		0.0	0.0	0.0
RISK-NAT	3	0.9859363729567544	66	51	147	0	0	0	147	0	503.6166666666666		0.0	0.0	0.0
RISK-NAT	3	0.9890130573694068	66	51	147	0	0	0	147	0	503.6166666666666		0.0	0.0	0.0
RISK-NAT	3	0.991422514586288	66	51	147	0	0	0	147	0	503.6166666666666		0.0	0.0	0.0
RISK-NAT	3	0.9933071490757153	66	51	147	0	0	0	147	0	503.6166666666666		0.0	0.0	0.0
RISK-NAT	3	0.9947798743064417	66	51	147	0	0	0	147	0	503.6166666666666		0.0	0.0	0.0
RISK-NAT	3	0.995929862284104	66	51	147	0	0	0	147	0	503.6166666666666		0.0	0.0	0.0
RISK-NAT	3	0.9968273171575148	66	51	147	0	0	0	147	0	503.6166666666666		0.0	0.0	0.0
RISK-NAT	3	0.9975273768433653	66	51	147	0	0	0	147	0	503.6166666666666		0.0	0.0	0.0
RISK-NAT	3	0.9980732653366725	66	51	147	0	0	0	147	0	503.6166666666666		0.0	0.0	0.0
RISK-NAT	3	0.998498817743263	66	51	147	0	0	0	147	0	503.6166666666666		0.0	0.0	0.0
RISK-NAT	3	0.9988304897349445	66	51	147	0	0	0	147	0	503.6166666666666		0.0	0.0	0.0
RISK-NAT	3	0.9990889488055994	66	51	147	0	0	0	147	0	503.6166666666666		0.0	0.0	0.0
RISK-NAT	3	0.9992903296008995	66	51	147	0	0	0	147	0	503.6166666666666		0.0	0.0	0.0
RISK-NAT	3	0.9994472213630764	66	51	147	0	0	0	147	0	503.6166666666666		0.0	0.0	0.0
RISK-NAT	3	0.9995694429186754	66	51	147	0	0	0	147	0	503.6166666666666		0.0	0.0	0.0
RISK-NAT	3	0.9996646498695336	66	51	147	0	0	0	147	0	503.6166666666666		0.0	0.0	0.0
RISK-NAT	3	0.9997388096809043	66	51	147	0	0	0	147	0	503.6166666666666		0.0	0.0	0.0
RISK-NAT	3	0.9997965730219448	66	51	147	0	0	0	147	0	503.6166666666666		0.0	0.0	0.0
RISK-NAT	3	0.9998415637808975	66	51	147	0	0	0	147	0	503.6166666666666		0.0	0.0	0.0
RISK-NAT	3	0.9998766054240137	66	51	147	0	0	0	147	0	503.6166666666666		0.0	0.0	0.0
RISK-NAT	3	0.9999038975845005	66	51	147	0	0	0	147	0	503.6166666666666		0.0	0.0	0.0
RISK-NAT	3	0.9999251537724895	66	51	147	0	0	0	147	0	503.6166666666666		0.0	0.0	0.0
RISK-NAT	3	0.9999417087343389	66	51	147	0	0	0	147	0	503.6166666666666		0.0	0.0	0.0
RISK-NAT	3	0.9999546021312976	66	51	147	0	0	0	147	0	503.6166666666666		0.0	0.0	0.0
RISK-NAT	3	0.9999646437492582	66	51	147	0	0	0	147	0	503.6166666666666		0.0	0.0	0.0
RISK-NAT	3	0.9999724643088853	66	51	147	0	0	0	147	0	503.6166666666666		0.0	0.0	0.0
RISK-NAT	3	0.9999785550515792	66	51	147	0	0	0	147	0	503.6166666666666		0.0	0.0	0.0
RISK-NAT	3	0.999983298578152	66	51	147	0	0	0	147	0	503.6166666666666		0.0	0.0	0.0
RISK-NAT	3	0.9999869928715335	66	51	147	0	0	0	147	0	503.6166666666666		0.0	0.0	0.0
RISK-NAT	3	0.9999898700090192	66	51	147	0	0	0	147	0	503.6166666666666		0.0	0.0	0.0
RISK-NAT	3	0.9999921107374138	66	51	147	0	0	0	147	0	503.6166666666666		0.0	0.0	0.0
RISK-NAT	3	0.9999938558253978	66	51	147	0	0	0	147	0	503.6166666666666		0.0	0.0	0.0
RISK-NAT	3	0.9999952149055051	66	51	147	0	0	0	147	0	503.6166666666666		0.0	0.0	0.0
RISK-NAT	3	0.9999962733607158	66	51	147	0	0	0	147	0	503.6166666666666		0.0	0.0	0.0
RISK-NAT	3	0.9999970976880148	66	51	147	0	0	0	147	0	503.6166666666666		0.0	0.0	0.0
RISK-NAT	3	0.999997739675702	66	51	147	0	0	0	147	0	503.6166666666666		0.0	0.0	0.0
RISK-NAT	3	0.9999982396567868	66	51	147	0	0	0	147	0	503.6166666666666		0.0	0.0	0.0
RISK-NAT	3	0.999998629042793	66	51	147	0	0	0	147	0	503.6166666666666		0.0	0.0	0.0
RISK-NAT	3	0.9999989322971299	66	51	147	0	0	0	147	0	503.6166666666666		0.0	0.0	0.0
RISK-NAT	3	0.9999991684719722	66	51	147	0	0	0	147	0	503.6166666666666		0.0	0.0	0.0
RISK-NAT	3	0.9999993524052017	66	51	147	0	0	0	147	0	503.6166666666666		0.0	0.0	0.0
RISK-NAT	3	0.9999994956525918	66	51	147	0	0	0	147	0	503.6166666666666		0.0	0.0	0.0
RISK-NAT	3	0.9999996072137998	66	51	147	0	0	0	147	0	503.6166666666666		0.0	0.0	0.0
RISK-NAT	3	0.999999694097773	66	51	147	0	0	0	147	0	503.6166666666666		0.0	0.0	0.0
RISK-NAT	3	0.9999997617630899	66	51	147	0	0	0	147	0	503.6166666666666		0.0	0.0	0.0
RISK-NAT	3	0.9999998144608981	66	51	147	0	0	0	147	0	503.6166666666666		0.0	0.0	0.0
RISK-NAT	3	0.9999998555019962	66	51	147	0	0	0	147	0	503.6166666666666		0.0	0.0	0.0
RISK-NAT	3	0.9999998874648379	66	51	147	0	0	0	147	0	503.6166666666666		0.0	0.0	0.0
RISK-NAT	3	1.0	66	51	147	0	0	0	147	0	503.6166666666666		0.0	0.0	0.0
RISK-NAT	3	1.0000000000000002	66	51	147	0	0	0	147	0	503.6166666666666		0.0	0.0	0.0
SAMP-BAL	4	1.12535162055095e-07	65	51	136	147	17	126	119	4	497.80833333333334	0.11888111888111888	0.125	0.12186379928315412	0.25310946314679345
SAMP-BAL	4	1.4449800373124837e-07	65	51	136	149	17	128	119	4	497.80833333333334	0.11724137931034483	0.125	0.12099644128113879	0.257127073672933
SAMP-BAL	4	1.8553910183683314e-07	65	51	136	149	17	128	119	4	497.80833333333334	0.11724137931034483	0.125	0.12099644128113879	0.257127073672933
SAMP-BAL	4	2.38236909993343e-07	65	51	136	157	17	135	119	5	497.80833333333334	0.1118421052631579	0.125	0.11805555555555555	0.27118871051442156
SAMP-BAL	4	3.059022269256247e-07	65	51	136	163	17	141	119	5	497.80833333333334	0.10759493670886076	0.125	0.11564625850340136	0.2832415420928403
SAMP-BAL	4	3.927862002670442e-07	65	51	136	164	17	142	119	5	497.80833333333334	0.1069182389937107	0.125	0.1152542372881356	0.2852503473559101
SAMP-BAL	4	5.043474082014517e-07	65	51	136	172	17	150	119	5	497.80833333333334	0.10179640718562874	0.125	0.11221122112211221	0.30132078946046836
SAMP-BAL	4	6.475947982049267e-07	65	51	136	184	17	162	119	5	497.80833333333334	0.09497206703910614	0.125	0.10793650793650794	0.32542645261730585
SAMP-BAL	4	8.315280276641321e-07	65	51	136	192	17	170	119	5	497.80833333333334	0.09090909090909091	0.125	0.10526315789473684	0.3414968947218642
SAMP-BAL	4	1.067702870044147e-06	65	51	136	199	17	177	119	5	497.80833333333334	0.08762886597938144	0.125	0.10303030303030303	0.3555585315633527
SAMP-BAL	4	1.3709572068578448e-06	65	51	136	217	17	195	119	5	497.80833333333334	0.08018867924528301	0.125	0.09770114942528736	0.3917170262986089
SAMP-BAL	4	1.7603432133424856e-06	65	51	136	232	17	210	119	5	497.80833333333334	0.07488986784140969	0.125	0.09366391184573003	0.42184910524465574
SAMP-BAL	4	2.2603242979035746e-06	65	51	136	243	17	221	119	5	497.80833333333334	0.07142857142857142	0.125	0.09090909090909091	0.44394596313842344
SAMP-BAL	4	2.902311985211097e-06	65	51	136	246	17	224	119	5	497.80833333333334	0.07053941908713693	0.125	0.09018567639257294	0.4499723789276328
SAMP-BAL	4	3.726639284186561e-06	65	51	136	266	17	244	119	5	497.80833333333334	0.06513409961685823	0.125	0.08564231738035265	0.49014848418902857
SAMP-BAL	4	4.785094494890119e-06	65	51	136	277	18	253	118	6	497.80833333333334	0.06642066420664207	0.1323529411764706	0.08845208845208845	0.5082277315566567
SAMP-BAL	4	6.144174602214718e-06	65	51	136	291	18	267	118	6	497.80833333333334	0.06315789473684211	0.1323529411764706	0.0855106888361045	0.5363510052396337
SAMP-BAL	4	7.889262586245034e-06	65	51	136	312	18	288	118	6	497.80833333333334	0.058823529411764705	0.1323529411764706	0.08144796380090498	0.5785359157640994
SAMP-BAL	4	1.0129990980873921e-05	65	51	136	324	18	300	118	6	497.80833333333334	0.05660377358490566	0.1323529411764706	0.07929515418502203	0.6026415789209367
SAMP-BAL	4	1.3007128466476033e-05	65	51	136	348	18	324	118	6	497.80833333333334	0.05263157894736842	0.1323529411764706	0.07531380753138076	0.6508529052346117
SAMP-BAL	4	1.670142184809518e-05	65	51	136	367	19	341	117	7	497.80833333333334	0.05277777777777778	0.13970588235294118	0.07661290322580645	0.6850025947067981
SAMP-BAL	4	2.144494842091395e-05	65	51	136	394	20	367	116	7	497.80833333333334	0.05167958656330749	0.14705882352941177	0.07648183556405354	0.7372315315466127
SAMP-BAL	4	2.7535691114583473e-05	65	51	136	440	22	410	114	8	497.80833333333334	0.05092592592592592	0.16176470588235295	0.07746478873239436	0.8236101578586136
SAMP-BAL	4	3.5356250741744315e-05	65	51	136	496	23	465	113	8	497.80833333333334	0.0471311475409836	0.16911764705882354	0.07371794871794872	0.934094447327452
SAMP-BAL	4	4.5397868702434395e-05	65	51	136	547	25	514	111	8	497.80833333333334	0.04638218923933209	0.18382352941176472	0.07407407407407407	1.0325259052178717
SAMP-BAL	4	5.829126566113865e-05	65	51	136	602	26	568	110	8	497.80833333333334	0.04377104377104377	0.19117647058823528	0.07123287671232877	1.1410013894236404
SAMP-BAL	4	7.484622751061123e-05	65	51	136	687	28	651	108	8	497.80833333333334	0.041237113402061855	0.20588235294117646	0.0687116564417178	1.3077322262584328
SAMP-BAL	4	9.610241549947396e-05	65	51	136	758	30	719	106	9	497.80833333333334	0.04005340453938585	0.22058823529411764	0.06779661016949153	1.4443309841471785
SAMP-BAL	4	0.00012339457598623172	65	51	136	874	32	833	104	9	497.80833333333334	0.03699421965317919	0.23529411764705882	0.06393606393606394	1.6733347841371344
SAMP-BAL	4	0.00015843621910252592	65	51	136	957	35	912	101	10	497.80833333333334	0.03695881731784583	0.25735294117647056	0.06463527239150507	1.8320303999196477
SAMP-BAL	4	0.00020342697805520653	65	51	136	1079	36	1033	100	10	497.80833333333334	0.03367633302151544	0.2647058823529412	0.05975103734439834	2.075095836751092
SAMP-BAL	4	0.0002611903190957194	65	51	136	1205	38	1157	98	10	497.80833333333334	0.031799163179916316	0.27941176470588236	0.05709992486851991	2.324187689371746
SAMP-BAL	4	0.0003353501304664781	65	51	136	1376	39	1327	97	10	497.80833333333334	0.02855051244509517	0.2867647058823529	0.05193075898801598	2.66568458409361
SAMP-BAL	4	0.0004305570813246149	65	51	136	1573	45	1518	91	10	497.80833333333334	0.028790786948176585	0.33088235294117646	0.052972336668628606	3.04936638933994
SAMP-BAL	4	0.0005527786369235996	65	51	136	1770	46	1713	90	11	497.80833333333334	0.026151222285389426	0.3382352941176471	0.04854881266490765	3.441083415638549
SAMP-BAL	4	0.0007096703991005881	65	51	136	2036	49	1976	87	11	497.80833333333334	0.02419753086419753	0.3602941176470588	0.04534937528921795	3.9693991998259035
SAMP-BAL	4	0.0009110511944006454	65	51	136	2304	52	2239	84	13	497.80833333333334	0.022697512003491925	0.38235294117647056	0.042851256695508856	4.497714984013258
SAMP-BAL	4	0.0011695102650555148	65	51	136	2514	55	2445	81	14	497.80833333333334	0.022	0.40441176470588236	0.0417298937784522	4.911528868205635
SAMP-BAL	4	0.0015011822567369917	65	51	136	2834	59	2760	77	15	497.80833333333334	0.02092940759134445	0.4338235294117647	0.03993231810490694	5.544302526072618
SAMP-BAL	4	0.0019267346633274757	65	51	136	3160	63	3081	73	16	497.80833333333334	0.020038167938931296	0.4632352941176471	0.03841463414634146	6.189129015518021
SAMP-BAL	4	0.0024726231566347743	65	51	136	3493	63	3414	73	16	497.80833333333334	0.0181190681622088	0.4632352941176471	0.034874065873235535	6.85806116812026
SAMP-BAL	4	0.0031726828424851893	65	51	136	3819	70	3733	66	16	497.80833333333334	0.018406521167499343	0.5147058823529411	0.03554201574003554	7.4988700470395235
SAMP-BAL	4	0.004070137715896128	65	51	136	4149	71	4062	65	16	497.80833333333334	0.017178804742317928	0.5220588235294118	0.033263059264464746	8.159766978589484
SAMP-BAL	4	0.005220125693558397	65	51	136	4514	78	4420	58	16	497.80833333333334	0.017341040462427744	0.5735294117647058	0.03366422097539922	8.878919262768468
SAMP-BAL	4	0.0066928509242848554	65	51	136	4817	80	4721	56	16	497.80833333333334	0.0166631951676734	0.5882352941176471	0.03240834514887583	9.483569646952475
SAMP-BAL	4	0.008577485413711984	65	51	136	5160	86	5057	50	17	497.80833333333334	0.016721757728951972	0.6323529411764706	0.03258192839552946	10.158528215343924
SAMP-BAL	4	0.01098694263059318	65	51	136	5441	93	5332	43	16	497.80833333333334	0.017142857142857144	0.6838235294117647	0.033447221722711744	10.710949662688115
SAMP-BAL	4	0.014063627043245475	65	51	136	5774	96	5662	40	16	497.80833333333334	0.01667245571378951	0.7058823529411765	0.032575500508992196	11.373855399501146
SAMP-BAL	4	0.01798620996209156	65	51	136	6015	98	5901	38	16	497.80833333333334	0.01633605600933489	0.7205882352941176	0.03194784026079869	11.853959857374827
SAMP-BAL	4	0.022977369910025615	65	51	136	6261	99	6146	37	16	497.80833333333334	0.015852682145716574	0.7279411764705882	0.031029619181946404	12.346117146826925
SAMP-BAL	4	0.02931223075135632	65	51	136	6341	99	6226	37	16	497.80833333333334	0.01565217391304348	0.7279411764705882	0.030645410927101067	12.506821567872509
SAMP-BAL	4	0.03732688734412946	65	51	136	6389	99	6274	37	16	497.80833333333334	0.015534285265965793	0.7279411764705882	0.0304194192656322	12.603244220499858
SAMP-BAL	4	0.04742587317756678	65	51	136	6328	99	6213	37	16	497.80833333333334	0.01568441064638783	0.7279411764705882	0.030707196029776673	12.4807070994526
SAMP-BAL	4	0.060086650174007626	65	51	136	6177	99	6062	37	16	497.80833333333334	0.016068819996753775	0.7279411764705882	0.03144354454502144	12.177377504729062
SAMP-BAL	4	0.07585818002124355	65	51	136	5909	100	5793	36	16	497.80833333333334	0.016969285593076533	0.7352941176470589	0.03317299718029524	11.637008888963289
SAMP-BAL	4	0.09534946489910949	65	51	136	5601	99	5486	37	16	497.80833333333334	0.017726051924798567	0.7279411764705882	0.0346093340325118	11.020305673200864
SAMP-BAL	4	0.11920292202211755	65	51	136	5148	99	5033	37	16	497.80833333333334	0.019290724863600936	0.7279411764705882	0.03758542141230068	10.11031688903025
SAMP-BAL	4	0.14804719803168948	65	51	136	4682	99	4566	37	17	497.80833333333334	0.02122186495176849	0.7279411764705882	0.04124140803999167	9.172204831176657
SAMP-BAL	4	0.18242552380635635	65	51	136	4178	97	4064	39	17	497.80833333333334	0.023311703917327564	0.7132352941176471	0.04514777751919944	8.163784589115624
SAMP-BAL	4	0.22270013882530884	65	51	136	3689	97	3575	39	17	497.80833333333334	0.0264161220043573	0.7132352941176471	0.050945378151260504	7.181478815474496
SAMP-BAL	4	0.2689414213699951	65	51	136	3254	97	3141	39	16	497.80833333333334	0.029956763434218655	0.7132352941176471	0.05749851807943094	6.309657331302208
SAMP-BAL	4	0.320821300824607	65	51	136	2802	96	2690	40	16	497.80833333333334	0.03445800430725054	0.7058823529411765	0.06570841889117043	5.403686157657733
SAMP-BAL	4	0.3775406687981454	65	51	136	2465	92	2358	44	15	497.80833333333334	0.037551020408163265	0.6764705882352942	0.0711523588553751	4.736762810318563
SAMP-BAL	4	0.43782349911420193	65	51	136	2125	92	2018	44	15	497.80833333333334	0.043601895734597156	0.6764705882352942	0.0819234194122885	4.053769020874834
SAMP-BAL	4	0.5	65	51	136	1792	90	1687	46	15	497.80833333333334	0.050647158131682614	0.6617647058823529	0.09409304756926294	3.3888544787987342
SAMP-BAL	4	0.5621765008857981	65	51	136	1528	86	1428	50	14	497.80833333333334	0.05680317040951123	0.6323529411764706	0.10424242424242425	2.868573915663659
SAMP-BAL	4	0.6224593312018546	65	51	136	1341	85	1243	51	13	497.80833333333334	0.06400602409638555	0.625	0.11612021857923498	2.496944941995748
SAMP-BAL	4	0.679178699175393	65	51	136	1178	80	1086	56	12	497.80833333333334	0.0686106346483705	0.5882352941176471	0.1228878648233487	2.1815625156937912
SAMP-BAL	4	0.7310585786300049	65	51	136	1040	75	953	61	12	497.80833333333334	0.07295719844357977	0.5514705882352942	0.12886597938144329	1.914391415705509
SAMP-BAL	4	0.7772998611746911	65	51	136	899	73	814	63	12	497.80833333333334	0.08229988726042842	0.5367647058823529	0.14271749755620725	1.6351674841388084
SAMP-BAL	4	0.8175744761936437	65	51	136	768	64	692	72	12	497.80833333333334	0.08465608465608465	0.47058823529411764	0.14349775784753363	1.3900932420442942
SAMP-BAL	4	0.8519528019683106	65	51	136	679	62	606	74	11	497.80833333333334	0.09281437125748503	0.45588235294117646	0.15422885572139303	1.2173359894202922
SAMP-BAL	4	0.8807970779778823	65	51	136	601	59	531	77	11	497.80833333333334	0.1	0.4338235294117647	0.162534435261708	1.0666755946900581
SAMP-BAL	4	0.9046505351008906	65	51	136	525	54	460	82	11	497.80833333333334	0.10505836575875487	0.39705882352941174	0.16615384615384615	0.924050421012103
SAMP-BAL	4	0.9241418199787566	65	51	136	468	49	409	87	10	497.80833333333334	0.10698689956331878	0.3602941176470588	0.16498316498316498	0.8216013525955438
SAMP-BAL	4	0.9399133498259924	65	51	136	411	46	355	90	10	497.80833333333334	0.11471321695760599	0.3382352941176471	0.1713221601489758	0.7131258683897752
SAMP-BAL	4	0.9525741268224334	65	51	136	360	41	309	95	10	497.80833333333334	0.11714285714285715	0.3014705882352941	0.16872427983539096	0.6207208262885648
SAMP-BAL	4	0.9626731126558706	65	51	136	314	37	267	99	10	497.80833333333334	0.12171052631578948	0.27205882352941174	0.16818181818181818	0.5363510052396337
SAMP-BAL	4	0.9706877692486436	65	51	136	273	30	234	106	9	497.80833333333334	0.11363636363636363	0.22058823529411764	0.15	0.47006043155833066
SAMP-BAL	4	0.9770226300899744	65	51	136	242	27	208	109	7	497.80833333333334	0.1148936170212766	0.19852941176470587	0.14555256064690028	0.41783149471851616
SAMP-BAL	4	0.9820137900379085	65	51	136	219	26	186	110	7	497.80833333333334	0.12264150943396226	0.19117647058823528	0.14942528735632185	0.3736377789309808
SAMP-BAL	4	0.9859363729567544	65	51	136	198	22	170	114	6	497.80833333333334	0.11458333333333333	0.16176470588235295	0.13414634146341464	0.3414968947218642
SAMP-BAL	4	0.9890130573694068	65	51	136	184	21	158	115	5	497.80833333333334	0.11731843575418995	0.15441176470588236	0.13333333333333333	0.3173912315650267
SAMP-BAL	4	0.991422514586288	65	51	136	169	19	146	117	4	497.80833333333334	0.11515151515151516	0.13970588235294118	0.12624584717607973	0.2932855684081892
SAMP-BAL	4	0.9933071490757153	65	51	136	163	17	142	119	4	497.80833333333334	0.1069182389937107	0.125	0.1152542372881356	0.2852503473559101
SAMP-BAL	4	0.9947798743064417	65	51	136	160	16	140	120	4	497.80833333333334	0.10256410256410256	0.11764705882352941	0.1095890410958904	0.2812327368297705
SAMP-BAL	4	0.995929862284104	65	51	136	152	14	135	122	3	497.80833333333334	0.09395973154362416	0.10294117647058823	0.09824561403508772	0.27118871051442156
SAMP-BAL	4	0.9968273171575148	65	51	136	145	12	130	124	3	497.80833333333334	0.08450704225352113	0.08823529411764706	0.08633093525179857	0.2611446841990726
SAMP-BAL	4	0.9975273768433653	65	51	136	135	11	121	125	3	497.80833333333334	0.08333333333333333	0.08088235294117647	0.08208955223880597	0.2430654368314445
SAMP-BAL	4	0.9980732653366725	65	51	136	131	10	118	126	3	497.80833333333334	0.078125	0.07352941176470588	0.07575757575757576	0.23703902104223512
SAMP-BAL	4	0.998498817743263	65	51	136	123	9	111	127	3	497.80833333333334	0.075	0.0661764705882353	0.0703125	0.22297738420074661
SAMP-BAL	4	0.9988304897349445	65	51	136	114	7	104	129	3	497.80833333333334	0.06306306306306306	0.051470588235294115	0.05668016194331984	0.20891574735925808
SAMP-BAL	4	0.9990889488055994	65	51	136	108	6	99	130	3	497.80833333333334	0.05714285714285714	0.04411764705882353	0.04979253112033195	0.19887172104390913
SAMP-BAL	4	0.9992903296008995	65	51	136	102	4	95	132	3	497.80833333333334	0.04040404040404041	0.029411764705882353	0.03404255319148936	0.19083649999162997
SAMP-BAL	4	0.9994472213630764	65	51	136	98	4	91	132	3	497.80833333333334	0.042105263157894736	0.029411764705882353	0.03463203463203463	0.18280127893935083
SAMP-BAL	4	0.9995694429186754	65	51	136	96	3	90	133	3	497.80833333333334	0.03225806451612903	0.022058823529411766	0.026200873362445413	0.18079247367628104
SAMP-BAL	4	0.9996646498695336	65	51	136	89	2	85	134	2	497.80833333333334	0.022988505747126436	0.014705882352941176	0.017937219730941704	0.1707484473609321
SAMP-BAL	4	0.9997388096809043	65	51	136	92	2	88	134	2	497.80833333333334	0.022222222222222223	0.014705882352941176	0.017699115044247787	0.17677486315014146
SAMP-BAL	4	0.9997965730219448	65	51	136	95	2	91	134	2	497.80833333333334	0.021505376344086023	0.014705882352941176	0.017467248908296942	0.18280127893935083
SAMP-BAL	4	0.9998415637808975	65	51	136	105	2	101	134	2	497.80833333333334	0.019417475728155338	0.014705882352941176	0.016736401673640166	0.2028893315700487
SAMP-BAL	4	0.9998766054240137	65	51	136	111	2	107	134	2	497.80833333333334	0.01834862385321101	0.014705882352941176	0.0163265306122449	0.21494216314846745
SAMP-BAL	4	0.9999038975845005	65	51	136	105	2	101	134	2	497.80833333333334	0.019417475728155338	0.014705882352941176	0.016736401673640166	0.2028893315700487
SAMP-BAL	4	0.9999251537724895	65	51	136	87	1	84	135	2	497.80833333333334	0.011764705882352941	0.007352941176470588	0.00904977375565611	0.1687396420978623
SAMP-BAL	4	0.9999417087343389	65	51	136	78	1	76	135	1	497.80833333333334	0.012987012987012988	0.007352941176470588	0.009389671361502348	0.15266919999330397
SAMP-BAL	4	0.9999546021312976	65	51	136	78	1	76	135	1	497.80833333333334	0.012987012987012988	0.007352941176470588	0.009389671361502348	0.15266919999330397
SAMP-BAL	4	0.9999646437492582	65	51	136	79	1	78	135	0	497.80833333333334	0.012658227848101266	0.007352941176470588	0.009302325581395349	0.15668681051944355
SAMP-BAL	4	0.9999724643088853	65	51	136	73	1	72	135	0	497.80833333333334	0.0136986301369863	0.007352941176470588	0.009569377990430622	0.14463397894102484
SAMP-BAL	4	0.9999785550515792	65	51	136	64	1	63	135	0	497.80833333333334	0.015625	0.007352941176470588	0.01	0.12655473157339672
SAMP-BAL	4	0.999983298578152	65	51	136	59	1	58	135	0	497.80833333333334	0.01694915254237288	0.007352941176470588	0.010256410256410256	0.11651070525804777
SAMP-BAL	4	0.9999869928715335	65	51	136	54	1	53	135	0	497.80833333333334	0.018518518518518517	0.007352941176470588	0.010526315789473684	0.10646667894269883
SAMP-BAL	4	0.9999898700090192	65	51	136	48	1	47	135	0	497.80833333333334	0.020833333333333332	0.007352941176470588	0.010869565217391304	0.09441384736428009
SAMP-BAL	4	0.9999921107374138	65	51	136	42	1	41	135	0	497.80833333333334	0.023809523809523808	0.007352941176470588	0.011235955056179775	0.08236101578586136
SAMP-BAL	4	0.9999938558253978	65	51	136	41	0	41	136	0	497.80833333333334	0.0	0.0	0.0	0.08236101578586136
SAMP-BAL	4	0.9999952149055051	65	51	136	41	0	41	136	0	497.80833333333334	0.0	0.0	0.0	0.08236101578586136
SAMP-BAL	4	0.9999962733607158	65	51	136	40	0	40	136	0	497.80833333333334	0.0	0.0	0.0	0.08035221052279157
SAMP-BAL	4	0.9999970976880148	65	51	136	38	0	38	136	0	497.80833333333334	0.0	0.0	0.0	0.07633459999665199
SAMP-BAL	4	0.999997739675702	65	51	136	36	0	36	136	0	497.80833333333334	0.0	0.0	0.0	0.07231698947051242
SAMP-BAL	4	0.9999982396567868	65	51	136	36	0	36	136	0	497.80833333333334	0.0	0.0	0.0	0.07231698947051242
SAMP-BAL	4	0.999998629042793	65	51	136	35	0	35	136	0	497.80833333333334	0.0	0.0	0.0	0.07030818420744263
SAMP-BAL	4	0.9999989322971299	65	51	136	33	0	33	136	0	497.80833333333334	0.0	0.0	0.0	0.06629057368130305
SAMP-BAL	4	0.9999991684719722	65	51	136	33	0	33	136	0	497.80833333333334	0.0	0.0	0.0	0.06629057368130305
SAMP-BAL	4	0.9999993524052017	65	51	136	33	0	33	136	0	497.80833333333334	0.0	0.0	0.0	0.06629057368130305
SAMP-BAL	4	0.9999994956525918	65	51	136	33	0	33	136	0	497.80833333333334	0.0	0.0	0.0	0.06629057368130305
SAMP-BAL	4	0.9999996072137998	65	51	136	33	0	33	136	0	497.80833333333334	0.0	0.0	0.0	0.06629057368130305
SAMP-BAL	4	0.999999694097773	65	51	136	33	0	33	136	0	497.80833333333334	0.0	0.0	0.0	0.06629057368130305
SAMP-BAL	4	0.9999997617630899	65	51	136	31	0	31	136	0	497.80833333333334	0.0	0.0	0.0	0.062272963155163466
SAMP-BAL	4	0.9999998144608981	65	51	136	31	0	31	136	0	497.80833333333334	0.0	0.0	0.0	0.062272963155163466
SAMP-BAL	4	0.9999998555019962	65	51	136	31	0	31	136	0	497.80833333333334	0.0	0.0	0.0	0.062272963155163466
SAMP-BAL	4	0.9999998874648379	65	51	136	31	0	31	136	0	497.80833333333334	0.0	0.0	0.0	0.062272963155163466
SAMP-BAL	4	1.0	65	51	136	30	0	30	136	0	497.80833333333334	0.0	0.0	0.0	0.060264157892093675
SAMP-BAL	4	1.0000000000000002	65	51	136	0	0	0	136	0	497.80833333333334		0.0	0.0	0.0
RISK-BAL	4	1.12535162055095e-07	65	51	136	5777	85	5681	51	11	497.80833333333334	0.014741588622962192	0.625	0.02880379532361911	11.412022699499472
RISK-BAL	4	1.4449800373124837e-07	65	51	136	5747	85	5651	51	11	497.80833333333334	0.014818688981868899	0.625	0.028950953678474115	11.35175854160738
RISK-BAL	4	1.8553910183683314e-07	65	51	136	5710	85	5614	51	11	497.80833333333334	0.014914897350412354	0.625	0.02913453299057412	11.277432746873798
RISK-BAL	4	2.38236909993343e-07	65	51	136	5700	85	5604	51	11	497.80833333333334	0.014941114431358763	0.625	0.029184549356223177	11.257344694243098
RISK-BAL	4	3.059022269256247e-07	65	51	136	5657	85	5561	51	11	497.80833333333334	0.015054906128232378	0.625	0.02940159114493255	11.170966067931097
RISK-BAL	4	3.927862002670442e-07	65	51	136	5612	85	5516	51	11	497.80833333333334	0.01517586145331191	0.625	0.02963221195746906	11.080569831092957
RISK-BAL	4	5.043474082014517e-07	65	51	136	5576	85	5480	51	11	497.80833333333334	0.015274034141958671	0.625	0.02981932994211542	11.008252841622445
RISK-BAL	4	6.475947982049267e-07	65	51	136	5533	85	5437	51	11	497.80833333333334	0.015392973560304238	0.625	0.030045952633439378	10.921874215310444
RISK-BAL	4	8.315280276641321e-07	65	51	136	5479	85	5383	51	11	497.80833333333334	0.01554498902706657	0.625	0.03033547466095646	10.813398731104675
RISK-BAL	4	1.067702870044147e-06	65	51	136	5422	85	5326	51	11	497.80833333333334	0.015708741452596563	0.625	0.030647196682891654	10.698896831109698
RISK-BAL	4	1.3709572068578448e-06	65	51	136	5384	86	5287	50	11	497.80833333333334	0.016005955704448165	0.6323529411764706	0.031221637320747866	10.620553425849975
RISK-BAL	4	1.7603432133424856e-06	65	51	136	5333	86	5236	50	11	497.80833333333334	0.01615933859451334	0.6323529411764706	0.031513374862587026	10.518104357433417
RISK-BAL	4	2.2603242979035746e-06	65	51	136	5273	86	5176	50	11	497.80833333333334	0.016343595591030026	0.6323529411764706	0.0318636532048907	10.397576041649229
RISK-BAL	4	2.902311985211097e-06	65	51	136	5228	86	5131	50	11	497.80833333333334	0.016484569676059036	0.6323529411764706	0.03213151503829628	10.307179804811089
RISK-BAL	4	3.726639284186561e-06	65	51	136	5157	86	5060	50	11	497.80833333333334	0.01671200932763311	0.6323529411764706	0.03256342294585384	10.164554631133134
RISK-BAL	4	4.785094494890119e-06	65	51	136	5082	86	4985	50	11	497.80833333333334	0.01695917964898442	0.6323529411764706	0.03303245630881506	10.0138942364029
RISK-BAL	4	6.144174602214718e-06	65	51	136	5014	86	4917	50	11	497.80833333333334	0.017189686188287027	0.6323529411764706	0.03346954660439774	9.877295478514153
RISK-BAL	4	7.889262586245034e-06	65	51	136	4955	86	4858	50	11	497.80833333333334	0.017394822006472493	0.6323529411764706	0.03385826771653543	9.758775967993037
RISK-BAL	4	1.0129990980873921e-05	65	51	136	4884	86	4787	50	11	497.80833333333334	0.017648265955263698	0.6323529411764706	0.03433819125573967	9.61615079431508
RISK-BAL	4	1.3007128466476033e-05	65	51	136	4814	86	4717	50	11	497.80833333333334	0.017905475744326462	0.6323529411764706	0.03482486333265843	9.475534425900197
RISK-BAL	4	1.670142184809518e-05	65	51	136	4761	86	4664	50	11	497.80833333333334	0.018105263157894735	0.6323529411764706	0.03520261972984036	9.369067746957496
RISK-BAL	4	2.144494842091395e-05	65	51	136	4677	85	4581	51	11	497.80833333333334	0.018216888126875268	0.625	0.03540191586838817	9.202336910122705
RISK-BAL	4	2.7535691114583473e-05	65	51	136	4600	85	4504	51	11	497.80833333333334	0.018522553933318805	0.625	0.03597883597883598	9.047658904866331
RISK-BAL	4	3.5356250741744315e-05	65	51	136	4515	85	4419	51	11	497.80833333333334	0.018872113676731795	0.625	0.036637931034482756	8.8769104575054
RISK-BAL	4	4.5397868702434395e-05	65	51	136	4446	85	4350	51	11	497.80833333333334	0.019165727170236752	0.625	0.037190986654998905	8.738302894353582
RISK-BAL	4	5.829126566113865e-05	65	51	136	4355	83	4261	53	11	497.80833333333334	0.01910681399631676	0.6102941176470589	0.03705357142857143	8.559519225940372
RISK-BAL	4	7.484622751061123e-05	65	51	136	4277	82	4184	54	11	497.80833333333334	0.01922175339896859	0.6029411764705882	0.0372557928214448	8.404841220683998
RISK-BAL	4	9.610241549947396e-05	65	51	136	4218	82	4125	54	11	497.80833333333334	0.01949132398383646	0.6029411764705882	0.03776191572645637	8.28632171016288
RISK-BAL	4	0.00012339457598623172	65	51	136	4143	82	4050	54	11	497.80833333333334	0.01984511132623427	0.6029411764705882	0.038425492033739454	8.135661315432646
RISK-BAL	4	0.00015843621910252592	65	51	136	4063	82	3970	54	11	497.80833333333334	0.020236920039486673	0.6029411764705882	0.039159503342884434	7.974956894387064
RISK-BAL	4	0.00020342697805520653	65	51	136	3956	82	3863	54	11	497.80833333333334	0.020785804816223066	0.6029411764705882	0.04018622886547415	7.760014731238596
RISK-BAL	4	0.0002611903190957194	65	51	136	3863	82	3770	54	11	497.80833333333334	0.021287642782969886	0.6029411764705882	0.041123370110330994	7.573195841773106
RISK-BAL	4	0.0003353501304664781	65	51	136	3793	81	3701	55	11	497.80833333333334	0.02141723955579059	0.5955882352941176	0.04134762633996937	7.43458827862129
RISK-BAL	4	0.0004305570813246149	65	51	136	3689	80	3598	56	11	497.80833333333334	0.021750951604132682	0.5882352941176471	0.04195070791819612	7.227681336525102
RISK-BAL	4	0.0005527786369235996	65	51	136	3603	80	3512	56	11	497.80833333333334	0.022271714922048998	0.5882352941176471	0.04291845493562232	7.0549240839011
RISK-BAL	4	0.0007096703991005881	65	51	136	3542	80	3451	56	11	497.80833333333334	0.022656471254602097	0.5882352941176471	0.0436323970548132	6.932386962853843
RISK-BAL	4	0.0009110511944006454	65	51	136	3471	80	3380	56	11	497.80833333333334	0.023121387283236993	0.5882352941176471	0.04449388209121246	6.789761789175888
RISK-BAL	4	0.0011695102650555148	65	51	136	3395	79	3305	57	11	497.80833333333334	0.0233451536643026	0.5808823529411765	0.044886363636363634	6.639101394445653
RISK-BAL	4	0.0015011822567369917	65	51	136	3325	79	3235	57	11	497.80833333333334	0.02383826191913096	0.5808823529411765	0.04579710144927536	6.498485026030768
RISK-BAL	4	0.0019267346633274757	65	51	136	3249	78	3160	58	11	497.80833333333334	0.024088943792464484	0.5735294117647058	0.046235921754593956	6.347824631300534
RISK-BAL	4	0.0024726231566347743	65	51	136	3177	78	3088	58	11	497.80833333333334	0.024636765634870498	0.5735294117647058	0.047244094488188976	6.203190652359509
RISK-BAL	4	0.0031726828424851893	65	51	136	3117	78	3028	58	11	497.80833333333334	0.025112685125563427	0.5735294117647058	0.048118445404071564	6.082662336575321
RISK-BAL	4	0.004070137715896128	65	51	136	3045	77	2957	59	11	497.80833333333334	0.025379037574159526	0.5661764705882353	0.04858044164037855	5.940037162897367
RISK-BAL	4	0.005220125693558397	65	51	136	2965	77	2877	59	11	497.80833333333334	0.026066350710900472	0.5661764705882353	0.04983818770226537	5.779332741851784
RISK-BAL	4	0.0066928509242848554	65	51	136	2906	77	2818	59	11	497.80833333333334	0.026597582037996545	0.5661764705882353	0.050808314087759814	5.660813231330666
RISK-BAL	4	0.008577485413711984	65	51	136	2843	77	2755	59	11	497.80833333333334	0.027189265536723163	0.5661764705882353	0.05188679245283019	5.53425849975727
RISK-BAL	4	0.01098694263059318	65	51	136	2770	76	2683	60	11	497.80833333333334	0.027546212395795577	0.5588235294117647	0.052504317789291884	5.389624520816245
RISK-BAL	4	0.014063627043245475	65	51	136	2712	76	2625	60	11	497.80833333333334	0.028137726767863754	0.5588235294117647	0.053577722946774764	5.2731138155581965
RISK-BAL	4	0.01798620996209156	65	51	136	2653	74	2568	62	11	497.80833333333334	0.028009084027252083	0.5441176470588235	0.05327573794096472	5.158611915563219
RISK-BAL	4	0.022977369910025615	65	51	136	2596	74	2511	62	11	497.80833333333334	0.02862669245647969	0.5441176470588235	0.0543917677324513	5.044110015568241
RISK-BAL	4	0.02931223075135632	65	51	136	2532	74	2447	62	11	497.80833333333334	0.029353431178103927	0.5441176470588235	0.055701919458035376	4.915546478731774
RISK-BAL	4	0.03732688734412946	65	51	136	2474	74	2389	62	11	497.80833333333334	0.030044660982541615	0.5441176470588235	0.05694497883801462	4.799035773473727
RISK-BAL	4	0.04742587317756678	65	51	136	2414	74	2329	62	11	497.80833333333334	0.03079483978360383	0.5441176470588235	0.0582906656163844	4.678507457689539
RISK-BAL	4	0.060086650174007626	65	51	136	2359	73	2275	63	11	497.80833333333334	0.031090289608177172	0.5367647058823529	0.05877616747181964	4.57003197348377
RISK-BAL	4	0.07585818002124355	65	51	136	2305	72	2222	64	11	497.80833333333334	0.03138622493461203	0.5294117647058824	0.05925925925925926	4.4635652945410715
RISK-BAL	4	0.09534946489910949	65	51	136	2254	72	2171	64	11	497.80833333333334	0.03209986625055729	0.5294117647058824	0.0605296343001261	4.361116226124512
RISK-BAL	4	0.11920292202211755	65	51	136	2199	71	2117	65	11	497.80833333333334	0.03244972577696526	0.5220588235294118	0.06110154905335628	4.252640741918744
RISK-BAL	4	0.14804719803168948	65	51	136	2133	71	2051	65	11	497.80833333333334	0.03345900094250707	0.5220588235294118	0.06288751107174491	4.120059594556138
RISK-BAL	4	0.18242552380635635	65	51	136	2087	72	2004	64	11	497.80833333333334	0.03468208092485549	0.5294117647058824	0.0650994575045208	4.025645747191858
RISK-BAL	4	0.22270013882530884	65	51	136	2041	72	1958	64	11	497.80833333333334	0.035467980295566505	0.5294117647058824	0.0664819944598338	3.9332407050906473
RISK-BAL	4	0.2689414213699951	65	51	136	1994	72	1911	64	11	497.80833333333334	0.036308623298033284	0.5294117647058824	0.06795658329400661	3.8388268577263673
RISK-BAL	4	0.320821300824607	65	51	136	1952	72	1869	64	11	497.80833333333334	0.03709428129829984	0.5294117647058824	0.0693307655272027	3.754457036677436
RISK-BAL	4	0.3775406687981454	65	51	136	1912	72	1829	64	11	497.80833333333334	0.03787480273540242	0.5294117647058824	0.07069219440353461	3.6741048261546445
RISK-BAL	4	0.43782349911420193	65	51	136	1879	72	1796	64	11	497.80833333333334	0.03854389721627409	0.5294117647058824	0.0718562874251497	3.6078142524733416
RISK-BAL	4	0.5	65	51	136	1854	71	1772	65	11	497.80833333333334	0.0385241454150841	0.5220588235294118	0.0717534108135422	3.5596029261596667
RISK-BAL	4	0.5621765008857981	65	51	136	1821	71	1739	65	11	497.80833333333334	0.039226519337016576	0.5220588235294118	0.07297019527235354	3.4933123524783634
RISK-BAL	4	0.6224593312018546	65	51	136	1777	70	1697	66	10	497.80833333333334	0.039615166949632144	0.5147058823529411	0.07356805044666316	3.408942531429432
RISK-BAL	4	0.679178699175393	65	51	136	1736	68	1658	68	10	497.80833333333334	0.039397450753186555	0.5	0.07303974221267455	3.3305991261697105
RISK-BAL	4	0.7310585786300049	65	51	136	1696	68	1618	68	10	497.80833333333334	0.04033214709371293	0.5	0.07464324917672886	3.250246915646919
RISK-BAL	4	0.7772998611746911	65	51	136	1666	68	1588	68	10	497.80833333333334	0.04106280193236715	0.5	0.07589285714285714	3.189982757754825
RISK-BAL	4	0.8175744761936437	65	51	136	1631	68	1553	68	10	497.80833333333334	0.041949413942011106	0.5	0.07740466704610131	3.1196745735473828
RISK-BAL	4	0.8519528019683106	65	51	136	1597	67	1520	69	10	497.80833333333334	0.04221802142407057	0.49264705882352944	0.07777132907719095	3.0533839998660794
RISK-BAL	4	0.8807970779778823	65	51	136	1563	66	1487	70	10	497.80833333333334	0.04249839021249195	0.4852941176470588	0.07815275310834814	2.9870934261847766
RISK-BAL	4	0.9046505351008906	65	51	136	1524	65	1449	71	10	497.80833333333334	0.042932628797886396	0.47794117647058826	0.07878787878787878	2.9107588261881245
RISK-BAL	4	0.9241418199787566	65	51	136	1493	65	1419	71	9	497.80833333333334	0.04380053908355795	0.47794117647058826	0.08024691358024691	2.850494668296031
RISK-BAL	4	0.9399133498259924	65	51	136	1460	63	1388	73	9	497.80833333333334	0.043418332184700204	0.4632352941176471	0.07939508506616257	2.7882217051408675
RISK-BAL	4	0.9525741268224334	65	51	136	1434	62	1363	74	9	497.80833333333334	0.04350877192982456	0.45588235294117646	0.07943625880845612	2.7380015735641225
RISK-BAL	4	0.9626731126558706	65	51	136	1403	61	1333	75	9	497.80833333333334	0.04375896700143472	0.4485294117647059	0.07973856209150326	2.677737415672029
RISK-BAL	4	0.9706877692486436	65	51	136	1382	61	1312	75	9	497.80833333333334	0.04442825928623452	0.4485294117647059	0.08084824387011266	2.6355525051475635
RISK-BAL	4	0.9770226300899744	65	51	136	1360	61	1290	75	9	497.80833333333334	0.04515173945225759	0.4485294117647059	0.082044384667115	2.591358789360028
RISK-BAL	4	0.9820137900379085	65	51	136	1328	60	1259	76	9	497.80833333333334	0.045489006823351025	0.4411764705882353	0.08247422680412371	2.5290858262048648
RISK-BAL	4	0.9859363729567544	65	51	136	1313	59	1245	77	9	497.80833333333334	0.04524539877300614	0.4338235294117647	0.08194444444444444	2.5009625525218877
RISK-BAL	4	0.9890130573694068	65	51	136	1288	59	1220	77	9	497.80833333333334	0.046129788897576234	0.4338235294117647	0.0833922261484099	2.4507424209451427
RISK-BAL	4	0.991422514586288	65	51	136	1268	58	1201	78	9	497.80833333333334	0.046068308181096106	0.4264705882352941	0.08315412186379928	2.412575120946817
RISK-BAL	4	0.9933071490757153	65	51	136	1242	55	1178	81	9	497.80833333333334	0.04460665044606651	0.40441176470588236	0.08035062089116143	2.3663725998962115
RISK-BAL	4	0.9947798743064417	65	51	136	1223	55	1159	81	9	497.80833333333334	0.045304777594728174	0.40441176470588236	0.08148148148148149	2.3282052998978857
RISK-BAL	4	0.995929862284104	65	51	136	1200	54	1137	82	9	497.80833333333334	0.04534005037783375	0.39705882352941174	0.08138658628485305	2.2840115841103503
RISK-BAL	4	0.9968273171575148	65	51	136	1184	53	1122	83	9	497.80833333333334	0.0451063829787234	0.3897058823529412	0.08085430968726164	2.2538795051643037
RISK-BAL	4	0.9975273768433653	65	51	136	1169	53	1107	83	9	497.80833333333334	0.045689655172413794	0.3897058823529412	0.08179012345679013	2.2237474262182566
RISK-BAL	4	0.9980732653366725	65	51	136	1145	52	1085	84	8	497.80833333333334	0.04573438874230431	0.38235294117647056	0.0816967792615868	2.179553710430721
RISK-BAL	4	0.998498817743263	65	51	136	1121	52	1061	84	8	497.80833333333334	0.04672057502246182	0.38235294117647056	0.08326661329063251	2.1313423841170462
RISK-BAL	4	0.9988304897349445	65	51	136	1104	52	1044	84	8	497.80833333333334	0.04744525547445255	0.38235294117647056	0.08441558441558442	2.09719269464486
RISK-BAL	4	0.9990889488055994	65	51	136	1082	52	1022	84	8	497.80833333333334	0.048417132216014895	0.38235294117647056	0.0859504132231405	2.0529989788573246
RISK-BAL	4	0.9992903296008995	65	51	136	1060	52	1000	84	8	497.80833333333334	0.049429657794676805	0.38235294117647056	0.08754208754208755	2.0088052630697892
RISK-BAL	4	0.9994472213630764	65	51	136	1049	52	989	84	8	497.80833333333334	0.049951969260326606	0.38235294117647056	0.08836023789294817	1.9867084051760215
RISK-BAL	4	0.9995694429186754	65	51	136	1032	52	972	84	8	497.80833333333334	0.05078125	0.38235294117647056	0.0896551724137931	1.952558715703835
RISK-BAL	4	0.9996646498695336	65	51	136	1007	51	948	85	8	497.80833333333334	0.05105105105105105	0.375	0.08986784140969163	1.9043473893901601
RISK-BAL	4	0.9997388096809043	65	51	136	985	50	927	86	8	497.80833333333334	0.0511770726714432	0.36764705882352944	0.08984725965858041	1.8621624788656945
RISK-BAL	4	0.9997965730219448	65	51	136	967	49	910	87	8	497.80833333333334	0.051094890510948905	0.3602941176470588	0.08949771689497717	1.828012789393508
RISK-BAL	4	0.9998415637808975	65	51	136	957	49	900	87	8	497.80833333333334	0.051633298208640675	0.3602941176470588	0.09032258064516129	1.8079247367628104
RISK-BAL	4	0.9998766054240137	65	51	136	943	49	886	87	8	497.80833333333334	0.052406417112299465	0.3602941176470588	0.0915032679738562	1.7798014630798333
RISK-BAL	4	0.9999038975845005	65	51	136	918	49	861	87	8	497.80833333333334	0.05384615384615385	0.3602941176470588	0.09369024856596558	1.7295813315030886
RISK-BAL	4	0.9999251537724895	65	51	136	903	48	847	88	8	497.80833333333334	0.053631284916201116	0.35294117647058826	0.09311348205625607	1.7014580578201115
RISK-BAL	4	0.9999417087343389	65	51	136	888	48	832	88	8	497.80833333333334	0.05454545454545454	0.35294117647058826	0.09448818897637795	1.6713259788740646
RISK-BAL	4	0.9999546021312976	65	51	136	871	48	815	88	8	497.80833333333334	0.055619930475086905	0.35294117647058826	0.0960960960960961	1.6371762894018782
RISK-BAL	4	0.9999646437492582	65	51	136	856	47	801	89	8	497.80833333333334	0.055424528301886794	0.34558823529411764	0.09552845528455285	1.6090530157189011
RISK-BAL	4	0.9999724643088853	65	51	136	837	46	783	90	8	497.80833333333334	0.05548854041013269	0.3382352941176471	0.09533678756476684	1.572894520983645
RISK-BAL	4	0.9999785550515792	65	51	136	826	44	774	92	8	497.80833333333334	0.05378973105134474	0.3235294117647059	0.09224318658280922	1.5548152736160168
RISK-BAL	4	0.999983298578152	65	51	136	817	44	765	92	8	497.80833333333334	0.054388133498145856	0.3235294117647059	0.09312169312169312	1.5367360262483887
RISK-BAL	4	0.9999869928715335	65	51	136	800	44	748	92	8	497.80833333333334	0.05555555555555555	0.3235294117647059	0.09482758620689655	1.5025863367762022
RISK-BAL	4	0.9999898700090192	65	51	136	785	43	734	93	8	497.80833333333334	0.055341055341055344	0.3161764705882353	0.09419496166484119	1.4744630630932254
RISK-BAL	4	0.9999921107374138	65	51	136	777	42	727	94	8	497.80833333333334	0.054616384915474644	0.3088235294117647	0.09281767955801105	1.4604014262517369
RISK-BAL	4	0.9999938558253978	65	51	136	767	42	717	94	8	497.80833333333334	0.05533596837944664	0.3088235294117647	0.09385474860335195	1.440313373621039
RISK-BAL	4	0.9999952149055051	65	51	136	760	41	711	95	8	497.80833333333334	0.05452127659574468	0.3014705882352941	0.09234234234234234	1.4282605420426202
RISK-BAL	4	0.9999962733607158	65	51	136	748	41	699	95	8	497.80833333333334	0.05540540540540541	0.3014705882352941	0.09360730593607305	1.4041548788857827
RISK-BAL	4	0.9999970976880148	65	51	136	740	40	693	96	7	497.80833333333334	0.054570259208731244	0.29411764705882354	0.09205983889528194	1.392102047307364
RISK-BAL	4	0.999997739675702	65	51	136	727	40	680	96	7	497.80833333333334	0.05555555555555555	0.29411764705882354	0.09345794392523364	1.3659875788874567
RISK-BAL	4	0.9999982396567868	65	51	136	711	40	664	96	7	497.80833333333334	0.056818181818181816	0.29411764705882354	0.09523809523809523	1.33384669467834
RISK-BAL	4	0.999998629042793	65	51	136	697	39	651	97	7	497.80833333333334	0.05652173913043478	0.2867647058823529	0.09443099273607748	1.3077322262584328
RISK-BAL	4	0.9999989322971299	65	51	136	680	40	633	96	7	497.80833333333334	0.05943536404160475	0.29411764705882354	0.09888751545117429	1.2715737315231765
RISK-BAL	4	0.9999991684719722	65	51	136	665	40	618	96	7	497.80833333333334	0.060790273556231005	0.29411764705882354	0.10075566750629723	1.2414416525771297
RISK-BAL	4	0.9999993524052017	65	51	136	658	40	611	96	7	497.80833333333334	0.06144393241167435	0.29411764705882354	0.10165184243964422	1.2273800157356411
RISK-BAL	4	0.9999994956525918	65	51	136	650	40	603	96	7	497.80833333333334	0.06220839813374806	0.29411764705882354	0.10269576379974327	1.2113095736310828
RISK-BAL	4	0.9999996072137998	65	51	136	635	40	588	96	7	497.80833333333334	0.06369426751592357	0.29411764705882354	0.10471204188481675	1.181177494685036
RISK-BAL	4	0.999999694097773	65	51	136	621	40	574	96	7	497.80833333333334	0.06514657980456026	0.29411764705882354	0.10666666666666667	1.1530542210020591
RISK-BAL	4	0.9999997617630899	65	51	136	608	40	561	96	7	497.80833333333334	0.06655574043261231	0.29411764705882354	0.10854816824966079	1.1269397525821518
RISK-BAL	4	0.9999998144608981	65	51	136	608	40	561	96	7	497.80833333333334	0.06655574043261231	0.29411764705882354	0.10854816824966079	1.1269397525821518
RISK-BAL	4	0.9999998555019962	65	51	136	608	40	561	96	7	497.80833333333334	0.06655574043261231	0.29411764705882354	0.10854816824966079	1.1269397525821518
RISK-BAL	4	0.9999998874648379	65	51	136	565	38	520	98	7	497.80833333333334	0.06810035842293907	0.27941176470588236	0.10951008645533142	1.0445787367962904
RISK-BAL	4	1.0	65	51	136	565	38	520	98	7	497.80833333333334	0.06810035842293907	0.27941176470588236	0.10951008645533142	1.0445787367962904
RISK-BAL	4	1.0000000000000002	65	51	136	0	0	0	136	0	497.80833333333334		0.0	0.0	0.0
RISK-NAT	4	1.12535162055095e-07	65	51	136	92	11	77	125	4	497.80833333333334	0.125	0.08088235294117647	0.09821428571428571	0.15467800525637376
RISK-NAT	4	1.4449800373124837e-07	65	51	136	92	11	77	125	4	497.80833333333334	0.125	0.08088235294117647	0.09821428571428571	0.15467800525637376
RISK-NAT	4	1.8553910183683314e-07	65	51	136	93	11	78	125	4	497.80833333333334	0.12359550561797752	0.08088235294117647	0.09777777777777778	0.15668681051944355
RISK-NAT	4	2.38236909993343e-07	65	51	136	94	11	79	125	4	497.80833333333334	0.12222222222222222	0.08088235294117647	0.09734513274336283	0.15869561578251334
RISK-NAT	4	3.059022269256247e-07	65	51	136	95	11	80	125	4	497.80833333333334	0.12087912087912088	0.08088235294117647	0.09691629955947137	0.16070442104558313
RISK-NAT	4	3.927862002670442e-07	65	51	136	96	11	81	125	4	497.80833333333334	0.11956521739130435	0.08088235294117647	0.09649122807017543	0.16271322630865293
RISK-NAT	4	5.043474082014517e-07	65	51	136	101	11	86	125	4	497.80833333333334	0.1134020618556701	0.08088235294117647	0.0944206008583691	0.17275725262400188
RISK-NAT	4	6.475947982049267e-07	65	51	136	104	11	89	125	4	497.80833333333334	0.11	0.08088235294117647	0.09322033898305085	0.17878366841321125
RISK-NAT	4	8.315280276641321e-07	65	51	136	108	11	93	125	4	497.80833333333334	0.10576923076923077	0.08088235294117647	0.09166666666666666	0.1868188894654904
RISK-NAT	4	1.067702870044147e-06	65	51	136	113	11	97	125	5	497.80833333333334	0.10185185185185185	0.08088235294117647	0.09016393442622951	0.19485411051776955
RISK-NAT	4	1.3709572068578448e-06	65	51	136	117	11	101	125	5	497.80833333333334	0.09821428571428571	0.08088235294117647	0.08870967741935484	0.2028893315700487
RISK-NAT	4	1.7603432133424856e-06	65	51	136	126	11	110	125	5	497.80833333333334	0.09090909090909091	0.08088235294117647	0.08560311284046693	0.22096857893767682
RISK-NAT	4	2.2603242979035746e-06	65	51	136	133	11	117	125	5	497.80833333333334	0.0859375	0.08088235294117647	0.08333333333333333	0.23503021577916533
RISK-NAT	4	2.902311985211097e-06	65	51	136	149	11	133	125	5	497.80833333333334	0.0763888888888889	0.08088235294117647	0.07857142857142857	0.267171099988282
RISK-NAT	4	3.726639284186561e-06	65	51	136	153	11	137	125	5	497.80833333333334	0.07432432432432433	0.08088235294117647	0.07746478873239436	0.27520632104056114
RISK-NAT	4	4.785094494890119e-06	65	51	136	166	11	150	125	5	497.80833333333334	0.06832298136645963	0.08088235294117647	0.07407407407407407	0.30132078946046836
RISK-NAT	4	6.144174602214718e-06	65	51	136	180	11	164	125	5	497.80833333333334	0.06285714285714286	0.08088235294117647	0.0707395498392283	0.32944406314344543
RISK-NAT	4	7.889262586245034e-06	65	51	136	189	11	172	125	6	497.80833333333334	0.060109289617486336	0.08088235294117647	0.06896551724137931	0.34551450524800376
RISK-NAT	4	1.0129990980873921e-05	65	51	136	211	11	193	125	7	497.80833333333334	0.05392156862745098	0.08088235294117647	0.06470588235294118	0.3876994157724693
RISK-NAT	4	1.3007128466476033e-05	65	51	136	248	13	228	123	7	497.80833333333334	0.05394190871369295	0.09558823529411764	0.06896551724137931	0.4580075999799119
RISK-NAT	4	1.670142184809518e-05	65	51	136	283	14	262	122	7	497.80833333333334	0.050724637681159424	0.10294117647058823	0.06796116504854369	0.5263069789242848
RISK-NAT	4	2.144494842091395e-05	65	51	136	317	14	295	122	8	497.80833333333334	0.045307443365695796	0.10294117647058823	0.06292134831460675	0.5925975526055878
RISK-NAT	4	2.7535691114583473e-05	65	51	136	402	14	379	122	9	497.80833333333334	0.035623409669211195	0.10294117647058823	0.052930056710775046	0.7613371947034501
RISK-NAT	4	3.5356250741744315e-05	65	51	136	470	15	445	121	10	497.80833333333334	0.03260869565217391	0.11029411764705882	0.050335570469798654	0.8939183420660562
RISK-NAT	4	4.5397868702434395e-05	65	51	136	574	16	546	120	12	497.80833333333334	0.028469750889679714	0.11764705882352941	0.045845272206303724	1.096807673636105
RISK-NAT	4	5.829126566113865e-05	65	51	136	733	21	700	115	12	497.80833333333334	0.02912621359223301	0.15441176470588236	0.049008168028004666	1.4061636841488525
RISK-NAT	4	7.484622751061123e-05	65	51	136	931	25	892	111	14	497.80833333333334	0.027262813522355506	0.18382352941176472	0.04748338081671415	1.791854294658252
RISK-NAT	4	9.610241549947396e-05	65	51	136	1227	33	1179	103	15	497.80833333333334	0.027227722772277228	0.2426470588235294	0.04896142433234421	2.3683814051592815
RISK-NAT	4	0.00012339457598623172	65	51	136	1740	40	1685	96	15	497.80833333333334	0.02318840579710145	0.29411764705882354	0.042987641053197204	3.3848368682725947
RISK-NAT	4	0.00015843621910252592	65	51	136	2456	47	2393	89	16	497.80833333333334	0.019262295081967213	0.34558823529411764	0.036490683229813664	4.807070994526006
RISK-NAT	4	0.00020342697805520653	65	51	136	3455	57	3383	79	15	497.80833333333334	0.016569767441860464	0.41911764705882354	0.031879194630872486	6.795788204965097
RISK-NAT	4	0.0002611903190957194	65	51	136	4519	67	4437	69	15	497.80833333333334	0.014875666074600355	0.49264705882352944	0.028879310344827585	8.913068952240655
RISK-NAT	4	0.0003353501304664781	65	51	136	5741	75	5651	61	15	497.80833333333334	0.01309814879497031	0.5514705882352942	0.0255885363357216	11.35175854160738
RISK-NAT	4	0.0004305570813246149	65	51	136	6909	82	6812	54	15	497.80833333333334	0.011894400928343487	0.6029411764705882	0.02332859174964438	13.683981452031404
RISK-NAT	4	0.0005527786369235996	65	51	136	7982	92	7874	44	16	497.80833333333334	0.011549083605322622	0.6764705882352942	0.022710441866205876	15.81733264141152
RISK-NAT	4	0.0007096703991005881	65	51	136	8638	98	8522	38	18	497.80833333333334	0.011368909512761021	0.7205882352941176	0.022384650525354044	17.119038451880744
RISK-NAT	4	0.0009110511944006454	65	51	136	8909	100	8791	36	18	497.80833333333334	0.011247328759419637	0.7352941176470589	0.02215575495735017	17.659407067646516
RISK-NAT	4	0.0011695102650555148	65	51	136	8674	100	8556	36	18	497.80833333333334	0.01155268022181146	0.7352941176470589	0.022747952684258416	17.18733783082512
RISK-NAT	4	0.0015011822567369917	65	51	136	8081	101	7963	35	17	497.80833333333334	0.012524801587301588	0.7426470588235294	0.024634146341463416	15.996116309824732
RISK-NAT	4	0.0019267346633274757	65	51	136	7041	102	6922	34	17	497.80833333333334	0.014521640091116172	0.75	0.028491620111731845	13.904950030969081
RISK-NAT	4	0.0024726231566347743	65	51	136	5943	101	5825	35	17	497.80833333333334	0.017043536955788054	0.7426470588235294	0.033322335862751566	11.701290657381522
RISK-NAT	4	0.0031726828424851893	65	51	136	4894	100	4778	36	16	497.80833333333334	0.02050020500205002	0.7352941176470589	0.03988831272437176	9.598071546947454
RISK-NAT	4	0.004070137715896128	65	51	136	4006	100	3890	36	16	497.80833333333334	0.02506265664160401	0.7352941176470589	0.048473097430925836	7.81425247334148
RISK-NAT	4	0.005220125693558397	65	51	136	3237	98	3124	38	15	497.80833333333334	0.03041589075108628	0.7205882352941176	0.058368076235854674	6.275507641830021
RISK-NAT	4	0.0066928509242848554	65	51	136	2596	93	2489	43	14	497.80833333333334	0.03601859024012394	0.6838235294117647	0.0684326710816777	4.999916299780705
RISK-NAT	4	0.008577485413711984	65	51	136	2044	90	1941	46	13	497.80833333333334	0.04431314623338257	0.6617647058823529	0.08306414397784956	3.899091015618461
RISK-NAT	4	0.01098694263059318	65	51	136	1664	86	1565	50	13	497.80833333333334	0.05208964264082374	0.6323529411764706	0.09625069949636261	3.1437802367042202
RISK-NAT	4	0.014063627043245475	65	51	136	1383	79	1291	57	13	497.80833333333334	0.05766423357664233	0.5808823529411765	0.1049136786188579	2.593367594623098
RISK-NAT	4	0.01798620996209156	65	51	136	1123	77	1034	59	12	497.80833333333334	0.06930693069306931	0.5661764705882353	0.12349639133921411	2.077104642014162
RISK-NAT	4	0.022977369910025615	65	51	136	894	73	811	63	10	497.80833333333334	0.08257918552036199	0.5367647058823529	0.14313725490196078	1.629141068349599
RISK-NAT	4	0.02931223075135632	65	51	136	706	65	632	71	9	497.80833333333334	0.09325681492109039	0.47794117647058826	0.15606242496998798	1.2695649262601068
RISK-NAT	4	0.03732688734412946	65	51	136	569	60	500	76	9	497.80833333333334	0.10714285714285714	0.4411764705882353	0.1724137931034483	1.0044026315348946
RISK-NAT	4	0.04742587317756678	65	51	136	448	51	389	85	8	497.80833333333334	0.1159090909090909	0.375	0.17708333333333334	0.781425247334148
RISK-NAT	4	0.060086650174007626	65	51	136	358	45	305	91	8	497.80833333333334	0.12857142857142856	0.33088235294117646	0.18518518518518517	0.6126856052362857
RISK-NAT	4	0.07585818002124355	65	51	136	271	38	225	98	8	497.80833333333334	0.1444866920152091	0.27941176470588236	0.19047619047619047	0.4519811841907026
RISK-NAT	4	0.09534946489910949	65	51	136	199	30	161	106	8	497.80833333333334	0.15706806282722513	0.22058823529411764	0.1834862385321101	0.32341764735423606
RISK-NAT	4	0.11920292202211755	65	51	136	154	26	122	110	6	497.80833333333334	0.17567567567567569	0.19117647058823528	0.18309859154929578	0.24507424209451428
RISK-NAT	4	0.14804719803168948	65	51	136	123	20	97	116	6	497.80833333333334	0.17094017094017094	0.14705882352941177	0.15810276679841898	0.19485411051776955
RISK-NAT	4	0.18242552380635635	65	51	136	88	14	69	122	5	497.80833333333334	0.1686746987951807	0.10294117647058823	0.1278538812785388	0.13860756315181547
RISK-NAT	4	0.22270013882530884	65	51	136	61	12	47	124	2	497.80833333333334	0.2033898305084746	0.08823529411764706	0.12307692307692308	0.09441384736428009
RISK-NAT	4	0.2689414213699951	65	51	136	45	9	34	127	2	497.80833333333334	0.20930232558139536	0.0661764705882353	0.1005586592178771	0.06829937894437284
RISK-NAT	4	0.320821300824607	65	51	136	34	8	25	128	1	497.80833333333334	0.24242424242424243	0.058823529411764705	0.09467455621301775	0.05022013157674473
RISK-NAT	4	0.3775406687981454	65	51	136	25	7	18	129	0	497.80833333333334	0.28	0.051470588235294115	0.08695652173913043	0.03615849473525621
RISK-NAT	4	0.43782349911420193	65	51	136	20	4	16	132	0	497.80833333333334	0.2	0.029411764705882353	0.05128205128205128	0.03214088420911663
RISK-NAT	4	0.5	65	51	136	16	3	13	133	0	497.80833333333334	0.1875	0.022058823529411766	0.039473684210526314	0.02611446841990726
RISK-NAT	4	0.5621765008857981	65	51	136	12	2	10	134	0	497.80833333333334	0.16666666666666666	0.014705882352941176	0.02702702702702703	0.020088052630697892
RISK-NAT	4	0.6224593312018546	65	51	136	6	0	6	136	0	497.80833333333334	0.0	0.0	0.0	0.012052831578418735
RISK-NAT	4	0.679178699175393	65	51	136	5	0	5	136	0	497.80833333333334	0.0	0.0	0.0	0.010044026315348946
RISK-NAT	4	0.7310585786300049	65	51	136	5	0	5	136	0	497.80833333333334	0.0	0.0	0.0	0.010044026315348946
RISK-NAT	4	0.7772998611746911	65	51	136	5	0	5	136	0	497.80833333333334	0.0	0.0	0.0	0.010044026315348946
RISK-NAT	4	0.8175744761936437	65	51	136	4	0	4	136	0	497.80833333333334	0.0	0.0	0.0	0.008035221052279157
RISK-NAT	4	0.8519528019683106	65	51	136	3	0	3	136	0	497.80833333333334	0.0	0.0	0.0	0.006026415789209367
RISK-NAT	4	0.8807970779778823	65	51	136	2	0	2	136	0	497.80833333333334	0.0	0.0	0.0	0.0040176105261395785
RISK-NAT	4	0.9046505351008906	65	51	136	1	0	1	136	0	497.80833333333334	0.0	0.0	0.0	0.0020088052630697893
RISK-NAT	4	0.9241418199787566	65	51	136	1	0	1	136	0	497.80833333333334	0.0	0.0	0.0	0.0020088052630697893
RISK-NAT	4	0.9399133498259924	65	51	136	0	0	0	136	0	497.80833333333334		0.0	0.0	0.0
RISK-NAT	4	0.9525741268224334	65	51	136	0	0	0	136	0	497.80833333333334		0.0	0.0	0.0
RISK-NAT	4	0.9626731126558706	65	51	136	0	0	0	136	0	497.80833333333334		0.0	0.0	0.0
RISK-NAT	4	0.9706877692486436	65	51	136	0	0	0	136	0	497.80833333333334		0.0	0.0	0.0
RISK-NAT	4	0.9770226300899744	65	51	136	0	0	0	136	0	497.80833333333334		0.0	0.0	0.0
RISK-NAT	4	0.9820137900379085	65	51	136	0	0	0	136	0	497.80833333333334		0.0	0.0	0.0
RISK-NAT	4	0.9859363729567544	65	51	136	0	0	0	136	0	497.80833333333334		0.0	0.0	0.0
RISK-NAT	4	0.9890130573694068	65	51	136	0	0	0	136	0	497.80833333333334		0.0	0.0	0.0
RISK-NAT	4	0.991422514586288	65	51	136	0	0	0	136	0	497.80833333333334		0.0	0.0	0.0
RISK-NAT	4	0.9933071490757153	65	51	136	0	0	0	136	0	497.80833333333334		0.0	0.0	0.0
RISK-NAT	4	0.9947798743064417	65	51	136	0	0	0	136	0	497.80833333333334		0.0	0.0	0.0
RISK-NAT	4	0.995929862284104	65	51	136	0	0	0	136	0	497.80833333333334		0.0	0.0	0.0
RISK-NAT	4	0.9968273171575148	65	51	136	0	0	0	136	0	497.80833333333334		0.0	0.0	0.0
RISK-NAT	4	0.9975273768433653	65	51	136	0	0	0	136	0	497.80833333333334		0.0	0.0	0.0
RISK-NAT	4	0.9980732653366725	65	51	136	0	0	0	136	0	497.80833333333334		0.0	0.0	0.0
RISK-NAT	4	0.998498817743263	65	51	136	0	0	0	136	0	497.80833333333334		0.0	0.0	0.0
RISK-NAT	4	0.9988304897349445	65	51	136	0	0	0	136	0	497.80833333333334		0.0	0.0	0.0
RISK-NAT	4	0.9990889488055994	65	51	136	0	0	0	136	0	497.80833333333334		0.0	0.0	0.0
RISK-NAT	4	0.9992903296008995	65	51	136	0	0	0	136	0	497.80833333333334		0.0	0.0	0.0
RISK-NAT	4	0.9994472213630764	65	51	136	0	0	0	136	0	497.80833333333334		0.0	0.0	0.0
RISK-NAT	4	0.9995694429186754	65	51	136	0	0	0	136	0	497.80833333333334		0.0	0.0	0.0
RISK-NAT	4	0.9996646498695336	65	51	136	0	0	0	136	0	497.80833333333334		0.0	0.0	0.0
RISK-NAT	4	0.9997388096809043	65	51	136	0	0	0	136	0	497.80833333333334		0.0	0.0	0.0
RISK-NAT	4	0.9997965730219448	65	51	136	0	0	0	136	0	497.80833333333334		0.0	0.0	0.0
RISK-NAT	4	0.9998415637808975	65	51	136	0	0	0	136	0	497.80833333333334		0.0	0.0	0.0
RISK-NAT	4	0.9998766054240137	65	51	136	0	0	0	136	0	497.80833333333334		0.0	0.0	0.0
RISK-NAT	4	0.9999038975845005	65	51	136	0	0	0	136	0	497.80833333333334		0.0	0.0	0.0
RISK-NAT	4	0.9999251537724895	65	51	136	0	0	0	136	0	497.80833333333334		0.0	0.0	0.0
RISK-NAT	4	0.9999417087343389	65	51	136	0	0	0	136	0	497.80833333333334		0.0	0.0	0.0
RISK-NAT	4	0.9999546021312976	65	51	136	0	0	0	136	0	497.80833333333334		0.0	0.0	0.0
RISK-NAT	4	0.9999646437492582	65	51	136	0	0	0	136	0	497.80833333333334		0.0	0.0	0.0
RISK-NAT	4	0.9999724643088853	65	51	136	0	0	0	136	0	497.80833333333334		0.0	0.0	0.0
RISK-NAT	4	0.9999785550515792	65	51	136	0	0	0	136	0	497.80833333333334		0.0	0.0	0.0
RISK-NAT	4	0.999983298578152	65	51	136	0	0	0	136	0	497.80833333333334		0.0	0.0	0.0
RISK-NAT	4	0.9999869928715335	65	51	136	0	0	0	136	0	497.80833333333334		0.0	0.0	0.0
RISK-NAT	4	0.9999898700090192	65	51	136	0	0	0	136	0	497.80833333333334		0.0	0.0	0.0
RISK-NAT	4	0.9999921107374138	65	51	136	0	0	0	136	0	497.80833333333334		0.0	0.0	0.0
RISK-NAT	4	0.9999938558253978	65	51	136	0	0	0	136	0	497.80833333333334		0.0	0.0	0.0
RISK-NAT	4	0.9999952149055051	65	51	136	0	0	0	136	0	497.80833333333334		0.0	0.0	0.0
RISK-NAT	4	0.9999962733607158	65	51	136	0	0	0	136	0	497.80833333333334		0.0	0.0	0.0
RISK-NAT	4	0.9999970976880148	65	51	136	0	0	0	136	0	497.80833333333334		0.0	0.0	0.0
RISK-NAT	4	0.999997739675702	65	51	136	0	0	0	136	0	497.80833333333334		0.0	0.0	0.0
RISK-NAT	4	0.9999982396567868	65	51	136	0	0	0	136	0	497.80833333333334		0.0	0.0	0.0
RISK-NAT	4	0.999998629042793	65	51	136	0	0	0	136	0	497.80833333333334		0.0	0.0	0.0
RISK-NAT	4	0.9999989322971299	65	51	136	0	0	0	136	0	497.80833333333334		0.0	0.0	0.0
RISK-NAT	4	0.9999991684719722	65	51	136	0	0	0	136	0	497.80833333333334		0.0	0.0	0.0
RISK-NAT	4	0.9999993524052017	65	51	136	0	0	0	136	0	497.80833333333334		0.0	0.0	0.0
RISK-NAT	4	0.9999994956525918	65	51	136	0	0	0	136	0	497.80833333333334		0.0	0.0	0.0
RISK-NAT	4	0.9999996072137998	65	51	136	0	0	0	136	0	497.80833333333334		0.0	0.0	0.0
RISK-NAT	4	0.999999694097773	65	51	136	0	0	0	136	0	497.80833333333334		0.0	0.0	0.0
RISK-NAT	4	0.9999997617630899	65	51	136	0	0	0	136	0	497.80833333333334		0.0	0.0	0.0
RISK-NAT	4	0.9999998144608981	65	51	136	0	0	0	136	0	497.80833333333334		0.0	0.0	0.0
RISK-NAT	4	0.9999998555019962	65	51	136	0	0	0	136	0	497.80833333333334		0.0	0.0	0.0
RISK-NAT	4	0.9999998874648379	65	51	136	0	0	0	136	0	497.80833333333334		0.0	0.0	0.0
RISK-NAT	4	1.0	65	51	136	0	0	0	136	0	497.80833333333334		0.0	0.0	0.0
RISK-NAT	4	1.0000000000000002	65	51	136	0	0	0	136	0	497.80833333333334		0.0	0.0	0.0
SAMP-BAL	5	1.12535162055095e-07	65	52	158	165	13	148	145	4	499.4666666666667	0.08074534161490683	0.08227848101265822	0.08150470219435736	0.2963160704751735
SAMP-BAL	5	1.4449800373124837e-07	65	52	158	172	14	154	144	4	499.4666666666667	0.08333333333333333	0.08860759493670886	0.08588957055214724	0.30832888414308596
SAMP-BAL	5	1.8553910183683314e-07	65	52	158	171	14	153	144	4	499.4666666666667	0.08383233532934131	0.08860759493670886	0.08615384615384615	0.3063267485317672
SAMP-BAL	5	2.38236909993343e-07	65	52	158	168	14	150	144	4	499.4666666666667	0.08536585365853659	0.08860759493670886	0.08695652173913043	0.30032034169781097
SAMP-BAL	5	3.059022269256247e-07	65	52	158	173	14	155	144	4	499.4666666666667	0.08284023668639054	0.08860759493670886	0.0856269113149847	0.3103310197544047
SAMP-BAL	5	3.927862002670442e-07	65	52	158	177	14	159	144	4	499.4666666666667	0.08092485549132948	0.08860759493670886	0.08459214501510574	0.3183395621996796
SAMP-BAL	5	5.043474082014517e-07	65	52	158	178	14	160	144	4	499.4666666666667	0.08045977011494253	0.08860759493670886	0.08433734939759036	0.32034169781099836
SAMP-BAL	5	6.475947982049267e-07	65	52	158	179	14	161	144	4	499.4666666666667	0.08	0.08860759493670886	0.08408408408408409	0.3223438334223171
SAMP-BAL	5	8.315280276641321e-07	65	52	158	186	14	168	144	4	499.4666666666667	0.07692307692307693	0.08860759493670886	0.08235294117647059	0.3363587827015483
SAMP-BAL	5	1.067702870044147e-06	65	52	158	193	14	175	144	4	499.4666666666667	0.07407407407407407	0.08860759493670886	0.08069164265129683	0.3503737319807795
SAMP-BAL	5	1.3709572068578448e-06	65	52	158	199	14	180	144	5	499.4666666666667	0.07216494845360824	0.08860759493670886	0.07954545454545454	0.36038441003737315
SAMP-BAL	5	1.7603432133424856e-06	65	52	158	209	14	190	144	5	499.4666666666667	0.06862745098039216	0.08860759493670886	0.07734806629834254	0.3804057661505606
SAMP-BAL	5	2.2603242979035746e-06	65	52	158	223	14	203	144	6	499.4666666666667	0.06451612903225806	0.08860759493670886	0.07466666666666667	0.4064335290977042
SAMP-BAL	5	2.902311985211097e-06	65	52	158	231	14	211	144	6	499.4666666666667	0.06222222222222222	0.08860759493670886	0.0731070496083551	0.4224506139882541
SAMP-BAL	5	3.726639284186561e-06	65	52	158	241	14	221	144	6	499.4666666666667	0.059574468085106386	0.08860759493670886	0.07124681933842239	0.4424719701014415
SAMP-BAL	5	4.785094494890119e-06	65	52	158	251	15	230	143	6	499.4666666666667	0.061224489795918366	0.0949367088607595	0.07444168734491315	0.4604911906033102
SAMP-BAL	5	6.144174602214718e-06	65	52	158	260	15	239	143	6	499.4666666666667	0.05905511811023622	0.0949367088607595	0.07281553398058252	0.47851041110517883
SAMP-BAL	5	7.889262586245034e-06	65	52	158	276	15	255	143	6	499.4666666666667	0.05555555555555555	0.0949367088607595	0.07009345794392523	0.5105445808862786
SAMP-BAL	5	1.0129990980873921e-05	65	52	158	295	15	273	143	7	499.4666666666667	0.052083333333333336	0.0949367088607595	0.06726457399103139	0.546583021890016
SAMP-BAL	5	1.3007128466476033e-05	65	52	158	320	15	298	143	7	499.4666666666667	0.04792332268370607	0.0949367088607595	0.06369426751592357	0.5966364121729845
SAMP-BAL	5	1.670142184809518e-05	65	52	158	343	16	319	142	8	499.4666666666667	0.04776119402985075	0.10126582278481013	0.06490872210953347	0.638681260010678
SAMP-BAL	5	2.144494842091395e-05	65	52	158	373	16	349	142	8	499.4666666666667	0.043835616438356165	0.10126582278481013	0.06118546845124283	0.6987453283502402
SAMP-BAL	5	2.7535691114583473e-05	65	52	158	398	16	374	142	8	499.4666666666667	0.041025641025641026	0.10126582278481013	0.058394160583941604	0.7487987186332087
SAMP-BAL	5	3.5356250741744315e-05	65	52	158	434	17	406	141	11	499.4666666666667	0.04018912529550828	0.10759493670886076	0.058519793459552494	0.8128670581954084
SAMP-BAL	5	4.5397868702434395e-05	65	52	158	471	17	442	141	12	499.4666666666667	0.037037037037037035	0.10759493670886076	0.055105348460291734	0.884943940202883
SAMP-BAL	5	5.829126566113865e-05	65	52	158	524	20	492	138	12	499.4666666666667	0.0390625	0.12658227848101267	0.05970149253731343	0.98505072076882
SAMP-BAL	5	7.484622751061123e-05	65	52	158	585	21	552	137	12	499.4666666666667	0.03664921465968586	0.13291139240506328	0.057455540355677154	1.1051788574479444
SAMP-BAL	5	9.610241549947396e-05	65	52	158	654	22	620	136	12	499.4666666666667	0.03426791277258567	0.13924050632911392	0.055	1.2413240790176188
SAMP-BAL	5	0.00012339457598623172	65	52	158	736	27	696	131	13	499.4666666666667	0.03734439834024896	0.17088607594936708	0.06129398410896708	1.393486385477843
SAMP-BAL	5	0.00015843621910252592	65	52	158	838	27	797	131	14	499.4666666666667	0.032766990291262135	0.17088607594936708	0.054989816700611	1.5957020822210357
SAMP-BAL	5	0.00020342697805520653	65	52	158	980	31	933	127	16	499.4666666666667	0.032157676348547715	0.1962025316455696	0.05525846702317291	1.8679925253603844
SAMP-BAL	5	0.0002611903190957194	65	52	158	1124	33	1075	125	16	499.4666666666667	0.029783393501805054	0.2088607594936709	0.052132701421800945	2.1522957821676454
SAMP-BAL	5	0.0003353501304664781	65	52	158	1316	36	1263	122	17	499.4666666666667	0.02771362586605081	0.22784810126582278	0.04941660947151681	2.5286972770955685
SAMP-BAL	5	0.0004305570813246149	65	52	158	1528	38	1473	120	17	499.4666666666667	0.02514890800794176	0.24050632911392406	0.04553624925104853	2.949145755472504
SAMP-BAL	5	0.0005527786369235996	65	52	158	1780	39	1724	119	17	499.4666666666667	0.02212138400453772	0.2468354430379747	0.04060385216033316	3.4516817939135076
SAMP-BAL	5	0.0007096703991005881	65	52	158	2039	46	1975	112	18	499.4666666666667	0.022761009401286492	0.2911392405063291	0.04222120238641579	3.9542178323545114
SAMP-BAL	5	0.0009110511944006454	65	52	158	2355	54	2283	104	18	499.4666666666667	0.023106546854942234	0.34177215189873417	0.043286573146292584	4.570875600640683
SAMP-BAL	5	0.0011695102650555148	65	52	158	2691	55	2616	103	20	499.4666666666667	0.02059153874953201	0.34810126582278483	0.03888299752562743	5.237586759209823
SAMP-BAL	5	0.0015011822567369917	65	52	158	3021	59	2942	99	20	499.4666666666667	0.019660113295568143	0.37341772151898733	0.03735359290914846	5.890282968499733
SAMP-BAL	5	0.0019267346633274757	65	52	158	3339	65	3254	93	20	499.4666666666667	0.01958421211208195	0.41139240506329117	0.03738855335058959	6.514949279231179
SAMP-BAL	5	0.0024726231566347743	65	52	158	3754	71	3663	87	20	499.4666666666667	0.019014461703267274	0.44936708860759494	0.03648509763617677	7.333822744260544
SAMP-BAL	5	0.0031726828424851893	65	52	158	4163	74	4068	84	21	499.4666666666667	0.017865765330758086	0.46835443037974683	0.03441860465116279	8.144687666844634
SAMP-BAL	5	0.004070137715896128	65	52	158	4532	82	4428	76	22	499.4666666666667	0.01818181818181818	0.5189873417721519	0.03513281919451585	8.86545648691938
SAMP-BAL	5	0.005220125693558397	65	52	158	4971	87	4862	71	22	499.4666666666667	0.017579308951303295	0.5506329113924051	0.03407088310162522	9.734383342231713
SAMP-BAL	5	0.0066928509242848554	65	52	158	5325	90	5213	68	22	499.4666666666667	0.01697152555157458	0.569620253164557	0.03296099615455045	10.437132941804592
SAMP-BAL	5	0.008577485413711984	65	52	158	5679	92	5565	66	22	499.4666666666667	0.01626303694537741	0.5822784810126582	0.031642304385210665	11.141884676988788
SAMP-BAL	5	0.01098694263059318	65	52	158	5993	98	5872	60	23	499.4666666666667	0.01641541038525963	0.620253164556962	0.03198433420365535	11.75654030966364
SAMP-BAL	5	0.014063627043245475	65	52	158	6202	106	6072	52	24	499.4666666666667	0.01715765619941729	0.6708860759493671	0.03345959595959596	12.156967431927388
SAMP-BAL	5	0.01798620996209156	65	52	158	6314	109	6181	49	24	499.4666666666667	0.017329093799682036	0.689873417721519	0.03380893300248139	12.375200213561131
SAMP-BAL	5	0.022977369910025615	65	52	158	6285	111	6149	47	25	499.4666666666667	0.017731629392971245	0.7025316455696202	0.034590215020255534	12.311131873998931
SAMP-BAL	5	0.02931223075135632	65	52	158	6243	114	6102	44	27	499.4666666666667	0.01833976833976834	0.7215189873417721	0.035770316912456857	12.21703150026695
SAMP-BAL	5	0.03732688734412946	65	52	158	6132	114	5992	44	26	499.4666666666667	0.018670160497870947	0.7215189873417721	0.03639846743295019	11.99679658302189
SAMP-BAL	5	0.04742587317756678	65	52	158	6028	115	5887	43	26	499.4666666666667	0.019160279906697768	0.7278481012658228	0.037337662337662336	11.786572343833422
SAMP-BAL	5	0.060086650174007626	65	52	158	5843	118	5699	40	26	499.4666666666667	0.02028537046587588	0.7468354430379747	0.03949790794979079	11.410170848905498
SAMP-BAL	5	0.07585818002124355	65	52	158	5633	117	5490	41	26	499.4666666666667	0.02086677367576244	0.740506329113924	0.04058976582827407	10.991724506139882
SAMP-BAL	5	0.09534946489910949	65	52	158	5390	117	5247	41	26	499.4666666666667	0.02181208053691275	0.740506329113924	0.042375950742484604	10.505205552589429
SAMP-BAL	5	0.11920292202211755	65	52	158	5042	117	4900	41	25	499.4666666666667	0.02332070958740283	0.740506329113924	0.04521739130434783	9.810464495461826
SAMP-BAL	5	0.14804719803168948	65	52	158	4613	116	4473	42	24	499.4666666666667	0.02527783830899978	0.7341772151898734	0.048872972403623344	8.955552589428724
SAMP-BAL	5	0.18242552380635635	65	52	158	4205	115	4066	43	24	499.4666666666667	0.027505381487682373	0.7278481012658228	0.053007605439041254	8.140683395621997
SAMP-BAL	5	0.22270013882530884	65	52	158	3733	116	3593	42	24	499.4666666666667	0.03127527635481262	0.7341772151898734	0.059994828032066204	7.193673251468232
SAMP-BAL	5	0.2689414213699951	65	52	158	3327	115	3188	43	24	499.4666666666667	0.034816833181955796	0.7278481012658228	0.06645478185495522	6.382808328884143
SAMP-BAL	5	0.320821300824607	65	52	158	2944	114	2806	44	24	499.4666666666667	0.03904109589041096	0.7215189873417721	0.07407407407407407	5.617992525360384
SAMP-BAL	5	0.3775406687981454	65	52	158	2611	114	2473	44	24	499.4666666666667	0.044066486277541554	0.7215189873417721	0.08306010928961749	4.951281366791243
SAMP-BAL	5	0.43782349911420193	65	52	158	2317	111	2182	47	24	499.4666666666667	0.04840819886611426	0.7025316455696202	0.09057527539779682	4.36865990389749
SAMP-BAL	5	0.5	65	52	158	2040	109	1908	49	23	499.4666666666667	0.05404065443728309	0.689873417721519	0.10022988505747127	3.8200747463961555
SAMP-BAL	5	0.5621765008857981	65	52	158	1821	108	1690	50	23	499.4666666666667	0.060066740823136816	0.6835443037974683	0.11042944785276074	3.3836091831286703
SAMP-BAL	5	0.6224593312018546	65	52	158	1651	107	1523	51	21	499.4666666666667	0.0656441717791411	0.6772151898734177	0.11968680089485459	3.049252536038441
SAMP-BAL	5	0.679178699175393	65	52	158	1455	103	1331	55	21	499.4666666666667	0.07182705718270571	0.6518987341772152	0.12939698492462312	2.6648424986652426
SAMP-BAL	5	0.7310585786300049	65	52	158	1296	102	1174	56	20	499.4666666666667	0.07993730407523511	0.6455696202531646	0.14225941422594143	2.3505072076882008
SAMP-BAL	5	0.7772998611746911	65	52	158	1147	98	1029	60	20	499.4666666666667	0.08695652173913043	0.620253164556962	0.15252918287937745	2.0601975440469835
SAMP-BAL	5	0.8175744761936437	65	52	158	1008	92	897	66	19	499.4666666666667	0.09302325581395349	0.5822784810126582	0.16041848299912817	1.7959156433529098
SAMP-BAL	5	0.8519528019683106	65	52	158	923	86	818	72	19	499.4666666666667	0.09513274336283185	0.5443037974683544	0.16195856873822975	1.6377469300587293
SAMP-BAL	5	0.8807970779778823	65	52	158	813	79	715	79	19	499.4666666666667	0.09949622166246852	0.5	0.16596638655462184	1.431526962092899
SAMP-BAL	5	0.9046505351008906	65	52	158	737	75	643	83	19	499.4666666666667	0.10445682451253482	0.47468354430379744	0.17123287671232876	1.2873731980779497
SAMP-BAL	5	0.9241418199787566	65	52	158	652	69	564	89	19	499.4666666666667	0.10900473933649289	0.43670886075949367	0.17446270543615677	1.1292044847837692
SAMP-BAL	5	0.9399133498259924	65	52	158	597	64	514	94	19	499.4666666666667	0.11072664359861592	0.4050632911392405	0.17391304347826086	1.0290977042178322
SAMP-BAL	5	0.9525741268224334	65	52	158	523	56	448	102	19	499.4666666666667	0.1111111111111111	0.35443037974683544	0.1691842900302115	0.8969567538707954
SAMP-BAL	5	0.9626731126558706	65	52	158	465	48	399	110	18	499.4666666666667	0.10738255033557047	0.3037974683544304	0.15867768595041323	0.7988521089161772
SAMP-BAL	5	0.9706877692486436	65	52	158	413	45	350	113	18	499.4666666666667	0.11392405063291139	0.2848101265822785	0.162748643761302	0.700747463961559
SAMP-BAL	5	0.9770226300899744	65	52	158	396	42	336	116	18	499.4666666666667	0.1111111111111111	0.26582278481012656	0.15671641791044777	0.6727175654030966
SAMP-BAL	5	0.9820137900379085	65	52	158	373	38	317	120	18	499.4666666666667	0.10704225352112676	0.24050632911392406	0.14814814814814814	0.6346769887880406
SAMP-BAL	5	0.9859363729567544	65	52	158	348	33	298	125	17	499.4666666666667	0.09969788519637462	0.2088607594936709	0.13496932515337423	0.5966364121729845
SAMP-BAL	5	0.9890130573694068	65	52	158	325	29	280	129	16	499.4666666666667	0.09385113268608414	0.18354430379746836	0.12419700214132762	0.5605979711692471
SAMP-BAL	5	0.991422514586288	65	52	158	308	27	265	131	16	499.4666666666667	0.09246575342465753	0.17088607594936708	0.12	0.5305659369994661
SAMP-BAL	5	0.9933071490757153	65	52	158	288	21	252	137	15	499.4666666666667	0.07692307692307693	0.13291139240506328	0.09744779582366589	0.5045381740523225
SAMP-BAL	5	0.9947798743064417	65	52	158	280	19	246	139	15	499.4666666666667	0.07169811320754717	0.12025316455696203	0.08983451536643026	0.49252536038441
SAMP-BAL	5	0.995929862284104	65	52	158	263	19	230	139	14	499.4666666666667	0.07630522088353414	0.12025316455696203	0.09336609336609336	0.4604911906033102
SAMP-BAL	5	0.9968273171575148	65	52	158	240	16	211	142	13	499.4666666666667	0.07048458149779736	0.10126582278481013	0.08311688311688312	0.4224506139882541
SAMP-BAL	5	0.9975273768433653	65	52	158	213	12	189	146	12	499.4666666666667	0.05970149253731343	0.0759493670886076	0.06685236768802229	0.3784036305392418
SAMP-BAL	5	0.9980732653366725	65	52	158	176	11	155	147	10	499.4666666666667	0.06626506024096386	0.06962025316455696	0.06790123456790123	0.3103310197544047
SAMP-BAL	5	0.998498817743263	65	52	158	158	10	140	148	8	499.4666666666667	0.06666666666666667	0.06329113924050633	0.06493506493506493	0.2802989855846236
SAMP-BAL	5	0.9988304897349445	65	52	158	133	8	118	150	7	499.4666666666667	0.06349206349206349	0.05063291139240506	0.056338028169014086	0.23625200213561132
SAMP-BAL	5	0.9990889488055994	65	52	158	121	6	109	152	6	499.4666666666667	0.05217391304347826	0.0379746835443038	0.04395604395604396	0.21823278163374266
SAMP-BAL	5	0.9992903296008995	65	52	158	113	4	103	154	6	499.4666666666667	0.037383177570093455	0.02531645569620253	0.03018867924528302	0.2062199679658302
SAMP-BAL	5	0.9994472213630764	65	52	158	111	4	102	154	5	499.4666666666667	0.03773584905660377	0.02531645569620253	0.030303030303030304	0.20421783235451146
SAMP-BAL	5	0.9995694429186754	65	52	158	108	3	100	155	5	499.4666666666667	0.02912621359223301	0.0189873417721519	0.022988505747126436	0.200213561131874
SAMP-BAL	5	0.9996646498695336	65	52	158	100	3	92	155	5	499.4666666666667	0.031578947368421054	0.0189873417721519	0.023715415019762844	0.18419647624132407
SAMP-BAL	5	0.9997388096809043	65	52	158	97	2	91	156	4	499.4666666666667	0.021505376344086023	0.012658227848101266	0.01593625498007968	0.18219434063000534
SAMP-BAL	5	0.9997965730219448	65	52	158	93	2	88	156	3	499.4666666666667	0.022222222222222223	0.012658227848101266	0.016129032258064516	0.1761879337960491
SAMP-BAL	5	0.9998415637808975	65	52	158	90	1	86	157	3	499.4666666666667	0.011494252873563218	0.006329113924050633	0.00816326530612245	0.17218366257341164
SAMP-BAL	5	0.9998766054240137	65	52	158	87	0	84	158	3	499.4666666666667	0.0	0.0	0.0	0.16817939135077414
SAMP-BAL	5	0.9999038975845005	65	52	158	85	0	82	158	3	499.4666666666667	0.0	0.0	0.0	0.16417512012813668
SAMP-BAL	5	0.9999251537724895	65	52	158	80	0	77	158	3	499.4666666666667	0.0	0.0	0.0	0.15416444207154298
SAMP-BAL	5	0.9999417087343389	65	52	158	76	0	74	158	2	499.4666666666667	0.0	0.0	0.0	0.14815803523758675
SAMP-BAL	5	0.9999546021312976	65	52	158	74	0	72	158	2	499.4666666666667	0.0	0.0	0.0	0.14415376401494928
SAMP-BAL	5	0.9999646437492582	65	52	158	70	0	68	158	2	499.4666666666667	0.0	0.0	0.0	0.13614522156967432
SAMP-BAL	5	0.9999724643088853	65	52	158	69	0	67	158	2	499.4666666666667	0.0	0.0	0.0	0.13414308595835558
SAMP-BAL	5	0.9999785550515792	65	52	158	66	0	65	158	1	499.4666666666667	0.0	0.0	0.0	0.1301388147357181
SAMP-BAL	5	0.999983298578152	65	52	158	66	0	65	158	1	499.4666666666667	0.0	0.0	0.0	0.1301388147357181
SAMP-BAL	5	0.9999869928715335	65	52	158	65	0	64	158	1	499.4666666666667	0.0	0.0	0.0	0.12813667912439936
SAMP-BAL	5	0.9999898700090192	65	52	158	64	0	63	158	1	499.4666666666667	0.0	0.0	0.0	0.12613454351308062
SAMP-BAL	5	0.9999921107374138	65	52	158	61	0	60	158	1	499.4666666666667	0.0	0.0	0.0	0.12012813667912439
SAMP-BAL	5	0.9999938558253978	65	52	158	58	0	57	158	1	499.4666666666667	0.0	0.0	0.0	0.11412172984516818
SAMP-BAL	5	0.9999952149055051	65	52	158	58	0	57	158	1	499.4666666666667	0.0	0.0	0.0	0.11412172984516818
SAMP-BAL	5	0.9999962733607158	65	52	158	57	0	56	158	1	499.4666666666667	0.0	0.0	0.0	0.11211959423384943
SAMP-BAL	5	0.9999970976880148	65	52	158	56	0	55	158	1	499.4666666666667	0.0	0.0	0.0	0.1101174586225307
SAMP-BAL	5	0.999997739675702	65	52	158	55	0	54	158	1	499.4666666666667	0.0	0.0	0.0	0.10811532301121195
SAMP-BAL	5	0.9999982396567868	65	52	158	55	0	54	158	1	499.4666666666667	0.0	0.0	0.0	0.10811532301121195
SAMP-BAL	5	0.999998629042793	65	52	158	55	0	54	158	1	499.4666666666667	0.0	0.0	0.0	0.10811532301121195
SAMP-BAL	5	0.9999989322971299	65	52	158	55	0	54	158	1	499.4666666666667	0.0	0.0	0.0	0.10811532301121195
SAMP-BAL	5	0.9999991684719722	65	52	158	54	0	53	158	1	499.4666666666667	0.0	0.0	0.0	0.10611318739989321
SAMP-BAL	5	0.9999993524052017	65	52	158	54	0	53	158	1	499.4666666666667	0.0	0.0	0.0	0.10611318739989321
SAMP-BAL	5	0.9999994956525918	65	52	158	53	0	52	158	1	499.4666666666667	0.0	0.0	0.0	0.10411105178857448
SAMP-BAL	5	0.9999996072137998	65	52	158	53	0	52	158	1	499.4666666666667	0.0	0.0	0.0	0.10411105178857448
SAMP-BAL	5	0.999999694097773	65	52	158	53	0	52	158	1	499.4666666666667	0.0	0.0	0.0	0.10411105178857448
SAMP-BAL	5	0.9999997617630899	65	52	158	53	0	52	158	1	499.4666666666667	0.0	0.0	0.0	0.10411105178857448
SAMP-BAL	5	0.9999998144608981	65	52	158	53	0	52	158	1	499.4666666666667	0.0	0.0	0.0	0.10411105178857448
SAMP-BAL	5	0.9999998555019962	65	52	158	53	0	52	158	1	499.4666666666667	0.0	0.0	0.0	0.10411105178857448
SAMP-BAL	5	0.9999998874648379	65	52	158	53	0	52	158	1	499.4666666666667	0.0	0.0	0.0	0.10411105178857448
SAMP-BAL	5	1.0	65	52	158	49	0	48	158	1	499.4666666666667	0.0	0.0	0.0	0.09610250934329952
SAMP-BAL	5	1.0000000000000002	65	52	158	0	0	0	158	0	499.4666666666667		0.0	0.0	0.0
RISK-BAL	5	1.12535162055095e-07	65	52	158	6446	106	6323	52	17	499.4666666666667	0.016487789702908696	0.6708860759493671	0.03218460604220434	12.659503470368392
RISK-BAL	5	1.4449800373124837e-07	65	52	158	6419	106	6296	52	17	499.4666666666667	0.016557325835676352	0.6708860759493671	0.03231707317073171	12.605445808862786
RISK-BAL	5	1.8553910183683314e-07	65	52	158	6404	106	6281	52	17	499.4666666666667	0.016596211053702833	0.6708860759493671	0.032391138273491216	12.575413774693006
RISK-BAL	5	2.38236909993343e-07	65	52	158	6404	107	6280	51	17	499.4666666666667	0.01675277908251135	0.6772151898734177	0.032696715049656225	12.573411639081687
RISK-BAL	5	3.059022269256247e-07	65	52	158	6380	107	6256	51	17	499.4666666666667	0.016815967311016818	0.6772151898734177	0.032817052599294586	12.525360384410037
RISK-BAL	5	3.927862002670442e-07	65	52	158	6375	107	6251	51	17	499.4666666666667	0.016829191569675998	0.6772151898734177	0.03284223449969306	12.515349706353444
RISK-BAL	5	5.043474082014517e-07	65	52	158	6352	107	6228	51	17	499.4666666666667	0.016890292028413575	0.6772151898734177	0.03295857076851994	12.469300587293112
RISK-BAL	5	6.475947982049267e-07	65	52	158	6314	107	6190	51	17	499.4666666666667	0.01699221851675401	0.6772151898734177	0.03315259488768397	12.393219434062999
RISK-BAL	5	8.315280276641321e-07	65	52	158	6275	107	6151	51	17	499.4666666666667	0.017098114413550657	0.6772151898734177	0.033354114713216955	12.315136145221569
RISK-BAL	5	1.067702870044147e-06	65	52	158	6247	107	6123	51	17	499.4666666666667	0.017174959871589086	0.6772151898734177	0.0335003130870382	12.259076348104644
RISK-BAL	5	1.3709572068578448e-06	65	52	158	6199	107	6076	51	16	499.4666666666667	0.017305515122109007	0.6772151898734177	0.03374862009146822	12.164975974372663
RISK-BAL	5	1.7603432133424856e-06	65	52	158	6151	107	6028	51	16	499.4666666666667	0.017440912795436022	0.6772151898734177	0.034006038455426664	12.068873465029364
RISK-BAL	5	2.2603242979035746e-06	65	52	158	6082	108	5958	50	16	499.4666666666667	0.017804154302670624	0.6835443037974683	0.03470437017994859	11.928723972237051
RISK-BAL	5	2.902311985211097e-06	65	52	158	6011	107	5888	51	16	499.4666666666667	0.017848206839032526	0.6772151898734177	0.03477978222005526	11.78857447944474
RISK-BAL	5	3.726639284186561e-06	65	52	158	5967	107	5844	51	16	499.4666666666667	0.017980171399764745	0.6772151898734177	0.03503028318873793	11.700480512546715
RISK-BAL	5	4.785094494890119e-06	65	52	158	5907	108	5783	50	16	499.4666666666667	0.018333050415888643	0.6835443037974683	0.035708381550669535	11.578350240256272
RISK-BAL	5	6.144174602214718e-06	65	52	158	5859	107	5736	51	16	499.4666666666667	0.018312510696559987	0.6772151898734177	0.03566072321279787	11.484249866524292
RISK-BAL	5	7.889262586245034e-06	65	52	158	5802	107	5679	51	16	499.4666666666667	0.018492913930176286	0.6772151898734177	0.03600269179004038	11.370128136679124
RISK-BAL	5	1.0129990980873921e-05	65	52	158	5748	107	5626	51	15	499.4666666666667	0.01866387580673295	0.6772151898734177	0.03632659989814972	11.26401494927923
RISK-BAL	5	1.3007128466476033e-05	65	52	158	5657	106	5536	52	15	499.4666666666667	0.018787663948954272	0.6708860759493671	0.036551724137931035	11.083822744260544
RISK-BAL	5	1.670142184809518e-05	65	52	158	5576	104	5457	54	15	499.4666666666667	0.018701672361086136	0.6582278481012658	0.03636999475432768	10.925654030966363
RISK-BAL	5	2.144494842091395e-05	65	52	158	5504	104	5385	54	15	499.4666666666667	0.018946984878848605	0.6582278481012658	0.036833717017885605	10.781500266951415
RISK-BAL	5	2.7535691114583473e-05	65	52	158	5424	104	5305	54	15	499.4666666666667	0.01922721390275467	0.6582278481012658	0.03736303215376325	10.621329418045915
RISK-BAL	5	3.5356250741744315e-05	65	52	158	5357	104	5238	54	15	499.4666666666667	0.019468363908648447	0.6582278481012658	0.03781818181818182	10.487186332087559
RISK-BAL	5	4.5397868702434395e-05	65	52	158	5278	104	5159	54	15	499.4666666666667	0.019760592817784535	0.6582278481012658	0.03836930455635491	10.32901761879338
RISK-BAL	5	5.829126566113865e-05	65	52	158	5196	104	5077	54	15	499.4666666666667	0.020073344914109247	0.6582278481012658	0.03895860648061435	10.164842498665243
RISK-BAL	5	7.484622751061123e-05	65	52	158	5103	104	4984	54	15	499.4666666666667	0.020440251572327043	0.6582278481012658	0.03964925657643919	9.9786438868126
RISK-BAL	5	9.610241549947396e-05	65	52	158	5006	104	4887	54	15	499.4666666666667	0.020837507513524343	0.6582278481012658	0.040396193435618566	9.784436732514681
RISK-BAL	5	0.00012339457598623172	65	52	158	4912	104	4793	54	15	499.4666666666667	0.021237492342250357	0.6582278481012658	0.041147378832838775	9.59623598505072
RISK-BAL	5	0.00015843621910252592	65	52	158	4836	104	4717	54	15	499.4666666666667	0.02157228790707322	0.6582278481012658	0.04177545691906005	9.444073678590495
RISK-BAL	5	0.00020342697805520653	65	52	158	4734	104	4615	54	15	499.4666666666667	0.02203856749311295	0.6582278481012658	0.04264916957145786	9.239855846235985
RISK-BAL	5	0.0002611903190957194	65	52	158	4644	104	4525	54	15	499.4666666666667	0.02246705551955066	0.6582278481012658	0.04345101316064341	9.059663641217298
RISK-BAL	5	0.0003353501304664781	65	52	158	4560	104	4441	54	15	499.4666666666667	0.02288228822882288	0.6582278481012658	0.04422708909206889	8.891484249866524
RISK-BAL	5	0.0004305570813246149	65	52	158	4456	103	4338	55	15	499.4666666666667	0.02319297455528034	0.6518987341772152	0.04479234616220917	8.685264281900693
RISK-BAL	5	0.0005527786369235996	65	52	158	4360	101	4244	57	15	499.4666666666667	0.023245109321058686	0.6392405063291139	0.044858982900288696	8.497063534436732
RISK-BAL	5	0.0007096703991005881	65	52	158	4255	101	4139	57	15	499.4666666666667	0.023820754716981134	0.6392405063291139	0.045929968167348796	8.286839295248264
RISK-BAL	5	0.0009110511944006454	65	52	158	4174	101	4058	57	15	499.4666666666667	0.024284683818225534	0.6392405063291139	0.04679175353254575	8.124666310731447
RISK-BAL	5	0.0011695102650555148	65	52	158	4083	101	3967	57	15	499.4666666666667	0.024827925270403145	0.6392405063291139	0.04779933743492665	7.942471970101441
RISK-BAL	5	0.0015011822567369917	65	52	158	3998	101	3882	57	15	499.4666666666667	0.0253577705247301	0.6392405063291139	0.04878048780487805	7.772290443139348
RISK-BAL	5	0.0019267346633274757	65	52	158	3910	101	3794	57	15	499.4666666666667	0.025930680359435174	0.6392405063291139	0.04983962496915865	7.596102509343299
RISK-BAL	5	0.0024726231566347743	65	52	158	3831	101	3715	57	15	499.4666666666667	0.026467505241090147	0.6392405063291139	0.050830397584297936	7.437933796049118
RISK-BAL	5	0.0031726828424851893	65	52	158	3729	101	3613	57	15	499.4666666666667	0.02719439956919763	0.6392405063291139	0.052169421487603305	7.233715963694607
RISK-BAL	5	0.004070137715896128	65	52	158	3639	101	3523	57	15	499.4666666666667	0.027869757174392936	0.6392405063291139	0.053410893707033315	7.0535237586759205
RISK-BAL	5	0.005220125693558397	65	52	158	3545	100	3431	58	14	499.4666666666667	0.02832058906825262	0.6329113924050633	0.05421523448088913	6.869327282434597
RISK-BAL	5	0.0066928509242848554	65	52	158	3463	100	3349	58	14	499.4666666666667	0.028993911278631487	0.6329113924050633	0.05544774050457444	6.70515216230646
RISK-BAL	5	0.008577485413711984	65	52	158	3368	100	3254	58	14	499.4666666666667	0.02981514609421586	0.6329113924050633	0.05694760820045558	6.514949279231179
RISK-BAL	5	0.01098694263059318	65	52	158	3291	100	3177	58	14	499.4666666666667	0.030515715593530668	0.6329113924050633	0.05822416302765648	6.3607848371596365
RISK-BAL	5	0.014063627043245475	65	52	158	3215	100	3101	58	14	499.4666666666667	0.031240237425804437	0.6329113924050633	0.05954153021732658	6.2086225306994125
RISK-BAL	5	0.01798620996209156	65	52	158	3153	99	3040	59	14	499.4666666666667	0.03153870659445683	0.6265822784810127	0.06005459508644222	6.08649225840897
RISK-BAL	5	0.022977369910025615	65	52	158	3087	98	2975	60	14	499.4666666666667	0.03189066059225513	0.620253164556962	0.060662333642835034	5.956353443673251
RISK-BAL	5	0.02931223075135632	65	52	158	3025	97	2914	61	14	499.4666666666667	0.0322152108933909	0.6139240506329114	0.06121804985799937	5.834223171382808
RISK-BAL	5	0.03732688734412946	65	52	158	2952	97	2841	61	14	499.4666666666667	0.03301565690946222	0.6139240506329114	0.06266149870801034	5.68806727175654
RISK-BAL	5	0.04742587317756678	65	52	158	2890	97	2779	61	14	499.4666666666667	0.03372739916550765	0.6139240506329114	0.06394199077125906	5.5639348638547785
RISK-BAL	5	0.060086650174007626	65	52	158	2829	97	2718	61	14	499.4666666666667	0.034458259325044406	0.6139240506329114	0.06525395223679785	5.441804591564335
RISK-BAL	5	0.07585818002124355	65	52	158	2753	97	2642	61	14	499.4666666666667	0.035414384811975175	0.6139240506329114	0.06696582671729376	5.289642285104111
RISK-BAL	5	0.09534946489910949	65	52	158	2684	96	2574	62	14	499.4666666666667	0.035955056179775284	0.6075949367088608	0.06789250353606789	5.153497063534436
RISK-BAL	5	0.11920292202211755	65	52	158	2624	95	2515	63	14	499.4666666666667	0.03639846743295019	0.6012658227848101	0.06864161849710983	5.035371062466631
RISK-BAL	5	0.14804719803168948	65	52	158	2571	95	2462	63	14	499.4666666666667	0.037152913570590536	0.6012658227848101	0.06998158379373849	4.929257875066738
RISK-BAL	5	0.18242552380635635	65	52	158	2516	94	2408	64	14	499.4666666666667	0.037569944044764186	0.5949367088607594	0.07067669172932331	4.821142552055526
RISK-BAL	5	0.22270013882530884	65	52	158	2452	94	2344	64	14	499.4666666666667	0.03855619360131255	0.5949367088607594	0.0724191063174114	4.693005872931126
RISK-BAL	5	0.2689414213699951	65	52	158	2399	93	2292	65	14	499.4666666666667	0.0389937106918239	0.5886075949367089	0.07314195831694849	4.588894821142552
RISK-BAL	5	0.320821300824607	65	52	158	2338	90	2234	68	14	499.4666666666667	0.0387263339070568	0.569620253164557	0.072522159548751	4.472770955686065
RISK-BAL	5	0.3775406687981454	65	52	158	2263	90	2159	68	14	499.4666666666667	0.040017785682525564	0.569620253164557	0.07478188616535106	4.32261078483716
RISK-BAL	5	0.43782349911420193	65	52	158	2209	90	2106	68	13	499.4666666666667	0.040983606557377046	0.569620253164557	0.07646559048428207	4.216497597437266
RISK-BAL	5	0.5	65	52	158	2156	90	2053	68	13	499.4666666666667	0.041997200186654225	0.569620253164557	0.07822685788787484	4.110384410037373
RISK-BAL	5	0.5621765008857981	65	52	158	2109	89	2007	69	13	499.4666666666667	0.042461832061068704	0.5632911392405063	0.07897071872227152	4.018286171916711
RISK-BAL	5	0.6224593312018546	65	52	158	2061	90	1958	68	13	499.4666666666667	0.0439453125	0.569620253164557	0.0815956482320943	3.9201815269620925
RISK-BAL	5	0.679178699175393	65	52	158	2019	90	1916	68	13	499.4666666666667	0.0448654037886341	0.569620253164557	0.08317929759704251	3.8360918312867054
RISK-BAL	5	0.7310585786300049	65	52	158	1978	89	1876	69	13	499.4666666666667	0.04529262086513995	0.5632911392405063	0.083843617522374	3.756006406833956
RISK-BAL	5	0.7772998611746911	65	52	158	1931	89	1829	69	13	499.4666666666667	0.04640250260688217	0.5632911392405063	0.08574181117533719	3.661906033101975
RISK-BAL	5	0.8175744761936437	65	52	158	1864	89	1762	69	13	499.4666666666667	0.04808211777417612	0.5632911392405063	0.08860129417620707	3.5277629471436196
RISK-BAL	5	0.8519528019683106	65	52	158	1814	89	1713	69	12	499.4666666666667	0.049389567147613764	0.5632911392405063	0.09081632653061225	3.4296583021890013
RISK-BAL	5	0.8807970779778823	65	52	158	1776	89	1675	69	12	499.4666666666667	0.05045351473922902	0.5632911392405063	0.09261186264308012	3.3535771489588893
RISK-BAL	5	0.9046505351008906	65	52	158	1746	89	1645	69	12	499.4666666666667	0.05132641291810842	0.5632911392405063	0.09408033826638477	3.293513080619327
RISK-BAL	5	0.9241418199787566	65	52	158	1709	88	1609	70	12	499.4666666666667	0.05185621685327048	0.5569620253164557	0.09487870619946091	3.2214361986118525
RISK-BAL	5	0.9399133498259924	65	52	158	1661	88	1561	70	12	499.4666666666667	0.053365676167374164	0.5569620253164557	0.09739900387382401	3.125333689268553
RISK-BAL	5	0.9525741268224334	65	52	158	1627	87	1528	71	12	499.4666666666667	0.05386996904024768	0.5506329113924051	0.09813874788494077	3.0592632140950347
RISK-BAL	5	0.9626731126558706	65	52	158	1590	87	1491	71	12	499.4666666666667	0.055133079847908745	0.5506329113924051	0.10023041474654378	2.9851841964762413
RISK-BAL	5	0.9706877692486436	65	52	158	1556	87	1457	71	12	499.4666666666667	0.056347150259067356	0.5506329113924051	0.10223266745005875	2.917111585691404
RISK-BAL	5	0.9770226300899744	65	52	158	1525	86	1427	72	12	499.4666666666667	0.056840713813615336	0.5443037974683544	0.10293237582286056	2.857047517351842
RISK-BAL	5	0.9820137900379085	65	52	158	1488	85	1391	73	12	499.4666666666667	0.05758807588075881	0.5379746835443038	0.10403916768665851	2.7849706353443673
RISK-BAL	5	0.9859363729567544	65	52	158	1456	85	1360	73	11	499.4666666666667	0.058823529411764705	0.5379746835443038	0.10605115408608859	2.722904431393486
RISK-BAL	5	0.9890130573694068	65	52	158	1417	83	1323	75	11	499.4666666666667	0.05903271692745377	0.5253164556962026	0.10613810741687979	2.6488254137746927
RISK-BAL	5	0.991422514586288	65	52	158	1389	82	1296	76	11	499.4666666666667	0.059506531204644414	0.5189873417721519	0.10677083333333333	2.594767752269087
RISK-BAL	5	0.9933071490757153	65	52	158	1351	82	1258	76	11	499.4666666666667	0.06119402985074627	0.5189873417721519	0.10947930574098798	2.5186865990389746
RISK-BAL	5	0.9947798743064417	65	52	158	1313	82	1221	76	10	499.4666666666667	0.06293169608595549	0.5189873417721519	0.11225188227241616	2.4446075814201813
RISK-BAL	5	0.995929862284104	65	52	158	1290	82	1198	76	10	499.4666666666667	0.0640625	0.5189873417721519	0.11404728789986092	2.3985584623598504
RISK-BAL	5	0.9968273171575148	65	52	158	1267	82	1175	76	10	499.4666666666667	0.06523468575974542	0.5189873417721519	0.11590106007067137	2.3525093432995194
RISK-BAL	5	0.9975273768433653	65	52	158	1242	81	1151	77	10	499.4666666666667	0.06574675324675325	0.5126582278481012	0.11654676258992806	2.3044580886278694
RISK-BAL	5	0.9980732653366725	65	52	158	1218	80	1128	78	10	499.4666666666667	0.06622516556291391	0.5063291139240507	0.1171303074670571	2.2584089695675384
RISK-BAL	5	0.998498817743263	65	52	158	1177	79	1088	79	10	499.4666666666667	0.0676949443016281	0.5	0.11924528301886793	2.178323545114789
RISK-BAL	5	0.9988304897349445	65	52	158	1144	76	1058	82	10	499.4666666666667	0.06701940035273368	0.4810126582278481	0.11764705882352941	2.118259476775227
RISK-BAL	5	0.9990889488055994	65	52	158	1118	75	1033	83	10	499.4666666666667	0.06768953068592058	0.47468354430379744	0.11848341232227488	2.0682060864922582
RISK-BAL	5	0.9992903296008995	65	52	158	1098	75	1013	83	10	499.4666666666667	0.06893382352941177	0.47468354430379744	0.12038523274478331	2.0281633742658833
RISK-BAL	5	0.9994472213630764	65	52	158	1081	74	997	84	10	499.4666666666667	0.06909430438842204	0.46835443037974683	0.12042310821806347	1.9961292044847836
RISK-BAL	5	0.9995694429186754	65	52	158	1053	74	969	84	10	499.4666666666667	0.07094918504314478	0.46835443037974683	0.12323064113238967	1.9400694073678588
RISK-BAL	5	0.9996646498695336	65	52	158	1025	74	941	84	10	499.4666666666667	0.0729064039408867	0.46835443037974683	0.12617220801364024	1.8840096102509343
RISK-BAL	5	0.9997388096809043	65	52	158	1008	73	925	85	10	499.4666666666667	0.07314629258517034	0.4620253164556962	0.12629757785467127	1.8519754404698343
RISK-BAL	5	0.9997965730219448	65	52	158	989	72	907	86	10	499.4666666666667	0.0735444330949949	0.45569620253164556	0.1266490765171504	1.815936999466097
RISK-BAL	5	0.9998415637808975	65	52	158	961	71	880	87	10	499.4666666666667	0.07465825446898001	0.44936708860759494	0.12804328223624886	1.7618793379604911
RISK-BAL	5	0.9998766054240137	65	52	158	939	69	860	89	10	499.4666666666667	0.07427341227125941	0.43670886075949367	0.12695492180312787	1.7218366257341162
RISK-BAL	5	0.9999038975845005	65	52	158	916	69	837	89	10	499.4666666666667	0.076158940397351	0.43670886075949367	0.12969924812030076	1.6757875066737853
RISK-BAL	5	0.9999251537724895	65	52	158	908	69	829	89	10	499.4666666666667	0.07683741648106904	0.43670886075949367	0.13068181818181818	1.6597704217832354
RISK-BAL	5	0.9999417087343389	65	52	158	880	68	802	90	10	499.4666666666667	0.07816091954022988	0.43037974683544306	0.13229571984435798	1.6057127602776293
RISK-BAL	5	0.9999546021312976	65	52	158	864	68	786	90	10	499.4666666666667	0.07962529274004684	0.43037974683544306	0.13438735177865613	1.5736785904965296
RISK-BAL	5	0.9999646437492582	65	52	158	840	67	763	91	10	499.4666666666667	0.08072289156626505	0.4240506329113924	0.13562753036437247	1.5276294714361984
RISK-BAL	5	0.9999724643088853	65	52	158	826	67	749	91	10	499.4666666666667	0.0821078431372549	0.4240506329113924	0.1375770020533881	1.4995995728777363
RISK-BAL	5	0.9999785550515792	65	52	158	814	66	738	92	10	499.4666666666667	0.08208955223880597	0.4177215189873418	0.13721413721413722	1.47757608115323
RISK-BAL	5	0.999983298578152	65	52	158	800	64	726	94	10	499.4666666666667	0.0810126582278481	0.4050632911392405	0.1350210970464135	1.453550453817405
RISK-BAL	5	0.9999869928715335	65	52	158	786	64	712	94	10	499.4666666666667	0.08247422680412371	0.4050632911392405	0.13704496788008566	1.4255205552589427
RISK-BAL	5	0.9999898700090192	65	52	158	777	63	704	95	10	499.4666666666667	0.08213820078226858	0.3987341772151899	0.1362162162162162	1.4095034703683929
RISK-BAL	5	0.9999921107374138	65	52	158	755	61	684	97	10	499.4666666666667	0.08187919463087248	0.3860759493670886	0.13510520487264674	1.3694607581420182
RISK-BAL	5	0.9999938558253978	65	52	158	736	61	665	97	10	499.4666666666667	0.08402203856749312	0.3860759493670886	0.13800904977375567	1.331420181526962
RISK-BAL	5	0.9999952149055051	65	52	158	715	59	645	99	11	499.4666666666667	0.08380681818181818	0.37341772151898733	0.1368909512761021	1.2913774693005873
RISK-BAL	5	0.9999962733607158	65	52	158	698	59	628	99	11	499.4666666666667	0.0858806404657933	0.37341772151898733	0.13964497041420118	1.2573411639081686
RISK-BAL	5	0.9999970976880148	65	52	158	678	59	608	99	11	499.4666666666667	0.08845577211394302	0.37341772151898733	0.14303030303030304	1.2172984516817937
RISK-BAL	5	0.999997739675702	65	52	158	666	57	598	101	11	499.4666666666667	0.08702290076335878	0.36075949367088606	0.14022140221402213	1.1972770955686065
RISK-BAL	5	0.9999982396567868	65	52	158	655	57	587	101	11	499.4666666666667	0.08850931677018634	0.36075949367088606	0.14214463840399003	1.1752536038441004
RISK-BAL	5	0.999998629042793	65	52	158	638	55	572	103	11	499.4666666666667	0.08771929824561403	0.34810126582278483	0.14012738853503184	1.145221569674319
RISK-BAL	5	0.9999989322971299	65	52	158	623	55	557	103	11	499.4666666666667	0.08986928104575163	0.34810126582278483	0.14285714285714285	1.115189535504538
RISK-BAL	5	0.9999991684719722	65	52	158	615	55	549	103	11	499.4666666666667	0.09105960264900662	0.34810126582278483	0.14435695538057744	1.0991724506139882
RISK-BAL	5	0.9999993524052017	65	52	158	610	54	545	104	11	499.4666666666667	0.09015025041736227	0.34177215189873417	0.142668428005284	1.0911639081687132
RISK-BAL	5	0.9999994956525918	65	52	158	606	53	542	105	11	499.4666666666667	0.08907563025210084	0.33544303797468356	0.1407702523240372	1.085157501334757
RISK-BAL	5	0.9999996072137998	65	52	158	597	50	536	108	11	499.4666666666667	0.08532423208191127	0.31645569620253167	0.13440860215053763	1.0731446876668447
RISK-BAL	5	0.999999694097773	65	52	158	584	50	523	108	11	499.4666666666667	0.08726003490401396	0.31645569620253167	0.13679890560875513	1.047116924719701
RISK-BAL	5	0.9999997617630899	65	52	158	568	50	507	108	11	499.4666666666667	0.08976660682226212	0.31645569620253167	0.13986013986013987	1.015082754938601
RISK-BAL	5	0.9999998144608981	65	52	158	568	50	507	108	11	499.4666666666667	0.08976660682226212	0.31645569620253167	0.13986013986013987	1.015082754938601
RISK-BAL	5	0.9999998555019962	65	52	158	568	50	507	108	11	499.4666666666667	0.08976660682226212	0.31645569620253167	0.13986013986013987	1.015082754938601
RISK-BAL	5	0.9999998874648379	65	52	158	519	44	465	114	10	499.4666666666667	0.08644400785854617	0.27848101265822783	0.13193403298350825	0.9309930592632141
RISK-BAL	5	1.0	65	52	158	519	44	465	114	10	499.4666666666667	0.08644400785854617	0.27848101265822783	0.13193403298350825	0.9309930592632141
RISK-BAL	5	1.0000000000000002	65	52	158	0	0	0	158	0	499.4666666666667		0.0	0.0	0.0
RISK-NAT	5	1.12535162055095e-07	65	52	158	96	13	80	145	3	499.4666666666667	0.13978494623655913	0.08227848101265822	0.10358565737051793	0.16017084890549918
RISK-NAT	5	1.4449800373124837e-07	65	52	158	96	13	80	145	3	499.4666666666667	0.13978494623655913	0.08227848101265822	0.10358565737051793	0.16017084890549918
RISK-NAT	5	1.8553910183683314e-07	65	52	158	98	13	82	145	3	499.4666666666667	0.1368421052631579	0.08227848101265822	0.10276679841897234	0.16417512012813668
RISK-NAT	5	2.38236909993343e-07	65	52	158	100	13	84	145	3	499.4666666666667	0.13402061855670103	0.08227848101265822	0.10196078431372549	0.16817939135077414
RISK-NAT	5	3.059022269256247e-07	65	52	158	101	13	85	145	3	499.4666666666667	0.1326530612244898	0.08227848101265822	0.1015625	0.17018152696209288
RISK-NAT	5	3.927862002670442e-07	65	52	158	106	13	90	145	3	499.4666666666667	0.1262135922330097	0.08227848101265822	0.09961685823754789	0.18019220501868657
RISK-NAT	5	5.043474082014517e-07	65	52	158	110	13	94	145	3	499.4666666666667	0.12149532710280374	0.08227848101265822	0.09811320754716982	0.18820074746396154
RISK-NAT	5	6.475947982049267e-07	65	52	158	113	13	97	145	3	499.4666666666667	0.11818181818181818	0.08227848101265822	0.09701492537313433	0.19420715429791777
RISK-NAT	5	8.315280276641321e-07	65	52	158	121	13	105	145	3	499.4666666666667	0.11016949152542373	0.08227848101265822	0.09420289855072464	0.2102242391884677
RISK-NAT	5	1.067702870044147e-06	65	52	158	130	13	114	145	3	499.4666666666667	0.10236220472440945	0.08227848101265822	0.0912280701754386	0.22824345969033635
RISK-NAT	5	1.3709572068578448e-06	65	52	158	137	13	121	145	3	499.4666666666667	0.09701492537313433	0.08227848101265822	0.08904109589041095	0.24225840896956752
RISK-NAT	5	1.7603432133424856e-06	65	52	158	146	13	130	145	3	499.4666666666667	0.09090909090909091	0.08227848101265822	0.08637873754152824	0.2602776294714362
RISK-NAT	5	2.2603242979035746e-06	65	52	158	154	13	138	145	3	499.4666666666667	0.08609271523178808	0.08227848101265822	0.08414239482200647	0.2762947143619861
RISK-NAT	5	2.902311985211097e-06	65	52	158	163	13	146	145	4	499.4666666666667	0.08176100628930817	0.08227848101265822	0.08201892744479496	0.29231179925253603
RISK-NAT	5	3.726639284186561e-06	65	52	158	178	13	161	145	4	499.4666666666667	0.07471264367816093	0.08227848101265822	0.0783132530120482	0.3223438334223171
RISK-NAT	5	4.785094494890119e-06	65	52	158	191	14	173	144	4	499.4666666666667	0.0748663101604278	0.08860759493670886	0.08115942028985507	0.346369460758142
RISK-NAT	5	6.144174602214718e-06	65	52	158	210	14	189	144	7	499.4666666666667	0.06896551724137931	0.08860759493670886	0.07756232686980609	0.3784036305392418
RISK-NAT	5	7.889262586245034e-06	65	52	158	233	14	212	144	7	499.4666666666667	0.061946902654867256	0.08860759493670886	0.07291666666666667	0.42445274959957285
RISK-NAT	5	1.0129990980873921e-05	65	52	158	274	14	251	144	9	499.4666666666667	0.052830188679245285	0.08860759493670886	0.06619385342789598	0.5025360384410037
RISK-NAT	5	1.3007128466476033e-05	65	52	158	319	14	296	144	9	499.4666666666667	0.04516129032258064	0.08860759493670886	0.05982905982905983	0.592632140950347
RISK-NAT	5	1.670142184809518e-05	65	52	158	384	15	360	143	9	499.4666666666667	0.04	0.0949367088607595	0.05628517823639775	0.7207688200747463
RISK-NAT	5	2.144494842091395e-05	65	52	158	449	18	420	140	11	499.4666666666667	0.0410958904109589	0.11392405063291139	0.06040268456375839	0.8408969567538708
RISK-NAT	5	2.7535691114583473e-05	65	52	158	500	21	468	137	11	499.4666666666667	0.04294478527607362	0.13291139240506328	0.06491499227202473	0.9369994660971702
RISK-NAT	5	3.5356250741744315e-05	65	52	158	554	23	520	135	11	499.4666666666667	0.0423572744014733	0.14556962025316456	0.06562054208273894	1.0411105178857447
RISK-NAT	5	4.5397868702434395e-05	65	52	158	621	27	582	131	12	499.4666666666667	0.04433497536945813	0.17088607594936708	0.07040417209908735	1.1652429257875065
RISK-NAT	5	5.829126566113865e-05	65	52	158	758	33	713	125	12	499.4666666666667	0.04423592493297587	0.2088607594936709	0.07300884955752213	1.4275226908702616
RISK-NAT	5	7.484622751061123e-05	65	52	158	1050	41	996	117	13	499.4666666666667	0.03953712632594021	0.25949367088607594	0.06861924686192468	1.994127068873465
RISK-NAT	5	9.610241549947396e-05	65	52	158	1438	45	1378	113	15	499.4666666666667	0.03162333099086437	0.2848101265822785	0.056925996204933584	2.7589428723972236
RISK-NAT	5	0.00012339457598623172	65	52	158	1937	52	1870	106	15	499.4666666666667	0.027055150884495317	0.3291139240506329	0.05	3.7439935931660435
RISK-NAT	5	0.00015843621910252592	65	52	158	2650	63	2573	95	14	499.4666666666667	0.023899848254931716	0.3987341772151899	0.04509663564781675	5.1514949279231175
RISK-NAT	5	0.00020342697805520653	65	52	158	3558	71	3472	87	15	499.4666666666667	0.020039514535704205	0.44936708860759494	0.038368008646311805	6.951414842498665
RISK-NAT	5	0.0002611903190957194	65	52	158	4687	85	4586	73	16	499.4666666666667	0.018197388139584672	0.5379746835443038	0.03520397597846345	9.181793913507741
RISK-NAT	5	0.0003353501304664781	65	52	158	5922	89	5816	69	17	499.4666666666667	0.015071972904318375	0.5632911392405063	0.029358403430644896	11.64442071542979
RISK-NAT	5	0.0004305570813246149	65	52	158	7088	99	6972	59	17	499.4666666666667	0.014000848536274925	0.6265822784810127	0.02738968045372804	13.958889482114254
RISK-NAT	5	0.0005527786369235996	65	52	158	7975	107	7853	51	15	499.4666666666667	0.013442211055276381	0.6772151898734177	0.026361172702636118	15.722770955686064
RISK-NAT	5	0.0007096703991005881	65	52	158	8524	111	8397	47	16	499.4666666666667	0.01304654442877292	0.7025316455696202	0.025617355181167784	16.81193272824346
RISK-NAT	5	0.0009110511944006454	65	52	158	8651	115	8519	43	17	499.4666666666667	0.013319434792680102	0.7278481012658228	0.02616014558689718	17.056193272824345
RISK-NAT	5	0.0011695102650555148	65	52	158	8541	119	8405	39	17	499.4666666666667	0.013960581886438292	0.7531645569620253	0.027413038470398526	16.82794981313401
RISK-NAT	5	0.0015011822567369917	65	52	158	8032	119	7896	39	17	499.4666666666667	0.014847161572052401	0.7531645569620253	0.029120274073167748	15.80886278697277
RISK-NAT	5	0.0019267346633274757	65	52	158	7135	120	6998	38	17	499.4666666666667	0.01685866816521495	0.759493670886076	0.032985156679494226	14.010945008008541
RISK-NAT	5	0.0024726231566347743	65	52	158	6209	121	6072	37	16	499.4666666666667	0.019538188277087035	0.7658227848101266	0.03810423555345615	12.156967431927388
RISK-NAT	5	0.0031726828424851893	65	52	158	5214	118	5080	40	16	499.4666666666667	0.022701038861100423	0.7468354430379747	0.044062733383121735	10.170848905499199
RISK-NAT	5	0.004070137715896128	65	52	158	4323	117	4189	41	17	499.4666666666667	0.02717138875986995	0.740506329113924	0.05241935483870968	8.386946075814201
RISK-NAT	5	0.005220125693558397	65	52	158	3517	112	3388	46	17	499.4666666666667	0.032	0.7088607594936709	0.0612356478950246	6.783235451147891
RISK-NAT	5	0.0066928509242848554	65	52	158	2861	111	2733	47	17	499.4666666666667	0.039029535864978905	0.7025316455696202	0.07395069953364423	5.471836625734116
RISK-NAT	5	0.008577485413711984	65	52	158	2313	107	2190	51	16	499.4666666666667	0.04658249891162386	0.6772151898734177	0.08716904276985743	4.384676988788041
RISK-NAT	5	0.01098694263059318	65	52	158	1891	106	1769	52	16	499.4666666666667	0.05653333333333333	0.6708860759493671	0.1042793900639449	3.541777896422851
RISK-NAT	5	0.014063627043245475	65	52	158	1551	102	1435	56	14	499.4666666666667	0.06636304489264802	0.6455696202531646	0.12035398230088495	2.873064602242392
RISK-NAT	5	0.01798620996209156	65	52	158	1261	96	1151	62	14	499.4666666666667	0.07698476343223737	0.6075949367088608	0.13665480427046264	2.3044580886278694
RISK-NAT	5	0.022977369910025615	65	52	158	1030	88	928	70	14	499.4666666666667	0.08661417322834646	0.5569620253164557	0.14991482112436116	1.8579818473037906
RISK-NAT	5	0.02931223075135632	65	52	158	830	80	737	78	13	499.4666666666667	0.09791921664626684	0.5063291139240507	0.1641025641025641	1.4755739455419112
RISK-NAT	5	0.03732688734412946	65	52	158	687	70	604	88	13	499.4666666666667	0.10385756676557864	0.4430379746835443	0.16826923076923078	1.2092899092365188
RISK-NAT	5	0.04742587317756678	65	52	158	566	63	491	95	12	499.4666666666667	0.11371841155234658	0.3987341772151899	0.17696629213483145	0.9830485851575013
RISK-NAT	5	0.060086650174007626	65	52	158	443	52	382	106	9	499.4666666666667	0.11981566820276497	0.3291139240506329	0.17567567567567569	0.7648158035237587
RISK-NAT	5	0.07585818002124355	65	52	158	368	45	314	113	9	499.4666666666667	0.12534818941504178	0.2848101265822785	0.17408123791102514	0.6286705819540843
RISK-NAT	5	0.09534946489910949	65	52	158	299	35	256	123	8	499.4666666666667	0.12027491408934708	0.22151898734177214	0.155902004454343	0.5125467164975974
RISK-NAT	5	0.11920292202211755	65	52	158	244	31	205	127	8	499.4666666666667	0.13135593220338984	0.1962025316455696	0.15736040609137056	0.41043780032034166
RISK-NAT	5	0.14804719803168948	65	52	158	193	25	161	133	7	499.4666666666667	0.13440860215053763	0.15822784810126583	0.14534883720930233	0.3223438334223171
RISK-NAT	5	0.18242552380635635	65	52	158	133	20	106	138	7	499.4666666666667	0.15873015873015872	0.12658227848101267	0.14084507042253522	0.21222637479978643
RISK-NAT	5	0.22270013882530884	65	52	158	93	15	72	143	6	499.4666666666667	0.1724137931034483	0.0949367088607595	0.12244897959183673	0.14415376401494928
RISK-NAT	5	0.2689414213699951	65	52	158	67	9	53	149	5	499.4666666666667	0.14516129032258066	0.056962025316455694	0.08181818181818182	0.10611318739989321
RISK-NAT	5	0.320821300824607	65	52	158	55	9	41	149	5	499.4666666666667	0.18	0.056962025316455694	0.08653846153846154	0.08208756006406834
RISK-NAT	5	0.3775406687981454	65	52	158	40	6	31	152	3	499.4666666666667	0.16216216216216217	0.0379746835443038	0.06153846153846154	0.06206620395088094
RISK-NAT	5	0.43782349911420193	65	52	158	33	5	25	153	3	499.4666666666667	0.16666666666666666	0.03164556962025317	0.05319148936170213	0.0500533902829685
RISK-NAT	5	0.5	65	52	158	29	5	21	153	3	499.4666666666667	0.19230769230769232	0.03164556962025317	0.05434782608695652	0.042044847837693536
RISK-NAT	5	0.5621765008857981	65	52	158	23	2	20	156	1	499.4666666666667	0.09090909090909091	0.012658227848101266	0.022222222222222223	0.040042712226374795
RISK-NAT	5	0.6224593312018546	65	52	158	18	0	18	158	0	499.4666666666667	0.0	0.0	0.0	0.03603844100373732
RISK-NAT	5	0.679178699175393	65	52	158	17	0	17	158	0	499.4666666666667	0.0	0.0	0.0	0.03403630539241858
RISK-NAT	5	0.7310585786300049	65	52	158	15	0	15	158	0	499.4666666666667	0.0	0.0	0.0	0.030032034169781098
RISK-NAT	5	0.7772998611746911	65	52	158	15	0	15	158	0	499.4666666666667	0.0	0.0	0.0	0.030032034169781098
RISK-NAT	5	0.8175744761936437	65	52	158	17	0	17	158	0	499.4666666666667	0.0	0.0	0.0	0.03403630539241858
RISK-NAT	5	0.8519528019683106	65	52	158	17	0	17	158	0	499.4666666666667	0.0	0.0	0.0	0.03403630539241858
RISK-NAT	5	0.8807970779778823	65	52	158	11	0	11	158	0	499.4666666666667	0.0	0.0	0.0	0.02202349172450614
RISK-NAT	5	0.9046505351008906	65	52	158	11	0	11	158	0	499.4666666666667	0.0	0.0	0.0	0.02202349172450614
RISK-NAT	5	0.9241418199787566	65	52	158	9	0	9	158	0	499.4666666666667	0.0	0.0	0.0	0.01801922050186866
RISK-NAT	5	0.9399133498259924	65	52	158	8	0	8	158	0	499.4666666666667	0.0	0.0	0.0	0.01601708489054992
RISK-NAT	5	0.9525741268224334	65	52	158	5	0	5	158	0	499.4666666666667	0.0	0.0	0.0	0.010010678056593699
RISK-NAT	5	0.9626731126558706	65	52	158	3	0	3	158	0	499.4666666666667	0.0	0.0	0.0	0.00600640683395622
RISK-NAT	5	0.9706877692486436	65	52	158	2	0	2	158	0	499.4666666666667	0.0	0.0	0.0	0.00400427122263748
RISK-NAT	5	0.9770226300899744	65	52	158	2	0	2	158	0	499.4666666666667	0.0	0.0	0.0	0.00400427122263748
RISK-NAT	5	0.9820137900379085	65	52	158	1	0	1	158	0	499.4666666666667	0.0	0.0	0.0	0.00200213561131874
RISK-NAT	5	0.9859363729567544	65	52	158	1	0	1	158	0	499.4666666666667	0.0	0.0	0.0	0.00200213561131874
RISK-NAT	5	0.9890130573694068	65	52	158	0	0	0	158	0	499.4666666666667		0.0	0.0	0.0
RISK-NAT	5	0.991422514586288	65	52	158	0	0	0	158	0	499.4666666666667		0.0	0.0	0.0
RISK-NAT	5	0.9933071490757153	65	52	158	0	0	0	158	0	499.4666666666667		0.0	0.0	0.0
RISK-NAT	5	0.9947798743064417	65	52	158	0	0	0	158	0	499.4666666666667		0.0	0.0	0.0
RISK-NAT	5	0.995929862284104	65	52	158	0	0	0	158	0	499.4666666666667		0.0	0.0	0.0
RISK-NAT	5	0.9968273171575148	65	52	158	0	0	0	158	0	499.4666666666667		0.0	0.0	0.0
RISK-NAT	5	0.9975273768433653	65	52	158	0	0	0	158	0	499.4666666666667		0.0	0.0	0.0
RISK-NAT	5	0.9980732653366725	65	52	158	0	0	0	158	0	499.4666666666667		0.0	0.0	0.0
RISK-NAT	5	0.998498817743263	65	52	158	0	0	0	158	0	499.4666666666667		0.0	0.0	0.0
RISK-NAT	5	0.9988304897349445	65	52	158	0	0	0	158	0	499.4666666666667		0.0	0.0	0.0
RISK-NAT	5	0.9990889488055994	65	52	158	0	0	0	158	0	499.4666666666667		0.0	0.0	0.0
RISK-NAT	5	0.9992903296008995	65	52	158	0	0	0	158	0	499.4666666666667		0.0	0.0	0.0
RISK-NAT	5	0.9994472213630764	65	52	158	0	0	0	158	0	499.4666666666667		0.0	0.0	0.0
RISK-NAT	5	0.9995694429186754	65	52	158	0	0	0	158	0	499.4666666666667		0.0	0.0	0.0
RISK-NAT	5	0.9996646498695336	65	52	158	0	0	0	158	0	499.4666666666667		0.0	0.0	0.0
RISK-NAT	5	0.9997388096809043	65	52	158	0	0	0	158	0	499.4666666666667		0.0	0.0	0.0
RISK-NAT	5	0.9997965730219448	65	52	158	0	0	0	158	0	499.4666666666667		0.0	0.0	0.0
RISK-NAT	5	0.9998415637808975	65	52	158	0	0	0	158	0	499.4666666666667		0.0	0.0	0.0
RISK-NAT	5	0.9998766054240137	65	52	158	0	0	0	158	0	499.4666666666667		0.0	0.0	0.0
RISK-NAT	5	0.9999038975845005	65	52	158	0	0	0	158	0	499.4666666666667		0.0	0.0	0.0
RISK-NAT	5	0.9999251537724895	65	52	158	0	0	0	158	0	499.4666666666667		0.0	0.0	0.0
RISK-NAT	5	0.9999417087343389	65	52	158	0	0	0	158	0	499.4666666666667		0.0	0.0	0.0
RISK-NAT	5	0.9999546021312976	65	52	158	0	0	0	158	0	499.4666666666667		0.0	0.0	0.0
RISK-NAT	5	0.9999646437492582	65	52	158	0	0	0	158	0	499.4666666666667		0.0	0.0	0.0
RISK-NAT	5	0.9999724643088853	65	52	158	0	0	0	158	0	499.4666666666667		0.0	0.0	0.0
RISK-NAT	5	0.9999785550515792	65	52	158	0	0	0	158	0	499.4666666666667		0.0	0.0	0.0
RISK-NAT	5	0.999983298578152	65	52	158	0	0	0	158	0	499.4666666666667		0.0	0.0	0.0
RISK-NAT	5	0.9999869928715335	65	52	158	0	0	0	158	0	499.4666666666667		0.0	0.0	0.0
RISK-NAT	5	0.9999898700090192	65	52	158	0	0	0	158	0	499.4666666666667		0.0	0.0	0.0
RISK-NAT	5	0.9999921107374138	65	52	158	0	0	0	158	0	499.4666666666667		0.0	0.0	0.0
RISK-NAT	5	0.9999938558253978	65	52	158	0	0	0	158	0	499.4666666666667		0.0	0.0	0.0
RISK-NAT	5	0.9999952149055051	65	52	158	0	0	0	158	0	499.4666666666667		0.0	0.0	0.0
RISK-NAT	5	0.9999962733607158	65	52	158	0	0	0	158	0	499.4666666666667		0.0	0.0	0.0
RISK-NAT	5	0.9999970976880148	65	52	158	0	0	0	158	0	499.4666666666667		0.0	0.0	0.0
RISK-NAT	5	0.999997739675702	65	52	158	0	0	0	158	0	499.4666666666667		0.0	0.0	0.0
RISK-NAT	5	0.9999982396567868	65	52	158	0	0	0	158	0	499.4666666666667		0.0	0.0	0.0
RISK-NAT	5	0.999998629042793	65	52	158	0	0	0	158	0	499.4666666666667		0.0	0.0	0.0
RISK-NAT	5	0.9999989322971299	65	52	158	0	0	0	158	0	499.4666666666667		0.0	0.0	0.0
RISK-NAT	5	0.9999991684719722	65	52	158	0	0	0	158	0	499.4666666666667		0.0	0.0	0.0
RISK-NAT	5	0.9999993524052017	65	52	158	0	0	0	158	0	499.4666666666667		0.0	0.0	0.0
RISK-NAT	5	0.9999994956525918	65	52	158	0	0	0	158	0	499.4666666666667		0.0	0.0	0.0
RISK-NAT	5	0.9999996072137998	65	52	158	0	0	0	158	0	499.4666666666667		0.0	0.0	0.0
RISK-NAT	5	0.999999694097773	65	52	158	0	0	0	158	0	499.4666666666667		0.0	0.0	0.0
RISK-NAT	5	0.9999997617630899	65	52	158	0	0	0	158	0	499.4666666666667		0.0	0.0	0.0
RISK-NAT	5	0.9999998144608981	65	52	158	0	0	0	158	0	499.4666666666667		0.0	0.0	0.0
RISK-NAT	5	0.9999998555019962	65	52	158	0	0	0	158	0	499.4666666666667		0.0	0.0	0.0
RISK-NAT	5	0.9999998874648379	65	52	158	0	0	0	158	0	499.4666666666667		0.0	0.0	0.0
RISK-NAT	5	1.0	65	52	158	0	0	0	158	0	499.4666666666667		0.0	0.0	0.0
RISK-NAT	5	1.0000000000000002	65	52	158	0	0	0	158	0	499.4666666666667		0.0	0.0	0.0
