threshold	pid	recordings	reference_events	predicted_events	true_positive	false_positive	false_negative	ignored_predictions	supported_hours	precision	recall	f1	false_alarms_per_hour
0.01	2	1	2	81	1	80	1	0	8.858333333333333	0.012345679012345678	0.5	0.024096385542168676	9.0310442144873
0.01	3	1	4	140	1	139	3	0	8.316666666666666	0.007142857142857143	0.25	0.013888888888888888	16.713426853707414
0.01	4	1	1	91	0	91	1	0	8.258333333333333	0.0	0.0	0.0	11.019172552976793
0.01	5	1	0	112	0	110	0	2	7.733333333333333	0.0		0.0	14.224137931034482
0.01	15	2	5	216	3	213	2	0	16.616666666666667	0.013888888888888888	0.6	0.027149321266968326	12.818455366098295
0.01	17	1	3	19	0	19	3	0	8.966666666666667	0.0	0.0	0.0	2.1189591078066914
0.01	37	1	0	60	0	60	0	0	7.991666666666666	0.0		0.0	7.5078206465067785
0.01	40	1	0	47	0	46	0	1	7.133333333333334	0.0		0.0	6.4485981308411215
0.01	44	1	0	37	0	37	0	0	8.558333333333334	0.0		0.0	4.3232716650438165
0.01	48	1	0	50	0	49	0	1	7.341666666666667	0.0		0.0	6.6742338251986375
0.01	55	1	0	60	0	60	0	0	7.416666666666667	0.0		0.0	8.089887640449438
0.01	64	1	5	18	2	16	3	0	8.983333333333333	0.1111111111111111	0.4	0.17391304347826086	1.7810760667903527
0.01	73	1	3	84	2	82	1	0	7.866666666666666	0.023809523809523808	0.6666666666666666	0.04597701149425287	10.423728813559322
0.01	89	2	7	105	1	104	6	0	15.05	0.009523809523809525	0.14285714285714285	0.017857142857142856	6.910299003322259
0.01	97	3	6	425	3	422	3	0	23.066666666666666	0.007058823529411765	0.5	0.013921113689095127	18.294797687861273
0.01	106	1	1	91	0	87	1	4	7.2	0.0	0.0	0.0	12.083333333333332
0.02	2	1	2	96	1	95	1	0	8.858333333333333	0.010416666666666666	0.5	0.02040816326530612	10.72436500470367
0.02	3	1	4	97	2	95	2	0	8.316666666666666	0.020618556701030927	0.5	0.039603960396039604	11.422845691382767
0.02	4	1	1	96	0	96	1	0	8.258333333333333	0.0	0.0	0.0	11.624621594349144
0.02	5	1	0	107	0	105	0	2	7.733333333333333	0.0		0.0	13.577586206896552
0.02	15	2	5	199	5	194	0	0	16.616666666666667	0.02512562814070352	1.0	0.049019607843137254	11.675025075225676
0.02	17	1	3	51	0	51	3	0	8.966666666666667	0.0	0.0	0.0	5.687732342007435
0.02	37	1	0	84	0	84	0	0	7.991666666666666	0.0		0.0	10.51094890510949
0.02	40	1	0	68	0	67	0	1	7.133333333333334	0.0		0.0	9.392523364485982
0.02	44	1	0	91	0	91	0	0	8.558333333333334	0.0		0.0	10.632911392405063
0.02	48	1	0	116	0	115	0	1	7.341666666666667	0.0		0.0	15.664018161180476
0.02	55	1	0	63	0	63	0	0	7.416666666666667	0.0		0.0	8.49438202247191
0.02	64	1	5	61	3	58	2	0	8.983333333333333	0.04918032786885246	0.6	0.09090909090909091	6.4564007421150285
0.02	73	1	3	77	2	75	1	0	7.866666666666666	0.025974025974025976	0.6666666666666666	0.05	9.533898305084746
0.02	89	2	7	87	1	86	6	0	15.05	0.011494252873563218	0.14285714285714285	0.02127659574468085	5.714285714285714
0.02	97	3	6	396	3	393	3	0	23.066666666666666	0.007575757575757576	0.5	0.014925373134328358	17.03757225433526
0.02	106	1	1	82	0	78	1	4	7.2	0.0	0.0	0.0	10.833333333333334
0.03	2	1	2	87	1	86	1	0	8.858333333333333	0.011494252873563218	0.5	0.02247191011235955	9.708372530573849
0.03	3	1	4	86	3	83	1	0	8.316666666666666	0.03488372093023256	0.75	0.06666666666666667	9.97995991983968
0.03	4	1	1	106	0	106	1	0	8.258333333333333	0.0	0.0	0.0	12.835519677093846
0.03	5	1	0	100	0	98	0	2	7.733333333333333	0.0		0.0	12.672413793103448
0.03	15	2	5	172	5	167	0	0	16.616666666666667	0.029069767441860465	1.0	0.05649717514124294	10.050150451354062
0.03	17	1	3	95	0	95	3	0	8.966666666666667	0.0	0.0	0.0	10.594795539033457
0.03	37	1	0	88	0	88	0	0	7.991666666666666	0.0		0.0	11.011470281543275
0.03	40	1	0	84	0	83	0	1	7.133333333333334	0.0		0.0	11.635514018691588
0.03	44	1	0	111	0	111	0	0	8.558333333333334	0.0		0.0	12.96981499513145
0.03	48	1	0	139	0	137	0	2	7.341666666666667	0.0		0.0	18.66061293984109
0.03	55	1	0	67	0	67	0	0	7.416666666666667	0.0		0.0	9.03370786516854
0.03	64	1	5	111	3	108	2	0	8.983333333333333	0.02702702702702703	0.6	0.05172413793103448	12.022263450834881
0.03	73	1	3	68	3	65	0	0	7.866666666666666	0.04411764705882353	1.0	0.08450704225352113	8.26271186440678
0.03	89	2	7	75	1	74	6	0	15.05	0.013333333333333334	0.14285714285714285	0.024390243902439025	4.916943521594684
0.03	97	3	6	325	3	322	3	0	23.066666666666666	0.009230769230769232	0.5	0.01812688821752266	13.959537572254336
0.03	106	1	1	79	0	75	1	4	7.2	0.0	0.0	0.0	10.416666666666666
0.04	2	1	2	94	1	93	1	0	8.858333333333333	0.010638297872340425	0.5	0.020833333333333332	10.498588899341488
0.04	3	1	4	92	3	89	1	0	8.316666666666666	0.03260869565217391	0.75	0.0625	10.701402805611222
0.04	4	1	1	106	1	105	0	0	8.258333333333333	0.009433962264150943	1.0	0.018691588785046728	12.714429868819375
0.04	5	1	0	88	0	86	0	2	7.733333333333333	0.0		0.0	11.120689655172415
0.04	15	2	5	167	5	162	0	0	16.616666666666667	0.029940119760479042	1.0	0.05813953488372093	9.749247743229688
0.04	17	1	3	118	0	118	3	0	8.966666666666667	0.0	0.0	0.0	13.159851301115241
0.04	37	1	0	90	0	89	0	1	7.991666666666666	0.0		0.0	11.13660062565172
0.04	40	1	0	104	0	103	0	1	7.133333333333334	0.0		0.0	14.439252336448597
0.04	44	1	0	133	0	133	0	0	8.558333333333334	0.0		0.0	15.540408958130477
0.04	48	1	0	122	0	120	0	2	7.341666666666667	0.0		0.0	16.34506242905789
0.04	55	1	0	69	0	69	0	0	7.416666666666667	0.0		0.0	9.303370786516853
0.04	64	1	5	148	3	145	2	0	8.983333333333333	0.02027027027027027	0.6	0.0392156862745098	16.14100185528757
0.04	73	1	3	75	3	72	0	0	7.866666666666666	0.04	1.0	0.07692307692307693	9.152542372881356
0.04	89	2	7	75	1	74	6	0	15.05	0.013333333333333334	0.14285714285714285	0.024390243902439025	4.916943521594684
0.04	97	3	6	296	4	292	2	0	23.066666666666666	0.013513513513513514	0.6666666666666666	0.026490066225165563	12.658959537572255
0.04	106	1	1	80	0	76	1	4	7.2	0.0	0.0	0.0	10.555555555555555
0.05	2	1	2	97	1	96	1	0	8.858333333333333	0.010309278350515464	0.5	0.020202020202020204	10.83725305738476
0.05	3	1	4	88	3	85	1	0	8.316666666666666	0.03409090909090909	0.75	0.06521739130434782	10.220440881763528
0.05	4	1	1	104	1	103	0	0	8.258333333333333	0.009615384615384616	1.0	0.01904761904761905	12.472250252270435
0.05	5	1	0	89	0	87	0	2	7.733333333333333	0.0		0.0	11.25
0.05	15	2	5	162	5	157	0	0	16.616666666666667	0.030864197530864196	1.0	0.059880239520958084	9.448345035105316
0.05	17	1	3	144	0	144	3	0	8.966666666666667	0.0	0.0	0.0	16.059479553903344
0.05	37	1	0	88	0	87	0	1	7.991666666666666	0.0		0.0	10.886339937434828
0.05	40	1	0	103	0	102	0	1	7.133333333333334	0.0		0.0	14.299065420560748
0.05	44	1	0	140	0	140	0	0	8.558333333333334	0.0		0.0	16.358325219084712
0.05	48	1	0	101	0	99	0	2	7.341666666666667	0.0		0.0	13.484676503972757
0.05	55	1	0	75	0	75	0	0	7.416666666666667	0.0		0.0	10.112359550561797
0.05	64	1	5	178	3	175	2	0	8.983333333333333	0.016853932584269662	0.6	0.03278688524590164	19.480519480519483
0.05	73	1	3	80	3	77	0	0	7.866666666666666	0.0375	1.0	0.07228915662650602	9.788135593220339
0.05	89	2	7	75	1	74	6	0	15.05	0.013333333333333334	0.14285714285714285	0.024390243902439025	4.916943521594684
0.05	97	3	6	256	4	252	2	0	23.066666666666666	0.015625	0.6666666666666666	0.030534351145038167	10.92485549132948
0.05	106	1	1	76	0	72	1	4	7.2	0.0	0.0	0.0	10.0
0.06	2	1	2	103	1	102	1	0	8.858333333333333	0.009708737864077669	0.5	0.01904761904761905	11.514581373471309
0.06	3	1	4	81	3	78	1	0	8.316666666666666	0.037037037037037035	0.75	0.07058823529411765	9.37875751503006
0.06	4	1	1	99	1	98	0	0	8.258333333333333	0.010101010101010102	1.0	0.02	11.866801210898084
0.06	5	1	0	81	0	79	0	2	7.733333333333333	0.0		0.0	10.21551724137931
0.06	15	2	5	156	5	151	0	0	16.616666666666667	0.03205128205128205	1.0	0.062111801242236024	9.087261785356068
0.06	17	1	3	161	0	161	3	0	8.966666666666667	0.0	0.0	0.0	17.955390334572492
0.06	37	1	0	84	0	83	0	1	7.991666666666666	0.0		0.0	10.385818561001043
0.06	40	1	0	113	0	112	0	1	7.133333333333334	0.0		0.0	15.700934579439252
0.06	44	1	0	144	0	144	0	0	8.558333333333334	0.0		0.0	16.82570593962999
0.06	48	1	0	91	0	89	0	2	7.341666666666667	0.0		0.0	12.122587968217934
0.06	55	1	0	77	0	77	0	0	7.416666666666667	0.0		0.0	10.382022471910112
0.06	64	1	5	171	3	168	2	0	8.983333333333333	0.017543859649122806	0.6	0.03409090909090909	18.701298701298704
0.06	73	1	3	82	3	79	0	0	7.866666666666666	0.036585365853658534	1.0	0.07058823529411765	10.042372881355933
0.06	89	2	7	80	2	78	5	0	15.05	0.025	0.2857142857142857	0.04597701149425287	5.1827242524916945
0.06	97	3	6	225	5	220	1	0	23.066666666666666	0.022222222222222223	0.8333333333333334	0.04329004329004329	9.53757225433526
0.06	106	1	1	71	0	67	1	4	7.2	0.0	0.0	0.0	9.305555555555555
0.07	2	1	2	98	1	97	1	0	8.858333333333333	0.01020408163265306	0.5	0.02	10.950141110065852
0.07	3	1	4	79	3	76	1	0	8.316666666666666	0.0379746835443038	0.75	0.07228915662650602	9.138276553106213
0.07	4	1	1	96	1	95	0	0	8.258333333333333	0.010416666666666666	1.0	0.020618556701030927	11.503531786074673
0.07	5	1	0	76	0	74	0	2	7.733333333333333	0.0		0.0	9.568965517241379
0.07	15	2	5	148	5	143	0	0	16.616666666666667	0.033783783783783786	1.0	0.06535947712418301	8.605817452357071
0.07	17	1	3	174	0	174	3	0	8.966666666666667	0.0	0.0	0.0	19.40520446096654
0.07	37	1	0	79	0	78	0	1	7.991666666666666	0.0		0.0	9.760166840458812
0.07	40	1	0	115	0	114	0	1	7.133333333333334	0.0		0.0	15.981308411214952
0.07	44	1	0	137	0	137	0	0	8.558333333333334	0.0		0.0	16.007789678675753
0.07	48	1	0	81	0	79	0	2	7.341666666666667	0.0		0.0	10.76049943246311
0.07	55	1	0	76	0	76	0	0	7.416666666666667	0.0		0.0	10.247191011235955
0.07	64	1	5	153	3	150	2	0	8.983333333333333	0.0196078431372549	0.6	0.0379746835443038	16.697588126159555
0.07	73	1	3	82	3	79	0	0	7.866666666666666	0.036585365853658534	1.0	0.07058823529411765	10.042372881355933
0.07	89	2	7	82	2	80	5	0	15.05	0.024390243902439025	0.2857142857142857	0.0449438202247191	5.3156146179401995
0.07	97	3	6	202	5	197	1	0	23.066666666666666	0.024752475247524754	0.8333333333333334	0.04807692307692308	8.540462427745664
0.07	106	1	1	68	0	64	1	4	7.2	0.0	0.0	0.0	8.88888888888889
0.08	2	1	2	100	1	99	1	0	8.858333333333333	0.01	0.5	0.0196078431372549	11.175917215428035
0.08	3	1	4	75	3	72	1	0	8.316666666666666	0.04	0.75	0.0759493670886076	8.657314629258517
0.08	4	1	1	98	1	97	0	0	8.258333333333333	0.01020408163265306	1.0	0.020202020202020204	11.745711402623613
0.08	5	1	0	74	0	72	0	2	7.733333333333333	0.0		0.0	9.310344827586206
0.08	15	2	5	139	5	134	0	0	16.616666666666667	0.03597122302158273	1.0	0.06944444444444445	8.0641925777332
0.08	17	1	3	176	0	176	3	0	8.966666666666667	0.0	0.0	0.0	19.62825278810409
0.08	37	1	0	74	0	73	0	1	7.991666666666666	0.0		0.0	9.13451511991658
0.08	40	1	0	106	0	105	0	1	7.133333333333334	0.0		0.0	14.719626168224298
0.08	44	1	0	135	0	135	0	0	8.558333333333334	0.0		0.0	15.774099318403115
0.08	48	1	0	78	0	76	0	2	7.341666666666667	0.0		0.0	10.351872871736663
0.08	55	1	0	79	0	79	0	0	7.416666666666667	0.0		0.0	10.651685393258427
0.08	64	1	5	152	3	149	2	0	8.983333333333333	0.019736842105263157	0.6	0.03821656050955414	16.58627087198516
0.08	73	1	3	78	3	75	0	0	7.866666666666666	0.038461538461538464	1.0	0.07407407407407407	9.533898305084746
0.08	89	2	7	87	3	84	4	0	15.05	0.034482758620689655	0.42857142857142855	0.06382978723404255	5.5813953488372094
0.08	97	3	6	197	5	192	1	0	23.066666666666666	0.025380710659898477	0.8333333333333334	0.04926108374384237	8.323699421965317
0.08	106	1	1	68	0	64	1	4	7.2	0.0	0.0	0.0	8.88888888888889
0.09	2	1	2	104	1	103	1	0	8.858333333333333	0.009615384615384616	0.5	0.018867924528301886	11.6274694261524
0.09	3	1	4	73	3	70	1	0	8.316666666666666	0.0410958904109589	0.75	0.07792207792207792	8.41683366733467
0.09	4	1	1	97	1	96	0	0	8.258333333333333	0.010309278350515464	1.0	0.02040816326530612	11.624621594349144
0.09	5	1	0	70	0	68	0	2	7.733333333333333	0.0		0.0	8.793103448275861
0.09	15	2	5	128	5	123	0	0	16.616666666666667	0.0390625	1.0	0.07518796992481203	7.402206619859578
0.09	17	1	3	177	0	177	3	0	8.966666666666667	0.0	0.0	0.0	19.739776951672862
0.09	37	1	0	80	0	79	0	1	7.991666666666666	0.0		0.0	9.885297184567259
0.09	40	1	0	106	0	105	0	1	7.133333333333334	0.0		0.0	14.719626168224298
0.09	44	1	0	131	0	131	0	0	8.558333333333334	0.0		0.0	15.306718597857838
0.09	48	1	0	77	0	75	0	2	7.341666666666667	0.0		0.0	10.21566401816118
0.09	55	1	0	82	0	82	0	0	7.416666666666667	0.0		0.0	11.0561797752809
0.09	64	1	5	147	4	143	1	0	8.983333333333333	0.027210884353741496	0.8	0.05263157894736842	15.918367346938776
0.09	73	1	3	81	3	78	0	0	7.866666666666666	0.037037037037037035	1.0	0.07142857142857142	9.915254237288137
0.09	89	2	7	87	4	83	3	0	15.05	0.04597701149425287	0.5714285714285714	0.0851063829787234	5.514950166112957
0.09	97	3	6	193	5	188	1	0	23.066666666666666	0.025906735751295335	0.8333333333333334	0.05025125628140704	8.150289017341041
0.09	106	1	1	67	0	63	1	4	7.2	0.0	0.0	0.0	8.75
0.1	2	1	2	100	1	99	1	0	8.858333333333333	0.01	0.5	0.0196078431372549	11.175917215428035
0.1	3	1	4	64	3	61	1	0	8.316666666666666	0.046875	0.75	0.08823529411764706	7.3346693386773545
0.1	4	1	1	98	1	97	0	0	8.258333333333333	0.01020408163265306	1.0	0.020202020202020204	11.745711402623613
0.1	5	1	0	71	0	69	0	2	7.733333333333333	0.0		0.0	8.922413793103448
0.1	15	2	5	118	5	113	0	0	16.616666666666667	0.0423728813559322	1.0	0.08130081300813008	6.800401203610832
0.1	17	1	3	165	0	165	3	0	8.966666666666667	0.0	0.0	0.0	18.401486988847584
0.1	37	1	0	83	0	82	0	1	7.991666666666666	0.0		0.0	10.260688216892596
0.1	40	1	0	104	0	103	0	1	7.133333333333334	0.0		0.0	14.439252336448597
0.1	44	1	0	126	0	126	0	0	8.558333333333334	0.0		0.0	14.722492697176241
0.1	48	1	0	80	0	78	0	2	7.341666666666667	0.0		0.0	10.624290578887628
0.1	55	1	0	84	0	84	0	0	7.416666666666667	0.0		0.0	11.325842696629213
0.1	64	1	5	139	4	135	1	0	8.983333333333333	0.02877697841726619	0.8	0.05555555555555555	15.0278293135436
0.1	73	1	3	80	3	77	0	0	7.866666666666666	0.0375	1.0	0.07228915662650602	9.788135593220339
0.1	89	2	7	89	4	85	3	0	15.05	0.0449438202247191	0.5714285714285714	0.08333333333333333	5.647840531561462
0.1	97	3	6	195	5	190	1	0	23.066666666666666	0.02564102564102564	0.8333333333333334	0.04975124378109453	8.236994219653178
0.1	106	1	1	69	0	65	1	4	7.2	0.0	0.0	0.0	9.027777777777777
0.11	2	1	2	106	1	105	1	0	8.858333333333333	0.009433962264150943	0.5	0.018518518518518517	11.853245531514583
0.11	3	1	4	62	3	59	1	0	8.316666666666666	0.04838709677419355	0.75	0.09090909090909091	7.094188376753507
0.11	4	1	1	91	1	90	0	0	8.258333333333333	0.01098901098901099	1.0	0.021739130434782608	10.898082744702322
0.11	5	1	0	67	0	65	0	2	7.733333333333333	0.0		0.0	8.405172413793103
0.11	15	2	5	109	5	104	0	0	16.616666666666667	0.045871559633027525	1.0	0.08771929824561403	6.2587763289869605
0.11	17	1	3	165	0	165	3	0	8.966666666666667	0.0	0.0	0.0	18.401486988847584
0.11	37	1	0	81	0	80	0	1	7.991666666666666	0.0		0.0	10.010427528675704
0.11	40	1	0	100	0	99	0	1	7.133333333333334	0.0		0.0	13.878504672897195
0.11	44	1	0	122	0	122	0	0	8.558333333333334	0.0		0.0	14.255111976630964
0.11	48	1	0	76	0	74	0	2	7.341666666666667	0.0		0.0	10.079455164585697
0.11	55	1	0	83	0	83	0	0	7.416666666666667	0.0		0.0	11.191011235955056
0.11	64	1	5	132	4	128	1	0	8.983333333333333	0.030303030303030304	0.8	0.058394160583941604	14.248608534322821
0.11	73	1	3	75	3	72	0	0	7.866666666666666	0.04	1.0	0.07692307692307693	9.152542372881356
0.11	89	2	7	91	5	86	2	0	15.05	0.054945054945054944	0.7142857142857143	0.10204081632653061	5.714285714285714
0.11	97	3	6	186	5	181	1	0	23.066666666666666	0.026881720430107527	0.8333333333333334	0.052083333333333336	7.846820809248555
0.11	106	1	1	68	0	64	1	4	7.2	0.0	0.0	0.0	8.88888888888889
0.12	2	1	2	110	1	109	1	0	8.858333333333333	0.00909090909090909	0.5	0.017857142857142856	12.304797742238948
0.12	3	1	4	60	3	57	1	0	8.316666666666666	0.05	0.75	0.09375	6.8537074148296595
0.12	4	1	1	88	1	87	0	0	8.258333333333333	0.011363636363636364	1.0	0.02247191011235955	10.53481331987891
0.12	5	1	0	64	0	62	0	2	7.733333333333333	0.0		0.0	8.017241379310345
0.12	15	2	5	109	5	104	0	0	16.616666666666667	0.045871559633027525	1.0	0.08771929824561403	6.2587763289869605
0.12	17	1	3	162	0	162	3	0	8.966666666666667	0.0	0.0	0.0	18.066914498141262
0.12	37	1	0	84	0	83	0	1	7.991666666666666	0.0		0.0	10.385818561001043
0.12	40	1	0	97	0	96	0	1	7.133333333333334	0.0		0.0	13.457943925233645
0.12	44	1	0	115	0	115	0	0	8.558333333333334	0.0		0.0	13.437195715676728
0.12	48	1	0	71	0	69	0	2	7.341666666666667	0.0		0.0	9.398410896708286
0.12	55	1	0	85	0	85	0	0	7.416666666666667	0.0		0.0	11.46067415730337
0.12	64	1	5	123	4	119	1	0	8.983333333333333	0.032520325203252036	0.8	0.0625	13.246753246753247
0.12	73	1	3	74	3	71	0	0	7.866666666666666	0.04054054054054054	1.0	0.07792207792207792	9.02542372881356
0.12	89	2	7	94	5	89	2	0	15.05	0.05319148936170213	0.7142857142857143	0.09900990099009901	5.913621262458472
0.12	97	3	6	185	5	180	1	0	23.066666666666666	0.02702702702702703	0.8333333333333334	0.05235602094240838	7.803468208092486
0.12	106	1	1	67	0	63	1	4	7.2	0.0	0.0	0.0	8.75
0.13	2	1	2	113	1	112	1	0	8.858333333333333	0.008849557522123894	0.5	0.017391304347826087	12.64346190028222
0.13	3	1	4	56	3	53	1	0	8.316666666666666	0.05357142857142857	0.75	0.1	6.3727454909819645
0.13	4	1	1	86	1	85	0	0	8.258333333333333	0.011627906976744186	1.0	0.022988505747126436	10.29263370332997
0.13	5	1	0	62	0	60	0	2	7.733333333333333	0.0		0.0	7.758620689655173
0.13	15	2	5	107	5	102	0	0	16.616666666666667	0.04672897196261682	1.0	0.08928571428571429	6.138415245737211
0.13	17	1	3	164	0	164	3	0	8.966666666666667	0.0	0.0	0.0	18.28996282527881
0.13	37	1	0	87	0	86	0	1	7.991666666666666	0.0		0.0	10.761209593326383
0.13	40	1	0	102	0	101	0	1	7.133333333333334	0.0		0.0	14.158878504672897
0.13	44	1	0	112	0	112	0	0	8.558333333333334	0.0		0.0	13.08666017526777
0.13	48	1	0	63	0	61	0	2	7.341666666666667	0.0		0.0	8.308740068104427
0.13	55	1	0	86	0	86	0	0	7.416666666666667	0.0		0.0	11.595505617977528
0.13	64	1	5	114	4	110	1	0	8.983333333333333	0.03508771929824561	0.8	0.06722689075630252	12.244897959183675
0.13	73	1	3	77	3	74	0	0	7.866666666666666	0.03896103896103896	1.0	0.075	9.40677966101695
0.13	89	2	7	96	5	91	2	0	15.05	0.052083333333333336	0.7142857142857143	0.0970873786407767	6.046511627906977
0.13	97	3	6	178	5	173	1	0	23.066666666666666	0.028089887640449437	0.8333333333333334	0.05434782608695652	7.5
0.13	106	1	1	70	0	66	1	4	7.2	0.0	0.0	0.0	9.166666666666666
0.14	2	1	2	114	1	113	1	0	8.858333333333333	0.008771929824561403	0.5	0.017241379310344827	12.756349952963312
0.14	3	1	4	55	3	52	1	0	8.316666666666666	0.05454545454545454	0.75	0.1016949152542373	6.25250501002004
0.14	4	1	1	82	1	81	0	0	8.258333333333333	0.012195121951219513	1.0	0.024096385542168676	9.808274470232089
0.14	5	1	0	61	0	59	0	2	7.733333333333333	0.0		0.0	7.629310344827586
0.14	15	2	5	97	5	92	0	0	16.616666666666667	0.05154639175257732	1.0	0.09803921568627451	5.536609829488465
0.14	17	1	3	168	0	168	3	0	8.966666666666667	0.0	0.0	0.0	18.7360594795539
0.14	37	1	0	87	0	86	0	1	7.991666666666666	0.0		0.0	10.761209593326383
0.14	40	1	0	93	0	92	0	1	7.133333333333334	0.0		0.0	12.897196261682243
0.14	44	1	0	113	0	113	0	0	8.558333333333334	0.0		0.0	13.20350535540409
0.14	48	1	0	58	0	56	0	2	7.341666666666667	0.0		0.0	7.6276958002270145
0.14	55	1	0	86	0	86	0	0	7.416666666666667	0.0		0.0	11.595505617977528
0.14	64	1	5	107	4	103	1	0	8.983333333333333	0.037383177570093455	0.8	0.07142857142857142	11.465677179962896
0.14	73	1	3	78	3	75	0	0	7.866666666666666	0.038461538461538464	1.0	0.07407407407407407	9.533898305084746
0.14	89	2	7	91	4	87	3	0	15.05	0.04395604395604396	0.5714285714285714	0.08163265306122448	5.780730897009967
0.14	97	3	6	170	5	165	1	0	23.066666666666666	0.029411764705882353	0.8333333333333334	0.056818181818181816	7.1531791907514455
0.14	106	1	1	66	0	62	1	4	7.2	0.0	0.0	0.0	8.61111111111111
0.15	2	1	2	112	1	111	1	0	8.858333333333333	0.008928571428571428	0.5	0.017543859649122806	12.53057384760113
0.15	3	1	4	49	3	46	1	0	8.316666666666666	0.061224489795918366	0.75	0.11320754716981132	5.531062124248497
0.15	4	1	1	83	1	82	0	0	8.258333333333333	0.012048192771084338	1.0	0.023809523809523808	9.92936427850656
0.15	5	1	0	55	0	53	0	2	7.733333333333333	0.0		0.0	6.8534482758620685
0.15	15	2	5	93	5	88	0	0	16.616666666666667	0.053763440860215055	1.0	0.10204081632653061	5.295887662988966
0.15	17	1	3	157	0	157	3	0	8.966666666666667	0.0	0.0	0.0	17.509293680297397
0.15	37	1	0	90	0	89	0	1	7.991666666666666	0.0		0.0	11.13660062565172
0.15	40	1	0	95	0	94	0	1	7.133333333333334	0.0		0.0	13.177570093457943
0.15	44	1	0	109	0	109	0	0	8.558333333333334	0.0		0.0	12.736124634858811
0.15	48	1	0	54	0	52	0	2	7.341666666666667	0.0		0.0	7.082860385925085
0.15	55	1	0	81	0	81	0	0	7.416666666666667	0.0		0.0	10.92134831460674
0.15	64	1	5	97	4	93	1	0	8.983333333333333	0.041237113402061855	0.8	0.0784313725490196	10.352504638218925
0.15	73	1	3	80	3	77	0	0	7.866666666666666	0.0375	1.0	0.07228915662650602	9.788135593220339
0.15	89	2	7	92	4	88	3	0	15.05	0.043478260869565216	0.5714285714285714	0.08080808080808081	5.847176079734219
0.15	97	3	6	173	5	168	1	0	23.066666666666666	0.028901734104046242	0.8333333333333334	0.055865921787709494	7.283236994219653
0.15	106	1	1	55	0	51	1	4	7.2	0.0	0.0	0.0	7.083333333333333
0.16	2	1	2	107	1	106	1	0	8.858333333333333	0.009345794392523364	0.5	0.01834862385321101	11.966133584195674
0.16	3	1	4	47	3	44	1	0	8.316666666666666	0.06382978723404255	0.75	0.11764705882352941	5.290581162324649
0.16	4	1	1	82	1	81	0	0	8.258333333333333	0.012195121951219513	1.0	0.024096385542168676	9.808274470232089
0.16	5	1	0	54	0	52	0	2	7.733333333333333	0.0		0.0	6.724137931034483
0.16	15	2	5	91	5	86	0	0	16.616666666666667	0.054945054945054944	1.0	0.10416666666666667	5.175526579739217
0.16	17	1	3	146	0	146	3	0	8.966666666666667	0.0	0.0	0.0	16.28252788104089
0.16	37	1	0	87	0	86	0	1	7.991666666666666	0.0		0.0	10.761209593326383
0.16	40	1	0	97	0	96	0	1	7.133333333333334	0.0		0.0	13.457943925233645
0.16	44	1	0	107	0	107	0	0	8.558333333333334	0.0		0.0	12.502434274586173
0.16	48	1	0	53	0	51	0	2	7.341666666666667	0.0		0.0	6.946651532349603
0.16	55	1	0	80	0	80	0	0	7.416666666666667	0.0		0.0	10.786516853932584
0.16	64	1	5	91	4	87	1	0	8.983333333333333	0.04395604395604396	0.8	0.08333333333333333	9.684601113172542
0.16	73	1	3	82	3	79	0	0	7.866666666666666	0.036585365853658534	1.0	0.07058823529411765	10.042372881355933
0.16	89	2	7	92	4	88	3	0	15.05	0.043478260869565216	0.5714285714285714	0.08080808080808081	5.847176079734219
0.16	97	3	6	165	5	160	1	0	23.066666666666666	0.030303030303030304	0.8333333333333334	0.05847953216374269	6.936416184971098
0.16	106	1	1	51	0	47	1	4	7.2	0.0	0.0	0.0	6.527777777777778
0.17	2	1	2	104	1	103	1	0	8.858333333333333	0.009615384615384616	0.5	0.018867924528301886	11.6274694261524
0.17	3	1	4	46	3	43	1	0	8.316666666666666	0.06521739130434782	0.75	0.12	5.170340681362726
0.17	4	1	1	79	1	78	0	0	8.258333333333333	0.012658227848101266	1.0	0.025	9.445005045408678
0.17	5	1	0	52	0	50	0	2	7.733333333333333	0.0		0.0	6.4655172413793105
0.17	15	2	5	91	5	86	0	0	16.616666666666667	0.054945054945054944	1.0	0.10416666666666667	5.175526579739217
0.17	17	1	3	144	0	144	3	0	8.966666666666667	0.0	0.0	0.0	16.059479553903344
0.17	37	1	0	88	0	87	0	1	7.991666666666666	0.0		0.0	10.886339937434828
0.17	40	1	0	104	0	103	0	1	7.133333333333334	0.0		0.0	14.439252336448597
0.17	44	1	0	104	0	104	0	0	8.558333333333334	0.0		0.0	12.151898734177214
0.17	48	1	0	47	0	45	0	2	7.341666666666667	0.0		0.0	6.129398410896708
0.17	55	1	0	81	0	81	0	0	7.416666666666667	0.0		0.0	10.92134831460674
0.17	64	1	5	84	4	80	1	0	8.983333333333333	0.047619047619047616	0.8	0.0898876404494382	8.905380333951763
0.17	73	1	3	81	3	78	0	0	7.866666666666666	0.037037037037037035	1.0	0.07142857142857142	9.915254237288137
0.17	89	2	7	94	4	90	3	0	15.05	0.0425531914893617	0.5714285714285714	0.07920792079207921	5.980066445182724
0.17	97	3	6	161	5	156	1	0	23.066666666666666	0.031055900621118012	0.8333333333333334	0.059880239520958084	6.763005780346821
0.17	106	1	1	47	0	43	1	4	7.2	0.0	0.0	0.0	5.972222222222222
0.18	2	1	2	103	1	102	1	0	8.858333333333333	0.009708737864077669	0.5	0.01904761904761905	11.514581373471309
0.18	3	1	4	42	3	39	1	0	8.316666666666666	0.07142857142857142	0.75	0.13043478260869565	4.68937875751503
0.18	4	1	1	76	1	75	0	0	8.258333333333333	0.013157894736842105	1.0	0.025974025974025976	9.081735620585269
0.18	5	1	0	51	0	49	0	2	7.733333333333333	0.0		0.0	6.336206896551724
0.18	15	2	5	91	5	86	0	0	16.616666666666667	0.054945054945054944	1.0	0.10416666666666667	5.175526579739217
0.18	17	1	3	138	0	138	3	0	8.966666666666667	0.0	0.0	0.0	15.390334572490707
0.18	37	1	0	85	0	84	0	1	7.991666666666666	0.0		0.0	10.51094890510949
0.18	40	1	0	99	0	98	0	1	7.133333333333334	0.0		0.0	13.738317757009344
0.18	44	1	0	104	0	104	0	0	8.558333333333334	0.0		0.0	12.151898734177214
0.18	48	1	0	47	0	45	0	2	7.341666666666667	0.0		0.0	6.129398410896708
0.18	55	1	0	75	0	75	0	0	7.416666666666667	0.0		0.0	10.112359550561797
0.18	64	1	5	79	4	75	1	0	8.983333333333333	0.05063291139240506	0.8	0.09523809523809523	8.348794063079778
0.18	73	1	3	78	3	75	0	0	7.866666666666666	0.038461538461538464	1.0	0.07407407407407407	9.533898305084746
0.18	89	2	7	96	4	92	3	0	15.05	0.041666666666666664	0.5714285714285714	0.07766990291262135	6.112956810631229
0.18	97	3	6	159	5	154	1	0	23.066666666666666	0.031446540880503145	0.8333333333333334	0.06060606060606061	6.676300578034682
0.18	106	1	1	46	0	42	1	4	7.2	0.0	0.0	0.0	5.833333333333333
0.19	2	1	2	103	1	102	1	0	8.858333333333333	0.009708737864077669	0.5	0.01904761904761905	11.514581373471309
0.19	3	1	4	39	3	36	1	0	8.316666666666666	0.07692307692307693	0.75	0.13953488372093023	4.328657314629258
0.19	4	1	1	71	1	70	0	0	8.258333333333333	0.014084507042253521	1.0	0.027777777777777776	8.476286579212918
0.19	5	1	0	51	0	49	0	2	7.733333333333333	0.0		0.0	6.336206896551724
0.19	15	2	5	84	5	79	0	0	16.616666666666667	0.05952380952380952	1.0	0.11235955056179775	4.754262788365095
0.19	17	1	3	132	0	132	3	0	8.966666666666667	0.0	0.0	0.0	14.721189591078067
0.19	37	1	0	83	0	82	0	1	7.991666666666666	0.0		0.0	10.260688216892596
0.19	40	1	0	98	0	97	0	1	7.133333333333334	0.0		0.0	13.598130841121495
0.19	44	1	0	96	0	96	0	0	8.558333333333334	0.0		0.0	11.21713729308666
0.19	48	1	0	46	0	44	0	2	7.341666666666667	0.0		0.0	5.993189557321226
0.19	55	1	0	70	0	70	0	0	7.416666666666667	0.0		0.0	9.438202247191011
0.19	64	1	5	72	4	68	1	0	8.983333333333333	0.05555555555555555	0.8	0.1038961038961039	7.569573283858999
0.19	73	1	3	80	3	77	0	0	7.866666666666666	0.0375	1.0	0.07228915662650602	9.788135593220339
0.19	89	2	7	97	4	93	3	0	15.05	0.041237113402061855	0.5714285714285714	0.07692307692307693	6.179401993355482
0.19	97	3	6	155	5	150	1	0	23.066666666666666	0.03225806451612903	0.8333333333333334	0.062111801242236024	6.502890173410405
0.19	106	1	1	43	0	39	1	4	7.2	0.0	0.0	0.0	5.416666666666667
0.2	2	1	2	101	1	100	1	0	8.858333333333333	0.009900990099009901	0.5	0.019417475728155338	11.288805268109126
0.2	3	1	4	36	3	33	1	0	8.316666666666666	0.08333333333333333	0.75	0.15	3.967935871743487
0.2	4	1	1	69	1	68	0	0	8.258333333333333	0.014492753623188406	1.0	0.02857142857142857	8.234106962663976
0.2	5	1	0	51	0	49	0	2	7.733333333333333	0.0		0.0	6.336206896551724
0.2	15	2	5	81	5	76	0	0	16.616666666666667	0.06172839506172839	1.0	0.11627906976744186	4.573721163490471
0.2	17	1	3	123	0	123	3	0	8.966666666666667	0.0	0.0	0.0	13.717472118959108
0.2	37	1	0	84	0	83	0	1	7.991666666666666	0.0		0.0	10.385818561001043
0.2	40	1	0	97	0	96	0	1	7.133333333333334	0.0		0.0	13.457943925233645
0.2	44	1	0	89	0	89	0	0	8.558333333333334	0.0		0.0	10.399221032132424
0.2	48	1	0	44	0	42	0	2	7.341666666666667	0.0		0.0	5.720771850170261
0.2	55	1	0	68	0	68	0	0	7.416666666666667	0.0		0.0	9.168539325842696
0.2	64	1	5	72	4	68	1	0	8.983333333333333	0.05555555555555555	0.8	0.1038961038961039	7.569573283858999
0.2	73	1	3	79	3	76	0	0	7.866666666666666	0.0379746835443038	1.0	0.07317073170731707	9.661016949152543
0.2	89	2	7	94	5	89	2	0	15.05	0.05319148936170213	0.7142857142857143	0.09900990099009901	5.913621262458472
0.2	97	3	6	146	5	141	1	0	23.066666666666666	0.03424657534246575	0.8333333333333334	0.06578947368421052	6.11271676300578
0.2	106	1	1	41	0	37	1	4	7.2	0.0	0.0	0.0	5.138888888888888
0.21	2	1	2	100	1	99	1	0	8.858333333333333	0.01	0.5	0.0196078431372549	11.175917215428035
0.21	3	1	4	36	3	33	1	0	8.316666666666666	0.08333333333333333	0.75	0.15	3.967935871743487
0.21	4	1	1	68	1	67	0	0	8.258333333333333	0.014705882352941176	1.0	0.028985507246376812	8.113017154389507
0.21	5	1	0	50	0	48	0	2	7.733333333333333	0.0		0.0	6.206896551724138
0.21	15	2	5	82	5	77	0	0	16.616666666666667	0.06097560975609756	1.0	0.11494252873563218	4.6339017051153455
0.21	17	1	3	118	0	118	3	0	8.966666666666667	0.0	0.0	0.0	13.159851301115241
0.21	37	1	0	83	0	82	0	1	7.991666666666666	0.0		0.0	10.260688216892596
0.21	40	1	0	93	0	92	0	1	7.133333333333334	0.0		0.0	12.897196261682243
0.21	44	1	0	86	0	86	0	0	8.558333333333334	0.0		0.0	10.048685491723466
0.21	48	1	0	42	0	40	0	2	7.341666666666667	0.0		0.0	5.448354143019296
0.21	55	1	0	67	0	67	0	0	7.416666666666667	0.0		0.0	9.03370786516854
0.21	64	1	5	71	4	67	1	0	8.983333333333333	0.056338028169014086	0.8	0.10526315789473684	7.458256029684602
0.21	73	1	3	79	3	76	0	0	7.866666666666666	0.0379746835443038	1.0	0.07317073170731707	9.661016949152543
0.21	89	2	7	95	5	90	2	0	15.05	0.05263157894736842	0.7142857142857143	0.09803921568627451	5.980066445182724
0.21	97	3	6	140	5	135	1	0	23.066666666666666	0.03571428571428571	0.8333333333333334	0.0684931506849315	5.8526011560693645
0.21	106	1	1	40	0	36	1	4	7.2	0.0	0.0	0.0	5.0
0.22	2	1	2	96	1	95	1	0	8.858333333333333	0.010416666666666666	0.5	0.02040816326530612	10.72436500470367
0.22	3	1	4	37	3	34	1	0	8.316666666666666	0.08108108108108109	0.75	0.14634146341463414	4.088176352705411
0.22	4	1	1	66	1	65	0	0	8.258333333333333	0.015151515151515152	1.0	0.029850746268656716	7.870837537840566
0.22	5	1	0	50	0	48	0	2	7.733333333333333	0.0		0.0	6.206896551724138
0.22	15	2	5	78	5	73	0	0	16.616666666666667	0.0641025641025641	1.0	0.12048192771084337	4.393179538615847
0.22	17	1	3	113	0	113	3	0	8.966666666666667	0.0	0.0	0.0	12.602230483271375
0.22	37	1	0	83	0	82	0	1	7.991666666666666	0.0		0.0	10.260688216892596
0.22	40	1	0	88	0	87	0	1	7.133333333333334	0.0		0.0	12.19626168224299
0.22	44	1	0	83	0	83	0	0	8.558333333333334	0.0		0.0	9.698149951314509
0.22	48	1	0	41	0	39	0	2	7.341666666666667	0.0		0.0	5.312145289443814
0.22	55	1	0	62	0	62	0	0	7.416666666666667	0.0		0.0	8.359550561797752
0.22	64	1	5	70	4	66	1	0	8.983333333333333	0.05714285714285714	0.8	0.10666666666666667	7.346938775510205
0.22	73	1	3	74	3	71	0	0	7.866666666666666	0.04054054054054054	1.0	0.07792207792207792	9.02542372881356
0.22	89	2	7	96	5	91	2	0	15.05	0.052083333333333336	0.7142857142857143	0.0970873786407767	6.046511627906977
0.22	97	3	6	132	5	127	1	0	23.066666666666666	0.03787878787878788	0.8333333333333334	0.07246376811594203	5.505780346820809
0.22	106	1	1	41	0	37	1	4	7.2	0.0	0.0	0.0	5.138888888888888
0.23	2	1	2	91	1	90	1	0	8.858333333333333	0.01098901098901099	0.5	0.021505376344086023	10.159924741298214
0.23	3	1	4	34	3	31	1	0	8.316666666666666	0.08823529411764706	0.75	0.15789473684210525	3.7274549098196395
0.23	4	1	1	66	1	65	0	0	8.258333333333333	0.015151515151515152	1.0	0.029850746268656716	7.870837537840566
0.23	5	1	0	50	0	48	0	2	7.733333333333333	0.0		0.0	6.206896551724138
0.23	15	2	5	72	5	67	0	0	16.616666666666667	0.06944444444444445	1.0	0.12987012987012986	4.0320962888666
0.23	17	1	3	114	0	114	3	0	8.966666666666667	0.0	0.0	0.0	12.71375464684015
0.23	37	1	0	83	0	82	0	1	7.991666666666666	0.0		0.0	10.260688216892596
0.23	40	1	0	83	0	82	0	1	7.133333333333334	0.0		0.0	11.495327102803738
0.23	44	1	0	79	0	79	0	0	8.558333333333334	0.0		0.0	9.23076923076923
0.23	48	1	0	37	0	35	0	2	7.341666666666667	0.0		0.0	4.767309875141884
0.23	55	1	0	58	0	58	0	0	7.416666666666667	0.0		0.0	7.820224719101123
0.23	64	1	5	70	4	66	1	0	8.983333333333333	0.05714285714285714	0.8	0.10666666666666667	7.346938775510205
0.23	73	1	3	72	3	69	0	0	7.866666666666666	0.041666666666666664	1.0	0.08	8.771186440677967
0.23	89	2	7	93	5	88	2	0	15.05	0.053763440860215055	0.7142857142857143	0.1	5.847176079734219
0.23	97	3	6	132	5	127	1	0	23.066666666666666	0.03787878787878788	0.8333333333333334	0.07246376811594203	5.505780346820809
0.23	106	1	1	40	0	36	1	4	7.2	0.0	0.0	0.0	5.0
0.24	2	1	2	91	1	90	1	0	8.858333333333333	0.01098901098901099	0.5	0.021505376344086023	10.159924741298214
0.24	3	1	4	31	3	28	1	0	8.316666666666666	0.0967741935483871	0.75	0.17142857142857143	3.366733466933868
0.24	4	1	1	60	1	59	0	0	8.258333333333333	0.016666666666666666	1.0	0.03278688524590164	7.144298688193744
0.24	5	1	0	47	0	45	0	2	7.733333333333333	0.0		0.0	5.818965517241379
0.24	15	2	5	69	5	64	0	0	16.616666666666667	0.07246376811594203	1.0	0.13513513513513514	3.8515546639919758
0.24	17	1	3	114	0	114	3	0	8.966666666666667	0.0	0.0	0.0	12.71375464684015
0.24	37	1	0	87	0	86	0	1	7.991666666666666	0.0		0.0	10.761209593326383
0.24	40	1	0	78	0	77	0	1	7.133333333333334	0.0		0.0	10.794392523364486
0.24	44	1	0	73	0	73	0	0	8.558333333333334	0.0		0.0	8.529698149951315
0.24	48	1	0	37	0	35	0	2	7.341666666666667	0.0		0.0	4.767309875141884
0.24	55	1	0	56	0	56	0	0	7.416666666666667	0.0		0.0	7.550561797752809
0.24	64	1	5	69	4	65	1	0	8.983333333333333	0.057971014492753624	0.8	0.10810810810810811	7.2356215213358075
0.24	73	1	3	66	3	63	0	0	7.866666666666666	0.045454545454545456	1.0	0.08695652173913043	8.008474576271187
0.24	89	2	7	93	5	88	2	0	15.05	0.053763440860215055	0.7142857142857143	0.1	5.847176079734219
0.24	97	3	6	130	5	125	1	0	23.066666666666666	0.038461538461538464	0.8333333333333334	0.07352941176470588	5.41907514450867
0.24	106	1	1	39	0	35	1	4	7.2	0.0	0.0	0.0	4.861111111111111
0.25	2	1	2	89	1	88	1	0	8.858333333333333	0.011235955056179775	0.5	0.02197802197802198	9.934148635936031
0.25	3	1	4	30	3	27	1	0	8.316666666666666	0.1	0.75	0.17647058823529413	3.246492985971944
0.25	4	1	1	56	1	55	0	0	8.258333333333333	0.017857142857142856	1.0	0.03508771929824561	6.659939455095863
0.25	5	1	0	44	0	42	0	2	7.733333333333333	0.0		0.0	5.431034482758621
0.25	15	2	5	65	5	60	0	0	16.616666666666667	0.07692307692307693	1.0	0.14285714285714285	3.6108324974924773
0.25	17	1	3	110	0	110	3	0	8.966666666666667	0.0	0.0	0.0	12.267657992565056
0.25	37	1	0	90	0	89	0	1	7.991666666666666	0.0		0.0	11.13660062565172
0.25	40	1	0	73	0	72	0	1	7.133333333333334	0.0		0.0	10.093457943925234
0.25	44	1	0	69	0	69	0	0	8.558333333333334	0.0		0.0	8.062317429406036
0.25	48	1	0	34	0	32	0	2	7.341666666666667	0.0		0.0	4.358683314415437
0.25	55	1	0	57	0	57	0	0	7.416666666666667	0.0		0.0	7.685393258426966
0.25	64	1	5	68	4	64	1	0	8.983333333333333	0.058823529411764705	0.8	0.1095890410958904	7.124304267161411
0.25	73	1	3	64	3	61	0	0	7.866666666666666	0.046875	1.0	0.08955223880597014	7.754237288135593
0.25	89	2	7	90	5	85	2	0	15.05	0.05555555555555555	0.7142857142857143	0.10309278350515463	5.647840531561462
0.25	97	3	6	133	5	128	1	0	23.066666666666666	0.03759398496240601	0.8333333333333334	0.07194244604316546	5.5491329479768785
0.25	106	1	1	36	0	32	1	4	7.2	0.0	0.0	0.0	4.444444444444445
0.26	2	1	2	86	1	85	1	0	8.858333333333333	0.011627906976744186	0.5	0.022727272727272728	9.595484477892757
0.26	3	1	4	27	3	24	1	0	8.316666666666666	0.1111111111111111	0.75	0.1935483870967742	2.8857715430861726
0.26	4	1	1	56	1	55	0	0	8.258333333333333	0.017857142857142856	1.0	0.03508771929824561	6.659939455095863
0.26	5	1	0	43	0	41	0	2	7.733333333333333	0.0		0.0	5.301724137931035
0.26	15	2	5	61	5	56	0	0	16.616666666666667	0.08196721311475409	1.0	0.15151515151515152	3.3701103309929787
0.26	17	1	3	109	0	109	3	0	8.966666666666667	0.0	0.0	0.0	12.156133828996282
0.26	37	1	0	95	0	94	0	1	7.991666666666666	0.0		0.0	11.762252346193952
0.26	40	1	0	71	0	70	0	1	7.133333333333334	0.0		0.0	9.813084112149532
0.26	44	1	0	64	0	64	0	0	8.558333333333334	0.0		0.0	7.47809152872444
0.26	48	1	0	31	0	29	0	2	7.341666666666667	0.0		0.0	3.95005675368899
0.26	55	1	0	56	0	56	0	0	7.416666666666667	0.0		0.0	7.550561797752809
0.26	64	1	5	62	4	58	1	0	8.983333333333333	0.06451612903225806	0.8	0.11940298507462686	6.4564007421150285
0.26	73	1	3	63	3	60	0	0	7.866666666666666	0.047619047619047616	1.0	0.09090909090909091	7.627118644067797
0.26	89	2	7	84	5	79	2	0	15.05	0.05952380952380952	0.7142857142857143	0.10989010989010989	5.249169435215947
0.26	97	3	6	130	5	125	1	0	23.066666666666666	0.038461538461538464	0.8333333333333334	0.07352941176470588	5.41907514450867
0.26	106	1	1	34	0	30	1	4	7.2	0.0	0.0	0.0	4.166666666666667
0.27	2	1	2	84	1	83	1	0	8.858333333333333	0.011904761904761904	0.5	0.023255813953488372	9.369708372530575
0.27	3	1	4	26	3	23	1	0	8.316666666666666	0.11538461538461539	0.75	0.2	2.7655310621242486
0.27	4	1	1	54	1	53	0	0	8.258333333333333	0.018518518518518517	1.0	0.03636363636363636	6.417759838546923
0.27	5	1	0	43	0	41	0	2	7.733333333333333	0.0		0.0	5.301724137931035
0.27	15	2	5	57	5	52	0	0	16.616666666666667	0.08771929824561403	1.0	0.16129032258064516	3.1293881644934802
0.27	17	1	3	105	0	105	3	0	8.966666666666667	0.0	0.0	0.0	11.71003717472119
0.27	37	1	0	96	0	95	0	1	7.991666666666666	0.0		0.0	11.887382690302399
0.27	40	1	0	66	0	65	0	1	7.133333333333334	0.0		0.0	9.11214953271028
0.27	44	1	0	63	0	63	0	0	8.558333333333334	0.0		0.0	7.3612463485881205
0.27	48	1	0	30	0	28	0	2	7.341666666666667	0.0		0.0	3.8138479001135073
0.27	55	1	0	55	0	55	0	0	7.416666666666667	0.0		0.0	7.415730337078651
0.27	64	1	5	62	4	58	1	0	8.983333333333333	0.06451612903225806	0.8	0.11940298507462686	6.4564007421150285
0.27	73	1	3	62	3	59	0	0	7.866666666666666	0.04838709677419355	1.0	0.09230769230769231	7.5
0.27	89	2	7	83	5	78	2	0	15.05	0.060240963855421686	0.7142857142857143	0.1111111111111111	5.1827242524916945
0.27	97	3	6	129	5	124	1	0	23.066666666666666	0.03875968992248062	0.8333333333333334	0.07407407407407407	5.375722543352601
0.27	106	1	1	33	0	29	1	4	7.2	0.0	0.0	0.0	4.027777777777778
0.28	2	1	2	81	1	80	1	0	8.858333333333333	0.012345679012345678	0.5	0.024096385542168676	9.0310442144873
0.28	3	1	4	25	3	22	1	0	8.316666666666666	0.12	0.75	0.20689655172413793	2.6452905811623246
0.28	4	1	1	53	1	52	0	0	8.258333333333333	0.018867924528301886	1.0	0.037037037037037035	6.296670030272453
0.28	5	1	0	43	0	41	0	2	7.733333333333333	0.0		0.0	5.301724137931035
0.28	15	2	5	58	5	53	0	0	16.616666666666667	0.08620689655172414	1.0	0.15873015873015872	3.189568706118355
0.28	17	1	3	103	0	103	3	0	8.966666666666667	0.0	0.0	0.0	11.486988847583643
0.28	37	1	0	96	0	95	0	1	7.991666666666666	0.0		0.0	11.887382690302399
0.28	40	1	0	63	0	62	0	1	7.133333333333334	0.0		0.0	8.69158878504673
0.28	44	1	0	60	0	60	0	0	8.558333333333334	0.0		0.0	7.010710808179162
0.28	48	1	0	30	0	28	0	2	7.341666666666667	0.0		0.0	3.8138479001135073
0.28	55	1	0	50	0	50	0	0	7.416666666666667	0.0		0.0	6.741573033707865
0.28	64	1	5	60	4	56	1	0	8.983333333333333	0.06666666666666667	0.8	0.12307692307692308	6.233766233766234
0.28	73	1	3	60	3	57	0	0	7.866666666666666	0.05	1.0	0.09523809523809523	7.2457627118644075
0.28	89	2	7	81	5	76	2	0	15.05	0.06172839506172839	0.7142857142857143	0.11363636363636363	5.049833887043189
0.28	97	3	6	128	5	123	1	0	23.066666666666666	0.0390625	0.8333333333333334	0.07462686567164178	5.332369942196532
0.28	106	1	1	32	0	28	1	4	7.2	0.0	0.0	0.0	3.888888888888889
0.29	2	1	2	80	1	79	1	0	8.858333333333333	0.0125	0.5	0.024390243902439025	8.918156161806209
0.29	3	1	4	25	3	22	1	0	8.316666666666666	0.12	0.75	0.20689655172413793	2.6452905811623246
0.29	4	1	1	50	1	49	0	0	8.258333333333333	0.02	1.0	0.0392156862745098	5.933400605449042
0.29	5	1	0	42	0	40	0	2	7.733333333333333	0.0		0.0	5.172413793103448
0.29	15	2	5	55	5	50	0	0	16.616666666666667	0.09090909090909091	1.0	0.16666666666666666	3.009027081243731
0.29	17	1	3	97	0	97	3	0	8.966666666666667	0.0	0.0	0.0	10.817843866171003
0.29	37	1	0	92	0	91	0	1	7.991666666666666	0.0		0.0	11.386861313868614
0.29	40	1	0	58	0	57	0	1	7.133333333333334	0.0		0.0	7.990654205607476
0.29	44	1	0	55	0	55	0	0	8.558333333333334	0.0		0.0	6.426484907497565
0.29	48	1	0	29	0	27	0	2	7.341666666666667	0.0		0.0	3.677639046538025
0.29	55	1	0	47	0	47	0	0	7.416666666666667	0.0		0.0	6.337078651685393
0.29	64	1	5	57	4	53	1	0	8.983333333333333	0.07017543859649122	0.8	0.12903225806451613	5.899814471243043
0.29	73	1	3	59	3	56	0	0	7.866666666666666	0.05084745762711865	1.0	0.0967741935483871	7.118644067796611
0.29	89	2	7	81	5	76	2	0	15.05	0.06172839506172839	0.7142857142857143	0.11363636363636363	5.049833887043189
0.29	97	3	6	119	5	114	1	0	23.066666666666666	0.04201680672268908	0.8333333333333334	0.08	4.942196531791907
0.29	106	1	1	29	0	25	1	4	7.2	0.0	0.0	0.0	3.4722222222222223
0.3	2	1	2	76	1	75	1	0	8.858333333333333	0.013157894736842105	0.5	0.02564102564102564	8.466603951081845
0.3	3	1	4	24	3	21	1	0	8.316666666666666	0.125	0.75	0.21428571428571427	2.5250501002004007
0.3	4	1	1	46	1	45	0	0	8.258333333333333	0.021739130434782608	1.0	0.0425531914893617	5.449041372351161
0.3	5	1	0	42	0	40	0	2	7.733333333333333	0.0		0.0	5.172413793103448
0.3	15	2	5	53	5	48	0	0	16.616666666666667	0.09433962264150944	1.0	0.1724137931034483	2.8886659979939817
0.3	17	1	3	94	0	94	3	0	8.966666666666667	0.0	0.0	0.0	10.483271375464684
0.3	37	1	0	90	0	89	0	1	7.991666666666666	0.0		0.0	11.13660062565172
0.3	40	1	0	54	0	53	0	1	7.133333333333334	0.0		0.0	7.429906542056075
0.3	44	1	0	53	0	53	0	0	8.558333333333334	0.0		0.0	6.192794547224927
0.3	48	1	0	28	0	26	0	2	7.341666666666667	0.0		0.0	3.5414301929625425
0.3	55	1	0	47	0	47	0	0	7.416666666666667	0.0		0.0	6.337078651685393
0.3	64	1	5	54	4	50	1	0	8.983333333333333	0.07407407407407407	0.8	0.13559322033898305	5.565862708719852
0.3	73	1	3	56	3	53	0	0	7.866666666666666	0.05357142857142857	1.0	0.1016949152542373	6.737288135593221
0.3	89	2	7	77	5	72	2	0	15.05	0.06493506493506493	0.7142857142857143	0.11904761904761904	4.784053156146179
0.3	97	3	6	115	5	110	1	0	23.066666666666666	0.043478260869565216	0.8333333333333334	0.08264462809917356	4.76878612716763
0.3	106	1	1	28	0	24	1	4	7.2	0.0	0.0	0.0	3.333333333333333
0.31	2	1	2	71	1	70	1	0	8.858333333333333	0.014084507042253521	0.5	0.0273972602739726	7.9021636876763885
0.31	3	1	4	22	3	19	1	0	8.316666666666666	0.13636363636363635	0.75	0.23076923076923078	2.284569138276553
0.31	4	1	1	44	1	43	0	0	8.258333333333333	0.022727272727272728	1.0	0.044444444444444446	5.20686175580222
0.31	5	1	0	41	0	39	0	2	7.733333333333333	0.0		0.0	5.043103448275862
0.31	15	2	5	55	5	50	0	0	16.616666666666667	0.09090909090909091	1.0	0.16666666666666666	3.009027081243731
0.31	17	1	3	87	0	87	3	0	8.966666666666667	0.0	0.0	0.0	9.70260223048327
0.31	37	1	0	88	0	87	0	1	7.991666666666666	0.0		0.0	10.886339937434828
0.31	40	1	0	55	0	54	0	1	7.133333333333334	0.0		0.0	7.5700934579439245
0.31	44	1	0	53	0	53	0	0	8.558333333333334	0.0		0.0	6.192794547224927
0.31	48	1	0	27	0	25	0	2	7.341666666666667	0.0		0.0	3.4052213393870603
0.31	55	1	0	45	0	45	0	0	7.416666666666667	0.0		0.0	6.067415730337078
0.31	64	1	5	53	4	49	1	0	8.983333333333333	0.07547169811320754	0.8	0.13793103448275862	5.454545454545455
0.31	73	1	3	55	3	52	0	0	7.866666666666666	0.05454545454545454	1.0	0.10344827586206896	6.610169491525424
0.31	89	2	7	70	5	65	2	0	15.05	0.07142857142857142	0.7142857142857143	0.12987012987012986	4.318936877076411
0.31	97	3	6	105	5	100	1	0	23.066666666666666	0.047619047619047616	0.8333333333333334	0.09009009009009009	4.335260115606936
0.31	106	1	1	28	0	24	1	4	7.2	0.0	0.0	0.0	3.333333333333333
0.32	2	1	2	70	1	69	1	0	8.858333333333333	0.014285714285714285	0.5	0.027777777777777776	7.789275634995297
0.32	3	1	4	22	3	19	1	0	8.316666666666666	0.13636363636363635	0.75	0.23076923076923078	2.284569138276553
0.32	4	1	1	42	1	41	0	0	8.258333333333333	0.023809523809523808	1.0	0.046511627906976744	4.96468213925328
0.32	5	1	0	41	0	39	0	2	7.733333333333333	0.0		0.0	5.043103448275862
0.32	15	2	5	54	5	49	0	0	16.616666666666667	0.09259259259259259	1.0	0.1694915254237288	2.9488465396188563
0.32	17	1	3	80	0	80	3	0	8.966666666666667	0.0	0.0	0.0	8.921933085501859
0.32	37	1	0	85	0	84	0	1	7.991666666666666	0.0		0.0	10.51094890510949
0.32	40	1	0	51	0	50	0	1	7.133333333333334	0.0		0.0	7.009345794392523
0.32	44	1	0	52	0	52	0	0	8.558333333333334	0.0		0.0	6.075949367088607
0.32	48	1	0	27	0	25	0	2	7.341666666666667	0.0		0.0	3.4052213393870603
0.32	55	1	0	43	0	43	0	0	7.416666666666667	0.0		0.0	5.797752808988764
0.32	64	1	5	51	4	47	1	0	8.983333333333333	0.0784313725490196	0.8	0.14285714285714285	5.231910946196661
0.32	73	1	3	53	3	50	0	0	7.866666666666666	0.05660377358490566	1.0	0.10714285714285714	6.3559322033898304
0.32	89	2	7	66	5	61	2	0	15.05	0.07575757575757576	0.7142857142857143	0.136986301369863	4.0531561461794015
0.32	97	3	6	103	5	98	1	0	23.066666666666666	0.04854368932038835	0.8333333333333334	0.09174311926605505	4.2485549132947975
0.32	106	1	1	28	0	24	1	4	7.2	0.0	0.0	0.0	3.333333333333333
0.33	2	1	2	67	1	66	1	0	8.858333333333333	0.014925373134328358	0.5	0.028985507246376812	7.450611476952023
0.33	3	1	4	22	3	19	1	0	8.316666666666666	0.13636363636363635	0.75	0.23076923076923078	2.284569138276553
0.33	4	1	1	40	1	39	0	0	8.258333333333333	0.025	1.0	0.04878048780487805	4.722502522704339
0.33	5	1	0	41	0	39	0	2	7.733333333333333	0.0		0.0	5.043103448275862
0.33	15	2	5	52	5	47	0	0	16.616666666666667	0.09615384615384616	1.0	0.17543859649122806	2.828485456369107
0.33	17	1	3	76	0	76	3	0	8.966666666666667	0.0	0.0	0.0	8.475836431226766
0.33	37	1	0	81	0	80	0	1	7.991666666666666	0.0		0.0	10.010427528675704
0.33	40	1	0	52	0	51	0	1	7.133333333333334	0.0		0.0	7.149532710280374
0.33	44	1	0	48	0	48	0	0	8.558333333333334	0.0		0.0	5.60856864654333
0.33	48	1	0	26	0	24	0	2	7.341666666666667	0.0		0.0	3.2690124858115777
0.33	55	1	0	40	0	40	0	0	7.416666666666667	0.0		0.0	5.393258426966292
0.33	64	1	5	48	4	44	1	0	8.983333333333333	0.08333333333333333	0.8	0.1509433962264151	4.8979591836734695
0.33	73	1	3	48	3	45	0	0	7.866666666666666	0.0625	1.0	0.11764705882352941	5.720338983050848
0.33	89	2	7	64	5	59	2	0	15.05	0.078125	0.7142857142857143	0.14084507042253522	3.920265780730897
0.33	97	3	6	107	5	102	1	0	23.066666666666666	0.04672897196261682	0.8333333333333334	0.08849557522123894	4.421965317919075
0.33	106	1	1	28	0	24	1	4	7.2	0.0	0.0	0.0	3.333333333333333
0.34	2	1	2	64	1	63	1	0	8.858333333333333	0.015625	0.5	0.030303030303030304	7.11194731890875
0.34	3	1	4	21	3	18	1	0	8.316666666666666	0.14285714285714285	0.75	0.24	2.164328657314629
0.34	4	1	1	40	1	39	0	0	8.258333333333333	0.025	1.0	0.04878048780487805	4.722502522704339
0.34	5	1	0	39	0	37	0	2	7.733333333333333	0.0		0.0	4.7844827586206895
0.34	15	2	5	49	5	44	0	0	16.616666666666667	0.10204081632653061	1.0	0.18518518518518517	2.647943831494483
0.34	17	1	3	71	0	71	3	0	8.966666666666667	0.0	0.0	0.0	7.918215613382899
0.34	37	1	0	78	0	77	0	1	7.991666666666666	0.0		0.0	9.635036496350365
0.34	40	1	0	50	0	49	0	1	7.133333333333334	0.0		0.0	6.869158878504672
0.34	44	1	0	47	0	47	0	0	8.558333333333334	0.0		0.0	5.49172346640701
0.34	48	1	0	25	0	23	0	2	7.341666666666667	0.0		0.0	3.1328036322360955
0.34	55	1	0	38	0	38	0	0	7.416666666666667	0.0		0.0	5.123595505617978
0.34	64	1	5	48	4	44	1	0	8.983333333333333	0.08333333333333333	0.8	0.1509433962264151	4.8979591836734695
0.34	73	1	3	47	3	44	0	0	7.866666666666666	0.06382978723404255	1.0	0.12	5.593220338983051
0.34	89	2	7	63	5	58	2	0	15.05	0.07936507936507936	0.7142857142857143	0.14285714285714285	3.8538205980066444
0.34	97	3	6	102	4	98	2	0	23.066666666666666	0.0392156862745098	0.6666666666666666	0.07407407407407407	4.2485549132947975
0.34	106	1	1	26	0	22	1	4	7.2	0.0	0.0	0.0	3.0555555555555554
0.35	2	1	2	60	1	59	1	0	8.858333333333333	0.016666666666666666	0.5	0.03225806451612903	6.660395108184384
0.35	3	1	4	20	3	17	1	0	8.316666666666666	0.15	0.75	0.25	2.0440881763527057
0.35	4	1	1	37	1	36	0	0	8.258333333333333	0.02702702702702703	1.0	0.05263157894736842	4.359233097880929
0.35	5	1	0	38	0	36	0	2	7.733333333333333	0.0		0.0	4.655172413793103
0.35	15	2	5	48	5	43	0	0	16.616666666666667	0.10416666666666667	1.0	0.18867924528301888	2.5877632898696086
0.35	17	1	3	69	0	69	3	0	8.966666666666667	0.0	0.0	0.0	7.695167286245353
0.35	37	1	0	77	0	76	0	1	7.991666666666666	0.0		0.0	9.50990615224192
0.35	40	1	0	50	0	49	0	1	7.133333333333334	0.0		0.0	6.869158878504672
0.35	44	1	0	46	0	46	0	0	8.558333333333334	0.0		0.0	5.374878286270691
0.35	48	1	0	25	0	23	0	2	7.341666666666667	0.0		0.0	3.1328036322360955
0.35	55	1	0	38	0	38	0	0	7.416666666666667	0.0		0.0	5.123595505617978
0.35	64	1	5	46	4	42	1	0	8.983333333333333	0.08695652173913043	0.8	0.1568627450980392	4.675324675324676
0.35	73	1	3	46	3	43	0	0	7.866666666666666	0.06521739130434782	1.0	0.12244897959183673	5.466101694915254
0.35	89	2	7	60	5	55	2	0	15.05	0.08333333333333333	0.7142857142857143	0.14925373134328357	3.654485049833887
0.35	97	3	6	99	4	95	2	0	23.066666666666666	0.04040404040404041	0.6666666666666666	0.0761904761904762	4.118497109826589
0.35	106	1	1	26	0	22	1	4	7.2	0.0	0.0	0.0	3.0555555555555554
0.36	2	1	2	56	1	55	1	0	8.858333333333333	0.017857142857142856	0.5	0.034482758620689655	6.20884289746002
0.36	3	1	4	19	3	16	1	0	8.316666666666666	0.15789473684210525	0.75	0.2608695652173913	1.9238476953907817
0.36	4	1	1	37	1	36	0	0	8.258333333333333	0.02702702702702703	1.0	0.05263157894736842	4.359233097880929
0.36	5	1	0	38	0	36	0	2	7.733333333333333	0.0		0.0	4.655172413793103
0.36	15	2	5	46	5	41	0	0	16.616666666666667	0.10869565217391304	1.0	0.19607843137254902	2.4674022066198593
0.36	17	1	3	68	0	68	3	0	8.966666666666667	0.0	0.0	0.0	7.5836431226765795
0.36	37	1	0	77	0	76	0	1	7.991666666666666	0.0		0.0	9.50990615224192
0.36	40	1	0	49	0	48	0	1	7.133333333333334	0.0		0.0	6.728971962616822
0.36	44	1	0	45	0	45	0	0	8.558333333333334	0.0		0.0	5.258033106134372
0.36	48	1	0	25	0	23	0	2	7.341666666666667	0.0		0.0	3.1328036322360955
0.36	55	1	0	34	0	34	0	0	7.416666666666667	0.0		0.0	4.584269662921348
0.36	64	1	5	44	4	40	1	0	8.983333333333333	0.09090909090909091	0.8	0.16326530612244897	4.452690166975882
0.36	73	1	3	45	3	42	0	0	7.866666666666666	0.06666666666666667	1.0	0.125	5.338983050847458
0.36	89	2	7	59	5	54	2	0	15.05	0.0847457627118644	0.7142857142857143	0.15151515151515152	3.5880398671096345
0.36	97	3	6	95	4	91	2	0	23.066666666666666	0.042105263157894736	0.6666666666666666	0.07920792079207921	3.945086705202312
0.36	106	1	1	26	0	22	1	4	7.2	0.0	0.0	0.0	3.0555555555555554
0.37	2	1	2	53	1	52	1	0	8.858333333333333	0.018867924528301886	0.5	0.03636363636363636	5.870178739416746
0.37	3	1	4	19	3	16	1	0	8.316666666666666	0.15789473684210525	0.75	0.2608695652173913	1.9238476953907817
0.37	4	1	1	36	1	35	0	0	8.258333333333333	0.027777777777777776	1.0	0.05405405405405406	4.238143289606459
0.37	5	1	0	37	0	35	0	2	7.733333333333333	0.0		0.0	4.525862068965517
0.37	15	2	5	45	5	40	0	0	16.616666666666667	0.1111111111111111	1.0	0.2	2.4072216649949847
0.37	17	1	3	64	0	64	3	0	8.966666666666667	0.0	0.0	0.0	7.137546468401487
0.37	37	1	0	76	0	75	0	1	7.991666666666666	0.0		0.0	9.384775808133472
0.37	40	1	0	48	0	47	0	1	7.133333333333334	0.0		0.0	6.5887850467289715
0.37	44	1	0	44	0	44	0	0	8.558333333333334	0.0		0.0	5.141187925998053
0.37	48	1	0	23	0	21	0	2	7.341666666666667	0.0		0.0	2.8603859250851307
0.37	55	1	0	33	0	33	0	0	7.416666666666667	0.0		0.0	4.449438202247191
0.37	64	1	5	44	4	40	1	0	8.983333333333333	0.09090909090909091	0.8	0.16326530612244897	4.452690166975882
0.37	73	1	3	43	3	40	0	0	7.866666666666666	0.06976744186046512	1.0	0.13043478260869565	5.084745762711865
0.37	89	2	7	59	5	54	2	0	15.05	0.0847457627118644	0.7142857142857143	0.15151515151515152	3.5880398671096345
0.37	97	3	6	90	4	86	2	0	23.066666666666666	0.044444444444444446	0.6666666666666666	0.08333333333333333	3.7283236994219653
0.37	106	1	1	24	0	20	1	4	7.2	0.0	0.0	0.0	2.7777777777777777
0.38	2	1	2	50	1	49	1	0	8.858333333333333	0.02	0.5	0.038461538461538464	5.531514581373472
0.38	3	1	4	17	3	14	1	0	8.316666666666666	0.17647058823529413	0.75	0.2857142857142857	1.683366733466934
0.38	4	1	1	35	1	34	0	0	8.258333333333333	0.02857142857142857	1.0	0.05555555555555555	4.117053481331988
0.38	5	1	0	36	0	34	0	2	7.733333333333333	0.0		0.0	4.396551724137931
0.38	15	2	5	44	5	39	0	0	16.616666666666667	0.11363636363636363	1.0	0.20408163265306123	2.34704112337011
0.38	17	1	3	61	0	61	3	0	8.966666666666667	0.0	0.0	0.0	6.802973977695167
0.38	37	1	0	75	0	74	0	1	7.991666666666666	0.0		0.0	9.259645464025027
0.38	40	1	0	48	0	47	0	1	7.133333333333334	0.0		0.0	6.5887850467289715
0.38	44	1	0	41	0	41	0	0	8.558333333333334	0.0		0.0	4.790652385589095
0.38	48	1	0	24	0	22	0	2	7.341666666666667	0.0		0.0	2.996594778660613
0.38	55	1	0	32	0	32	0	0	7.416666666666667	0.0		0.0	4.314606741573034
0.38	64	1	5	43	4	39	1	0	8.983333333333333	0.09302325581395349	0.8	0.16666666666666666	4.341372912801485
0.38	73	1	3	42	3	39	0	0	7.866666666666666	0.07142857142857142	1.0	0.13333333333333333	4.957627118644068
0.38	89	2	7	57	5	52	2	0	15.05	0.08771929824561403	0.7142857142857143	0.15625	3.4551495016611296
0.38	97	3	6	87	4	83	2	0	23.066666666666666	0.04597701149425287	0.6666666666666666	0.08602150537634409	3.5982658959537575
0.38	106	1	1	23	0	19	1	4	7.2	0.0	0.0	0.0	2.638888888888889
0.39	2	1	2	48	1	47	1	0	8.858333333333333	0.020833333333333332	0.5	0.04	5.305738476011289
0.39	3	1	4	16	3	13	1	0	8.316666666666666	0.1875	0.75	0.3	1.56312625250501
0.39	4	1	1	34	1	33	0	0	8.258333333333333	0.029411764705882353	1.0	0.05714285714285714	3.995963673057518
0.39	5	1	0	36	0	34	0	2	7.733333333333333	0.0		0.0	4.396551724137931
0.39	15	2	5	41	5	36	0	0	16.616666666666667	0.12195121951219512	1.0	0.21739130434782608	2.166499498495486
0.39	17	1	3	60	0	60	3	0	8.966666666666667	0.0	0.0	0.0	6.691449814126394
0.39	37	1	0	76	0	75	0	1	7.991666666666666	0.0		0.0	9.384775808133472
0.39	40	1	0	46	0	45	0	1	7.133333333333334	0.0		0.0	6.308411214953271
0.39	44	1	0	41	0	41	0	0	8.558333333333334	0.0		0.0	4.790652385589095
0.39	48	1	0	22	0	20	0	2	7.341666666666667	0.0		0.0	2.724177071509648
0.39	55	1	0	31	0	31	0	0	7.416666666666667	0.0		0.0	4.179775280898876
0.39	64	1	5	41	4	37	1	0	8.983333333333333	0.0975609756097561	0.8	0.17391304347826086	4.1187384044526905
0.39	73	1	3	42	3	39	0	0	7.866666666666666	0.07142857142857142	1.0	0.13333333333333333	4.957627118644068
0.39	89	2	7	55	4	51	3	0	15.05	0.07272727272727272	0.5714285714285714	0.12903225806451613	3.388704318936877
0.39	97	3	6	86	4	82	2	0	23.066666666666666	0.046511627906976744	0.6666666666666666	0.08695652173913043	3.554913294797688
0.39	106	1	1	23	0	19	1	4	7.2	0.0	0.0	0.0	2.638888888888889
0.4	2	1	2	46	1	45	1	0	8.858333333333333	0.021739130434782608	0.5	0.041666666666666664	5.079962370649107
0.4	3	1	4	15	3	12	1	0	8.316666666666666	0.2	0.75	0.3157894736842105	1.4428857715430863
0.4	4	1	1	34	1	33	0	0	8.258333333333333	0.029411764705882353	1.0	0.05714285714285714	3.995963673057518
0.4	5	1	0	36	0	34	0	2	7.733333333333333	0.0		0.0	4.396551724137931
0.4	15	2	5	41	5	36	0	0	16.616666666666667	0.12195121951219512	1.0	0.21739130434782608	2.166499498495486
0.4	17	1	3	56	0	56	3	0	8.966666666666667	0.0	0.0	0.0	6.245353159851301
0.4	37	1	0	77	0	76	0	1	7.991666666666666	0.0		0.0	9.50990615224192
0.4	40	1	0	44	0	43	0	1	7.133333333333334	0.0		0.0	6.02803738317757
0.4	44	1	0	39	0	39	0	0	8.558333333333334	0.0		0.0	4.556962025316456
0.4	48	1	0	22	0	20	0	2	7.341666666666667	0.0		0.0	2.724177071509648
0.4	55	1	0	30	0	30	0	0	7.416666666666667	0.0		0.0	4.044943820224719
0.4	64	1	5	40	4	36	1	0	8.983333333333333	0.1	0.8	0.17777777777777778	4.007421150278294
0.4	73	1	3	41	3	38	0	0	7.866666666666666	0.07317073170731707	1.0	0.13636363636363635	4.830508474576272
0.4	89	2	7	55	4	51	3	0	15.05	0.07272727272727272	0.5714285714285714	0.12903225806451613	3.388704318936877
0.4	97	3	6	86	4	82	2	0	23.066666666666666	0.046511627906976744	0.6666666666666666	0.08695652173913043	3.554913294797688
0.4	106	1	1	23	0	19	1	4	7.2	0.0	0.0	0.0	2.638888888888889
0.41	2	1	2	43	1	42	1	0	8.858333333333333	0.023255813953488372	0.5	0.044444444444444446	4.741298212605833
0.41	3	1	4	15	3	12	1	0	8.316666666666666	0.2	0.75	0.3157894736842105	1.4428857715430863
0.41	4	1	1	32	1	31	0	0	8.258333333333333	0.03125	1.0	0.06060606060606061	3.7537840565085774
0.41	5	1	0	36	0	34	0	2	7.733333333333333	0.0		0.0	4.396551724137931
0.41	15	2	5	40	5	35	0	0	16.616666666666667	0.125	1.0	0.2222222222222222	2.106318956870612
0.41	17	1	3	54	0	54	3	0	8.966666666666667	0.0	0.0	0.0	6.022304832713755
0.41	37	1	0	72	0	71	0	1	7.991666666666666	0.0		0.0	8.884254431699688
0.41	40	1	0	44	0	43	0	1	7.133333333333334	0.0		0.0	6.02803738317757
0.41	44	1	0	37	0	37	0	0	8.558333333333334	0.0		0.0	4.3232716650438165
0.41	48	1	0	23	0	21	0	2	7.341666666666667	0.0		0.0	2.8603859250851307
0.41	55	1	0	29	0	29	0	0	7.416666666666667	0.0		0.0	3.9101123595505616
0.41	64	1	5	38	4	34	1	0	8.983333333333333	0.10526315789473684	0.8	0.18604651162790697	3.7847866419294993
0.41	73	1	3	37	3	34	0	0	7.866666666666666	0.08108108108108109	1.0	0.15	4.322033898305085
0.41	89	2	7	55	4	51	3	0	15.05	0.07272727272727272	0.5714285714285714	0.12903225806451613	3.388704318936877
0.41	97	3	6	83	4	79	2	0	23.066666666666666	0.04819277108433735	0.6666666666666666	0.0898876404494382	3.4248554913294798
0.41	106	1	1	22	0	18	1	4	7.2	0.0	0.0	0.0	2.5
0.42	2	1	2	43	1	42	1	0	8.858333333333333	0.023255813953488372	0.5	0.044444444444444446	4.741298212605833
0.42	3	1	4	15	3	12	1	0	8.316666666666666	0.2	0.75	0.3157894736842105	1.4428857715430863
0.42	4	1	1	32	1	31	0	0	8.258333333333333	0.03125	1.0	0.06060606060606061	3.7537840565085774
0.42	5	1	0	36	0	34	0	2	7.733333333333333	0.0		0.0	4.396551724137931
0.42	15	2	5	35	4	31	1	0	16.616666666666667	0.11428571428571428	0.8	0.2	1.8655967903711133
0.42	17	1	3	51	0	51	3	0	8.966666666666667	0.0	0.0	0.0	5.687732342007435
0.42	37	1	0	70	0	69	0	1	7.991666666666666	0.0		0.0	8.633993743482796
0.42	40	1	0	42	0	41	0	1	7.133333333333334	0.0		0.0	5.747663551401869
0.42	44	1	0	37	0	37	0	0	8.558333333333334	0.0		0.0	4.3232716650438165
0.42	48	1	0	23	0	21	0	2	7.341666666666667	0.0		0.0	2.8603859250851307
0.42	55	1	0	27	0	27	0	0	7.416666666666667	0.0		0.0	3.640449438202247
0.42	64	1	5	37	4	33	1	0	8.983333333333333	0.10810810810810811	0.8	0.19047619047619047	3.6734693877551026
0.42	73	1	3	34	3	31	0	0	7.866666666666666	0.08823529411764706	1.0	0.16216216216216217	3.940677966101695
0.42	89	2	7	54	4	50	3	0	15.05	0.07407407407407407	0.5714285714285714	0.13114754098360656	3.3222591362126246
0.42	97	3	6	79	4	75	2	0	23.066666666666666	0.05063291139240506	0.6666666666666666	0.09411764705882353	3.2514450867052025
0.42	106	1	1	22	0	18	1	4	7.2	0.0	0.0	0.0	2.5
0.43	2	1	2	42	1	41	1	0	8.858333333333333	0.023809523809523808	0.5	0.045454545454545456	4.628410159924742
0.43	3	1	4	14	3	11	1	0	8.316666666666666	0.21428571428571427	0.75	0.3333333333333333	1.3226452905811623
0.43	4	1	1	32	1	31	0	0	8.258333333333333	0.03125	1.0	0.06060606060606061	3.7537840565085774
0.43	5	1	0	34	0	32	0	2	7.733333333333333	0.0		0.0	4.137931034482759
0.43	15	2	5	35	4	31	1	0	16.616666666666667	0.11428571428571428	0.8	0.2	1.8655967903711133
0.43	17	1	3	48	0	48	3	0	8.966666666666667	0.0	0.0	0.0	5.353159851301116
0.43	37	1	0	67	0	66	0	1	7.991666666666666	0.0		0.0	8.258602711157456
0.43	40	1	0	41	0	40	0	1	7.133333333333334	0.0		0.0	5.607476635514018
0.43	44	1	0	33	0	33	0	0	8.558333333333334	0.0		0.0	3.8558909444985394
0.43	48	1	0	23	0	21	0	2	7.341666666666667	0.0		0.0	2.8603859250851307
0.43	55	1	0	27	0	27	0	0	7.416666666666667	0.0		0.0	3.640449438202247
0.43	64	1	5	37	4	33	1	0	8.983333333333333	0.10810810810810811	0.8	0.19047619047619047	3.6734693877551026
0.43	73	1	3	33	3	30	0	0	7.866666666666666	0.09090909090909091	1.0	0.16666666666666666	3.8135593220338984
0.43	89	2	7	52	4	48	3	0	15.05	0.07692307692307693	0.5714285714285714	0.13559322033898305	3.1893687707641196
0.43	97	3	6	75	4	71	2	0	23.066666666666666	0.05333333333333334	0.6666666666666666	0.09876543209876543	3.078034682080925
0.43	106	1	1	22	0	18	1	4	7.2	0.0	0.0	0.0	2.5
0.44	2	1	2	41	1	40	1	0	8.858333333333333	0.024390243902439025	0.5	0.046511627906976744	4.51552210724365
0.44	3	1	4	13	3	10	1	0	8.316666666666666	0.23076923076923078	0.75	0.35294117647058826	1.2024048096192386
0.44	4	1	1	32	1	31	0	0	8.258333333333333	0.03125	1.0	0.06060606060606061	3.7537840565085774
0.44	5	1	0	31	0	29	0	2	7.733333333333333	0.0		0.0	3.75
0.44	15	2	5	34	4	30	1	0	16.616666666666667	0.11764705882352941	0.8	0.20512820512820512	1.8054162487462386
0.44	17	1	3	46	0	46	3	0	8.966666666666667	0.0	0.0	0.0	5.130111524163569
0.44	37	1	0	64	0	63	0	1	7.991666666666666	0.0		0.0	7.883211678832117
0.44	40	1	0	41	0	40	0	1	7.133333333333334	0.0		0.0	5.607476635514018
0.44	44	1	0	32	0	32	0	0	8.558333333333334	0.0		0.0	3.73904576436222
0.44	48	1	0	23	0	21	0	2	7.341666666666667	0.0		0.0	2.8603859250851307
0.44	55	1	0	24	0	24	0	0	7.416666666666667	0.0		0.0	3.235955056179775
0.44	64	1	5	34	4	30	1	0	8.983333333333333	0.11764705882352941	0.8	0.20512820512820512	3.3395176252319114
0.44	73	1	3	31	3	28	0	0	7.866666666666666	0.0967741935483871	1.0	0.17647058823529413	3.5593220338983054
0.44	89	2	7	51	4	47	3	0	15.05	0.0784313725490196	0.5714285714285714	0.13793103448275862	3.122923588039867
0.44	97	3	6	73	4	69	2	0	23.066666666666666	0.0547945205479452	0.6666666666666666	0.10126582278481013	2.991329479768786
0.44	106	1	1	21	0	17	1	4	7.2	0.0	0.0	0.0	2.361111111111111
0.45	2	1	2	40	1	39	1	0	8.858333333333333	0.025	0.5	0.047619047619047616	4.402634054562559
0.45	3	1	4	13	3	10	1	0	8.316666666666666	0.23076923076923078	0.75	0.35294117647058826	1.2024048096192386
0.45	4	1	1	32	1	31	0	0	8.258333333333333	0.03125	1.0	0.06060606060606061	3.7537840565085774
0.45	5	1	0	30	0	28	0	2	7.733333333333333	0.0		0.0	3.6206896551724137
0.45	15	2	5	33	4	29	1	0	16.616666666666667	0.12121212121212122	0.8	0.21052631578947367	1.745235707121364
0.45	17	1	3	45	0	45	3	0	8.966666666666667	0.0	0.0	0.0	5.018587360594795
0.45	37	1	0	59	0	58	0	1	7.991666666666666	0.0		0.0	7.257559958289885
0.45	40	1	0	38	0	37	0	1	7.133333333333334	0.0		0.0	5.186915887850467
0.45	44	1	0	31	0	31	0	0	8.558333333333334	0.0		0.0	3.6222005842259004
0.45	48	1	0	22	0	20	0	2	7.341666666666667	0.0		0.0	2.724177071509648
0.45	55	1	0	22	0	22	0	0	7.416666666666667	0.0		0.0	2.9662921348314604
0.45	64	1	5	33	4	29	1	0	8.983333333333333	0.12121212121212122	0.8	0.21052631578947367	3.2282003710575142
0.45	73	1	3	30	3	27	0	0	7.866666666666666	0.1	1.0	0.18181818181818182	3.4322033898305087
0.45	89	2	7	50	4	46	3	0	15.05	0.08	0.5714285714285714	0.14035087719298245	3.0564784053156147
0.45	97	3	6	70	4	66	2	0	23.066666666666666	0.05714285714285714	0.6666666666666666	0.10526315789473684	2.861271676300578
0.45	106	1	1	20	0	16	1	4	7.2	0.0	0.0	0.0	2.2222222222222223
0.46	2	1	2	38	1	37	1	0	8.858333333333333	0.02631578947368421	0.5	0.05	4.176857949200377
0.46	3	1	4	13	3	10	1	0	8.316666666666666	0.23076923076923078	0.75	0.35294117647058826	1.2024048096192386
0.46	4	1	1	32	1	31	0	0	8.258333333333333	0.03125	1.0	0.06060606060606061	3.7537840565085774
0.46	5	1	0	29	0	27	0	2	7.733333333333333	0.0		0.0	3.4913793103448274
0.46	15	2	5	32	4	28	1	0	16.616666666666667	0.125	0.8	0.21621621621621623	1.6850551654964894
0.46	17	1	3	45	0	45	3	0	8.966666666666667	0.0	0.0	0.0	5.018587360594795
0.46	37	1	0	59	0	58	0	1	7.991666666666666	0.0		0.0	7.257559958289885
0.46	40	1	0	36	0	35	0	1	7.133333333333334	0.0		0.0	4.906542056074766
0.46	44	1	0	28	0	28	0	0	8.558333333333334	0.0		0.0	3.2716650438169426
0.46	48	1	0	23	0	21	0	2	7.341666666666667	0.0		0.0	2.8603859250851307
0.46	55	1	0	18	0	18	0	0	7.416666666666667	0.0		0.0	2.426966292134831
0.46	64	1	5	32	4	28	1	0	8.983333333333333	0.125	0.8	0.21621621621621623	3.116883116883117
0.46	73	1	3	29	3	26	0	0	7.866666666666666	0.10344827586206896	1.0	0.1875	3.305084745762712
0.46	89	2	7	49	3	46	4	0	15.05	0.061224489795918366	0.42857142857142855	0.10714285714285714	3.0564784053156147
0.46	97	3	6	69	4	65	2	0	23.066666666666666	0.057971014492753624	0.6666666666666666	0.10666666666666667	2.8179190751445087
0.46	106	1	1	20	0	16	1	4	7.2	0.0	0.0	0.0	2.2222222222222223
0.47	2	1	2	38	1	37	1	0	8.858333333333333	0.02631578947368421	0.5	0.05	4.176857949200377
0.47	3	1	4	13	3	10	1	0	8.316666666666666	0.23076923076923078	0.75	0.35294117647058826	1.2024048096192386
0.47	4	1	1	31	1	30	0	0	8.258333333333333	0.03225806451612903	1.0	0.0625	3.6326942482341074
0.47	5	1	0	28	0	26	0	2	7.733333333333333	0.0		0.0	3.3620689655172415
0.47	15	2	5	29	4	25	1	0	16.616666666666667	0.13793103448275862	0.8	0.23529411764705882	1.5045135406218655
0.47	17	1	3	41	0	41	3	0	8.966666666666667	0.0	0.0	0.0	4.5724907063197024
0.47	37	1	0	59	0	58	0	1	7.991666666666666	0.0		0.0	7.257559958289885
0.47	40	1	0	37	0	36	0	1	7.133333333333334	0.0		0.0	5.046728971962617
0.47	44	1	0	28	0	28	0	0	8.558333333333334	0.0		0.0	3.2716650438169426
0.47	48	1	0	23	0	21	0	2	7.341666666666667	0.0		0.0	2.8603859250851307
0.47	55	1	0	18	0	18	0	0	7.416666666666667	0.0		0.0	2.426966292134831
0.47	64	1	5	31	4	27	1	0	8.983333333333333	0.12903225806451613	0.8	0.2222222222222222	3.0055658627087203
0.47	73	1	3	29	3	26	0	0	7.866666666666666	0.10344827586206896	1.0	0.1875	3.305084745762712
0.47	89	2	7	48	3	45	4	0	15.05	0.0625	0.42857142857142855	0.10909090909090909	2.990033222591362
0.47	97	3	6	65	4	61	2	0	23.066666666666666	0.06153846153846154	0.6666666666666666	0.11267605633802817	2.6445086705202314
0.47	106	1	1	19	0	15	1	4	7.2	0.0	0.0	0.0	2.0833333333333335
0.48	2	1	2	36	1	35	1	0	8.858333333333333	0.027777777777777776	0.5	0.05263157894736842	3.9510818438381943
0.48	3	1	4	12	3	9	1	0	8.316666666666666	0.25	0.75	0.375	1.0821643286573146
0.48	4	1	1	31	1	30	0	0	8.258333333333333	0.03225806451612903	1.0	0.0625	3.6326942482341074
0.48	5	1	0	28	0	26	0	2	7.733333333333333	0.0		0.0	3.3620689655172415
0.48	15	2	5	29	4	25	1	0	16.616666666666667	0.13793103448275862	0.8	0.23529411764705882	1.5045135406218655
0.48	17	1	3	40	0	40	3	0	8.966666666666667	0.0	0.0	0.0	4.4609665427509295
0.48	37	1	0	56	0	55	0	1	7.991666666666666	0.0		0.0	6.882168925964547
0.48	40	1	0	37	0	36	0	1	7.133333333333334	0.0		0.0	5.046728971962617
0.48	44	1	0	29	0	29	0	0	8.558333333333334	0.0		0.0	3.388510223953262
0.48	48	1	0	22	0	20	0	2	7.341666666666667	0.0		0.0	2.724177071509648
0.48	55	1	0	18	0	18	0	0	7.416666666666667	0.0		0.0	2.426966292134831
0.48	64	1	5	31	4	27	1	0	8.983333333333333	0.12903225806451613	0.8	0.2222222222222222	3.0055658627087203
0.48	73	1	3	28	3	25	0	0	7.866666666666666	0.10714285714285714	1.0	0.1935483870967742	3.1779661016949152
0.48	89	2	7	48	3	45	4	0	15.05	0.0625	0.42857142857142855	0.10909090909090909	2.990033222591362
0.48	97	3	6	62	4	58	2	0	23.066666666666666	0.06451612903225806	0.6666666666666666	0.11764705882352941	2.514450867052023
0.48	106	1	1	17	0	13	1	4	7.2	0.0	0.0	0.0	1.8055555555555556
0.49	2	1	2	36	1	35	1	0	8.858333333333333	0.027777777777777776	0.5	0.05263157894736842	3.9510818438381943
0.49	3	1	4	12	3	9	1	0	8.316666666666666	0.25	0.75	0.375	1.0821643286573146
0.49	4	1	1	31	1	30	0	0	8.258333333333333	0.03225806451612903	1.0	0.0625	3.6326942482341074
0.49	5	1	0	27	0	25	0	2	7.733333333333333	0.0		0.0	3.2327586206896552
0.49	15	2	5	29	4	25	1	0	16.616666666666667	0.13793103448275862	0.8	0.23529411764705882	1.5045135406218655
0.49	17	1	3	38	0	38	3	0	8.966666666666667	0.0	0.0	0.0	4.237918215613383
0.49	37	1	0	54	0	53	0	1	7.991666666666666	0.0		0.0	6.631908237747655
0.49	40	1	0	34	0	33	0	1	7.133333333333334	0.0		0.0	4.626168224299065
0.49	44	1	0	29	0	29	0	0	8.558333333333334	0.0		0.0	3.388510223953262
0.49	48	1	0	22	0	20	0	2	7.341666666666667	0.0		0.0	2.724177071509648
0.49	55	1	0	15	0	15	0	0	7.416666666666667	0.0		0.0	2.0224719101123596
0.49	64	1	5	30	4	26	1	0	8.983333333333333	0.13333333333333333	0.8	0.22857142857142856	2.894248608534323
0.49	73	1	3	28	3	25	0	0	7.866666666666666	0.10714285714285714	1.0	0.1935483870967742	3.1779661016949152
0.49	89	2	7	47	3	44	4	0	15.05	0.06382978723404255	0.42857142857142855	0.1111111111111111	2.9235880398671097
0.49	97	3	6	61	4	57	2	0	23.066666666666666	0.06557377049180328	0.6666666666666666	0.11940298507462686	2.4710982658959537
0.49	106	1	1	17	0	13	1	4	7.2	0.0	0.0	0.0	1.8055555555555556
0.5	2	1	2	35	1	34	1	0	8.858333333333333	0.02857142857142857	0.5	0.05405405405405406	3.838193791157103
0.5	3	1	4	11	3	8	1	0	8.316666666666666	0.2727272727272727	0.75	0.4	0.9619238476953909
0.5	4	1	1	30	1	29	0	0	8.258333333333333	0.03333333333333333	1.0	0.06451612903225806	3.511604439959637
0.5	5	1	0	25	0	23	0	2	7.733333333333333	0.0		0.0	2.9741379310344827
0.5	15	2	5	28	4	24	1	0	16.616666666666667	0.14285714285714285	0.8	0.24242424242424243	1.4443329989969909
0.5	17	1	3	38	0	38	3	0	8.966666666666667	0.0	0.0	0.0	4.237918215613383
0.5	37	1	0	49	0	48	0	1	7.991666666666666	0.0		0.0	6.006256517205423
0.5	40	1	0	34	0	33	0	1	7.133333333333334	0.0		0.0	4.626168224299065
0.5	44	1	0	30	0	30	0	0	8.558333333333334	0.0		0.0	3.505355404089581
0.5	48	1	0	20	0	18	0	2	7.341666666666667	0.0		0.0	2.4517593643586832
0.5	55	1	0	15	0	15	0	0	7.416666666666667	0.0		0.0	2.0224719101123596
0.5	64	1	5	29	4	25	1	0	8.983333333333333	0.13793103448275862	0.8	0.23529411764705882	2.782931354359926
0.5	73	1	3	28	3	25	0	0	7.866666666666666	0.10714285714285714	1.0	0.1935483870967742	3.1779661016949152
0.5	89	2	7	46	3	43	4	0	15.05	0.06521739130434782	0.42857142857142855	0.11320754716981132	2.857142857142857
0.5	97	3	6	59	4	55	2	0	23.066666666666666	0.06779661016949153	0.6666666666666666	0.12307692307692308	2.384393063583815
0.5	106	1	1	15	0	11	1	4	7.2	0.0	0.0	0.0	1.5277777777777777
0.51	2	1	2	34	1	33	1	0	8.858333333333333	0.029411764705882353	0.5	0.05555555555555555	3.7253057384760115
0.51	3	1	4	9	3	6	1	0	8.316666666666666	0.3333333333333333	0.75	0.46153846153846156	0.7214428857715431
0.51	4	1	1	29	1	28	0	0	8.258333333333333	0.034482758620689655	1.0	0.06666666666666667	3.390514631685167
0.51	5	1	0	24	0	22	0	2	7.733333333333333	0.0		0.0	2.8448275862068964
0.51	15	2	5	28	4	24	1	0	16.616666666666667	0.14285714285714285	0.8	0.24242424242424243	1.4443329989969909
0.51	17	1	3	36	0	36	3	0	8.966666666666667	0.0	0.0	0.0	4.014869888475836
0.51	37	1	0	48	0	47	0	1	7.991666666666666	0.0		0.0	5.881126173096976
0.51	40	1	0	33	0	32	0	1	7.133333333333334	0.0		0.0	4.485981308411215
0.51	44	1	0	28	0	28	0	0	8.558333333333334	0.0		0.0	3.2716650438169426
0.51	48	1	0	19	0	17	0	2	7.341666666666667	0.0		0.0	2.315550510783201
0.51	55	1	0	14	0	14	0	0	7.416666666666667	0.0		0.0	1.8876404494382022
0.51	64	1	5	27	4	23	1	0	8.983333333333333	0.14814814814814814	0.8	0.25	2.560296846011132
0.51	73	1	3	27	3	24	0	0	7.866666666666666	0.1111111111111111	1.0	0.2	3.050847457627119
0.51	89	2	7	45	4	41	3	0	15.05	0.08888888888888889	0.5714285714285714	0.15384615384615385	2.7242524916943522
0.51	97	3	6	57	4	53	2	0	23.066666666666666	0.07017543859649122	0.6666666666666666	0.12698412698412698	2.2976878612716765
0.51	106	1	1	15	0	11	1	4	7.2	0.0	0.0	0.0	1.5277777777777777
0.52	2	1	2	31	1	30	1	0	8.858333333333333	0.03225806451612903	0.5	0.06060606060606061	3.386641580432738
0.52	3	1	4	9	3	6	1	0	8.316666666666666	0.3333333333333333	0.75	0.46153846153846156	0.7214428857715431
0.52	4	1	1	28	1	27	0	0	8.258333333333333	0.03571428571428571	1.0	0.06896551724137931	3.2694248234106964
0.52	5	1	0	24	0	22	0	2	7.733333333333333	0.0		0.0	2.8448275862068964
0.52	15	2	5	26	4	22	1	0	16.616666666666667	0.15384615384615385	0.8	0.25806451612903225	1.3239719157472416
0.52	17	1	3	36	0	36	3	0	8.966666666666667	0.0	0.0	0.0	4.014869888475836
0.52	37	1	0	48	0	47	0	1	7.991666666666666	0.0		0.0	5.881126173096976
0.52	40	1	0	30	0	29	0	1	7.133333333333334	0.0		0.0	4.065420560747663
0.52	44	1	0	26	0	26	0	0	8.558333333333334	0.0		0.0	3.0379746835443036
0.52	48	1	0	17	0	15	0	2	7.341666666666667	0.0		0.0	2.0431328036322363
0.52	55	1	0	13	0	13	0	0	7.416666666666667	0.0		0.0	1.7528089887640448
0.52	64	1	5	27	4	23	1	0	8.983333333333333	0.14814814814814814	0.8	0.25	2.560296846011132
0.52	73	1	3	27	3	24	0	0	7.866666666666666	0.1111111111111111	1.0	0.2	3.050847457627119
0.52	89	2	7	44	4	40	3	0	15.05	0.09090909090909091	0.5714285714285714	0.1568627450980392	2.6578073089700998
0.52	97	3	6	55	4	51	2	0	23.066666666666666	0.07272727272727272	0.6666666666666666	0.13114754098360656	2.2109826589595376
0.52	106	1	1	15	0	11	1	4	7.2	0.0	0.0	0.0	1.5277777777777777
0.53	2	1	2	30	1	29	1	0	8.858333333333333	0.03333333333333333	0.5	0.0625	3.2737535277516465
0.53	3	1	4	9	3	6	1	0	8.316666666666666	0.3333333333333333	0.75	0.46153846153846156	0.7214428857715431
0.53	4	1	1	28	1	27	0	0	8.258333333333333	0.03571428571428571	1.0	0.06896551724137931	3.2694248234106964
0.53	5	1	0	23	0	21	0	2	7.733333333333333	0.0		0.0	2.7155172413793105
0.53	15	2	5	24	4	20	1	0	16.616666666666667	0.16666666666666666	0.8	0.27586206896551724	1.2036108324974923
0.53	17	1	3	34	0	34	3	0	8.966666666666667	0.0	0.0	0.0	3.7918215613382897
0.53	37	1	0	43	0	42	0	1	7.991666666666666	0.0		0.0	5.255474452554745
0.53	40	1	0	30	0	29	0	1	7.133333333333334	0.0		0.0	4.065420560747663
0.53	44	1	0	26	0	26	0	0	8.558333333333334	0.0		0.0	3.0379746835443036
0.53	48	1	0	18	0	16	0	2	7.341666666666667	0.0		0.0	2.1793416572077184
0.53	55	1	0	13	0	13	0	0	7.416666666666667	0.0		0.0	1.7528089887640448
0.53	64	1	5	25	4	21	1	0	8.983333333333333	0.16	0.8	0.26666666666666666	2.337662337662338
0.53	73	1	3	26	3	23	0	0	7.866666666666666	0.11538461538461539	1.0	0.20689655172413793	2.9237288135593222
0.53	89	2	7	41	4	37	3	0	15.05	0.0975609756097561	0.5714285714285714	0.16666666666666666	2.458471760797342
0.53	97	3	6	52	4	48	2	0	23.066666666666666	0.07692307692307693	0.6666666666666666	0.13793103448275862	2.0809248554913293
0.53	106	1	1	15	0	11	1	4	7.2	0.0	0.0	0.0	1.5277777777777777
0.54	2	1	2	30	1	29	1	0	8.858333333333333	0.03333333333333333	0.5	0.0625	3.2737535277516465
0.54	3	1	4	9	3	6	1	0	8.316666666666666	0.3333333333333333	0.75	0.46153846153846156	0.7214428857715431
0.54	4	1	1	27	1	26	0	0	8.258333333333333	0.037037037037037035	1.0	0.07142857142857142	3.1483350151362264
0.54	5	1	0	23	0	21	0	2	7.733333333333333	0.0		0.0	2.7155172413793105
0.54	15	2	5	23	4	19	1	0	16.616666666666667	0.17391304347826086	0.8	0.2857142857142857	1.1434302908726177
0.54	17	1	3	33	0	33	3	0	8.966666666666667	0.0	0.0	0.0	3.680297397769517
0.54	37	1	0	40	0	39	0	1	7.991666666666666	0.0		0.0	4.880083420229406
0.54	40	1	0	30	0	29	0	1	7.133333333333334	0.0		0.0	4.065420560747663
0.54	44	1	0	23	0	23	0	0	8.558333333333334	0.0		0.0	2.6874391431353457
0.54	48	1	0	18	0	16	0	2	7.341666666666667	0.0		0.0	2.1793416572077184
0.54	55	1	0	12	0	12	0	0	7.416666666666667	0.0		0.0	1.6179775280898876
0.54	64	1	5	24	4	20	1	0	8.983333333333333	0.16666666666666666	0.8	0.27586206896551724	2.226345083487941
0.54	73	1	3	26	3	23	0	0	7.866666666666666	0.11538461538461539	1.0	0.20689655172413793	2.9237288135593222
0.54	89	2	7	38	4	34	3	0	15.05	0.10526315789473684	0.5714285714285714	0.17777777777777778	2.2591362126245844
0.54	97	3	6	50	4	46	2	0	23.066666666666666	0.08	0.6666666666666666	0.14285714285714285	1.9942196531791907
0.54	106	1	1	15	0	11	1	4	7.2	0.0	0.0	0.0	1.5277777777777777
0.55	2	1	2	29	1	28	1	0	8.858333333333333	0.034482758620689655	0.5	0.06451612903225806	3.160865475070555
0.55	3	1	4	8	3	5	1	0	8.316666666666666	0.375	0.75	0.5	0.6012024048096193
0.55	4	1	1	25	1	24	0	0	8.258333333333333	0.04	1.0	0.07692307692307693	2.906155398587286
0.55	5	1	0	23	0	21	0	2	7.733333333333333	0.0		0.0	2.7155172413793105
0.55	15	2	5	23	4	19	1	0	16.616666666666667	0.17391304347826086	0.8	0.2857142857142857	1.1434302908726177
0.55	17	1	3	32	0	32	3	0	8.966666666666667	0.0	0.0	0.0	3.5687732342007434
0.55	37	1	0	38	0	37	0	1	7.991666666666666	0.0		0.0	4.629822732012514
0.55	40	1	0	29	0	28	0	1	7.133333333333334	0.0		0.0	3.925233644859813
0.55	44	1	0	21	0	21	0	0	8.558333333333334	0.0		0.0	2.4537487828627067
0.55	48	1	0	17	0	15	0	2	7.341666666666667	0.0		0.0	2.0431328036322363
0.55	55	1	0	12	0	12	0	0	7.416666666666667	0.0		0.0	1.6179775280898876
0.55	64	1	5	24	4	20	1	0	8.983333333333333	0.16666666666666666	0.8	0.27586206896551724	2.226345083487941
0.55	73	1	3	25	3	22	0	0	7.866666666666666	0.12	1.0	0.21428571428571427	2.7966101694915255
0.55	89	2	7	37	4	33	3	0	15.05	0.10810810810810811	0.5714285714285714	0.18181818181818182	2.192691029900332
0.55	97	3	6	47	4	43	2	0	23.066666666666666	0.0851063829787234	0.6666666666666666	0.1509433962264151	1.8641618497109826
0.55	106	1	1	15	0	11	1	4	7.2	0.0	0.0	0.0	1.5277777777777777
0.56	2	1	2	29	1	28	1	0	8.858333333333333	0.034482758620689655	0.5	0.06451612903225806	3.160865475070555
0.56	3	1	4	7	3	4	1	0	8.316666666666666	0.42857142857142855	0.75	0.5454545454545454	0.4809619238476954
0.56	4	1	1	23	1	22	0	0	8.258333333333333	0.043478260869565216	1.0	0.08333333333333333	2.6639757820383454
0.56	5	1	0	23	0	21	0	2	7.733333333333333	0.0		0.0	2.7155172413793105
0.56	15	2	5	22	4	18	1	0	16.616666666666667	0.18181818181818182	0.8	0.2962962962962963	1.083249749247743
0.56	17	1	3	32	0	32	3	0	8.966666666666667	0.0	0.0	0.0	3.5687732342007434
0.56	37	1	0	34	0	33	0	1	7.991666666666666	0.0		0.0	4.129301355578728
0.56	40	1	0	28	0	27	0	1	7.133333333333334	0.0		0.0	3.7850467289719623
0.56	44	1	0	21	0	21	0	0	8.558333333333334	0.0		0.0	2.4537487828627067
0.56	48	1	0	16	0	14	0	2	7.341666666666667	0.0		0.0	1.9069239500567536
0.56	55	1	0	12	0	12	0	0	7.416666666666667	0.0		0.0	1.6179775280898876
0.56	64	1	5	24	4	20	1	0	8.983333333333333	0.16666666666666666	0.8	0.27586206896551724	2.226345083487941
0.56	73	1	3	25	3	22	0	0	7.866666666666666	0.12	1.0	0.21428571428571427	2.7966101694915255
0.56	89	2	7	36	4	32	3	0	15.05	0.1111111111111111	0.5714285714285714	0.18604651162790697	2.1262458471760795
0.56	97	3	6	46	4	42	2	0	23.066666666666666	0.08695652173913043	0.6666666666666666	0.15384615384615385	1.8208092485549132
0.56	106	1	1	14	0	10	1	4	7.2	0.0	0.0	0.0	1.3888888888888888
0.57	2	1	2	28	1	27	1	0	8.858333333333333	0.03571428571428571	0.5	0.06666666666666667	3.0479774223894642
0.57	3	1	4	6	3	3	1	0	8.316666666666666	0.5	0.75	0.6	0.36072144288577157
0.57	4	1	1	23	1	22	0	0	8.258333333333333	0.043478260869565216	1.0	0.08333333333333333	2.6639757820383454
0.57	5	1	0	22	0	20	0	2	7.733333333333333	0.0		0.0	2.586206896551724
0.57	15	2	5	21	4	17	1	0	16.616666666666667	0.19047619047619047	0.8	0.3076923076923077	1.0230692076228687
0.57	17	1	3	30	0	30	3	0	8.966666666666667	0.0	0.0	0.0	3.345724907063197
0.57	37	1	0	31	0	30	0	1	7.991666666666666	0.0		0.0	3.7539103232533892
0.57	40	1	0	28	0	27	0	1	7.133333333333334	0.0		0.0	3.7850467289719623
0.57	44	1	0	19	0	19	0	0	8.558333333333334	0.0		0.0	2.220058422590068
0.57	48	1	0	16	0	14	0	2	7.341666666666667	0.0		0.0	1.9069239500567536
0.57	55	1	0	12	0	12	0	0	7.416666666666667	0.0		0.0	1.6179775280898876
0.57	64	1	5	23	4	19	1	0	8.983333333333333	0.17391304347826086	0.8	0.2857142857142857	2.1150278293135436
0.57	73	1	3	25	3	22	0	0	7.866666666666666	0.12	1.0	0.21428571428571427	2.7966101694915255
0.57	89	2	7	36	4	32	3	0	15.05	0.1111111111111111	0.5714285714285714	0.18604651162790697	2.1262458471760795
0.57	97	3	6	45	4	41	2	0	23.066666666666666	0.08888888888888889	0.6666666666666666	0.1568627450980392	1.777456647398844
0.57	106	1	1	14	0	10	1	4	7.2	0.0	0.0	0.0	1.3888888888888888
0.58	2	1	2	27	1	26	1	0	8.858333333333333	0.037037037037037035	0.5	0.06896551724137931	2.935089369708373
0.58	3	1	4	6	3	3	1	0	8.316666666666666	0.5	0.75	0.6	0.36072144288577157
0.58	4	1	1	22	1	21	0	0	8.258333333333333	0.045454545454545456	1.0	0.08695652173913043	2.542885973763875
0.58	5	1	0	23	0	21	0	2	7.733333333333333	0.0		0.0	2.7155172413793105
0.58	15	2	5	21	4	17	1	0	16.616666666666667	0.19047619047619047	0.8	0.3076923076923077	1.0230692076228687
0.58	17	1	3	29	0	29	3	0	8.966666666666667	0.0	0.0	0.0	3.2342007434944238
0.58	37	1	0	27	0	27	0	0	7.991666666666666	0.0		0.0	3.3785192909280504
0.58	40	1	0	27	0	26	0	1	7.133333333333334	0.0		0.0	3.644859813084112
0.58	44	1	0	19	0	19	0	0	8.558333333333334	0.0		0.0	2.220058422590068
0.58	48	1	0	16	0	14	0	2	7.341666666666667	0.0		0.0	1.9069239500567536
0.58	55	1	0	12	0	12	0	0	7.416666666666667	0.0		0.0	1.6179775280898876
0.58	64	1	5	22	4	18	1	0	8.983333333333333	0.18181818181818182	0.8	0.2962962962962963	2.003710575139147
0.58	73	1	3	25	3	22	0	0	7.866666666666666	0.12	1.0	0.21428571428571427	2.7966101694915255
0.58	89	2	7	36	4	32	3	0	15.05	0.1111111111111111	0.5714285714285714	0.18604651162790697	2.1262458471760795
0.58	97	3	6	43	4	39	2	0	23.066666666666666	0.09302325581395349	0.6666666666666666	0.16326530612244897	1.6907514450867052
0.58	106	1	1	14	0	10	1	4	7.2	0.0	0.0	0.0	1.3888888888888888
0.59	2	1	2	24	1	23	1	0	8.858333333333333	0.041666666666666664	0.5	0.07692307692307693	2.596425211665099
0.59	3	1	4	6	3	3	1	0	8.316666666666666	0.5	0.75	0.6	0.36072144288577157
0.59	4	1	1	22	1	21	0	0	8.258333333333333	0.045454545454545456	1.0	0.08695652173913043	2.542885973763875
0.59	5	1	0	22	0	20	0	2	7.733333333333333	0.0		0.0	2.586206896551724
0.59	15	2	5	20	4	16	1	0	16.616666666666667	0.2	0.8	0.32	0.9628886659979939
0.59	17	1	3	28	0	28	3	0	8.966666666666667	0.0	0.0	0.0	3.1226765799256504
0.59	37	1	0	25	0	25	0	0	7.991666666666666	0.0		0.0	3.1282586027111576
0.59	40	1	0	26	0	25	0	1	7.133333333333334	0.0		0.0	3.5046728971962615
0.59	44	1	0	18	0	18	0	0	8.558333333333334	0.0		0.0	2.103213242453749
0.59	48	1	0	17	0	15	0	2	7.341666666666667	0.0		0.0	2.0431328036322363
0.59	55	1	0	12	0	12	0	0	7.416666666666667	0.0		0.0	1.6179775280898876
0.59	64	1	5	22	4	18	1	0	8.983333333333333	0.18181818181818182	0.8	0.2962962962962963	2.003710575139147
0.59	73	1	3	23	3	20	0	0	7.866666666666666	0.13043478260869565	1.0	0.23076923076923078	2.5423728813559325
0.59	89	2	7	31	3	28	4	0	15.05	0.0967741935483871	0.42857142857142855	0.15789473684210525	1.8604651162790697
0.59	97	3	6	41	4	37	2	0	23.066666666666666	0.0975609756097561	0.6666666666666666	0.1702127659574468	1.6040462427745665
0.59	106	1	1	14	0	10	1	4	7.2	0.0	0.0	0.0	1.3888888888888888
0.6	2	1	2	23	1	22	1	0	8.858333333333333	0.043478260869565216	0.5	0.08	2.483537158984008
0.6	3	1	4	5	3	2	1	0	8.316666666666666	0.6	0.75	0.6666666666666666	0.2404809619238477
0.6	4	1	1	22	1	21	0	0	8.258333333333333	0.045454545454545456	1.0	0.08695652173913043	2.542885973763875
0.6	5	1	0	20	0	18	0	2	7.733333333333333	0.0		0.0	2.3275862068965516
0.6	15	2	5	20	4	16	1	0	16.616666666666667	0.2	0.8	0.32	0.9628886659979939
0.6	17	1	3	28	0	28	3	0	8.966666666666667	0.0	0.0	0.0	3.1226765799256504
0.6	37	1	0	23	0	23	0	0	7.991666666666666	0.0		0.0	2.877997914494265
0.6	40	1	0	25	0	24	0	1	7.133333333333334	0.0		0.0	3.364485981308411
0.6	44	1	0	15	0	15	0	0	8.558333333333334	0.0		0.0	1.7526777020447906
0.6	48	1	0	16	0	14	0	2	7.341666666666667	0.0		0.0	1.9069239500567536
0.6	55	1	0	12	0	12	0	0	7.416666666666667	0.0		0.0	1.6179775280898876
0.6	64	1	5	22	4	18	1	0	8.983333333333333	0.18181818181818182	0.8	0.2962962962962963	2.003710575139147
0.6	73	1	3	22	3	19	0	0	7.866666666666666	0.13636363636363635	1.0	0.24	2.415254237288136
0.6	89	2	7	28	2	26	5	0	15.05	0.07142857142857142	0.2857142857142857	0.11428571428571428	1.7275747508305648
0.6	97	3	6	39	4	35	2	0	23.066666666666666	0.10256410256410256	0.6666666666666666	0.17777777777777778	1.5173410404624277
0.6	106	1	1	14	0	10	1	4	7.2	0.0	0.0	0.0	1.3888888888888888
0.61	2	1	2	23	1	22	1	0	8.858333333333333	0.043478260869565216	0.5	0.08	2.483537158984008
0.61	3	1	4	4	2	2	2	0	8.316666666666666	0.5	0.5	0.5	0.2404809619238477
0.61	4	1	1	22	1	21	0	0	8.258333333333333	0.045454545454545456	1.0	0.08695652173913043	2.542885973763875
0.61	5	1	0	20	0	18	0	2	7.733333333333333	0.0		0.0	2.3275862068965516
0.61	15	2	5	20	4	16	1	0	16.616666666666667	0.2	0.8	0.32	0.9628886659979939
0.61	17	1	3	28	0	28	3	0	8.966666666666667	0.0	0.0	0.0	3.1226765799256504
0.61	37	1	0	22	0	22	0	0	7.991666666666666	0.0		0.0	2.7528675703858188
0.61	40	1	0	25	0	24	0	1	7.133333333333334	0.0		0.0	3.364485981308411
0.61	44	1	0	14	0	14	0	0	8.558333333333334	0.0		0.0	1.6358325219084713
0.61	48	1	0	15	0	13	0	2	7.341666666666667	0.0		0.0	1.7707150964812712
0.61	55	1	0	12	0	12	0	0	7.416666666666667	0.0		0.0	1.6179775280898876
0.61	64	1	5	20	4	16	1	0	8.983333333333333	0.2	0.8	0.32	1.7810760667903527
0.61	73	1	3	21	3	18	0	0	7.866666666666666	0.14285714285714285	1.0	0.25	2.288135593220339
0.61	89	2	7	28	2	26	5	0	15.05	0.07142857142857142	0.2857142857142857	0.11428571428571428	1.7275747508305648
0.61	97	3	6	37	4	33	2	0	23.066666666666666	0.10810810810810811	0.6666666666666666	0.18604651162790697	1.430635838150289
0.61	106	1	1	13	0	9	1	4	7.2	0.0	0.0	0.0	1.25
0.62	2	1	2	20	1	19	1	0	8.858333333333333	0.05	0.5	0.09090909090909091	2.144873000940734
0.62	3	1	4	3	2	1	2	0	8.316666666666666	0.6666666666666666	0.5	0.5714285714285714	0.12024048096192386
0.62	4	1	1	22	1	21	0	0	8.258333333333333	0.045454545454545456	1.0	0.08695652173913043	2.542885973763875
0.62	5	1	0	20	0	18	0	2	7.733333333333333	0.0		0.0	2.3275862068965516
0.62	15	2	5	19	4	15	1	0	16.616666666666667	0.21052631578947367	0.8	0.3333333333333333	0.9027081243731193
0.62	17	1	3	28	0	28	3	0	8.966666666666667	0.0	0.0	0.0	3.1226765799256504
0.62	37	1	0	20	0	20	0	0	7.991666666666666	0.0		0.0	2.502606882168926
0.62	40	1	0	24	0	23	0	1	7.133333333333334	0.0		0.0	3.2242990654205608
0.62	44	1	0	13	0	13	0	0	8.558333333333334	0.0		0.0	1.5189873417721518
0.62	48	1	0	13	0	12	0	1	7.341666666666667	0.0		0.0	1.6345062429057888
0.62	55	1	0	9	0	9	0	0	7.416666666666667	0.0		0.0	1.2134831460674156
0.62	64	1	5	20	4	16	1	0	8.983333333333333	0.2	0.8	0.32	1.7810760667903527
0.62	73	1	3	16	3	13	0	0	7.866666666666666	0.1875	1.0	0.3157894736842105	1.652542372881356
0.62	89	2	7	28	2	26	5	0	15.05	0.07142857142857142	0.2857142857142857	0.11428571428571428	1.7275747508305648
0.62	97	3	6	34	4	30	2	0	23.066666666666666	0.11764705882352941	0.6666666666666666	0.2	1.300578034682081
0.62	106	1	1	13	0	9	1	4	7.2	0.0	0.0	0.0	1.25
0.63	2	1	2	20	1	19	1	0	8.858333333333333	0.05	0.5	0.09090909090909091	2.144873000940734
0.63	3	1	4	3	2	1	2	0	8.316666666666666	0.6666666666666666	0.5	0.5714285714285714	0.12024048096192386
0.63	4	1	1	20	1	19	0	0	8.258333333333333	0.05	1.0	0.09523809523809523	2.3007063572149344
0.63	5	1	0	20	0	18	0	2	7.733333333333333	0.0		0.0	2.3275862068965516
0.63	15	2	5	18	3	15	2	0	16.616666666666667	0.16666666666666666	0.6	0.2608695652173913	0.9027081243731193
0.63	17	1	3	28	0	28	3	0	8.966666666666667	0.0	0.0	0.0	3.1226765799256504
0.63	37	1	0	19	0	19	0	0	7.991666666666666	0.0		0.0	2.37747653806048
0.63	40	1	0	24	0	23	0	1	7.133333333333334	0.0		0.0	3.2242990654205608
0.63	44	1	0	12	0	12	0	0	8.558333333333334	0.0		0.0	1.4021421616358325
0.63	48	1	0	12	0	11	0	1	7.341666666666667	0.0		0.0	1.4982973893303064
0.63	55	1	0	9	0	9	0	0	7.416666666666667	0.0		0.0	1.2134831460674156
0.63	64	1	5	20	4	16	1	0	8.983333333333333	0.2	0.8	0.32	1.7810760667903527
0.63	73	1	3	15	3	12	0	0	7.866666666666666	0.2	1.0	0.3333333333333333	1.5254237288135595
0.63	89	2	7	28	2	26	5	0	15.05	0.07142857142857142	0.2857142857142857	0.11428571428571428	1.7275747508305648
0.63	97	3	6	32	4	28	2	0	23.066666666666666	0.125	0.6666666666666666	0.21052631578947367	1.2138728323699421
0.63	106	1	1	13	0	9	1	4	7.2	0.0	0.0	0.0	1.25
0.64	2	1	2	19	1	18	1	0	8.858333333333333	0.05263157894736842	0.5	0.09523809523809523	2.031984948259643
0.64	3	1	4	3	2	1	2	0	8.316666666666666	0.6666666666666666	0.5	0.5714285714285714	0.12024048096192386
0.64	4	1	1	20	1	19	0	0	8.258333333333333	0.05	1.0	0.09523809523809523	2.3007063572149344
0.64	5	1	0	20	0	18	0	2	7.733333333333333	0.0		0.0	2.3275862068965516
0.64	15	2	5	16	3	13	2	0	16.616666666666667	0.1875	0.6	0.2857142857142857	0.7823470411233701
0.64	17	1	3	26	0	26	3	0	8.966666666666667	0.0	0.0	0.0	2.899628252788104
0.64	37	1	0	18	0	18	0	0	7.991666666666666	0.0		0.0	2.2523461939520333
0.64	40	1	0	24	0	23	0	1	7.133333333333334	0.0		0.0	3.2242990654205608
0.64	44	1	0	10	0	10	0	0	8.558333333333334	0.0		0.0	1.1684518013631937
0.64	48	1	0	11	0	10	0	1	7.341666666666667	0.0		0.0	1.362088535754824
0.64	55	1	0	9	0	9	0	0	7.416666666666667	0.0		0.0	1.2134831460674156
0.64	64	1	5	19	4	15	1	0	8.983333333333333	0.21052631578947367	0.8	0.3333333333333333	1.6697588126159557
0.64	73	1	3	14	3	11	0	0	7.866666666666666	0.21428571428571427	1.0	0.35294117647058826	1.3983050847457628
0.64	89	2	7	26	2	24	5	0	15.05	0.07692307692307693	0.2857142857142857	0.12121212121212122	1.5946843853820598
0.64	97	3	6	31	4	27	2	0	23.066666666666666	0.12903225806451613	0.6666666666666666	0.21621621621621623	1.170520231213873
0.64	106	1	1	13	0	9	1	4	7.2	0.0	0.0	0.0	1.25
0.65	2	1	2	18	1	17	1	0	8.858333333333333	0.05555555555555555	0.5	0.1	1.9190968955785515
0.65	3	1	4	3	2	1	2	0	8.316666666666666	0.6666666666666666	0.5	0.5714285714285714	0.12024048096192386
0.65	4	1	1	19	1	18	0	0	8.258333333333333	0.05263157894736842	1.0	0.1	2.1796165489404644
0.65	5	1	0	20	0	18	0	2	7.733333333333333	0.0		0.0	2.3275862068965516
0.65	15	2	5	15	3	12	2	0	16.616666666666667	0.2	0.6	0.3	0.7221664994984954
0.65	17	1	3	24	0	24	3	0	8.966666666666667	0.0	0.0	0.0	2.676579925650558
0.65	37	1	0	18	0	18	0	0	7.991666666666666	0.0		0.0	2.2523461939520333
0.65	40	1	0	25	0	24	0	1	7.133333333333334	0.0		0.0	3.364485981308411
0.65	44	1	0	10	0	10	0	0	8.558333333333334	0.0		0.0	1.1684518013631937
0.65	48	1	0	10	0	9	0	1	7.341666666666667	0.0		0.0	1.2258796821793416
0.65	55	1	0	9	0	9	0	0	7.416666666666667	0.0		0.0	1.2134831460674156
0.65	64	1	5	19	4	15	1	0	8.983333333333333	0.21052631578947367	0.8	0.3333333333333333	1.6697588126159557
0.65	73	1	3	14	3	11	0	0	7.866666666666666	0.21428571428571427	1.0	0.35294117647058826	1.3983050847457628
0.65	89	2	7	26	2	24	5	0	15.05	0.07692307692307693	0.2857142857142857	0.12121212121212122	1.5946843853820598
0.65	97	3	6	29	4	25	2	0	23.066666666666666	0.13793103448275862	0.6666666666666666	0.22857142857142856	1.083815028901734
0.65	106	1	1	11	0	8	1	3	7.2	0.0	0.0	0.0	1.1111111111111112
0.66	2	1	2	18	1	17	1	0	8.858333333333333	0.05555555555555555	0.5	0.1	1.9190968955785515
0.66	3	1	4	3	2	1	2	0	8.316666666666666	0.6666666666666666	0.5	0.5714285714285714	0.12024048096192386
0.66	4	1	1	19	1	18	0	0	8.258333333333333	0.05263157894736842	1.0	0.1	2.1796165489404644
0.66	5	1	0	19	0	17	0	2	7.733333333333333	0.0		0.0	2.1982758620689653
0.66	15	2	5	15	3	12	2	0	16.616666666666667	0.2	0.6	0.3	0.7221664994984954
0.66	17	1	3	21	0	21	3	0	8.966666666666667	0.0	0.0	0.0	2.3420074349442377
0.66	37	1	0	16	0	16	0	0	7.991666666666666	0.0		0.0	2.002085505735141
0.66	40	1	0	25	0	24	0	1	7.133333333333334	0.0		0.0	3.364485981308411
0.66	44	1	0	10	0	10	0	0	8.558333333333334	0.0		0.0	1.1684518013631937
0.66	48	1	0	9	0	8	0	1	7.341666666666667	0.0		0.0	1.0896708286038592
0.66	55	1	0	8	0	8	0	0	7.416666666666667	0.0		0.0	1.0786516853932584
0.66	64	1	5	19	4	15	1	0	8.983333333333333	0.21052631578947367	0.8	0.3333333333333333	1.6697588126159557
0.66	73	1	3	14	3	11	0	0	7.866666666666666	0.21428571428571427	1.0	0.35294117647058826	1.3983050847457628
0.66	89	2	7	25	2	23	5	0	15.05	0.08	0.2857142857142857	0.125	1.5282392026578073
0.66	97	3	6	29	4	25	2	0	23.066666666666666	0.13793103448275862	0.6666666666666666	0.22857142857142856	1.083815028901734
0.66	106	1	1	11	0	8	1	3	7.2	0.0	0.0	0.0	1.1111111111111112
0.67	2	1	2	17	1	16	1	0	8.858333333333333	0.058823529411764705	0.5	0.10526315789473684	1.80620884289746
0.67	3	1	4	3	2	1	2	0	8.316666666666666	0.6666666666666666	0.5	0.5714285714285714	0.12024048096192386
0.67	4	1	1	17	1	16	0	0	8.258333333333333	0.058823529411764705	1.0	0.1111111111111111	1.937436932391524
0.67	5	1	0	18	0	16	0	2	7.733333333333333	0.0		0.0	2.0689655172413794
0.67	15	2	5	15	3	12	2	0	16.616666666666667	0.2	0.6	0.3	0.7221664994984954
0.67	17	1	3	20	0	20	3	0	8.966666666666667	0.0	0.0	0.0	2.2304832713754648
0.67	37	1	0	16	0	16	0	0	7.991666666666666	0.0		0.0	2.002085505735141
0.67	40	1	0	25	0	24	0	1	7.133333333333334	0.0		0.0	3.364485981308411
0.67	44	1	0	10	0	10	0	0	8.558333333333334	0.0		0.0	1.1684518013631937
0.67	48	1	0	9	0	8	0	1	7.341666666666667	0.0		0.0	1.0896708286038592
0.67	55	1	0	8	0	8	0	0	7.416666666666667	0.0		0.0	1.0786516853932584
0.67	64	1	5	19	4	15	1	0	8.983333333333333	0.21052631578947367	0.8	0.3333333333333333	1.6697588126159557
0.67	73	1	3	14	3	11	0	0	7.866666666666666	0.21428571428571427	1.0	0.35294117647058826	1.3983050847457628
0.67	89	2	7	24	2	22	5	0	15.05	0.08333333333333333	0.2857142857142857	0.12903225806451613	1.4617940199335548
0.67	97	3	6	28	4	24	2	0	23.066666666666666	0.14285714285714285	0.6666666666666666	0.23529411764705882	1.0404624277456647
0.67	106	1	1	11	0	8	1	3	7.2	0.0	0.0	0.0	1.1111111111111112
0.68	2	1	2	16	1	15	1	0	8.858333333333333	0.0625	0.5	0.1111111111111111	1.693320790216369
0.68	3	1	4	3	2	1	2	0	8.316666666666666	0.6666666666666666	0.5	0.5714285714285714	0.12024048096192386
0.68	4	1	1	15	1	14	0	0	8.258333333333333	0.06666666666666667	1.0	0.125	1.6952573158425834
0.68	5	1	0	18	0	16	0	2	7.733333333333333	0.0		0.0	2.0689655172413794
0.68	15	2	5	12	3	9	2	0	16.616666666666667	0.25	0.6	0.35294117647058826	0.5416248746238715
0.68	17	1	3	19	0	19	3	0	8.966666666666667	0.0	0.0	0.0	2.1189591078066914
0.68	37	1	0	15	0	15	0	0	7.991666666666666	0.0		0.0	1.8769551616266946
0.68	40	1	0	24	0	23	0	1	7.133333333333334	0.0		0.0	3.2242990654205608
0.68	44	1	0	9	0	9	0	0	8.558333333333334	0.0		0.0	1.0516066212268744
0.68	48	1	0	8	0	7	0	1	7.341666666666667	0.0		0.0	0.9534619750283768
0.68	55	1	0	8	0	8	0	0	7.416666666666667	0.0		0.0	1.0786516853932584
0.68	64	1	5	17	3	14	2	0	8.983333333333333	0.17647058823529413	0.6	0.2727272727272727	1.5584415584415585
0.68	73	1	3	13	3	10	0	0	7.866666666666666	0.23076923076923078	1.0	0.375	1.2711864406779663
0.68	89	2	7	23	2	21	5	0	15.05	0.08695652173913043	0.2857142857142857	0.13333333333333333	1.3953488372093024
0.68	97	3	6	26	4	22	2	0	23.066666666666666	0.15384615384615385	0.6666666666666666	0.25	0.953757225433526
0.68	106	1	1	11	0	8	1	3	7.2	0.0	0.0	0.0	1.1111111111111112
0.69	2	1	2	16	1	15	1	0	8.858333333333333	0.0625	0.5	0.1111111111111111	1.693320790216369
0.69	3	1	4	3	2	1	2	0	8.316666666666666	0.6666666666666666	0.5	0.5714285714285714	0.12024048096192386
0.69	4	1	1	14	1	13	0	0	8.258333333333333	0.07142857142857142	1.0	0.13333333333333333	1.5741675075681132
0.69	5	1	0	18	0	16	0	2	7.733333333333333	0.0		0.0	2.0689655172413794
0.69	15	2	5	12	3	9	2	0	16.616666666666667	0.25	0.6	0.35294117647058826	0.5416248746238715
0.69	17	1	3	18	0	18	3	0	8.966666666666667	0.0	0.0	0.0	2.007434944237918
0.69	37	1	0	14	0	14	0	0	7.991666666666666	0.0		0.0	1.7518248175182483
0.69	40	1	0	23	0	22	0	1	7.133333333333334	0.0		0.0	3.08411214953271
0.69	44	1	0	9	0	9	0	0	8.558333333333334	0.0		0.0	1.0516066212268744
0.69	48	1	0	8	0	7	0	1	7.341666666666667	0.0		0.0	0.9534619750283768
0.69	55	1	0	8	0	8	0	0	7.416666666666667	0.0		0.0	1.0786516853932584
0.69	64	1	5	17	3	14	2	0	8.983333333333333	0.17647058823529413	0.6	0.2727272727272727	1.5584415584415585
0.69	73	1	3	13	3	10	0	0	7.866666666666666	0.23076923076923078	1.0	0.375	1.2711864406779663
0.69	89	2	7	21	2	19	5	0	15.05	0.09523809523809523	0.2857142857142857	0.14285714285714285	1.2624584717607972
0.69	97	3	6	25	4	21	2	0	23.066666666666666	0.16	0.6666666666666666	0.25806451612903225	0.9104046242774566
0.69	106	1	1	9	0	7	1	2	7.2	0.0	0.0	0.0	0.9722222222222222
0.7	2	1	2	15	1	14	1	0	8.858333333333333	0.06666666666666667	0.5	0.11764705882352941	1.5804327375352776
0.7	3	1	4	3	2	1	2	0	8.316666666666666	0.6666666666666666	0.5	0.5714285714285714	0.12024048096192386
0.7	4	1	1	14	1	13	0	0	8.258333333333333	0.07142857142857142	1.0	0.13333333333333333	1.5741675075681132
0.7	5	1	0	18	0	16	0	2	7.733333333333333	0.0		0.0	2.0689655172413794
0.7	15	2	5	9	2	7	3	0	16.616666666666667	0.2222222222222222	0.4	0.2857142857142857	0.42126379137412234
0.7	17	1	3	18	0	18	3	0	8.966666666666667	0.0	0.0	0.0	2.007434944237918
0.7	37	1	0	14	0	14	0	0	7.991666666666666	0.0		0.0	1.7518248175182483
0.7	40	1	0	21	0	20	0	1	7.133333333333334	0.0		0.0	2.803738317757009
0.7	44	1	0	8	0	8	0	0	8.558333333333334	0.0		0.0	0.934761441090555
0.7	48	1	0	7	0	6	0	1	7.341666666666667	0.0		0.0	0.8172531214528944
0.7	55	1	0	7	0	7	0	0	7.416666666666667	0.0		0.0	0.9438202247191011
0.7	64	1	5	17	3	14	2	0	8.983333333333333	0.17647058823529413	0.6	0.2727272727272727	1.5584415584415585
0.7	73	1	3	13	3	10	0	0	7.866666666666666	0.23076923076923078	1.0	0.375	1.2711864406779663
0.7	89	2	7	21	2	19	5	0	15.05	0.09523809523809523	0.2857142857142857	0.14285714285714285	1.2624584717607972
0.7	97	3	6	24	4	20	2	0	23.066666666666666	0.16666666666666666	0.6666666666666666	0.26666666666666666	0.8670520231213873
0.7	106	1	1	9	0	7	1	2	7.2	0.0	0.0	0.0	0.9722222222222222
0.71	2	1	2	15	1	14	1	0	8.858333333333333	0.06666666666666667	0.5	0.11764705882352941	1.5804327375352776
0.71	3	1	4	3	2	1	2	0	8.316666666666666	0.6666666666666666	0.5	0.5714285714285714	0.12024048096192386
0.71	4	1	1	13	1	12	0	0	8.258333333333333	0.07692307692307693	1.0	0.14285714285714285	1.453077699293643
0.71	5	1	0	18	0	16	0	2	7.733333333333333	0.0		0.0	2.0689655172413794
0.71	15	2	5	9	2	7	3	0	16.616666666666667	0.2222222222222222	0.4	0.2857142857142857	0.42126379137412234
0.71	17	1	3	18	0	18	3	0	8.966666666666667	0.0	0.0	0.0	2.007434944237918
0.71	37	1	0	13	0	13	0	0	7.991666666666666	0.0		0.0	1.6266944734098019
0.71	40	1	0	21	0	20	0	1	7.133333333333334	0.0		0.0	2.803738317757009
0.71	44	1	0	7	0	7	0	0	8.558333333333334	0.0		0.0	0.8179162609542356
0.71	48	1	0	7	0	6	0	1	7.341666666666667	0.0		0.0	0.8172531214528944
0.71	55	1	0	7	0	7	0	0	7.416666666666667	0.0		0.0	0.9438202247191011
0.71	64	1	5	17	3	14	2	0	8.983333333333333	0.17647058823529413	0.6	0.2727272727272727	1.5584415584415585
0.71	73	1	3	12	3	9	0	0	7.866666666666666	0.25	1.0	0.4	1.1440677966101696
0.71	89	2	7	20	2	18	5	0	15.05	0.1	0.2857142857142857	0.14814814814814814	1.1960132890365447
0.71	97	3	6	24	4	20	2	0	23.066666666666666	0.16666666666666666	0.6666666666666666	0.26666666666666666	0.8670520231213873
0.71	106	1	1	9	0	7	1	2	7.2	0.0	0.0	0.0	0.9722222222222222
0.72	2	1	2	14	1	13	1	0	8.858333333333333	0.07142857142857142	0.5	0.125	1.4675446848541864
0.72	3	1	4	3	2	1	2	0	8.316666666666666	0.6666666666666666	0.5	0.5714285714285714	0.12024048096192386
0.72	4	1	1	11	1	10	0	0	8.258333333333333	0.09090909090909091	1.0	0.16666666666666666	1.2108980827447025
0.72	5	1	0	17	0	15	0	2	7.733333333333333	0.0		0.0	1.9396551724137931
0.72	15	2	5	9	2	7	3	0	16.616666666666667	0.2222222222222222	0.4	0.2857142857142857	0.42126379137412234
0.72	17	1	3	18	0	18	3	0	8.966666666666667	0.0	0.0	0.0	2.007434944237918
0.72	37	1	0	13	0	13	0	0	7.991666666666666	0.0		0.0	1.6266944734098019
0.72	40	1	0	20	0	19	0	1	7.133333333333334	0.0		0.0	2.663551401869159
0.72	44	1	0	4	0	4	0	0	8.558333333333334	0.0		0.0	0.4673807205452775
0.72	48	1	0	7	0	6	0	1	7.341666666666667	0.0		0.0	0.8172531214528944
0.72	55	1	0	7	0	7	0	0	7.416666666666667	0.0		0.0	0.9438202247191011
0.72	64	1	5	16	3	13	2	0	8.983333333333333	0.1875	0.6	0.2857142857142857	1.4471243042671615
0.72	73	1	3	11	3	8	0	0	7.866666666666666	0.2727272727272727	1.0	0.42857142857142855	1.0169491525423728
0.72	89	2	7	19	2	17	5	0	15.05	0.10526315789473684	0.2857142857142857	0.15384615384615385	1.1295681063122922
0.72	97	3	6	24	4	20	2	0	23.066666666666666	0.16666666666666666	0.6666666666666666	0.26666666666666666	0.8670520231213873
0.72	106	1	1	9	0	7	1	2	7.2	0.0	0.0	0.0	0.9722222222222222
0.73	2	1	2	14	1	13	1	0	8.858333333333333	0.07142857142857142	0.5	0.125	1.4675446848541864
0.73	3	1	4	3	2	1	2	0	8.316666666666666	0.6666666666666666	0.5	0.5714285714285714	0.12024048096192386
0.73	4	1	1	11	1	10	0	0	8.258333333333333	0.09090909090909091	1.0	0.16666666666666666	1.2108980827447025
0.73	5	1	0	17	0	15	0	2	7.733333333333333	0.0		0.0	1.9396551724137931
0.73	15	2	5	9	2	7	3	0	16.616666666666667	0.2222222222222222	0.4	0.2857142857142857	0.42126379137412234
0.73	17	1	3	17	0	17	3	0	8.966666666666667	0.0	0.0	0.0	1.8959107806691449
0.73	37	1	0	10	0	10	0	0	7.991666666666666	0.0		0.0	1.251303441084463
0.73	40	1	0	20	0	19	0	1	7.133333333333334	0.0		0.0	2.663551401869159
0.73	44	1	0	3	0	3	0	0	8.558333333333334	0.0		0.0	0.3505355404089581
0.73	48	1	0	7	0	6	0	1	7.341666666666667	0.0		0.0	0.8172531214528944
0.73	55	1	0	7	0	7	0	0	7.416666666666667	0.0		0.0	0.9438202247191011
0.73	64	1	5	15	3	12	2	0	8.983333333333333	0.2	0.6	0.3	1.3358070500927646
0.73	73	1	3	10	3	7	0	0	7.866666666666666	0.3	1.0	0.46153846153846156	0.8898305084745763
0.73	89	2	7	17	2	15	5	0	15.05	0.11764705882352941	0.2857142857142857	0.16666666666666666	0.9966777408637874
0.73	97	3	6	22	3	19	3	0	23.066666666666666	0.13636363636363635	0.5	0.21428571428571427	0.823699421965318
0.73	106	1	1	9	0	7	1	2	7.2	0.0	0.0	0.0	0.9722222222222222
0.74	2	1	2	14	1	13	1	0	8.858333333333333	0.07142857142857142	0.5	0.125	1.4675446848541864
0.74	3	1	4	3	2	1	2	0	8.316666666666666	0.6666666666666666	0.5	0.5714285714285714	0.12024048096192386
0.74	4	1	1	11	1	10	0	0	8.258333333333333	0.09090909090909091	1.0	0.16666666666666666	1.2108980827447025
0.74	5	1	0	15	0	13	0	2	7.733333333333333	0.0		0.0	1.6810344827586208
0.74	15	2	5	9	2	7	3	0	16.616666666666667	0.2222222222222222	0.4	0.2857142857142857	0.42126379137412234
0.74	17	1	3	15	0	15	3	0	8.966666666666667	0.0	0.0	0.0	1.6728624535315986
0.74	37	1	0	10	0	10	0	0	7.991666666666666	0.0		0.0	1.251303441084463
0.74	40	1	0	20	0	19	0	1	7.133333333333334	0.0		0.0	2.663551401869159
0.74	44	1	0	2	0	2	0	0	8.558333333333334	0.0		0.0	0.23369036027263876
0.74	48	1	0	7	0	6	0	1	7.341666666666667	0.0		0.0	0.8172531214528944
0.74	55	1	0	7	0	7	0	0	7.416666666666667	0.0		0.0	0.9438202247191011
0.74	64	1	5	14	3	11	2	0	8.983333333333333	0.21428571428571427	0.6	0.3157894736842105	1.2244897959183674
0.74	73	1	3	9	3	6	0	0	7.866666666666666	0.3333333333333333	1.0	0.5	0.7627118644067797
0.74	89	2	7	17	2	15	5	0	15.05	0.11764705882352941	0.2857142857142857	0.16666666666666666	0.9966777408637874
0.74	97	3	6	20	3	17	3	0	23.066666666666666	0.15	0.5	0.23076923076923078	0.7369942196531792
0.74	106	1	1	8	0	6	1	2	7.2	0.0	0.0	0.0	0.8333333333333333
0.75	2	1	2	12	1	11	1	0	8.858333333333333	0.08333333333333333	0.5	0.14285714285714285	1.241768579492004
0.75	3	1	4	3	2	1	2	0	8.316666666666666	0.6666666666666666	0.5	0.5714285714285714	0.12024048096192386
0.75	4	1	1	9	0	9	1	0	8.258333333333333	0.0	0.0	0.0	1.0898082744702322
0.75	5	1	0	15	0	13	0	2	7.733333333333333	0.0		0.0	1.6810344827586208
0.75	15	2	5	8	2	6	3	0	16.616666666666667	0.25	0.4	0.3076923076923077	0.3610832497492477
0.75	17	1	3	15	0	15	3	0	8.966666666666667	0.0	0.0	0.0	1.6728624535315986
0.75	37	1	0	9	0	9	0	0	7.991666666666666	0.0		0.0	1.1261730969760166
0.75	40	1	0	18	0	17	0	1	7.133333333333334	0.0		0.0	2.3831775700934577
0.75	44	1	0	2	0	2	0	0	8.558333333333334	0.0		0.0	0.23369036027263876
0.75	48	1	0	7	0	6	0	1	7.341666666666667	0.0		0.0	0.8172531214528944
0.75	55	1	0	7	0	7	0	0	7.416666666666667	0.0		0.0	0.9438202247191011
0.75	64	1	5	14	3	11	2	0	8.983333333333333	0.21428571428571427	0.6	0.3157894736842105	1.2244897959183674
0.75	73	1	3	8	2	6	1	0	7.866666666666666	0.25	0.6666666666666666	0.36363636363636365	0.7627118644067797
0.75	89	2	7	16	1	15	6	0	15.05	0.0625	0.14285714285714285	0.08695652173913043	0.9966777408637874
0.75	97	3	6	20	3	17	3	0	23.066666666666666	0.15	0.5	0.23076923076923078	0.7369942196531792
0.75	106	1	1	8	0	6	1	2	7.2	0.0	0.0	0.0	0.8333333333333333
0.76	2	1	2	12	1	11	1	0	8.858333333333333	0.08333333333333333	0.5	0.14285714285714285	1.241768579492004
0.76	3	1	4	3	2	1	2	0	8.316666666666666	0.6666666666666666	0.5	0.5714285714285714	0.12024048096192386
0.76	4	1	1	9	0	9	1	0	8.258333333333333	0.0	0.0	0.0	1.0898082744702322
0.76	5	1	0	15	0	13	0	2	7.733333333333333	0.0		0.0	1.6810344827586208
0.76	15	2	5	8	2	6	3	0	16.616666666666667	0.25	0.4	0.3076923076923077	0.3610832497492477
0.76	17	1	3	14	0	14	3	0	8.966666666666667	0.0	0.0	0.0	1.5613382899628252
0.76	37	1	0	7	0	7	0	0	7.991666666666666	0.0		0.0	0.8759124087591241
0.76	40	1	0	18	0	17	0	1	7.133333333333334	0.0		0.0	2.3831775700934577
0.76	44	1	0	2	0	2	0	0	8.558333333333334	0.0		0.0	0.23369036027263876
0.76	48	1	0	7	0	6	0	1	7.341666666666667	0.0		0.0	0.8172531214528944
0.76	55	1	0	7	0	7	0	0	7.416666666666667	0.0		0.0	0.9438202247191011
0.76	64	1	5	12	3	9	2	0	8.983333333333333	0.25	0.6	0.35294117647058826	1.0018552875695734
0.76	73	1	3	8	2	6	1	0	7.866666666666666	0.25	0.6666666666666666	0.36363636363636365	0.7627118644067797
0.76	89	2	7	12	0	12	7	0	15.05	0.0	0.0	0.0	0.7973421926910299
0.76	97	3	6	20	3	17	3	0	23.066666666666666	0.15	0.5	0.23076923076923078	0.7369942196531792
0.76	106	1	1	8	0	6	1	2	7.2	0.0	0.0	0.0	0.8333333333333333
0.77	2	1	2	11	1	10	1	0	8.858333333333333	0.09090909090909091	0.5	0.15384615384615385	1.1288805268109126
0.77	3	1	4	3	2	1	2	0	8.316666666666666	0.6666666666666666	0.5	0.5714285714285714	0.12024048096192386
0.77	4	1	1	9	0	9	1	0	8.258333333333333	0.0	0.0	0.0	1.0898082744702322
0.77	5	1	0	15	0	13	0	2	7.733333333333333	0.0		0.0	1.6810344827586208
0.77	15	2	5	7	2	5	3	0	16.616666666666667	0.2857142857142857	0.4	0.3333333333333333	0.3009027081243731
0.77	17	1	3	13	0	13	3	0	8.966666666666667	0.0	0.0	0.0	1.449814126394052
0.77	37	1	0	7	0	7	0	0	7.991666666666666	0.0		0.0	0.8759124087591241
0.77	40	1	0	18	0	17	0	1	7.133333333333334	0.0		0.0	2.3831775700934577
0.77	44	1	0	1	0	1	0	0	8.558333333333334	0.0		0.0	0.11684518013631938
0.77	48	1	0	7	0	6	0	1	7.341666666666667	0.0		0.0	0.8172531214528944
0.77	55	1	0	7	0	7	0	0	7.416666666666667	0.0		0.0	0.9438202247191011
0.77	64	1	5	12	3	9	2	0	8.983333333333333	0.25	0.6	0.35294117647058826	1.0018552875695734
0.77	73	1	3	7	2	5	1	0	7.866666666666666	0.2857142857142857	0.6666666666666666	0.4	0.6355932203389831
0.77	89	2	7	11	0	11	7	0	15.05	0.0	0.0	0.0	0.7308970099667774
0.77	97	3	6	19	3	16	3	0	23.066666666666666	0.15789473684210525	0.5	0.24	0.6936416184971098
0.77	106	1	1	6	0	4	1	2	7.2	0.0	0.0	0.0	0.5555555555555556
0.78	2	1	2	11	1	10	1	0	8.858333333333333	0.09090909090909091	0.5	0.15384615384615385	1.1288805268109126
0.78	3	1	4	3	2	1	2	0	8.316666666666666	0.6666666666666666	0.5	0.5714285714285714	0.12024048096192386
0.78	4	1	1	9	0	9	1	0	8.258333333333333	0.0	0.0	0.0	1.0898082744702322
0.78	5	1	0	15	0	13	0	2	7.733333333333333	0.0		0.0	1.6810344827586208
0.78	15	2	5	7	2	5	3	0	16.616666666666667	0.2857142857142857	0.4	0.3333333333333333	0.3009027081243731
0.78	17	1	3	12	0	12	3	0	8.966666666666667	0.0	0.0	0.0	1.338289962825279
0.78	37	1	0	7	0	7	0	0	7.991666666666666	0.0		0.0	0.8759124087591241
0.78	40	1	0	18	0	17	0	1	7.133333333333334	0.0		0.0	2.3831775700934577
0.78	44	1	0	0	0	0	0	0	8.558333333333334				0.0
0.78	48	1	0	7	0	6	0	1	7.341666666666667	0.0		0.0	0.8172531214528944
0.78	55	1	0	7	0	7	0	0	7.416666666666667	0.0		0.0	0.9438202247191011
0.78	64	1	5	11	2	9	3	0	8.983333333333333	0.18181818181818182	0.4	0.25	1.0018552875695734
0.78	73	1	3	7	2	5	1	0	7.866666666666666	0.2857142857142857	0.6666666666666666	0.4	0.6355932203389831
0.78	89	2	7	11	0	11	7	0	15.05	0.0	0.0	0.0	0.7308970099667774
0.78	97	3	6	19	3	16	3	0	23.066666666666666	0.15789473684210525	0.5	0.24	0.6936416184971098
0.78	106	1	1	5	0	4	1	1	7.2	0.0	0.0	0.0	0.5555555555555556
0.79	2	1	2	11	1	10	1	0	8.858333333333333	0.09090909090909091	0.5	0.15384615384615385	1.1288805268109126
0.79	3	1	4	3	2	1	2	0	8.316666666666666	0.6666666666666666	0.5	0.5714285714285714	0.12024048096192386
0.79	4	1	1	9	0	9	1	0	8.258333333333333	0.0	0.0	0.0	1.0898082744702322
0.79	5	1	0	14	0	12	0	2	7.733333333333333	0.0		0.0	1.5517241379310345
0.79	15	2	5	7	2	5	3	0	16.616666666666667	0.2857142857142857	0.4	0.3333333333333333	0.3009027081243731
0.79	17	1	3	12	0	12	3	0	8.966666666666667	0.0	0.0	0.0	1.338289962825279
0.79	37	1	0	7	0	7	0	0	7.991666666666666	0.0		0.0	0.8759124087591241
0.79	40	1	0	17	0	16	0	1	7.133333333333334	0.0		0.0	2.2429906542056073
0.79	44	1	0	0	0	0	0	0	8.558333333333334				0.0
0.79	48	1	0	7	0	6	0	1	7.341666666666667	0.0		0.0	0.8172531214528944
0.79	55	1	0	6	0	6	0	0	7.416666666666667	0.0		0.0	0.8089887640449438
0.79	64	1	5	9	2	7	3	0	8.983333333333333	0.2222222222222222	0.4	0.2857142857142857	0.7792207792207793
0.79	73	1	3	6	1	5	2	0	7.866666666666666	0.16666666666666666	0.3333333333333333	0.2222222222222222	0.6355932203389831
0.79	89	2	7	11	0	11	7	0	15.05	0.0	0.0	0.0	0.7308970099667774
0.79	97	3	6	18	3	15	3	0	23.066666666666666	0.16666666666666666	0.5	0.25	0.6502890173410405
0.79	106	1	1	5	0	4	1	1	7.2	0.0	0.0	0.0	0.5555555555555556
0.8	2	1	2	11	1	10	1	0	8.858333333333333	0.09090909090909091	0.5	0.15384615384615385	1.1288805268109126
0.8	3	1	4	3	2	1	2	0	8.316666666666666	0.6666666666666666	0.5	0.5714285714285714	0.12024048096192386
0.8	4	1	1	9	0	9	1	0	8.258333333333333	0.0	0.0	0.0	1.0898082744702322
0.8	5	1	0	14	0	12	0	2	7.733333333333333	0.0		0.0	1.5517241379310345
0.8	15	2	5	5	1	4	4	0	16.616666666666667	0.2	0.2	0.2	0.24072216649949849
0.8	17	1	3	11	0	11	3	0	8.966666666666667	0.0	0.0	0.0	1.2267657992565055
0.8	37	1	0	7	0	7	0	0	7.991666666666666	0.0		0.0	0.8759124087591241
0.8	40	1	0	17	0	16	0	1	7.133333333333334	0.0		0.0	2.2429906542056073
0.8	44	1	0	0	0	0	0	0	8.558333333333334				0.0
0.8	48	1	0	7	0	6	0	1	7.341666666666667	0.0		0.0	0.8172531214528944
0.8	55	1	0	6	0	6	0	0	7.416666666666667	0.0		0.0	0.8089887640449438
0.8	64	1	5	8	2	6	3	0	8.983333333333333	0.25	0.4	0.3076923076923077	0.6679035250463823
0.8	73	1	3	5	1	4	2	0	7.866666666666666	0.2	0.3333333333333333	0.25	0.5084745762711864
0.8	89	2	7	11	0	11	7	0	15.05	0.0	0.0	0.0	0.7308970099667774
0.8	97	3	6	16	3	13	3	0	23.066666666666666	0.1875	0.5	0.2727272727272727	0.5635838150289018
0.8	106	1	1	5	0	4	1	1	7.2	0.0	0.0	0.0	0.5555555555555556
0.81	2	1	2	11	1	10	1	0	8.858333333333333	0.09090909090909091	0.5	0.15384615384615385	1.1288805268109126
0.81	3	1	4	3	2	1	2	0	8.316666666666666	0.6666666666666666	0.5	0.5714285714285714	0.12024048096192386
0.81	4	1	1	8	0	8	1	0	8.258333333333333	0.0	0.0	0.0	0.968718466195762
0.81	5	1	0	14	0	12	0	2	7.733333333333333	0.0		0.0	1.5517241379310345
0.81	15	2	5	5	1	4	4	0	16.616666666666667	0.2	0.2	0.2	0.24072216649949849
0.81	17	1	3	10	0	10	3	0	8.966666666666667	0.0	0.0	0.0	1.1152416356877324
0.81	37	1	0	6	0	6	0	0	7.991666666666666	0.0		0.0	0.7507820646506779
0.81	40	1	0	17	0	16	0	1	7.133333333333334	0.0		0.0	2.2429906542056073
0.81	44	1	0	0	0	0	0	0	8.558333333333334				0.0
0.81	48	1	0	6	0	6	0	0	7.341666666666667	0.0		0.0	0.8172531214528944
0.81	55	1	0	5	0	5	0	0	7.416666666666667	0.0		0.0	0.6741573033707865
0.81	64	1	5	8	2	6	3	0	8.983333333333333	0.25	0.4	0.3076923076923077	0.6679035250463823
0.81	73	1	3	5	1	4	2	0	7.866666666666666	0.2	0.3333333333333333	0.25	0.5084745762711864
0.81	89	2	7	10	0	10	7	0	15.05	0.0	0.0	0.0	0.6644518272425249
0.81	97	3	6	15	3	12	3	0	23.066666666666666	0.2	0.5	0.2857142857142857	0.5202312138728323
0.81	106	1	1	5	0	4	1	1	7.2	0.0	0.0	0.0	0.5555555555555556
0.82	2	1	2	11	1	10	1	0	8.858333333333333	0.09090909090909091	0.5	0.15384615384615385	1.1288805268109126
0.82	3	1	4	3	2	1	2	0	8.316666666666666	0.6666666666666666	0.5	0.5714285714285714	0.12024048096192386
0.82	4	1	1	8	0	8	1	0	8.258333333333333	0.0	0.0	0.0	0.968718466195762
0.82	5	1	0	14	0	12	0	2	7.733333333333333	0.0		0.0	1.5517241379310345
0.82	15	2	5	4	0	4	5	0	16.616666666666667	0.0	0.0	0.0	0.24072216649949849
0.82	17	1	3	9	0	9	3	0	8.966666666666667	0.0	0.0	0.0	1.003717472118959
0.82	37	1	0	6	0	6	0	0	7.991666666666666	0.0		0.0	0.7507820646506779
0.82	40	1	0	17	0	16	0	1	7.133333333333334	0.0		0.0	2.2429906542056073
0.82	44	1	0	0	0	0	0	0	8.558333333333334				0.0
0.82	48	1	0	6	0	6	0	0	7.341666666666667	0.0		0.0	0.8172531214528944
0.82	55	1	0	5	0	5	0	0	7.416666666666667	0.0		0.0	0.6741573033707865
0.82	64	1	5	8	2	6	3	0	8.983333333333333	0.25	0.4	0.3076923076923077	0.6679035250463823
0.82	73	1	3	5	1	4	2	0	7.866666666666666	0.2	0.3333333333333333	0.25	0.5084745762711864
0.82	89	2	7	9	0	9	7	0	15.05	0.0	0.0	0.0	0.5980066445182723
0.82	97	3	6	15	3	12	3	0	23.066666666666666	0.2	0.5	0.2857142857142857	0.5202312138728323
0.82	106	1	1	5	0	4	1	1	7.2	0.0	0.0	0.0	0.5555555555555556
0.83	2	1	2	11	1	10	1	0	8.858333333333333	0.09090909090909091	0.5	0.15384615384615385	1.1288805268109126
0.83	3	1	4	3	2	1	2	0	8.316666666666666	0.6666666666666666	0.5	0.5714285714285714	0.12024048096192386
0.83	4	1	1	8	0	8	1	0	8.258333333333333	0.0	0.0	0.0	0.968718466195762
0.83	5	1	0	14	0	12	0	2	7.733333333333333	0.0		0.0	1.5517241379310345
0.83	15	2	5	4	0	4	5	0	16.616666666666667	0.0	0.0	0.0	0.24072216649949849
0.83	17	1	3	9	0	9	3	0	8.966666666666667	0.0	0.0	0.0	1.003717472118959
0.83	37	1	0	6	0	6	0	0	7.991666666666666	0.0		0.0	0.7507820646506779
0.83	40	1	0	17	0	16	0	1	7.133333333333334	0.0		0.0	2.2429906542056073
0.83	44	1	0	0	0	0	0	0	8.558333333333334				0.0
0.83	48	1	0	6	0	6	0	0	7.341666666666667	0.0		0.0	0.8172531214528944
0.83	55	1	0	5	0	5	0	0	7.416666666666667	0.0		0.0	0.6741573033707865
0.83	64	1	5	8	2	6	3	0	8.983333333333333	0.25	0.4	0.3076923076923077	0.6679035250463823
0.83	73	1	3	4	1	3	2	0	7.866666666666666	0.25	0.3333333333333333	0.2857142857142857	0.38135593220338987
0.83	89	2	7	9	0	9	7	0	15.05	0.0	0.0	0.0	0.5980066445182723
0.83	97	3	6	14	3	11	3	0	23.066666666666666	0.21428571428571427	0.5	0.3	0.476878612716763
0.83	106	1	1	4	0	3	1	1	7.2	0.0	0.0	0.0	0.41666666666666663
0.84	2	1	2	10	1	9	1	0	8.858333333333333	0.1	0.5	0.16666666666666666	1.0159924741298214
0.84	3	1	4	3	2	1	2	0	8.316666666666666	0.6666666666666666	0.5	0.5714285714285714	0.12024048096192386
0.84	4	1	1	7	0	7	1	0	8.258333333333333	0.0	0.0	0.0	0.8476286579212917
0.84	5	1	0	13	0	11	0	2	7.733333333333333	0.0		0.0	1.4224137931034482
0.84	15	2	5	4	0	4	5	0	16.616666666666667	0.0	0.0	0.0	0.24072216649949849
0.84	17	1	3	9	0	9	3	0	8.966666666666667	0.0	0.0	0.0	1.003717472118959
0.84	37	1	0	6	0	6	0	0	7.991666666666666	0.0		0.0	0.7507820646506779
0.84	40	1	0	14	0	13	0	1	7.133333333333334	0.0		0.0	1.822429906542056
0.84	44	1	0	0	0	0	0	0	8.558333333333334				0.0
0.84	48	1	0	4	0	4	0	0	7.341666666666667	0.0		0.0	0.5448354143019296
0.84	55	1	0	5	0	5	0	0	7.416666666666667	0.0		0.0	0.6741573033707865
0.84	64	1	5	8	2	6	3	0	8.983333333333333	0.25	0.4	0.3076923076923077	0.6679035250463823
0.84	73	1	3	4	1	3	2	0	7.866666666666666	0.25	0.3333333333333333	0.2857142857142857	0.38135593220338987
0.84	89	2	7	9	0	9	7	0	15.05	0.0	0.0	0.0	0.5980066445182723
0.84	97	3	6	13	3	10	3	0	23.066666666666666	0.23076923076923078	0.5	0.3157894736842105	0.43352601156069365
0.84	106	1	1	4	0	3	1	1	7.2	0.0	0.0	0.0	0.41666666666666663
0.85	2	1	2	10	1	9	1	0	8.858333333333333	0.1	0.5	0.16666666666666666	1.0159924741298214
0.85	3	1	4	2	1	1	3	0	8.316666666666666	0.5	0.25	0.3333333333333333	0.12024048096192386
0.85	4	1	1	6	0	6	1	0	8.258333333333333	0.0	0.0	0.0	0.7265388496468215
0.85	5	1	0	13	0	11	0	2	7.733333333333333	0.0		0.0	1.4224137931034482
0.85	15	2	5	4	0	4	5	0	16.616666666666667	0.0	0.0	0.0	0.24072216649949849
0.85	17	1	3	7	0	7	3	0	8.966666666666667	0.0	0.0	0.0	0.7806691449814126
0.85	37	1	0	5	0	5	0	0	7.991666666666666	0.0		0.0	0.6256517205422315
0.85	40	1	0	14	0	13	0	1	7.133333333333334	0.0		0.0	1.822429906542056
0.85	44	1	0	0	0	0	0	0	8.558333333333334				0.0
0.85	48	1	0	4	0	4	0	0	7.341666666666667	0.0		0.0	0.5448354143019296
0.85	55	1	0	3	0	3	0	0	7.416666666666667	0.0		0.0	0.4044943820224719
0.85	64	1	5	8	2	6	3	0	8.983333333333333	0.25	0.4	0.3076923076923077	0.6679035250463823
0.85	73	1	3	4	1	3	2	0	7.866666666666666	0.25	0.3333333333333333	0.2857142857142857	0.38135593220338987
0.85	89	2	7	8	0	8	7	0	15.05	0.0	0.0	0.0	0.5315614617940199
0.85	97	3	6	11	3	8	3	0	23.066666666666666	0.2727272727272727	0.5	0.35294117647058826	0.3468208092485549
0.85	106	1	1	4	0	3	1	1	7.2	0.0	0.0	0.0	0.41666666666666663
0.86	2	1	2	9	1	8	1	0	8.858333333333333	0.1111111111111111	0.5	0.18181818181818182	0.90310442144873
0.86	3	1	4	2	1	1	3	0	8.316666666666666	0.5	0.25	0.3333333333333333	0.12024048096192386
0.86	4	1	1	6	0	6	1	0	8.258333333333333	0.0	0.0	0.0	0.7265388496468215
0.86	5	1	0	11	0	9	0	2	7.733333333333333	0.0		0.0	1.1637931034482758
0.86	15	2	5	4	0	4	5	0	16.616666666666667	0.0	0.0	0.0	0.24072216649949849
0.86	17	1	3	7	0	7	3	0	8.966666666666667	0.0	0.0	0.0	0.7806691449814126
0.86	37	1	0	3	0	3	0	0	7.991666666666666	0.0		0.0	0.37539103232533894
0.86	40	1	0	13	0	12	0	1	7.133333333333334	0.0		0.0	1.6822429906542056
0.86	44	1	0	0	0	0	0	0	8.558333333333334				0.0
0.86	48	1	0	4	0	4	0	0	7.341666666666667	0.0		0.0	0.5448354143019296
0.86	55	1	0	3	0	3	0	0	7.416666666666667	0.0		0.0	0.4044943820224719
0.86	64	1	5	6	2	4	3	0	8.983333333333333	0.3333333333333333	0.4	0.36363636363636365	0.44526901669758817
0.86	73	1	3	4	1	3	2	0	7.866666666666666	0.25	0.3333333333333333	0.2857142857142857	0.38135593220338987
0.86	89	2	7	8	0	8	7	0	15.05	0.0	0.0	0.0	0.5315614617940199
0.86	97	3	6	8	3	5	3	0	23.066666666666666	0.375	0.5	0.42857142857142855	0.21676300578034682
0.86	106	1	1	4	0	3	1	1	7.2	0.0	0.0	0.0	0.41666666666666663
0.87	2	1	2	9	1	8	1	0	8.858333333333333	0.1111111111111111	0.5	0.18181818181818182	0.90310442144873
0.87	3	1	4	2	1	1	3	0	8.316666666666666	0.5	0.25	0.3333333333333333	0.12024048096192386
0.87	4	1	1	6	0	6	1	0	8.258333333333333	0.0	0.0	0.0	0.7265388496468215
0.87	5	1	0	11	0	9	0	2	7.733333333333333	0.0		0.0	1.1637931034482758
0.87	15	2	5	4	0	4	5	0	16.616666666666667	0.0	0.0	0.0	0.24072216649949849
0.87	17	1	3	7	0	7	3	0	8.966666666666667	0.0	0.0	0.0	0.7806691449814126
0.87	37	1	0	2	0	2	0	0	7.991666666666666	0.0		0.0	0.2502606882168926
0.87	40	1	0	13	0	12	0	1	7.133333333333334	0.0		0.0	1.6822429906542056
0.87	44	1	0	0	0	0	0	0	8.558333333333334				0.0
0.87	48	1	0	3	0	3	0	0	7.341666666666667	0.0		0.0	0.4086265607264472
0.87	55	1	0	3	0	3	0	0	7.416666666666667	0.0		0.0	0.4044943820224719
0.87	64	1	5	5	2	3	3	0	8.983333333333333	0.4	0.4	0.4	0.33395176252319114
0.87	73	1	3	3	0	3	3	0	7.866666666666666	0.0	0.0	0.0	0.38135593220338987
0.87	89	2	7	8	0	8	7	0	15.05	0.0	0.0	0.0	0.5315614617940199
0.87	97	3	6	7	3	4	3	0	23.066666666666666	0.42857142857142855	0.5	0.46153846153846156	0.17341040462427745
0.87	106	1	1	3	0	2	1	1	7.2	0.0	0.0	0.0	0.2777777777777778
0.88	2	1	2	8	1	7	1	0	8.858333333333333	0.125	0.5	0.2	0.7902163687676388
0.88	3	1	4	2	1	1	3	0	8.316666666666666	0.5	0.25	0.3333333333333333	0.12024048096192386
0.88	4	1	1	4	0	4	1	0	8.258333333333333	0.0	0.0	0.0	0.484359233097881
0.88	5	1	0	11	0	9	0	2	7.733333333333333	0.0		0.0	1.1637931034482758
0.88	15	2	5	4	0	4	5	0	16.616666666666667	0.0	0.0	0.0	0.24072216649949849
0.88	17	1	3	6	0	6	3	0	8.966666666666667	0.0	0.0	0.0	0.6691449814126395
0.88	37	1	0	2	0	2	0	0	7.991666666666666	0.0		0.0	0.2502606882168926
0.88	40	1	0	13	0	12	0	1	7.133333333333334	0.0		0.0	1.6822429906542056
0.88	44	1	0	0	0	0	0	0	8.558333333333334				0.0
0.88	48	1	0	3	0	3	0	0	7.341666666666667	0.0		0.0	0.4086265607264472
0.88	55	1	0	3	0	3	0	0	7.416666666666667	0.0		0.0	0.4044943820224719
0.88	64	1	5	4	2	2	3	0	8.983333333333333	0.5	0.4	0.4444444444444444	0.22263450834879409
0.88	73	1	3	2	0	2	3	0	7.866666666666666	0.0	0.0	0.0	0.2542372881355932
0.88	89	2	7	8	0	8	7	0	15.05	0.0	0.0	0.0	0.5315614617940199
0.88	97	3	6	5	3	2	3	0	23.066666666666666	0.6	0.5	0.5454545454545454	0.08670520231213873
0.88	106	1	1	2	0	1	1	1	7.2	0.0	0.0	0.0	0.1388888888888889
0.89	2	1	2	5	0	5	2	0	8.858333333333333	0.0	0.0	0.0	0.5644402634054563
0.89	3	1	4	2	1	1	3	0	8.316666666666666	0.5	0.25	0.3333333333333333	0.12024048096192386
0.89	4	1	1	4	0	4	1	0	8.258333333333333	0.0	0.0	0.0	0.484359233097881
0.89	5	1	0	10	0	8	0	2	7.733333333333333	0.0		0.0	1.0344827586206897
0.89	15	2	5	4	0	4	5	0	16.616666666666667	0.0	0.0	0.0	0.24072216649949849
0.89	17	1	3	6	0	6	3	0	8.966666666666667	0.0	0.0	0.0	0.6691449814126395
0.89	37	1	0	1	0	1	0	0	7.991666666666666	0.0		0.0	0.1251303441084463
0.89	40	1	0	12	0	11	0	1	7.133333333333334	0.0		0.0	1.542056074766355
0.89	44	1	0	0	0	0	0	0	8.558333333333334				0.0
0.89	48	1	0	3	0	3	0	0	7.341666666666667	0.0		0.0	0.4086265607264472
0.89	55	1	0	2	0	2	0	0	7.416666666666667	0.0		0.0	0.2696629213483146
0.89	64	1	5	3	1	2	4	0	8.983333333333333	0.3333333333333333	0.2	0.25	0.22263450834879409
0.89	73	1	3	2	0	2	3	0	7.866666666666666	0.0	0.0	0.0	0.2542372881355932
0.89	89	2	7	8	0	8	7	0	15.05	0.0	0.0	0.0	0.5315614617940199
0.89	97	3	6	5	3	2	3	0	23.066666666666666	0.6	0.5	0.5454545454545454	0.08670520231213873
0.89	106	1	1	2	0	1	1	1	7.2	0.0	0.0	0.0	0.1388888888888889
0.9	2	1	2	4	0	4	2	0	8.858333333333333	0.0	0.0	0.0	0.451552210724365
0.9	3	1	4	0	0	0	4	0	8.316666666666666		0.0	0.0	0.0
0.9	4	1	1	4	0	4	1	0	8.258333333333333	0.0	0.0	0.0	0.484359233097881
0.9	5	1	0	10	0	8	0	2	7.733333333333333	0.0		0.0	1.0344827586206897
0.9	15	2	5	4	0	4	5	0	16.616666666666667	0.0	0.0	0.0	0.24072216649949849
0.9	17	1	3	5	0	5	3	0	8.966666666666667	0.0	0.0	0.0	0.5576208178438662
0.9	37	1	0	0	0	0	0	0	7.991666666666666				0.0
0.9	40	1	0	12	0	11	0	1	7.133333333333334	0.0		0.0	1.542056074766355
0.9	44	1	0	0	0	0	0	0	8.558333333333334				0.0
0.9	48	1	0	3	0	3	0	0	7.341666666666667	0.0		0.0	0.4086265607264472
0.9	55	1	0	2	0	2	0	0	7.416666666666667	0.0		0.0	0.2696629213483146
0.9	64	1	5	2	0	2	5	0	8.983333333333333	0.0	0.0	0.0	0.22263450834879409
0.9	73	1	3	2	0	2	3	0	7.866666666666666	0.0	0.0	0.0	0.2542372881355932
0.9	89	2	7	8	0	8	7	0	15.05	0.0	0.0	0.0	0.5315614617940199
0.9	97	3	6	4	2	2	4	0	23.066666666666666	0.5	0.3333333333333333	0.4	0.08670520231213873
0.9	106	1	1	2	0	1	1	1	7.2	0.0	0.0	0.0	0.1388888888888889
0.91	2	1	2	3	0	3	2	0	8.858333333333333	0.0	0.0	0.0	0.33866415804327377
0.91	3	1	4	0	0	0	4	0	8.316666666666666		0.0	0.0	0.0
0.91	4	1	1	3	0	3	1	0	8.258333333333333	0.0	0.0	0.0	0.36326942482341074
0.91	5	1	0	9	0	7	0	2	7.733333333333333	0.0		0.0	0.9051724137931034
0.91	15	2	5	3	0	3	5	0	16.616666666666667	0.0	0.0	0.0	0.18054162487462386
0.91	17	1	3	4	0	4	3	0	8.966666666666667	0.0	0.0	0.0	0.44609665427509293
0.91	37	1	0	0	0	0	0	0	7.991666666666666				0.0
0.91	40	1	0	12	0	11	0	1	7.133333333333334	0.0		0.0	1.542056074766355
0.91	44	1	0	0	0	0	0	0	8.558333333333334				0.0
0.91	48	1	0	3	0	3	0	0	7.341666666666667	0.0		0.0	0.4086265607264472
0.91	55	1	0	2	0	2	0	0	7.416666666666667	0.0		0.0	0.2696629213483146
0.91	64	1	5	1	0	1	5	0	8.983333333333333	0.0	0.0	0.0	0.11131725417439704
0.91	73	1	3	1	0	1	3	0	7.866666666666666	0.0	0.0	0.0	0.1271186440677966
0.91	89	2	7	7	0	7	7	0	15.05	0.0	0.0	0.0	0.46511627906976744
0.91	97	3	6	1	0	1	6	0	23.066666666666666	0.0	0.0	0.0	0.04335260115606936
0.91	106	1	1	2	0	1	1	1	7.2	0.0	0.0	0.0	0.1388888888888889
0.92	2	1	2	3	0	3	2	0	8.858333333333333	0.0	0.0	0.0	0.33866415804327377
0.92	3	1	4	0	0	0	4	0	8.316666666666666		0.0	0.0	0.0
0.92	4	1	1	2	0	2	1	0	8.258333333333333	0.0	0.0	0.0	0.2421796165489405
0.92	5	1	0	9	0	7	0	2	7.733333333333333	0.0		0.0	0.9051724137931034
0.92	15	2	5	2	0	2	5	0	16.616666666666667	0.0	0.0	0.0	0.12036108324974924
0.92	17	1	3	2	0	2	3	0	8.966666666666667	0.0	0.0	0.0	0.22304832713754646
0.92	37	1	0	0	0	0	0	0	7.991666666666666				0.0
0.92	40	1	0	12	0	11	0	1	7.133333333333334	0.0		0.0	1.542056074766355
0.92	44	1	0	0	0	0	0	0	8.558333333333334				0.0
0.92	48	1	0	3	0	3	0	0	7.341666666666667	0.0		0.0	0.4086265607264472
0.92	55	1	0	2	0	2	0	0	7.416666666666667	0.0		0.0	0.2696629213483146
0.92	64	1	5	1	0	1	5	0	8.983333333333333	0.0	0.0	0.0	0.11131725417439704
0.92	73	1	3	1	0	1	3	0	7.866666666666666	0.0	0.0	0.0	0.1271186440677966
0.92	89	2	7	7	0	7	7	0	15.05	0.0	0.0	0.0	0.46511627906976744
0.92	97	3	6	1	0	1	6	0	23.066666666666666	0.0	0.0	0.0	0.04335260115606936
0.92	106	1	1	2	0	1	1	1	7.2	0.0	0.0	0.0	0.1388888888888889
0.93	2	1	2	3	0	3	2	0	8.858333333333333	0.0	0.0	0.0	0.33866415804327377
0.93	3	1	4	0	0	0	4	0	8.316666666666666		0.0	0.0	0.0
0.93	4	1	1	1	0	1	1	0	8.258333333333333	0.0	0.0	0.0	0.12108980827447025
0.93	5	1	0	8	0	6	0	2	7.733333333333333	0.0		0.0	0.7758620689655172
0.93	15	2	5	2	0	2	5	0	16.616666666666667	0.0	0.0	0.0	0.12036108324974924
0.93	17	1	3	1	0	1	3	0	8.966666666666667	0.0	0.0	0.0	0.11152416356877323
0.93	37	1	0	0	0	0	0	0	7.991666666666666				0.0
0.93	40	1	0	12	0	11	0	1	7.133333333333334	0.0		0.0	1.542056074766355
0.93	44	1	0	0	0	0	0	0	8.558333333333334				0.0
0.93	48	1	0	3	0	3	0	0	7.341666666666667	0.0		0.0	0.4086265607264472
0.93	55	1	0	2	0	2	0	0	7.416666666666667	0.0		0.0	0.2696629213483146
0.93	64	1	5	1	0	1	5	0	8.983333333333333	0.0	0.0	0.0	0.11131725417439704
0.93	73	1	3	1	0	1	3	0	7.866666666666666	0.0	0.0	0.0	0.1271186440677966
0.93	89	2	7	7	0	7	7	0	15.05	0.0	0.0	0.0	0.46511627906976744
0.93	97	3	6	0	0	0	6	0	23.066666666666666		0.0	0.0	0.0
0.93	106	1	1	1	0	1	1	0	7.2	0.0	0.0	0.0	0.1388888888888889
0.94	2	1	2	3	0	3	2	0	8.858333333333333	0.0	0.0	0.0	0.33866415804327377
0.94	3	1	4	0	0	0	4	0	8.316666666666666		0.0	0.0	0.0
0.94	4	1	1	1	0	1	1	0	8.258333333333333	0.0	0.0	0.0	0.12108980827447025
0.94	5	1	0	7	0	5	0	2	7.733333333333333	0.0		0.0	0.646551724137931
0.94	15	2	5	2	0	2	5	0	16.616666666666667	0.0	0.0	0.0	0.12036108324974924
0.94	17	1	3	1	0	1	3	0	8.966666666666667	0.0	0.0	0.0	0.11152416356877323
0.94	37	1	0	0	0	0	0	0	7.991666666666666				0.0
0.94	40	1	0	12	0	11	0	1	7.133333333333334	0.0		0.0	1.542056074766355
0.94	44	1	0	0	0	0	0	0	8.558333333333334				0.0
0.94	48	1	0	3	0	3	0	0	7.341666666666667	0.0		0.0	0.4086265607264472
0.94	55	1	0	2	0	2	0	0	7.416666666666667	0.0		0.0	0.2696629213483146
0.94	64	1	5	1	0	1	5	0	8.983333333333333	0.0	0.0	0.0	0.11131725417439704
0.94	73	1	3	1	0	1	3	0	7.866666666666666	0.0	0.0	0.0	0.1271186440677966
0.94	89	2	7	6	0	6	7	0	15.05	0.0	0.0	0.0	0.39867109634551495
0.94	97	3	6	0	0	0	6	0	23.066666666666666		0.0	0.0	0.0
0.94	106	1	1	1	0	1	1	0	7.2	0.0	0.0	0.0	0.1388888888888889
0.95	2	1	2	2	0	2	2	0	8.858333333333333	0.0	0.0	0.0	0.2257761053621825
0.95	3	1	4	0	0	0	4	0	8.316666666666666		0.0	0.0	0.0
0.95	4	1	1	1	0	1	1	0	8.258333333333333	0.0	0.0	0.0	0.12108980827447025
0.95	5	1	0	7	0	5	0	2	7.733333333333333	0.0		0.0	0.646551724137931
0.95	15	2	5	2	0	2	5	0	16.616666666666667	0.0	0.0	0.0	0.12036108324974924
0.95	17	1	3	1	0	1	3	0	8.966666666666667	0.0	0.0	0.0	0.11152416356877323
0.95	37	1	0	0	0	0	0	0	7.991666666666666				0.0
0.95	40	1	0	12	0	11	0	1	7.133333333333334	0.0		0.0	1.542056074766355
0.95	44	1	0	0	0	0	0	0	8.558333333333334				0.0
0.95	48	1	0	2	0	2	0	0	7.341666666666667	0.0		0.0	0.2724177071509648
0.95	55	1	0	2	0	2	0	0	7.416666666666667	0.0		0.0	0.2696629213483146
0.95	64	1	5	1	0	1	5	0	8.983333333333333	0.0	0.0	0.0	0.11131725417439704
0.95	73	1	3	1	0	1	3	0	7.866666666666666	0.0	0.0	0.0	0.1271186440677966
0.95	89	2	7	6	0	6	7	0	15.05	0.0	0.0	0.0	0.39867109634551495
0.95	97	3	6	0	0	0	6	0	23.066666666666666		0.0	0.0	0.0
0.95	106	1	1	1	0	1	1	0	7.2	0.0	0.0	0.0	0.1388888888888889
0.96	2	1	2	2	0	2	2	0	8.858333333333333	0.0	0.0	0.0	0.2257761053621825
0.96	3	1	4	0	0	0	4	0	8.316666666666666		0.0	0.0	0.0
0.96	4	1	1	1	0	1	1	0	8.258333333333333	0.0	0.0	0.0	0.12108980827447025
0.96	5	1	0	5	0	3	0	2	7.733333333333333	0.0		0.0	0.3879310344827586
0.96	15	2	5	1	0	1	5	0	16.616666666666667	0.0	0.0	0.0	0.06018054162487462
0.96	17	1	3	1	0	1	3	0	8.966666666666667	0.0	0.0	0.0	0.11152416356877323
0.96	37	1	0	0	0	0	0	0	7.991666666666666				0.0
0.96	40	1	0	12	0	11	0	1	7.133333333333334	0.0		0.0	1.542056074766355
0.96	44	1	0	0	0	0	0	0	8.558333333333334				0.0
0.96	48	1	0	2	0	2	0	0	7.341666666666667	0.0		0.0	0.2724177071509648
0.96	55	1	0	1	0	1	0	0	7.416666666666667	0.0		0.0	0.1348314606741573
0.96	64	1	5	1	0	1	5	0	8.983333333333333	0.0	0.0	0.0	0.11131725417439704
0.96	73	1	3	1	0	1	3	0	7.866666666666666	0.0	0.0	0.0	0.1271186440677966
0.96	89	2	7	6	0	6	7	0	15.05	0.0	0.0	0.0	0.39867109634551495
0.96	97	3	6	0	0	0	6	0	23.066666666666666		0.0	0.0	0.0
0.96	106	1	1	0	0	0	1	0	7.2		0.0	0.0	0.0
0.97	2	1	2	2	0	2	2	0	8.858333333333333	0.0	0.0	0.0	0.2257761053621825
0.97	3	1	4	0	0	0	4	0	8.316666666666666		0.0	0.0	0.0
0.97	4	1	1	1	0	1	1	0	8.258333333333333	0.0	0.0	0.0	0.12108980827447025
0.97	5	1	0	4	0	3	0	1	7.733333333333333	0.0		0.0	0.3879310344827586
0.97	15	2	5	1	0	1	5	0	16.616666666666667	0.0	0.0	0.0	0.06018054162487462
0.97	17	1	3	1	0	1	3	0	8.966666666666667	0.0	0.0	0.0	0.11152416356877323
0.97	37	1	0	0	0	0	0	0	7.991666666666666				0.0
0.97	40	1	0	12	0	11	0	1	7.133333333333334	0.0		0.0	1.542056074766355
0.97	44	1	0	0	0	0	0	0	8.558333333333334				0.0
0.97	48	1	0	2	0	2	0	0	7.341666666666667	0.0		0.0	0.2724177071509648
0.97	55	1	0	1	0	1	0	0	7.416666666666667	0.0		0.0	0.1348314606741573
0.97	64	1	5	1	0	1	5	0	8.983333333333333	0.0	0.0	0.0	0.11131725417439704
0.97	73	1	3	1	0	1	3	0	7.866666666666666	0.0	0.0	0.0	0.1271186440677966
0.97	89	2	7	6	0	6	7	0	15.05	0.0	0.0	0.0	0.39867109634551495
0.97	97	3	6	0	0	0	6	0	23.066666666666666		0.0	0.0	0.0
0.97	106	1	1	0	0	0	1	0	7.2		0.0	0.0	0.0
0.98	2	1	2	2	0	2	2	0	8.858333333333333	0.0	0.0	0.0	0.2257761053621825
0.98	3	1	4	0	0	0	4	0	8.316666666666666		0.0	0.0	0.0
0.98	4	1	1	1	0	1	1	0	8.258333333333333	0.0	0.0	0.0	0.12108980827447025
0.98	5	1	0	2	0	2	0	0	7.733333333333333	0.0		0.0	0.25862068965517243
0.98	15	2	5	1	0	1	5	0	16.616666666666667	0.0	0.0	0.0	0.06018054162487462
0.98	17	1	3	1	0	1	3	0	8.966666666666667	0.0	0.0	0.0	0.11152416356877323
0.98	37	1	0	0	0	0	0	0	7.991666666666666				0.0
0.98	40	1	0	10	0	10	0	0	7.133333333333334	0.0		0.0	1.4018691588785046
0.98	44	1	0	0	0	0	0	0	8.558333333333334				0.0
0.98	48	1	0	1	0	1	0	0	7.341666666666667	0.0		0.0	0.1362088535754824
0.98	55	1	0	1	0	1	0	0	7.416666666666667	0.0		0.0	0.1348314606741573
0.98	64	1	5	1	0	1	5	0	8.983333333333333	0.0	0.0	0.0	0.11131725417439704
0.98	73	1	3	0	0	0	3	0	7.866666666666666		0.0	0.0	0.0
0.98	89	2	7	4	0	4	7	0	15.05	0.0	0.0	0.0	0.26578073089700993
0.98	97	3	6	0	0	0	6	0	23.066666666666666		0.0	0.0	0.0
0.98	106	1	1	0	0	0	1	0	7.2		0.0	0.0	0.0
0.99	2	1	2	1	0	1	2	0	8.858333333333333	0.0	0.0	0.0	0.11288805268109126
0.99	3	1	4	0	0	0	4	0	8.316666666666666		0.0	0.0	0.0
0.99	4	1	1	1	0	1	1	0	8.258333333333333	0.0	0.0	0.0	0.12108980827447025
0.99	5	1	0	1	0	1	0	0	7.733333333333333	0.0		0.0	0.12931034482758622
0.99	15	2	5	1	0	1	5	0	16.616666666666667	0.0	0.0	0.0	0.06018054162487462
0.99	17	1	3	1	0	1	3	0	8.966666666666667	0.0	0.0	0.0	0.11152416356877323
0.99	37	1	0	0	0	0	0	0	7.991666666666666				0.0
0.99	40	1	0	7	0	7	0	0	7.133333333333334	0.0		0.0	0.9813084112149533
0.99	44	1	0	0	0	0	0	0	8.558333333333334				0.0
0.99	48	1	0	1	0	1	0	0	7.341666666666667	0.0		0.0	0.1362088535754824
0.99	55	1	0	1	0	1	0	0	7.416666666666667	0.0		0.0	0.1348314606741573
0.99	64	1	5	1	0	1	5	0	8.983333333333333	0.0	0.0	0.0	0.11131725417439704
0.99	73	1	3	0	0	0	3	0	7.866666666666666		0.0	0.0	0.0
0.99	89	2	7	4	0	4	7	0	15.05	0.0	0.0	0.0	0.26578073089700993
0.99	97	3	6	0	0	0	6	0	23.066666666666666		0.0	0.0	0.0
0.99	106	1	1	0	0	0	1	0	7.2		0.0	0.0	0.0
