fusion	partition	subject	pid	cluster_index	event_time_sec	cluster_start_sec	cluster_stop_sec	cluster_span_sec	contributor_count	contributors	source_alarm_count	source_alarm_ids	retained
P6-H2-OR	validation	sub-1	89	0	240.0	240.0	240.0	0.0	1	H2-D	1	H2-D:sub-1:240.0	True
P6-H2-OR	validation	sub-1	89	1	390.0	390.0	390.0	0.0	1	H2-D	1	H2-D:sub-1:390.0	True
P6-H2-OR	validation	sub-1	89	2	2190.0	2190.0	2190.0	0.0	2	P6-D;H2-D	2	H2-D:sub-1:2190.0;P6-D:sub-1:2190.0	True
P6-H2-OR	validation	sub-1	89	3	2430.0	2430.0	2430.0	0.0	1	P6-D	1	P6-D:sub-1:2430.0	True
P6-H2-OR	validation	sub-1	89	4	3180.0	3180.0	3180.0	0.0	1	H2-D	1	H2-D:sub-1:3180.0	True
P6-H2-OR	validation	sub-1	89	5	3390.0	3390.0	3390.0	0.0	1	P6-D	1	P6-D:sub-1:3390.0	True
P6-H2-OR	validation	sub-1	89	6	3480.0	3480.0	3480.0	0.0	2	P6-D;H2-D	2	H2-D:sub-1:3480.0;P6-D:sub-1:3480.0	True
P6-H2-OR	validation	sub-1	89	7	4080.0	4080.0	4080.0	0.0	2	P6-D;H2-D	2	H2-D:sub-1:4080.0;P6-D:sub-1:4080.0	True
P6-H2-OR	validation	sub-1	89	8	4200.0	4200.0	4200.0	0.0	1	P6-D	1	P6-D:sub-1:4200.0	True
P6-H2-OR	validation	sub-1	89	9	4440.0	4440.0	4440.0	0.0	2	P6-D;H2-D	2	H2-D:sub-1:4440.0;P6-D:sub-1:4440.0	True
P6-H2-OR	validation	sub-1	89	10	4680.0	4680.0	4680.0	0.0	1	P6-D	1	P6-D:sub-1:4680.0	True
P6-H2-OR	validation	sub-1	89	11	4800.0	4800.0	4800.0	0.0	1	P6-D	1	P6-D:sub-1:4800.0	True
P6-H2-OR	validation	sub-1	89	12	7350.0	7350.0	7350.0	0.0	1	H2-D	1	H2-D:sub-1:7350.0	True
P6-H2-OR	validation	sub-1	89	13	7500.0	7500.0	7500.0	0.0	1	H2-D	1	H2-D:sub-1:7500.0	True
P6-H2-OR	validation	sub-1	89	14	8670.0	8670.0	8670.0	0.0	1	P6-D	1	P6-D:sub-1:8670.0	True
P6-H2-OR	validation	sub-1	89	15	8790.0	8790.0	8790.0	0.0	1	P6-D	1	P6-D:sub-1:8790.0	True
P6-H2-OR	validation	sub-1	89	16	9510.0	9510.0	9510.0	0.0	1	P6-D	1	P6-D:sub-1:9510.0	True
P6-H2-OR	validation	sub-1	89	17	13020.0	13020.0	13020.0	0.0	1	P6-D	1	P6-D:sub-1:13020.0	True
P6-H2-OR	validation	sub-1	89	18	16890.0	16890.0	16890.0	0.0	1	P6-D	1	P6-D:sub-1:16890.0	True
P6-H2-OR	validation	sub-1	89	19	17700.0	17700.0	17700.0	0.0	1	P6-D	1	P6-D:sub-1:17700.0	True
P6-H2-OR	validation	sub-1	89	20	20190.0	20190.0	20190.0	0.0	1	P6-D	1	P6-D:sub-1:20190.0	True
P6-H2-OR	validation	sub-1	89	21	20430.0	20430.0	20430.0	0.0	1	P6-D	1	P6-D:sub-1:20430.0	True
P6-H2-OR	validation	sub-1	89	22	20790.0	20790.0	20790.0	0.0	1	P6-D	1	P6-D:sub-1:20790.0	True
P6-H2-OR	validation	sub-1	89	23	21630.0	21630.0	21630.0	0.0	1	P6-D	1	P6-D:sub-1:21630.0	True
P6-H2-OR	validation	sub-1	89	24	22140.0	22140.0	22140.0	0.0	1	P6-D	1	P6-D:sub-1:22140.0	True
P6-H2-OR	validation	sub-1	89	25	24750.0	24750.0	24750.0	0.0	1	P6-D	1	P6-D:sub-1:24750.0	True
P6-H2-OR	validation	sub-1	89	26	26520.0	26520.0	26520.0	0.0	1	P6-D	1	P6-D:sub-1:26520.0	True
P6-H2-OR	validation	sub-1	89	27	27060.0	27060.0	27060.0	0.0	1	P6-D	1	P6-D:sub-1:27060.0	True
P6-H2-OR	validation	sub-105	73	0	1500.0	1500.0	1500.0	0.0	1	H2-D	1	H2-D:sub-105:1500.0	True
P6-H2-OR	validation	sub-105	73	1	2280.0	2280.0	2280.0	0.0	1	H2-D	1	H2-D:sub-105:2280.0	True
P6-H2-OR	validation	sub-105	73	2	3180.0	3180.0	3180.0	0.0	1	H2-D	1	H2-D:sub-105:3180.0	True
P6-H2-OR	validation	sub-105	73	3	5790.0	5790.0	5790.0	0.0	1	H2-D	1	H2-D:sub-105:5790.0	True
P6-H2-OR	validation	sub-105	73	4	7260.0	7260.0	7260.0	0.0	1	P6-D	1	P6-D:sub-105:7260.0	True
P6-H2-OR	validation	sub-105	73	5	9450.0	9450.0	9450.0	0.0	1	P6-D	1	P6-D:sub-105:9450.0	True
P6-H2-OR	validation	sub-105	73	6	9810.0	9810.0	9810.0	0.0	1	P6-D	1	P6-D:sub-105:9810.0	True
P6-H2-OR	validation	sub-105	73	7	10770.0	10770.0	10770.0	0.0	1	P6-D	1	P6-D:sub-105:10770.0	True
P6-H2-OR	validation	sub-105	73	8	10860.0	10860.0	10860.0	0.0	2	P6-D;H2-D	2	H2-D:sub-105:10860.0;P6-D:sub-105:10860.0	True
P6-H2-OR	validation	sub-105	73	9	11370.0	11370.0	11370.0	0.0	1	P6-D	1	P6-D:sub-105:11370.0	True
P6-H2-OR	validation	sub-105	73	10	11640.0	11640.0	11640.0	0.0	1	P6-D	1	P6-D:sub-105:11640.0	True
P6-H2-OR	validation	sub-105	73	11	12180.0	12180.0	12180.0	0.0	1	P6-D	1	P6-D:sub-105:12180.0	True
P6-H2-OR	validation	sub-105	73	12	12480.0	12480.0	12480.0	0.0	1	P6-D	1	P6-D:sub-105:12480.0	True
P6-H2-OR	validation	sub-105	73	13	12540.0	12540.0	12540.0	0.0	2	P6-D;H2-D	2	H2-D:sub-105:12540.0;P6-D:sub-105:12540.0	True
P6-H2-OR	validation	sub-105	73	14	14760.0	14760.0	14760.0	0.0	1	P6-D	1	P6-D:sub-105:14760.0	True
P6-H2-OR	validation	sub-105	73	15	16140.0	16140.0	16140.0	0.0	1	P6-D	1	P6-D:sub-105:16140.0	True
P6-H2-OR	validation	sub-105	73	16	17310.0	17310.0	17340.0	30.0	2	P6-D;H2-D	2	P6-D:sub-105:17310.0;H2-D:sub-105:17340.0	True
P6-H2-OR	validation	sub-105	73	17	19920.0	19920.0	19920.0	0.0	1	P6-D	1	P6-D:sub-105:19920.0	True
P6-H2-OR	validation	sub-105	73	18	22020.0	22020.0	22020.0	0.0	1	P6-D	1	P6-D:sub-105:22020.0	True
P6-H2-OR	validation	sub-105	73	19	22380.0	22380.0	22380.0	0.0	1	P6-D	1	P6-D:sub-105:22380.0	True
P6-H2-OR	validation	sub-105	73	20	24480.0	24480.0	24480.0	0.0	1	P6-D	1	P6-D:sub-105:24480.0	True
P6-H2-OR	validation	sub-105	73	21	24660.0	24660.0	24660.0	0.0	1	P6-D	1	P6-D:sub-105:24660.0	True
P6-H2-OR	validation	sub-105	73	22	26160.0	26160.0	26160.0	0.0	2	P6-D;H2-D	2	H2-D:sub-105:26160.0;P6-D:sub-105:26160.0	True
P6-H2-OR	validation	sub-105	73	23	26580.0	26580.0	26580.0	0.0	2	P6-D;H2-D	2	H2-D:sub-105:26580.0;P6-D:sub-105:26580.0	True
P6-H2-OR	validation	sub-105	73	24	26790.0	26790.0	26790.0	0.0	2	P6-D;H2-D	2	H2-D:sub-105:26790.0;P6-D:sub-105:26790.0	True
P6-H2-OR	validation	sub-105	73	25	26880.0	26880.0	26880.0	0.0	1	H2-D	1	H2-D:sub-105:26880.0	True
P6-H2-OR	validation	sub-105	73	26	28440.0	28440.0	28440.0	0.0	1	H2-D	1	H2-D:sub-105:28440.0	True
P6-H2-OR	validation	sub-112	97	0	6180.0	6180.0	6180.0	0.0	1	H2-D	1	H2-D:sub-112:6180.0	True
P6-H2-OR	validation	sub-112	97	1	7980.0	7980.0	7980.0	0.0	1	H2-D	1	H2-D:sub-112:7980.0	True
P6-H2-OR	validation	sub-112	97	2	11700.0	11700.0	11700.0	0.0	1	H2-D	1	H2-D:sub-112:11700.0	True
P6-H2-OR	validation	sub-112	97	3	12180.0	12180.0	12180.0	0.0	2	P6-D;H2-D	2	H2-D:sub-112:12180.0;P6-D:sub-112:12180.0	True
P6-H2-OR	validation	sub-112	97	4	21270.0	21270.0	21300.0	30.0	2	P6-D;H2-D	2	H2-D:sub-112:21270.0;P6-D:sub-112:21300.0	True
P6-H2-OR	validation	sub-112	97	5	23940.0	23940.0	23940.0	0.0	1	H2-D	1	H2-D:sub-112:23940.0	True
P6-H2-OR	validation	sub-112	97	6	25290.0	25290.0	25290.0	0.0	1	H2-D	1	H2-D:sub-112:25290.0	True
P6-H2-OR	validation	sub-112	97	7	26130.0	26130.0	26130.0	0.0	1	H2-D	1	H2-D:sub-112:26130.0	True
P6-H2-OR	validation	sub-113	97	0	16980.0	16980.0	16980.0	0.0	1	H2-D	1	H2-D:sub-113:16980.0	True
P6-H2-OR	validation	sub-113	97	1	21870.0	21870.0	21870.0	0.0	1	H2-D	1	H2-D:sub-113:21870.0	True
P6-H2-OR	validation	sub-113	97	2	22650.0	22650.0	22650.0	0.0	1	H2-D	1	H2-D:sub-113:22650.0	True
P6-H2-OR	validation	sub-113	97	3	23550.0	23550.0	23550.0	0.0	1	H2-D	1	H2-D:sub-113:23550.0	True
P6-H2-OR	validation	sub-113	97	4	25290.0	25290.0	25290.0	0.0	1	H2-D	1	H2-D:sub-113:25290.0	True
P6-H2-OR	validation	sub-113	97	5	26040.0	26040.0	26040.0	0.0	2	P6-D;H2-D	2	H2-D:sub-113:26040.0;P6-D:sub-113:26040.0	True
P6-H2-OR	validation	sub-113	97	6	26220.0	26220.0	26220.0	0.0	1	P6-D	1	P6-D:sub-113:26220.0	True
P6-H2-OR	validation	sub-113	97	7	26850.0	26850.0	26850.0	0.0	1	H2-D	1	H2-D:sub-113:26850.0	True
P6-H2-OR	validation	sub-113	97	8	27120.0	27120.0	27120.0	0.0	1	H2-D	1	H2-D:sub-113:27120.0	True
P6-H2-OR	validation	sub-114	97	0	780.0	780.0	780.0	0.0	1	H2-D	1	H2-D:sub-114:780.0	True
P6-H2-OR	validation	sub-114	97	1	17280.0	17280.0	17280.0	0.0	1	H2-D	1	H2-D:sub-114:17280.0	True
P6-H2-OR	validation	sub-114	97	2	20040.0	20040.0	20040.0	0.0	1	H2-D	1	H2-D:sub-114:20040.0	True
P6-H2-OR	validation	sub-114	97	3	20850.0	20850.0	20850.0	0.0	1	H2-D	1	H2-D:sub-114:20850.0	True
P6-H2-OR	validation	sub-114	97	4	22320.0	22320.0	22320.0	0.0	1	H2-D	1	H2-D:sub-114:22320.0	True
P6-H2-OR	validation	sub-114	97	5	24120.0	24120.0	24120.0	0.0	1	H2-D	1	H2-D:sub-114:24120.0	True
P6-H2-OR	validation	sub-114	97	6	25260.0	25260.0	25260.0	0.0	1	H2-D	1	H2-D:sub-114:25260.0	True
P6-H2-OR	validation	sub-114	97	7	26100.0	26100.0	26100.0	0.0	1	H2-D	1	H2-D:sub-114:26100.0	True
P6-H2-OR	validation	sub-114	97	8	26970.0	26970.0	26970.0	0.0	1	H2-D	1	H2-D:sub-114:26970.0	True
P6-H2-OR	validation	sub-124	15	0	540.0	540.0	540.0	0.0	1	H2-D	1	H2-D:sub-124:540.0	True
P6-H2-OR	validation	sub-124	15	1	1080.0	1080.0	1080.0	0.0	1	P6-D	1	P6-D:sub-124:1080.0	True
P6-H2-OR	validation	sub-124	15	2	1980.0	1980.0	1980.0	0.0	1	P6-D	1	P6-D:sub-124:1980.0	True
P6-H2-OR	validation	sub-124	15	3	2400.0	2400.0	2400.0	0.0	1	H2-D	1	H2-D:sub-124:2400.0	True
P6-H2-OR	validation	sub-124	15	4	19230.0	19230.0	19230.0	0.0	1	P6-D	1	P6-D:sub-124:19230.0	True
P6-H2-OR	validation	sub-124	15	5	25770.0	25770.0	25770.0	0.0	2	P6-D;H2-D	2	H2-D:sub-124:25770.0;P6-D:sub-124:25770.0	True
P6-H2-OR	validation	sub-124	15	6	26220.0	26220.0	26220.0	0.0	1	P6-D	1	P6-D:sub-124:26220.0	True
P6-H2-OR	validation	sub-126	106	0	1260.0	1260.0	1260.0	0.0	1	H2-D	1	H2-D:sub-126:1260.0	True
P6-H2-OR	validation	sub-126	106	1	1530.0	1530.0	1530.0	0.0	1	P6-D	1	P6-D:sub-126:1530.0	True
P6-H2-OR	validation	sub-126	106	2	3090.0	3090.0	3090.0	0.0	1	H2-D	1	H2-D:sub-126:3090.0	True
P6-H2-OR	validation	sub-126	106	3	7560.0	7560.0	7560.0	0.0	1	H2-D	1	H2-D:sub-126:7560.0	True
P6-H2-OR	validation	sub-126	106	4	9510.0	9510.0	9510.0	0.0	1	H2-D	1	H2-D:sub-126:9510.0	True
P6-H2-OR	validation	sub-126	106	5	14640.0	14640.0	14640.0	0.0	1	H2-D	1	H2-D:sub-126:14640.0	True
P6-H2-OR	validation	sub-126	106	6	15000.0	15000.0	15000.0	0.0	1	H2-D	1	H2-D:sub-126:15000.0	True
P6-H2-OR	validation	sub-126	106	7	19350.0	19350.0	19350.0	0.0	1	H2-D	1	H2-D:sub-126:19350.0	True
P6-H2-OR	validation	sub-126	106	8	19410.0	19410.0	19410.0	0.0	1	H2-D	1	H2-D:sub-126:19410.0	True
P6-H2-OR	validation	sub-126	106	9	19710.0	19710.0	19740.0	30.0	2	P6-D;H2-D	2	H2-D:sub-126:19710.0;P6-D:sub-126:19740.0	True
P6-H2-OR	validation	sub-126	106	10	20040.0	20040.0	20040.0	0.0	2	P6-D;H2-D	2	H2-D:sub-126:20040.0;P6-D:sub-126:20040.0	True
P6-H2-OR	validation	sub-126	106	11	23430.0	23430.0	23430.0	0.0	1	H2-D	1	H2-D:sub-126:23430.0	True
P6-H2-OR	validation	sub-126	106	12	23970.0	23970.0	23970.0	0.0	1	H2-D	1	H2-D:sub-126:23970.0	True
P6-H2-OR	validation	sub-126	106	13	24030.0	24030.0	24030.0	0.0	1	P6-D	1	P6-D:sub-126:24030.0	True
P6-H2-OR	validation	sub-2	89	0	2880.0	2880.0	2880.0	0.0	1	H2-D	1	H2-D:sub-2:2880.0	True
P6-H2-OR	validation	sub-2	89	1	2970.0	2970.0	2970.0	0.0	1	H2-D	1	H2-D:sub-2:2970.0	True
P6-H2-OR	validation	sub-2	89	2	5880.0	5880.0	5880.0	0.0	1	H2-D	1	H2-D:sub-2:5880.0	True
P6-H2-OR	validation	sub-2	89	3	5940.0	5940.0	5940.0	0.0	1	H2-D	1	H2-D:sub-2:5940.0	True
P6-H2-OR	validation	sub-2	89	4	6000.0	6000.0	6000.0	0.0	1	H2-D	1	H2-D:sub-2:6000.0	True
P6-H2-OR	validation	sub-2	89	5	15960.0	15960.0	15960.0	0.0	1	P6-D	1	P6-D:sub-2:15960.0	True
P6-H2-OR	validation	sub-2	89	6	16470.0	16470.0	16470.0	0.0	2	P6-D;H2-D	2	H2-D:sub-2:16470.0;P6-D:sub-2:16470.0	True
P6-H2-OR	validation	sub-2	89	7	19230.0	19230.0	19230.0	0.0	1	H2-D	1	H2-D:sub-2:19230.0	True
P6-H2-OR	validation	sub-2	89	8	19830.0	19830.0	19830.0	0.0	2	P6-D;H2-D	2	H2-D:sub-2:19830.0;P6-D:sub-2:19830.0	True
P6-H2-OR	validation	sub-2	89	9	21000.0	21000.0	21000.0	0.0	1	H2-D	1	H2-D:sub-2:21000.0	True
P6-H2-OR	validation	sub-2	89	10	21330.0	21330.0	21330.0	0.0	2	P6-D;H2-D	2	H2-D:sub-2:21330.0;P6-D:sub-2:21330.0	True
P6-H2-OR	validation	sub-2	89	11	21600.0	21600.0	21600.0	0.0	2	P6-D;H2-D	2	H2-D:sub-2:21600.0;P6-D:sub-2:21600.0	True
P6-H2-OR	validation	sub-2	89	12	21780.0	21780.0	21780.0	0.0	1	H2-D	1	H2-D:sub-2:21780.0	True
P6-H2-OR	validation	sub-2	89	13	22290.0	22290.0	22290.0	0.0	1	H2-D	1	H2-D:sub-2:22290.0	True
P6-H2-OR	validation	sub-2	89	14	22890.0	22890.0	22890.0	0.0	1	H2-D	1	H2-D:sub-2:22890.0	True
P6-H2-OR	validation	sub-2	89	15	25290.0	25290.0	25290.0	0.0	2	P6-D;H2-D	2	H2-D:sub-2:25290.0;P6-D:sub-2:25290.0	True
P6-H2-OR	validation	sub-2	89	16	25740.0	25740.0	25740.0	0.0	1	H2-D	1	H2-D:sub-2:25740.0	True
P6-H2-OR	validation	sub-2	89	17	26490.0	26490.0	26490.0	0.0	2	P6-D;H2-D	2	H2-D:sub-2:26490.0;P6-D:sub-2:26490.0	True
P6-H2-OR	validation	sub-2	89	18	26820.0	26820.0	26820.0	0.0	1	H2-D	1	H2-D:sub-2:26820.0	True
P6-H2-OR	validation	sub-23	15	0	330.0	330.0	330.0	0.0	1	P6-D	1	P6-D:sub-23:330.0	True
P6-H2-OR	validation	sub-23	15	1	1500.0	1500.0	1500.0	0.0	1	H2-D	1	H2-D:sub-23:1500.0	True
P6-H2-OR	validation	sub-23	15	2	2400.0	2400.0	2430.0	30.0	2	P6-D;H2-D	2	H2-D:sub-23:2400.0;P6-D:sub-23:2430.0	True
P6-H2-OR	validation	sub-23	15	3	3840.0	3840.0	3840.0	0.0	1	H2-D	1	H2-D:sub-23:3840.0	True
P6-H2-OR	validation	sub-23	15	4	18060.0	18060.0	18060.0	0.0	1	P6-D	1	P6-D:sub-23:18060.0	True
P6-H2-OR	validation	sub-23	15	5	20430.0	20430.0	20430.0	0.0	1	P6-D	1	P6-D:sub-23:20430.0	True
P6-H2-OR	validation	sub-23	15	6	22860.0	22860.0	22860.0	0.0	2	P6-D;H2-D	2	H2-D:sub-23:22860.0;P6-D:sub-23:22860.0	True
P6-H2-OR	validation	sub-23	15	7	24330.0	24330.0	24330.0	0.0	1	P6-D	1	P6-D:sub-23:24330.0	True
P6-H2-OR	validation	sub-23	15	8	25410.0	25410.0	25410.0	0.0	1	P6-D	1	P6-D:sub-23:25410.0	True
P6-H2-OR	validation	sub-23	15	9	26820.0	26820.0	26820.0	0.0	1	P6-D	1	P6-D:sub-23:26820.0	True
P6-H2-OR	validation	sub-23	15	10	27060.0	27060.0	27060.0	0.0	1	P6-D	1	P6-D:sub-23:27060.0	True
P6-H2-OR	validation	sub-23	15	11	28290.0	28290.0	28290.0	0.0	1	P6-D	1	P6-D:sub-23:28290.0	True
P6-H2-OR	validation	sub-23	15	12	30300.0	30300.0	30300.0	0.0	1	H2-D	1	H2-D:sub-23:30300.0	True
P6-H2-OR	validation	sub-23	15	13	30450.0	30450.0	30450.0	0.0	1	H2-D	1	H2-D:sub-23:30450.0	True
P6-H2-OR	validation	sub-23	15	14	31170.0	31170.0	31170.0	0.0	1	P6-D	1	P6-D:sub-23:31170.0	True
P6-H2-OR	validation	sub-25	17	0	330.0	330.0	330.0	0.0	1	P6-D	1	P6-D:sub-25:330.0	True
P6-H2-OR	validation	sub-25	17	1	1140.0	1140.0	1140.0	0.0	1	P6-D	1	P6-D:sub-25:1140.0	True
P6-H2-OR	validation	sub-25	17	2	2490.0	2490.0	2490.0	0.0	2	P6-D;H2-D	2	H2-D:sub-25:2490.0;P6-D:sub-25:2490.0	True
P6-H2-OR	validation	sub-25	17	3	4470.0	4470.0	4470.0	0.0	2	P6-D;H2-D	2	H2-D:sub-25:4470.0;P6-D:sub-25:4470.0	True
P6-H2-OR	validation	sub-25	17	4	4980.0	4980.0	4980.0	0.0	1	P6-D	1	P6-D:sub-25:4980.0	True
P6-H2-OR	validation	sub-25	17	5	6540.0	6540.0	6540.0	0.0	2	P6-D;H2-D	2	H2-D:sub-25:6540.0;P6-D:sub-25:6540.0	True
P6-H2-OR	validation	sub-25	17	6	7350.0	7350.0	7350.0	0.0	1	P6-D	1	P6-D:sub-25:7350.0	True
P6-H2-OR	validation	sub-25	17	7	14940.0	14940.0	14940.0	0.0	2	P6-D;H2-D	2	H2-D:sub-25:14940.0;P6-D:sub-25:14940.0	True
P6-H2-OR	validation	sub-25	17	8	15270.0	15270.0	15270.0	0.0	1	H2-D	1	H2-D:sub-25:15270.0	True
P6-H2-OR	validation	sub-25	17	9	15540.0	15540.0	15540.0	0.0	2	P6-D;H2-D	2	H2-D:sub-25:15540.0;P6-D:sub-25:15540.0	True
P6-H2-OR	validation	sub-25	17	10	16590.0	16590.0	16590.0	0.0	1	P6-D	1	P6-D:sub-25:16590.0	True
P6-H2-OR	validation	sub-25	17	11	16680.0	16680.0	16680.0	0.0	1	P6-D	1	P6-D:sub-25:16680.0	True
P6-H2-OR	validation	sub-25	17	12	17760.0	17760.0	17760.0	0.0	1	H2-D	1	H2-D:sub-25:17760.0	True
P6-H2-OR	validation	sub-25	17	13	18090.0	18090.0	18090.0	0.0	1	P6-D	1	P6-D:sub-25:18090.0	True
P6-H2-OR	validation	sub-25	17	14	18690.0	18690.0	18690.0	0.0	1	P6-D	1	P6-D:sub-25:18690.0	True
P6-H2-OR	validation	sub-25	17	15	19320.0	19320.0	19320.0	0.0	2	P6-D;H2-D	2	H2-D:sub-25:19320.0;P6-D:sub-25:19320.0	True
P6-H2-OR	validation	sub-25	17	16	20280.0	20280.0	20280.0	0.0	2	P6-D;H2-D	2	H2-D:sub-25:20280.0;P6-D:sub-25:20280.0	True
P6-H2-OR	validation	sub-25	17	17	20610.0	20610.0	20610.0	0.0	1	P6-D	1	P6-D:sub-25:20610.0	True
P6-H2-OR	validation	sub-25	17	18	21210.0	21210.0	21210.0	0.0	1	P6-D	1	P6-D:sub-25:21210.0	True
P6-H2-OR	validation	sub-25	17	19	23220.0	23220.0	23220.0	0.0	1	H2-D	1	H2-D:sub-25:23220.0	True
P6-H2-OR	validation	sub-25	17	20	26130.0	26130.0	26130.0	0.0	1	H2-D	1	H2-D:sub-25:26130.0	True
P6-H2-OR	validation	sub-25	17	21	27420.0	27420.0	27420.0	0.0	2	P6-D;H2-D	2	H2-D:sub-25:27420.0;P6-D:sub-25:27420.0	True
P6-H2-OR	validation	sub-25	17	22	29640.0	29640.0	29640.0	0.0	1	H2-D	1	H2-D:sub-25:29640.0	True
P6-H2-OR	validation	sub-25	17	23	30990.0	30990.0	30990.0	0.0	1	H2-D	1	H2-D:sub-25:30990.0	True
P6-H2-OR	validation	sub-25	17	24	31350.0	31350.0	31350.0	0.0	1	P6-D	1	P6-D:sub-25:31350.0	True
P6-H2-OR	validation	sub-25	17	25	32130.0	32130.0	32130.0	0.0	1	P6-D	1	P6-D:sub-25:32130.0	True
P6-H2-OR	validation	sub-25	17	26	32340.0	32340.0	32340.0	0.0	1	P6-D	1	P6-D:sub-25:32340.0	True
P6-H2-OR	validation	sub-4	2	0	1290.0	1290.0	1290.0	0.0	1	H2-D	1	H2-D:sub-4:1290.0	True
P6-H2-OR	validation	sub-4	2	1	3030.0	3030.0	3030.0	0.0	1	H2-D	1	H2-D:sub-4:3030.0	True
P6-H2-OR	validation	sub-4	2	2	4050.0	4050.0	4050.0	0.0	1	H2-D	1	H2-D:sub-4:4050.0	True
P6-H2-OR	validation	sub-4	2	3	5040.0	5040.0	5040.0	0.0	1	H2-D	1	H2-D:sub-4:5040.0	True
P6-H2-OR	validation	sub-4	2	4	5580.0	5580.0	5580.0	0.0	1	H2-D	1	H2-D:sub-4:5580.0	True
P6-H2-OR	validation	sub-4	2	5	6390.0	6390.0	6390.0	0.0	1	P6-D	1	P6-D:sub-4:6390.0	True
P6-H2-OR	validation	sub-4	2	6	10380.0	10380.0	10380.0	0.0	1	P6-D	1	P6-D:sub-4:10380.0	True
P6-H2-OR	validation	sub-4	2	7	11010.0	11010.0	11040.0	30.0	2	P6-D;H2-D	2	P6-D:sub-4:11010.0;H2-D:sub-4:11040.0	True
P6-H2-OR	validation	sub-4	2	8	11430.0	11430.0	11430.0	0.0	1	P6-D	1	P6-D:sub-4:11430.0	True
P6-H2-OR	validation	sub-4	2	9	11640.0	11640.0	11640.0	0.0	2	P6-D;H2-D	2	H2-D:sub-4:11640.0;P6-D:sub-4:11640.0	True
P6-H2-OR	validation	sub-4	2	10	11940.0	11940.0	11940.0	0.0	1	P6-D	1	P6-D:sub-4:11940.0	True
P6-H2-OR	validation	sub-4	2	11	12240.0	12240.0	12240.0	0.0	1	H2-D	1	H2-D:sub-4:12240.0	True
P6-H2-OR	validation	sub-4	2	12	13020.0	13020.0	13020.0	0.0	2	P6-D;H2-D	2	H2-D:sub-4:13020.0;P6-D:sub-4:13020.0	True
P6-H2-OR	validation	sub-4	2	13	15810.0	15810.0	15810.0	0.0	1	H2-D	1	H2-D:sub-4:15810.0	True
P6-H2-OR	validation	sub-4	2	14	16080.0	16080.0	16080.0	0.0	1	H2-D	1	H2-D:sub-4:16080.0	True
P6-H2-OR	validation	sub-4	2	15	18150.0	18150.0	18150.0	0.0	2	P6-D;H2-D	2	H2-D:sub-4:18150.0;P6-D:sub-4:18150.0	True
P6-H2-OR	validation	sub-4	2	16	21990.0	21990.0	21990.0	0.0	1	P6-D	1	P6-D:sub-4:21990.0	True
P6-H2-OR	validation	sub-4	2	17	22200.0	22200.0	22200.0	0.0	1	P6-D	1	P6-D:sub-4:22200.0	True
P6-H2-OR	validation	sub-4	2	18	23160.0	23160.0	23160.0	0.0	1	P6-D	1	P6-D:sub-4:23160.0	True
P6-H2-OR	validation	sub-4	2	19	23370.0	23370.0	23370.0	0.0	1	P6-D	1	P6-D:sub-4:23370.0	True
P6-H2-OR	validation	sub-4	2	20	23430.0	23430.0	23430.0	0.0	1	P6-D	1	P6-D:sub-4:23430.0	True
P6-H2-OR	validation	sub-4	2	21	23490.0	23490.0	23490.0	0.0	1	P6-D	1	P6-D:sub-4:23490.0	True
P6-H2-OR	validation	sub-4	2	22	23640.0	23640.0	23640.0	0.0	1	P6-D	1	P6-D:sub-4:23640.0	True
P6-H2-OR	validation	sub-4	2	23	23790.0	23790.0	23790.0	0.0	1	P6-D	1	P6-D:sub-4:23790.0	True
P6-H2-OR	validation	sub-4	2	24	23850.0	23850.0	23850.0	0.0	1	P6-D	1	P6-D:sub-4:23850.0	True
P6-H2-OR	validation	sub-4	2	25	23970.0	23970.0	23970.0	0.0	1	P6-D	1	P6-D:sub-4:23970.0	True
P6-H2-OR	validation	sub-4	2	26	24090.0	24090.0	24090.0	0.0	1	P6-D	1	P6-D:sub-4:24090.0	True
P6-H2-OR	validation	sub-4	2	27	24180.0	24180.0	24180.0	0.0	1	P6-D	1	P6-D:sub-4:24180.0	True
P6-H2-OR	validation	sub-4	2	28	24330.0	24330.0	24330.0	0.0	1	P6-D	1	P6-D:sub-4:24330.0	True
P6-H2-OR	validation	sub-4	2	29	24480.0	24480.0	24480.0	0.0	1	P6-D	1	P6-D:sub-4:24480.0	True
P6-H2-OR	validation	sub-4	2	30	24810.0	24810.0	24810.0	0.0	1	P6-D	1	P6-D:sub-4:24810.0	True
P6-H2-OR	validation	sub-4	2	31	24990.0	24990.0	24990.0	0.0	1	P6-D	1	P6-D:sub-4:24990.0	True
P6-H2-OR	validation	sub-4	2	32	25080.0	25080.0	25080.0	0.0	1	P6-D	1	P6-D:sub-4:25080.0	True
P6-H2-OR	validation	sub-4	2	33	25140.0	25140.0	25140.0	0.0	1	P6-D	1	P6-D:sub-4:25140.0	True
P6-H2-OR	validation	sub-4	2	34	25200.0	25200.0	25200.0	0.0	1	P6-D	1	P6-D:sub-4:25200.0	True
P6-H2-OR	validation	sub-4	2	35	25290.0	25290.0	25290.0	0.0	1	P6-D	1	P6-D:sub-4:25290.0	True
P6-H2-OR	validation	sub-4	2	36	25650.0	25650.0	25650.0	0.0	1	P6-D	1	P6-D:sub-4:25650.0	True
P6-H2-OR	validation	sub-4	2	37	25770.0	25770.0	25770.0	0.0	1	P6-D	1	P6-D:sub-4:25770.0	True
P6-H2-OR	validation	sub-4	2	38	25980.0	25980.0	25980.0	0.0	1	P6-D	1	P6-D:sub-4:25980.0	True
P6-H2-OR	validation	sub-4	2	39	26220.0	26220.0	26220.0	0.0	1	P6-D	1	P6-D:sub-4:26220.0	True
P6-H2-OR	validation	sub-4	2	40	26400.0	26400.0	26400.0	0.0	1	P6-D	1	P6-D:sub-4:26400.0	True
P6-H2-OR	validation	sub-4	2	41	26550.0	26550.0	26550.0	0.0	1	P6-D	1	P6-D:sub-4:26550.0	True
P6-H2-OR	validation	sub-4	2	42	26910.0	26910.0	26910.0	0.0	1	P6-D	1	P6-D:sub-4:26910.0	True
P6-H2-OR	validation	sub-4	2	43	27060.0	27060.0	27060.0	0.0	1	P6-D	1	P6-D:sub-4:27060.0	True
P6-H2-OR	validation	sub-4	2	44	27210.0	27210.0	27210.0	0.0	1	P6-D	1	P6-D:sub-4:27210.0	True
P6-H2-OR	validation	sub-4	2	45	27360.0	27360.0	27360.0	0.0	1	P6-D	1	P6-D:sub-4:27360.0	True
P6-H2-OR	validation	sub-4	2	46	27510.0	27510.0	27510.0	0.0	1	P6-D	1	P6-D:sub-4:27510.0	True
P6-H2-OR	validation	sub-4	2	47	27810.0	27810.0	27810.0	0.0	1	P6-D	1	P6-D:sub-4:27810.0	True
P6-H2-OR	validation	sub-4	2	48	27930.0	27930.0	27930.0	0.0	1	P6-D	1	P6-D:sub-4:27930.0	True
P6-H2-OR	validation	sub-4	2	49	28170.0	28170.0	28170.0	0.0	1	P6-D	1	P6-D:sub-4:28170.0	True
P6-H2-OR	validation	sub-4	2	50	28230.0	28230.0	28230.0	0.0	1	P6-D	1	P6-D:sub-4:28230.0	True
P6-H2-OR	validation	sub-4	2	51	28320.0	28320.0	28320.0	0.0	1	P6-D	1	P6-D:sub-4:28320.0	True
P6-H2-OR	validation	sub-4	2	52	28440.0	28440.0	28440.0	0.0	1	P6-D	1	P6-D:sub-4:28440.0	True
P6-H2-OR	validation	sub-4	2	53	28530.0	28530.0	28530.0	0.0	1	P6-D	1	P6-D:sub-4:28530.0	True
P6-H2-OR	validation	sub-4	2	54	28740.0	28740.0	28740.0	0.0	1	P6-D	1	P6-D:sub-4:28740.0	True
P6-H2-OR	validation	sub-4	2	55	28920.0	28920.0	28920.0	0.0	1	P6-D	1	P6-D:sub-4:28920.0	True
P6-H2-OR	validation	sub-4	2	56	30000.0	30000.0	30000.0	0.0	1	H2-D	1	H2-D:sub-4:30000.0	True
P6-H2-OR	validation	sub-4	2	57	31140.0	31140.0	31140.0	0.0	1	P6-D	1	P6-D:sub-4:31140.0	True
P6-H2-OR	validation	sub-4	2	58	31260.0	31260.0	31260.0	0.0	1	P6-D	1	P6-D:sub-4:31260.0	True
P6-H2-OR	validation	sub-5	3	0	4560.0	4560.0	4560.0	0.0	1	H2-D	1	H2-D:sub-5:4560.0	True
P6-H2-OR	validation	sub-5	3	1	14040.0	14040.0	14040.0	0.0	1	H2-D	1	H2-D:sub-5:14040.0	True
P6-H2-OR	validation	sub-5	3	2	16140.0	16140.0	16140.0	0.0	1	P6-D	1	P6-D:sub-5:16140.0	True
P6-H2-OR	validation	sub-5	3	3	16380.0	16380.0	16380.0	0.0	1	P6-D	1	P6-D:sub-5:16380.0	True
P6-H2-OR	validation	sub-5	3	4	17130.0	17130.0	17130.0	0.0	1	H2-D	1	H2-D:sub-5:17130.0	True
P6-H2-OR	validation	sub-5	3	5	17400.0	17400.0	17400.0	0.0	1	P6-D	1	P6-D:sub-5:17400.0	True
P6-H2-OR	validation	sub-5	3	6	21690.0	21690.0	21690.0	0.0	1	P6-D	1	P6-D:sub-5:21690.0	True
P6-H2-OR	validation	sub-5	3	7	21900.0	21900.0	21900.0	0.0	1	H2-D	1	H2-D:sub-5:21900.0	True
P6-H2-OR	validation	sub-5	3	8	22200.0	22200.0	22200.0	0.0	1	P6-D	1	P6-D:sub-5:22200.0	True
P6-H2-OR	validation	sub-5	3	9	22380.0	22380.0	22380.0	0.0	2	P6-D;H2-D	2	H2-D:sub-5:22380.0;P6-D:sub-5:22380.0	True
P6-H2-OR	validation	sub-5	3	10	24000.0	24000.0	24000.0	0.0	1	H2-D	1	H2-D:sub-5:24000.0	True
P6-H2-OR	validation	sub-5	3	11	25950.0	25950.0	25950.0	0.0	1	P6-D	1	P6-D:sub-5:25950.0	True
P6-H2-OR	validation	sub-5	3	12	26610.0	26610.0	26610.0	0.0	1	P6-D	1	P6-D:sub-5:26610.0	True
P6-H2-OR	validation	sub-5	3	13	27840.0	27840.0	27840.0	0.0	1	P6-D	1	P6-D:sub-5:27840.0	True
P6-H2-OR	validation	sub-5	3	14	29430.0	29430.0	29430.0	0.0	1	P6-D	1	P6-D:sub-5:29430.0	True
P6-H2-OR	validation	sub-6	4	0	2280.0	2280.0	2280.0	0.0	2	P6-D;H2-D	2	H2-D:sub-6:2280.0;P6-D:sub-6:2280.0	True
P6-H2-OR	validation	sub-6	4	1	6240.0	6240.0	6240.0	0.0	1	P6-D	1	P6-D:sub-6:6240.0	True
P6-H2-OR	validation	sub-6	4	2	6810.0	6810.0	6810.0	0.0	1	H2-D	1	H2-D:sub-6:6810.0	True
P6-H2-OR	validation	sub-6	4	3	12090.0	12090.0	12090.0	0.0	1	H2-D	1	H2-D:sub-6:12090.0	True
P6-H2-OR	validation	sub-6	4	4	12780.0	12780.0	12780.0	0.0	2	P6-D;H2-D	2	H2-D:sub-6:12780.0;P6-D:sub-6:12780.0	True
P6-H2-OR	validation	sub-6	4	5	15570.0	15570.0	15600.0	30.0	2	P6-D;H2-D	2	P6-D:sub-6:15570.0;H2-D:sub-6:15600.0	True
P6-H2-OR	validation	sub-6	4	6	15750.0	15750.0	15750.0	0.0	1	H2-D	1	H2-D:sub-6:15750.0	True
P6-H2-OR	validation	sub-6	4	7	16350.0	16350.0	16350.0	0.0	1	H2-D	1	H2-D:sub-6:16350.0	True
P6-H2-OR	validation	sub-6	4	8	18000.0	18000.0	18000.0	0.0	1	P6-D	1	P6-D:sub-6:18000.0	True
P6-H2-OR	validation	sub-6	4	9	18660.0	18660.0	18660.0	0.0	1	P6-D	1	P6-D:sub-6:18660.0	True
P6-H2-OR	validation	sub-6	4	10	18750.0	18750.0	18750.0	0.0	1	P6-D	1	P6-D:sub-6:18750.0	True
P6-H2-OR	validation	sub-6	4	11	21840.0	21840.0	21840.0	0.0	1	H2-D	1	H2-D:sub-6:21840.0	True
P6-H2-OR	validation	sub-6	4	12	22050.0	22050.0	22080.0	30.0	2	P6-D;H2-D	2	P6-D:sub-6:22050.0;H2-D:sub-6:22080.0	True
P6-H2-OR	validation	sub-6	4	13	23580.0	23580.0	23610.0	30.0	2	P6-D;H2-D	2	P6-D:sub-6:23580.0;H2-D:sub-6:23610.0	True
P6-H2-OR	validation	sub-6	4	14	24840.0	24840.0	24840.0	0.0	1	H2-D	1	H2-D:sub-6:24840.0	True
P6-H2-OR	validation	sub-6	4	15	25110.0	25110.0	25110.0	0.0	1	H2-D	1	H2-D:sub-6:25110.0	True
P6-H2-OR	validation	sub-6	4	16	25260.0	25260.0	25260.0	0.0	1	P6-D	1	P6-D:sub-6:25260.0	True
P6-H2-OR	validation	sub-6	4	17	25710.0	25710.0	25710.0	0.0	1	H2-D	1	H2-D:sub-6:25710.0	True
P6-H2-OR	validation	sub-6	4	18	26070.0	26070.0	26070.0	0.0	1	H2-D	1	H2-D:sub-6:26070.0	True
P6-H2-OR	validation	sub-6	4	19	27330.0	27330.0	27330.0	0.0	1	P6-D	1	P6-D:sub-6:27330.0	True
P6-H2-OR	validation	sub-6	4	20	29700.0	29700.0	29700.0	0.0	1	H2-D	1	H2-D:sub-6:29700.0	True
P6-H2-OR	validation	sub-7	5	0	1020.0	1020.0	1020.0	0.0	1	H2-D	1	H2-D:sub-7:1020.0	True
P6-H2-OR	validation	sub-7	5	1	1680.0	1680.0	1680.0	0.0	1	H2-D	1	H2-D:sub-7:1680.0	True
P6-H2-OR	validation	sub-7	5	2	2940.0	2940.0	2940.0	0.0	1	H2-D	1	H2-D:sub-7:2940.0	True
P6-H2-OR	validation	sub-7	5	3	3060.0	3060.0	3060.0	0.0	1	H2-D	1	H2-D:sub-7:3060.0	True
P6-H2-OR	validation	sub-7	5	4	3420.0	3420.0	3420.0	0.0	1	P6-D	1	P6-D:sub-7:3420.0	True
P6-H2-OR	validation	sub-7	5	5	6930.0	6930.0	6930.0	0.0	1	H2-D	1	H2-D:sub-7:6930.0	True
P6-H2-OR	validation	sub-7	5	6	7170.0	7170.0	7170.0	0.0	1	H2-D	1	H2-D:sub-7:7170.0	True
P6-H2-OR	validation	sub-7	5	7	7230.0	7230.0	7230.0	0.0	1	H2-D	1	H2-D:sub-7:7230.0	True
P6-H2-OR	validation	sub-7	5	8	8040.0	8040.0	8040.0	0.0	1	P6-D	1	P6-D:sub-7:8040.0	True
P6-H2-OR	validation	sub-7	5	9	8550.0	8550.0	8580.0	30.0	2	P6-D;H2-D	2	H2-D:sub-7:8550.0;P6-D:sub-7:8580.0	True
P6-H2-OR	validation	sub-7	5	10	8700.0	8700.0	8700.0	0.0	1	H2-D	1	H2-D:sub-7:8700.0	True
P6-H2-OR	validation	sub-7	5	11	8760.0	8760.0	8760.0	0.0	1	P6-D	1	P6-D:sub-7:8760.0	True
P6-H2-OR	validation	sub-7	5	12	8910.0	8910.0	8910.0	0.0	1	H2-D	1	H2-D:sub-7:8910.0	True
P6-H2-OR	validation	sub-7	5	13	9090.0	9090.0	9090.0	0.0	1	H2-D	1	H2-D:sub-7:9090.0	True
P6-H2-OR	validation	sub-7	5	14	9510.0	9510.0	9510.0	0.0	1	P6-D	1	P6-D:sub-7:9510.0	True
P6-H2-OR	validation	sub-7	5	15	9690.0	9690.0	9690.0	0.0	1	P6-D	1	P6-D:sub-7:9690.0	True
P6-H2-OR	validation	sub-7	5	16	9810.0	9810.0	9840.0	30.0	2	P6-D;H2-D	2	H2-D:sub-7:9810.0;P6-D:sub-7:9840.0	True
P6-H2-OR	validation	sub-7	5	17	10080.0	10080.0	10080.0	0.0	2	P6-D;H2-D	2	H2-D:sub-7:10080.0;P6-D:sub-7:10080.0	True
P6-H2-OR	validation	sub-7	5	18	10200.0	10200.0	10200.0	0.0	1	P6-D	1	P6-D:sub-7:10200.0	True
P6-H2-OR	validation	sub-7	5	19	13950.0	13950.0	13950.0	0.0	1	P6-D	1	P6-D:sub-7:13950.0	True
P6-H2-OR	validation	sub-7	5	20	15480.0	15480.0	15480.0	0.0	1	H2-D	1	H2-D:sub-7:15480.0	True
P6-H2-OR	validation	sub-7	5	21	15540.0	15540.0	15540.0	0.0	2	P6-D;H2-D	2	H2-D:sub-7:15540.0;P6-D:sub-7:15540.0	True
P6-H2-OR	validation	sub-7	5	22	15870.0	15870.0	15870.0	0.0	1	H2-D	1	H2-D:sub-7:15870.0	True
P6-H2-OR	validation	sub-7	5	23	16500.0	16500.0	16500.0	0.0	1	H2-D	1	H2-D:sub-7:16500.0	True
P6-H2-OR	validation	sub-7	5	24	17100.0	17100.0	17100.0	0.0	1	H2-D	1	H2-D:sub-7:17100.0	True
P6-H2-OR	validation	sub-7	5	25	17280.0	17280.0	17280.0	0.0	1	H2-D	1	H2-D:sub-7:17280.0	True
P6-H2-OR	validation	sub-7	5	26	17670.0	17670.0	17670.0	0.0	1	H2-D	1	H2-D:sub-7:17670.0	True
P6-H2-OR	validation	sub-7	5	27	18690.0	18690.0	18690.0	0.0	1	P6-D	1	P6-D:sub-7:18690.0	True
P6-H2-OR	validation	sub-7	5	28	19170.0	19170.0	19170.0	0.0	1	H2-D	1	H2-D:sub-7:19170.0	True
P6-H2-OR	validation	sub-7	5	29	19260.0	19260.0	19260.0	0.0	1	H2-D	1	H2-D:sub-7:19260.0	True
P6-H2-OR	validation	sub-7	5	30	19770.0	19770.0	19770.0	0.0	2	P6-D;H2-D	2	H2-D:sub-7:19770.0;P6-D:sub-7:19770.0	True
P6-H2-OR	validation	sub-7	5	31	20370.0	20370.0	20370.0	0.0	1	H2-D	1	H2-D:sub-7:20370.0	True
P6-H2-OR	validation	sub-7	5	32	21510.0	21510.0	21510.0	0.0	2	P6-D;H2-D	2	H2-D:sub-7:21510.0;P6-D:sub-7:21510.0	True
P6-H2-OR	validation	sub-7	5	33	21960.0	21960.0	21960.0	0.0	1	H2-D	1	H2-D:sub-7:21960.0	True
P6-H2-OR	validation	sub-7	5	34	22050.0	22050.0	22050.0	0.0	1	H2-D	1	H2-D:sub-7:22050.0	True
P6-H2-OR	validation	sub-7	5	35	22260.0	22260.0	22260.0	0.0	2	P6-D;H2-D	2	H2-D:sub-7:22260.0;P6-D:sub-7:22260.0	True
P6-H2-OR	validation	sub-7	5	36	22560.0	22560.0	22560.0	0.0	2	P6-D;H2-D	2	H2-D:sub-7:22560.0;P6-D:sub-7:22560.0	True
P6-H2-OR	validation	sub-7	5	37	22860.0	22860.0	22860.0	0.0	1	H2-D	1	H2-D:sub-7:22860.0	True
P6-H2-OR	validation	sub-7	5	38	23070.0	23070.0	23070.0	0.0	1	H2-D	1	H2-D:sub-7:23070.0	True
P6-H2-OR	validation	sub-7	5	39	25230.0	25230.0	25230.0	0.0	1	P6-D	1	P6-D:sub-7:25230.0	True
P6-H2-OR	validation	sub-7	5	40	25650.0	25650.0	25650.0	0.0	1	H2-D	1	H2-D:sub-7:25650.0	True
P6-H2-OR	validation	sub-7	5	41	25770.0	25770.0	25770.0	0.0	1	H2-D	1	H2-D:sub-7:25770.0	True
P6-H2-OR	validation	sub-7	5	42	25830.0	25830.0	25830.0	0.0	1	P6-D	1	P6-D:sub-7:25830.0	True
P6-H2-OR	validation	sub-7	5	43	26340.0	26340.0	26370.0	30.0	2	P6-D;H2-D	2	H2-D:sub-7:26340.0;P6-D:sub-7:26370.0	True
P6-H2-OR	validation	sub-7	5	44	26610.0	26610.0	26610.0	0.0	1	H2-D	1	H2-D:sub-7:26610.0	True
P6-H2-OR	validation	sub-7	5	45	26700.0	26700.0	26730.0	30.0	2	P6-D;H2-D	2	H2-D:sub-7:26700.0;P6-D:sub-7:26730.0	True
P6-H2-OR	validation	sub-7	5	46	26820.0	26820.0	26820.0	0.0	2	P6-D;H2-D	2	H2-D:sub-7:26820.0;P6-D:sub-7:26820.0	True
P6-H2-OR	validation	sub-7	5	47	27120.0	27120.0	27120.0	0.0	2	P6-D;H2-D	2	H2-D:sub-7:27120.0;P6-D:sub-7:27120.0	True
P6-H2-OR	validation	sub-7	5	48	27510.0	27510.0	27540.0	30.0	2	P6-D;H2-D	2	P6-D:sub-7:27510.0;H2-D:sub-7:27540.0	True
P6-H2-OR	validation	sub-7	5	49	27630.0	27630.0	27630.0	0.0	1	H2-D	1	H2-D:sub-7:27630.0	True
P6-H2-OR	validation	sub-7	5	50	27690.0	27690.0	27690.0	0.0	1	H2-D	1	H2-D:sub-7:27690.0	True
P6-H2-OR	validation	sub-7	5	51	27750.0	27750.0	27750.0	0.0	2	P6-D;H2-D	2	H2-D:sub-7:27750.0;P6-D:sub-7:27750.0	True
P6-H2-OR	validation	sub-7	5	52	27930.0	27930.0	27930.0	0.0	1	H2-D	1	H2-D:sub-7:27930.0	True
P6-H2-OR	validation	sub-72	37	0	13110.0	13110.0	13110.0	0.0	1	H2-D	1	H2-D:sub-72:13110.0	True
P6-H2-OR	validation	sub-72	37	1	18180.0	18180.0	18180.0	0.0	1	H2-D	1	H2-D:sub-72:18180.0	True
P6-H2-OR	validation	sub-72	37	2	21690.0	21690.0	21690.0	0.0	1	H2-D	1	H2-D:sub-72:21690.0	True
P6-H2-OR	validation	sub-72	37	3	22800.0	22800.0	22800.0	0.0	2	P6-D;H2-D	2	H2-D:sub-72:22800.0;P6-D:sub-72:22800.0	True
P6-H2-OR	validation	sub-72	37	4	25710.0	25710.0	25710.0	0.0	1	H2-D	1	H2-D:sub-72:25710.0	True
P6-H2-OR	validation	sub-72	37	5	26070.0	26070.0	26070.0	0.0	1	H2-D	1	H2-D:sub-72:26070.0	True
P6-H2-OR	validation	sub-72	37	6	27300.0	27300.0	27300.0	0.0	1	H2-D	1	H2-D:sub-72:27300.0	True
P6-H2-OR	validation	sub-75	40	0	6360.0	6360.0	6360.0	0.0	1	H2-D	1	H2-D:sub-75:6360.0	True
P6-H2-OR	validation	sub-75	40	1	8250.0	8250.0	8250.0	0.0	1	H2-D	1	H2-D:sub-75:8250.0	True
P6-H2-OR	validation	sub-75	40	2	8340.0	8340.0	8340.0	0.0	1	H2-D	1	H2-D:sub-75:8340.0	True
P6-H2-OR	validation	sub-75	40	3	10290.0	10290.0	10290.0	0.0	1	H2-D	1	H2-D:sub-75:10290.0	True
P6-H2-OR	validation	sub-75	40	4	10350.0	10350.0	10350.0	0.0	1	H2-D	1	H2-D:sub-75:10350.0	True
P6-H2-OR	validation	sub-75	40	5	10440.0	10440.0	10440.0	0.0	1	H2-D	1	H2-D:sub-75:10440.0	True
P6-H2-OR	validation	sub-75	40	6	10680.0	10680.0	10680.0	0.0	1	H2-D	1	H2-D:sub-75:10680.0	True
P6-H2-OR	validation	sub-75	40	7	12030.0	12030.0	12030.0	0.0	1	H2-D	1	H2-D:sub-75:12030.0	True
P6-H2-OR	validation	sub-75	40	8	12150.0	12150.0	12150.0	0.0	1	H2-D	1	H2-D:sub-75:12150.0	True
P6-H2-OR	validation	sub-75	40	9	15870.0	15870.0	15870.0	0.0	1	H2-D	1	H2-D:sub-75:15870.0	True
P6-H2-OR	validation	sub-75	40	10	15990.0	15990.0	15990.0	0.0	1	H2-D	1	H2-D:sub-75:15990.0	True
P6-H2-OR	validation	sub-75	40	11	16560.0	16560.0	16560.0	0.0	1	H2-D	1	H2-D:sub-75:16560.0	True
P6-H2-OR	validation	sub-75	40	12	16620.0	16620.0	16620.0	0.0	1	H2-D	1	H2-D:sub-75:16620.0	True
P6-H2-OR	validation	sub-75	40	13	16980.0	16980.0	16980.0	0.0	1	H2-D	1	H2-D:sub-75:16980.0	True
P6-H2-OR	validation	sub-75	40	14	17340.0	17340.0	17340.0	0.0	1	H2-D	1	H2-D:sub-75:17340.0	True
P6-H2-OR	validation	sub-75	40	15	20160.0	20160.0	20160.0	0.0	1	H2-D	1	H2-D:sub-75:20160.0	True
P6-H2-OR	validation	sub-75	40	16	21450.0	21450.0	21450.0	0.0	1	H2-D	1	H2-D:sub-75:21450.0	True
P6-H2-OR	validation	sub-75	40	17	21510.0	21510.0	21510.0	0.0	1	H2-D	1	H2-D:sub-75:21510.0	True
P6-H2-OR	validation	sub-75	40	18	21630.0	21630.0	21630.0	0.0	1	H2-D	1	H2-D:sub-75:21630.0	True
P6-H2-OR	validation	sub-75	40	19	21690.0	21690.0	21690.0	0.0	1	H2-D	1	H2-D:sub-75:21690.0	True
P6-H2-OR	validation	sub-75	40	20	21930.0	21930.0	21930.0	0.0	1	H2-D	1	H2-D:sub-75:21930.0	True
P6-H2-OR	validation	sub-75	40	21	21990.0	21990.0	21990.0	0.0	1	H2-D	1	H2-D:sub-75:21990.0	True
P6-H2-OR	validation	sub-75	40	22	22230.0	22230.0	22230.0	0.0	1	H2-D	1	H2-D:sub-75:22230.0	True
P6-H2-OR	validation	sub-75	40	23	22620.0	22620.0	22620.0	0.0	1	H2-D	1	H2-D:sub-75:22620.0	True
P6-H2-OR	validation	sub-75	40	24	22740.0	22740.0	22740.0	0.0	1	H2-D	1	H2-D:sub-75:22740.0	True
P6-H2-OR	validation	sub-75	40	25	23040.0	23040.0	23040.0	0.0	1	H2-D	1	H2-D:sub-75:23040.0	True
P6-H2-OR	validation	sub-75	40	26	23310.0	23310.0	23310.0	0.0	1	H2-D	1	H2-D:sub-75:23310.0	True
P6-H2-OR	validation	sub-75	40	27	23460.0	23460.0	23460.0	0.0	1	H2-D	1	H2-D:sub-75:23460.0	True
P6-H2-OR	validation	sub-75	40	28	23700.0	23700.0	23700.0	0.0	1	H2-D	1	H2-D:sub-75:23700.0	True
P6-H2-OR	validation	sub-75	40	29	23820.0	23820.0	23820.0	0.0	1	H2-D	1	H2-D:sub-75:23820.0	True
P6-H2-OR	validation	sub-75	40	30	24060.0	24060.0	24060.0	0.0	1	H2-D	1	H2-D:sub-75:24060.0	True
P6-H2-OR	validation	sub-75	40	31	24150.0	24150.0	24150.0	0.0	2	P6-D;H2-D	2	H2-D:sub-75:24150.0;P6-D:sub-75:24150.0	True
P6-H2-OR	validation	sub-75	40	32	24330.0	24330.0	24360.0	30.0	2	P6-D;H2-D	2	P6-D:sub-75:24330.0;H2-D:sub-75:24360.0	True
P6-H2-OR	validation	sub-75	40	33	25590.0	25590.0	25620.0	30.0	2	P6-D;H2-D	2	P6-D:sub-75:25590.0;H2-D:sub-75:25620.0	True
P6-H2-OR	validation	sub-79	44	0	26100.0	26100.0	26100.0	0.0	2	P6-D;H2-D	2	H2-D:sub-79:26100.0;P6-D:sub-79:26100.0	True
P6-H2-OR	validation	sub-82	48	0	510.0	510.0	510.0	0.0	1	P6-D	1	P6-D:sub-82:510.0	True
P6-H2-OR	validation	sub-82	48	1	720.0	720.0	720.0	0.0	1	H2-D	1	H2-D:sub-82:720.0	True
P6-H2-OR	validation	sub-82	48	2	4290.0	4290.0	4290.0	0.0	1	H2-D	1	H2-D:sub-82:4290.0	True
P6-H2-OR	validation	sub-82	48	3	10740.0	10740.0	10740.0	0.0	1	H2-D	1	H2-D:sub-82:10740.0	True
P6-H2-OR	validation	sub-82	48	4	12090.0	12090.0	12090.0	0.0	1	H2-D	1	H2-D:sub-82:12090.0	True
P6-H2-OR	validation	sub-82	48	5	12540.0	12540.0	12540.0	0.0	2	P6-D;H2-D	2	H2-D:sub-82:12540.0;P6-D:sub-82:12540.0	True
P6-H2-OR	validation	sub-82	48	6	16320.0	16320.0	16320.0	0.0	1	H2-D	1	H2-D:sub-82:16320.0	True
P6-H2-OR	validation	sub-82	48	7	22800.0	22800.0	22800.0	0.0	2	P6-D;H2-D	2	H2-D:sub-82:22800.0;P6-D:sub-82:22800.0	True
P6-H2-OR	validation	sub-82	48	8	24720.0	24720.0	24720.0	0.0	1	H2-D	1	H2-D:sub-82:24720.0	True
P6-H2-OR	validation	sub-82	48	9	25530.0	25530.0	25530.0	0.0	1	H2-D	1	H2-D:sub-82:25530.0	True
P6-H2-OR	validation	sub-82	48	10	25830.0	25830.0	25830.0	0.0	1	H2-D	1	H2-D:sub-82:25830.0	True
P6-H2-OR	validation	sub-88	55	0	5580.0	5580.0	5580.0	0.0	1	H2-D	1	H2-D:sub-88:5580.0	True
P6-H2-OR	validation	sub-88	55	1	6180.0	6180.0	6180.0	0.0	1	H2-D	1	H2-D:sub-88:6180.0	True
P6-H2-OR	validation	sub-88	55	2	7710.0	7710.0	7710.0	0.0	2	P6-D;H2-D	2	H2-D:sub-88:7710.0;P6-D:sub-88:7710.0	True
P6-H2-OR	validation	sub-88	55	3	10140.0	10140.0	10140.0	0.0	1	H2-D	1	H2-D:sub-88:10140.0	True
P6-H2-OR	validation	sub-88	55	4	14700.0	14700.0	14700.0	0.0	1	H2-D	1	H2-D:sub-88:14700.0	True
P6-H2-OR	validation	sub-88	55	5	15510.0	15510.0	15510.0	0.0	1	H2-D	1	H2-D:sub-88:15510.0	True
P6-H2-OR	validation	sub-88	55	6	18000.0	18000.0	18000.0	0.0	1	H2-D	1	H2-D:sub-88:18000.0	True
P6-H2-OR	validation	sub-88	55	7	18840.0	18840.0	18840.0	0.0	1	H2-D	1	H2-D:sub-88:18840.0	True
P6-H2-OR	validation	sub-88	55	8	19890.0	19890.0	19890.0	0.0	2	P6-D;H2-D	2	H2-D:sub-88:19890.0;P6-D:sub-88:19890.0	True
P6-H2-OR	validation	sub-88	55	9	22860.0	22860.0	22860.0	0.0	1	P6-D	1	P6-D:sub-88:22860.0	True
P6-H2-OR	validation	sub-88	55	10	23010.0	23010.0	23010.0	0.0	1	H2-D	1	H2-D:sub-88:23010.0	True
P6-H2-OR	validation	sub-97	64	0	6570.0	6570.0	6570.0	0.0	1	H2-D	1	H2-D:sub-97:6570.0	True
P6-H2-OR	validation	sub-97	64	1	8490.0	8490.0	8490.0	0.0	2	P6-D;H2-D	2	H2-D:sub-97:8490.0;P6-D:sub-97:8490.0	True
P6-H2-OR	validation	sub-97	64	2	14340.0	14340.0	14340.0	0.0	1	H2-D	1	H2-D:sub-97:14340.0	True
P6-H2-OR	validation	sub-97	64	3	15420.0	15420.0	15420.0	0.0	1	H2-D	1	H2-D:sub-97:15420.0	True
P6-H2-OR	validation	sub-97	64	4	15510.0	15510.0	15510.0	0.0	1	H2-D	1	H2-D:sub-97:15510.0	True
P6-H2-OR	validation	sub-97	64	5	16830.0	16830.0	16830.0	0.0	1	H2-D	1	H2-D:sub-97:16830.0	True
P6-H2-OR	validation	sub-97	64	6	17910.0	17910.0	17910.0	0.0	1	H2-D	1	H2-D:sub-97:17910.0	True
P6-H2-OR	validation	sub-97	64	7	21810.0	21810.0	21810.0	0.0	1	H2-D	1	H2-D:sub-97:21810.0	True
P6-H2-OR	validation	sub-97	64	8	23040.0	23040.0	23070.0	30.0	2	P6-D;H2-D	2	H2-D:sub-97:23040.0;P6-D:sub-97:23070.0	True
P6-H2-OR	validation	sub-97	64	9	23220.0	23220.0	23220.0	0.0	1	H2-D	1	H2-D:sub-97:23220.0	True
P6-H2-OR	validation	sub-97	64	10	27180.0	27180.0	27180.0	0.0	2	P6-D;H2-D	2	H2-D:sub-97:27180.0;P6-D:sub-97:27180.0	True
P6-H2-OR	validation	sub-97	64	11	27780.0	27780.0	27780.0	0.0	2	P6-D;H2-D	2	H2-D:sub-97:27780.0;P6-D:sub-97:27780.0	True
P6-H2-OR	validation	sub-97	64	12	28260.0	28260.0	28260.0	0.0	1	P6-D	1	P6-D:sub-97:28260.0	True
P6-H2-OR	validation	sub-97	64	13	28410.0	28410.0	28410.0	0.0	2	P6-D;H2-D	2	H2-D:sub-97:28410.0;P6-D:sub-97:28410.0	True
P6-H2-OR	validation	sub-97	64	14	28830.0	28830.0	28830.0	0.0	1	H2-D	1	H2-D:sub-97:28830.0	True
P6-H2-OR	validation	sub-97	64	15	29730.0	29730.0	29730.0	0.0	2	P6-D;H2-D	2	H2-D:sub-97:29730.0;P6-D:sub-97:29730.0	True
P6-H2-OR	validation	sub-97	64	16	29910.0	29910.0	29910.0	0.0	1	H2-D	1	H2-D:sub-97:29910.0	True
P6-H2-OR	validation	sub-97	64	17	31110.0	31110.0	31110.0	0.0	1	H2-D	1	H2-D:sub-97:31110.0	True
P6-H2-OR	validation	sub-97	64	18	31230.0	31230.0	31260.0	30.0	2	P6-D;H2-D	2	P6-D:sub-97:31230.0;H2-D:sub-97:31260.0	True
P6-P2-H2-2OF3	validation	sub-1	89	0	240.0	240.0	240.0	0.0	1	H2-D	1	H2-D:sub-1:240.0	False
P6-P2-H2-2OF3	validation	sub-1	89	1	390.0	390.0	390.0	0.0	1	H2-D	1	H2-D:sub-1:390.0	False
P6-P2-H2-2OF3	validation	sub-1	89	2	2190.0	2190.0	2190.0	0.0	2	P6-D;H2-D	2	H2-D:sub-1:2190.0;P6-D:sub-1:2190.0	True
P6-P2-H2-2OF3	validation	sub-1	89	3	2430.0	2430.0	2430.0	0.0	1	P6-D	1	P6-D:sub-1:2430.0	False
P6-P2-H2-2OF3	validation	sub-1	89	4	3180.0	3180.0	3180.0	0.0	1	H2-D	1	H2-D:sub-1:3180.0	False
P6-P2-H2-2OF3	validation	sub-1	89	5	3390.0	3390.0	3390.0	0.0	1	P6-D	1	P6-D:sub-1:3390.0	False
P6-P2-H2-2OF3	validation	sub-1	89	6	3480.0	3480.0	3480.0	0.0	3	P6-D;P2-D;H2-D	3	H2-D:sub-1:3480.0;P2-D:sub-1:3480.0;P6-D:sub-1:3480.0	True
P6-P2-H2-2OF3	validation	sub-1	89	7	4080.0	4080.0	4080.0	0.0	2	P6-D;H2-D	2	H2-D:sub-1:4080.0;P6-D:sub-1:4080.0	True
P6-P2-H2-2OF3	validation	sub-1	89	8	4200.0	4200.0	4200.0	0.0	1	P6-D	1	P6-D:sub-1:4200.0	False
P6-P2-H2-2OF3	validation	sub-1	89	9	4440.0	4440.0	4440.0	0.0	2	P6-D;H2-D	2	H2-D:sub-1:4440.0;P6-D:sub-1:4440.0	True
P6-P2-H2-2OF3	validation	sub-1	89	10	4680.0	4680.0	4680.0	0.0	1	P6-D	1	P6-D:sub-1:4680.0	False
P6-P2-H2-2OF3	validation	sub-1	89	11	4800.0	4800.0	4800.0	0.0	1	P6-D	1	P6-D:sub-1:4800.0	False
P6-P2-H2-2OF3	validation	sub-1	89	12	7350.0	7350.0	7350.0	0.0	1	H2-D	1	H2-D:sub-1:7350.0	False
P6-P2-H2-2OF3	validation	sub-1	89	13	7500.0	7500.0	7500.0	0.0	1	H2-D	1	H2-D:sub-1:7500.0	False
P6-P2-H2-2OF3	validation	sub-1	89	14	8670.0	8670.0	8670.0	0.0	1	P6-D	1	P6-D:sub-1:8670.0	False
P6-P2-H2-2OF3	validation	sub-1	89	15	8790.0	8790.0	8790.0	0.0	1	P6-D	1	P6-D:sub-1:8790.0	False
P6-P2-H2-2OF3	validation	sub-1	89	16	9510.0	9510.0	9510.0	0.0	1	P6-D	1	P6-D:sub-1:9510.0	False
P6-P2-H2-2OF3	validation	sub-1	89	17	13020.0	13020.0	13020.0	0.0	1	P6-D	1	P6-D:sub-1:13020.0	False
P6-P2-H2-2OF3	validation	sub-1	89	18	16890.0	16890.0	16890.0	0.0	1	P6-D	1	P6-D:sub-1:16890.0	False
P6-P2-H2-2OF3	validation	sub-1	89	19	17700.0	17700.0	17700.0	0.0	2	P6-D;P2-D	2	P2-D:sub-1:17700.0;P6-D:sub-1:17700.0	True
P6-P2-H2-2OF3	validation	sub-1	89	20	20190.0	20190.0	20190.0	0.0	1	P6-D	1	P6-D:sub-1:20190.0	False
P6-P2-H2-2OF3	validation	sub-1	89	21	20250.0	20250.0	20250.0	0.0	1	P2-D	1	P2-D:sub-1:20250.0	False
P6-P2-H2-2OF3	validation	sub-1	89	22	20430.0	20430.0	20430.0	0.0	1	P6-D	1	P6-D:sub-1:20430.0	False
P6-P2-H2-2OF3	validation	sub-1	89	23	20790.0	20790.0	20790.0	0.0	1	P6-D	1	P6-D:sub-1:20790.0	False
P6-P2-H2-2OF3	validation	sub-1	89	24	21630.0	21630.0	21630.0	0.0	1	P6-D	1	P6-D:sub-1:21630.0	False
P6-P2-H2-2OF3	validation	sub-1	89	25	22140.0	22140.0	22140.0	0.0	1	P6-D	1	P6-D:sub-1:22140.0	False
P6-P2-H2-2OF3	validation	sub-1	89	26	24750.0	24750.0	24750.0	0.0	1	P6-D	1	P6-D:sub-1:24750.0	False
P6-P2-H2-2OF3	validation	sub-1	89	27	26520.0	26520.0	26520.0	0.0	2	P6-D;P2-D	2	P2-D:sub-1:26520.0;P6-D:sub-1:26520.0	True
P6-P2-H2-2OF3	validation	sub-1	89	28	27060.0	27060.0	27060.0	0.0	1	P6-D	1	P6-D:sub-1:27060.0	False
P6-P2-H2-2OF3	validation	sub-105	73	0	1500.0	1500.0	1500.0	0.0	2	P2-D;H2-D	2	H2-D:sub-105:1500.0;P2-D:sub-105:1500.0	True
P6-P2-H2-2OF3	validation	sub-105	73	1	1620.0	1620.0	1620.0	0.0	1	P2-D	1	P2-D:sub-105:1620.0	False
P6-P2-H2-2OF3	validation	sub-105	73	2	2280.0	2280.0	2280.0	0.0	2	P2-D;H2-D	2	H2-D:sub-105:2280.0;P2-D:sub-105:2280.0	True
P6-P2-H2-2OF3	validation	sub-105	73	3	3180.0	3180.0	3180.0	0.0	1	H2-D	1	H2-D:sub-105:3180.0	False
P6-P2-H2-2OF3	validation	sub-105	73	4	5790.0	5790.0	5790.0	0.0	1	H2-D	1	H2-D:sub-105:5790.0	False
P6-P2-H2-2OF3	validation	sub-105	73	5	7260.0	7260.0	7260.0	0.0	1	P6-D	1	P6-D:sub-105:7260.0	False
P6-P2-H2-2OF3	validation	sub-105	73	6	9450.0	9450.0	9450.0	0.0	1	P6-D	1	P6-D:sub-105:9450.0	False
P6-P2-H2-2OF3	validation	sub-105	73	7	9810.0	9810.0	9810.0	0.0	1	P6-D	1	P6-D:sub-105:9810.0	False
P6-P2-H2-2OF3	validation	sub-105	73	8	10770.0	10770.0	10770.0	0.0	1	P6-D	1	P6-D:sub-105:10770.0	False
P6-P2-H2-2OF3	validation	sub-105	73	9	10860.0	10860.0	10860.0	0.0	2	P6-D;H2-D	2	H2-D:sub-105:10860.0;P6-D:sub-105:10860.0	True
P6-P2-H2-2OF3	validation	sub-105	73	10	11370.0	11370.0	11370.0	0.0	1	P6-D	1	P6-D:sub-105:11370.0	False
P6-P2-H2-2OF3	validation	sub-105	73	11	11640.0	11640.0	11640.0	0.0	1	P6-D	1	P6-D:sub-105:11640.0	False
P6-P2-H2-2OF3	validation	sub-105	73	12	12180.0	12180.0	12180.0	0.0	1	P6-D	1	P6-D:sub-105:12180.0	False
P6-P2-H2-2OF3	validation	sub-105	73	13	12480.0	12480.0	12480.0	0.0	1	P6-D	1	P6-D:sub-105:12480.0	False
P6-P2-H2-2OF3	validation	sub-105	73	14	12540.0	12540.0	12540.0	0.0	2	P6-D;H2-D	2	H2-D:sub-105:12540.0;P6-D:sub-105:12540.0	True
P6-P2-H2-2OF3	validation	sub-105	73	15	14760.0	14760.0	14760.0	0.0	1	P6-D	1	P6-D:sub-105:14760.0	False
P6-P2-H2-2OF3	validation	sub-105	73	16	16140.0	16140.0	16140.0	0.0	1	P6-D	1	P6-D:sub-105:16140.0	False
P6-P2-H2-2OF3	validation	sub-105	73	17	17310.0	17310.0	17340.0	30.0	2	P6-D;H2-D	2	P6-D:sub-105:17310.0;H2-D:sub-105:17340.0	True
P6-P2-H2-2OF3	validation	sub-105	73	18	19920.0	19920.0	19920.0	0.0	1	P6-D	1	P6-D:sub-105:19920.0	False
P6-P2-H2-2OF3	validation	sub-105	73	19	22020.0	22020.0	22020.0	0.0	1	P6-D	1	P6-D:sub-105:22020.0	False
P6-P2-H2-2OF3	validation	sub-105	73	20	22380.0	22380.0	22380.0	0.0	1	P6-D	1	P6-D:sub-105:22380.0	False
P6-P2-H2-2OF3	validation	sub-105	73	21	24480.0	24480.0	24480.0	0.0	1	P6-D	1	P6-D:sub-105:24480.0	False
P6-P2-H2-2OF3	validation	sub-105	73	22	24660.0	24660.0	24660.0	0.0	1	P6-D	1	P6-D:sub-105:24660.0	False
P6-P2-H2-2OF3	validation	sub-105	73	23	26160.0	26160.0	26160.0	0.0	2	P6-D;H2-D	2	H2-D:sub-105:26160.0;P6-D:sub-105:26160.0	True
P6-P2-H2-2OF3	validation	sub-105	73	24	26580.0	26580.0	26580.0	0.0	2	P6-D;H2-D	2	H2-D:sub-105:26580.0;P6-D:sub-105:26580.0	True
P6-P2-H2-2OF3	validation	sub-105	73	25	26790.0	26790.0	26790.0	0.0	3	P6-D;P2-D;H2-D	3	H2-D:sub-105:26790.0;P2-D:sub-105:26790.0;P6-D:sub-105:26790.0	True
P6-P2-H2-2OF3	validation	sub-105	73	26	26880.0	26880.0	26880.0	0.0	1	H2-D	1	H2-D:sub-105:26880.0	False
P6-P2-H2-2OF3	validation	sub-105	73	27	28440.0	28440.0	28440.0	0.0	2	P2-D;H2-D	2	H2-D:sub-105:28440.0;P2-D:sub-105:28440.0	True
P6-P2-H2-2OF3	validation	sub-112	97	0	6180.0	6180.0	6180.0	0.0	1	H2-D	1	H2-D:sub-112:6180.0	False
P6-P2-H2-2OF3	validation	sub-112	97	1	7980.0	7980.0	7980.0	0.0	1	H2-D	1	H2-D:sub-112:7980.0	False
P6-P2-H2-2OF3	validation	sub-112	97	2	11700.0	11700.0	11700.0	0.0	1	H2-D	1	H2-D:sub-112:11700.0	False
P6-P2-H2-2OF3	validation	sub-112	97	3	12180.0	12180.0	12180.0	0.0	3	P6-D;P2-D;H2-D	3	H2-D:sub-112:12180.0;P2-D:sub-112:12180.0;P6-D:sub-112:12180.0	True
P6-P2-H2-2OF3	validation	sub-112	97	4	21270.0	21270.0	21300.0	30.0	3	P6-D;P2-D;H2-D	3	H2-D:sub-112:21270.0;P2-D:sub-112:21270.0;P6-D:sub-112:21300.0	True
P6-P2-H2-2OF3	validation	sub-112	97	5	23940.0	23940.0	23940.0	0.0	1	H2-D	1	H2-D:sub-112:23940.0	False
P6-P2-H2-2OF3	validation	sub-112	97	6	25290.0	25290.0	25290.0	0.0	1	H2-D	1	H2-D:sub-112:25290.0	False
P6-P2-H2-2OF3	validation	sub-112	97	7	26130.0	26130.0	26130.0	0.0	1	H2-D	1	H2-D:sub-112:26130.0	False
P6-P2-H2-2OF3	validation	sub-113	97	0	16980.0	16980.0	16980.0	0.0	1	H2-D	1	H2-D:sub-113:16980.0	False
P6-P2-H2-2OF3	validation	sub-113	97	1	21870.0	21870.0	21870.0	0.0	1	H2-D	1	H2-D:sub-113:21870.0	False
P6-P2-H2-2OF3	validation	sub-113	97	2	22650.0	22650.0	22650.0	0.0	1	H2-D	1	H2-D:sub-113:22650.0	False
P6-P2-H2-2OF3	validation	sub-113	97	3	23550.0	23550.0	23550.0	0.0	1	H2-D	1	H2-D:sub-113:23550.0	False
P6-P2-H2-2OF3	validation	sub-113	97	4	25290.0	25290.0	25290.0	0.0	1	H2-D	1	H2-D:sub-113:25290.0	False
P6-P2-H2-2OF3	validation	sub-113	97	5	26040.0	26040.0	26040.0	0.0	3	P6-D;P2-D;H2-D	3	H2-D:sub-113:26040.0;P2-D:sub-113:26040.0;P6-D:sub-113:26040.0	True
P6-P2-H2-2OF3	validation	sub-113	97	6	26220.0	26220.0	26220.0	0.0	1	P6-D	1	P6-D:sub-113:26220.0	False
P6-P2-H2-2OF3	validation	sub-113	97	7	26850.0	26850.0	26850.0	0.0	1	H2-D	1	H2-D:sub-113:26850.0	False
P6-P2-H2-2OF3	validation	sub-113	97	8	27120.0	27120.0	27120.0	0.0	1	H2-D	1	H2-D:sub-113:27120.0	False
P6-P2-H2-2OF3	validation	sub-114	97	0	780.0	780.0	780.0	0.0	1	H2-D	1	H2-D:sub-114:780.0	False
P6-P2-H2-2OF3	validation	sub-114	97	1	17280.0	17280.0	17280.0	0.0	2	P2-D;H2-D	2	H2-D:sub-114:17280.0;P2-D:sub-114:17280.0	True
P6-P2-H2-2OF3	validation	sub-114	97	2	20040.0	20040.0	20040.0	0.0	1	H2-D	1	H2-D:sub-114:20040.0	False
P6-P2-H2-2OF3	validation	sub-114	97	3	20850.0	20850.0	20850.0	0.0	1	H2-D	1	H2-D:sub-114:20850.0	False
P6-P2-H2-2OF3	validation	sub-114	97	4	22320.0	22320.0	22320.0	0.0	1	H2-D	1	H2-D:sub-114:22320.0	False
P6-P2-H2-2OF3	validation	sub-114	97	5	24120.0	24120.0	24120.0	0.0	1	H2-D	1	H2-D:sub-114:24120.0	False
P6-P2-H2-2OF3	validation	sub-114	97	6	25260.0	25260.0	25260.0	0.0	1	H2-D	1	H2-D:sub-114:25260.0	False
P6-P2-H2-2OF3	validation	sub-114	97	7	26100.0	26100.0	26100.0	0.0	1	H2-D	1	H2-D:sub-114:26100.0	False
P6-P2-H2-2OF3	validation	sub-114	97	8	26970.0	26970.0	26970.0	0.0	1	H2-D	1	H2-D:sub-114:26970.0	False
P6-P2-H2-2OF3	validation	sub-124	15	0	540.0	540.0	540.0	0.0	1	H2-D	1	H2-D:sub-124:540.0	False
P6-P2-H2-2OF3	validation	sub-124	15	1	1080.0	1080.0	1080.0	0.0	1	P6-D	1	P6-D:sub-124:1080.0	False
P6-P2-H2-2OF3	validation	sub-124	15	2	1980.0	1980.0	1980.0	0.0	2	P6-D;P2-D	2	P2-D:sub-124:1980.0;P6-D:sub-124:1980.0	True
P6-P2-H2-2OF3	validation	sub-124	15	3	2400.0	2400.0	2400.0	0.0	1	H2-D	1	H2-D:sub-124:2400.0	False
P6-P2-H2-2OF3	validation	sub-124	15	4	19230.0	19230.0	19230.0	0.0	2	P6-D;P2-D	2	P2-D:sub-124:19230.0;P6-D:sub-124:19230.0	True
P6-P2-H2-2OF3	validation	sub-124	15	5	25770.0	25770.0	25770.0	0.0	3	P6-D;P2-D;H2-D	3	H2-D:sub-124:25770.0;P2-D:sub-124:25770.0;P6-D:sub-124:25770.0	True
P6-P2-H2-2OF3	validation	sub-124	15	6	26220.0	26220.0	26220.0	0.0	1	P6-D	1	P6-D:sub-124:26220.0	False
P6-P2-H2-2OF3	validation	sub-126	106	0	1260.0	1260.0	1260.0	0.0	2	P2-D;H2-D	2	H2-D:sub-126:1260.0;P2-D:sub-126:1260.0	True
P6-P2-H2-2OF3	validation	sub-126	106	1	1530.0	1530.0	1530.0	0.0	1	P6-D	1	P6-D:sub-126:1530.0	False
P6-P2-H2-2OF3	validation	sub-126	106	2	3090.0	3090.0	3090.0	0.0	1	H2-D	1	H2-D:sub-126:3090.0	False
P6-P2-H2-2OF3	validation	sub-126	106	3	7560.0	7560.0	7560.0	0.0	1	H2-D	1	H2-D:sub-126:7560.0	False
P6-P2-H2-2OF3	validation	sub-126	106	4	9510.0	9510.0	9510.0	0.0	1	H2-D	1	H2-D:sub-126:9510.0	False
P6-P2-H2-2OF3	validation	sub-126	106	5	14640.0	14640.0	14640.0	0.0	1	H2-D	1	H2-D:sub-126:14640.0	False
P6-P2-H2-2OF3	validation	sub-126	106	6	15000.0	15000.0	15000.0	0.0	1	H2-D	1	H2-D:sub-126:15000.0	False
P6-P2-H2-2OF3	validation	sub-126	106	7	19350.0	19350.0	19350.0	0.0	1	H2-D	1	H2-D:sub-126:19350.0	False
P6-P2-H2-2OF3	validation	sub-126	106	8	19410.0	19410.0	19410.0	0.0	1	H2-D	1	H2-D:sub-126:19410.0	False
P6-P2-H2-2OF3	validation	sub-126	106	9	19710.0	19710.0	19740.0	30.0	2	P6-D;H2-D	2	H2-D:sub-126:19710.0;P6-D:sub-126:19740.0	True
P6-P2-H2-2OF3	validation	sub-126	106	10	20040.0	20040.0	20040.0	0.0	2	P6-D;H2-D	2	H2-D:sub-126:20040.0;P6-D:sub-126:20040.0	True
P6-P2-H2-2OF3	validation	sub-126	106	11	23430.0	23430.0	23430.0	0.0	1	H2-D	1	H2-D:sub-126:23430.0	False
P6-P2-H2-2OF3	validation	sub-126	106	12	23970.0	23970.0	23970.0	0.0	1	H2-D	1	H2-D:sub-126:23970.0	False
P6-P2-H2-2OF3	validation	sub-126	106	13	24030.0	24030.0	24030.0	0.0	2	P6-D;P2-D	2	P2-D:sub-126:24030.0;P6-D:sub-126:24030.0	True
P6-P2-H2-2OF3	validation	sub-2	89	0	2880.0	2880.0	2880.0	0.0	1	H2-D	1	H2-D:sub-2:2880.0	False
P6-P2-H2-2OF3	validation	sub-2	89	1	2970.0	2970.0	2970.0	0.0	1	H2-D	1	H2-D:sub-2:2970.0	False
P6-P2-H2-2OF3	validation	sub-2	89	2	5880.0	5880.0	5880.0	0.0	1	H2-D	1	H2-D:sub-2:5880.0	False
P6-P2-H2-2OF3	validation	sub-2	89	3	5940.0	5940.0	5940.0	0.0	1	H2-D	1	H2-D:sub-2:5940.0	False
P6-P2-H2-2OF3	validation	sub-2	89	4	6000.0	6000.0	6000.0	0.0	1	H2-D	1	H2-D:sub-2:6000.0	False
P6-P2-H2-2OF3	validation	sub-2	89	5	15960.0	15960.0	15960.0	0.0	1	P6-D	1	P6-D:sub-2:15960.0	False
P6-P2-H2-2OF3	validation	sub-2	89	6	16470.0	16470.0	16470.0	0.0	2	P6-D;H2-D	2	H2-D:sub-2:16470.0;P6-D:sub-2:16470.0	True
P6-P2-H2-2OF3	validation	sub-2	89	7	19230.0	19230.0	19230.0	0.0	1	H2-D	1	H2-D:sub-2:19230.0	False
P6-P2-H2-2OF3	validation	sub-2	89	8	19830.0	19830.0	19830.0	0.0	3	P6-D;P2-D;H2-D	3	H2-D:sub-2:19830.0;P2-D:sub-2:19830.0;P6-D:sub-2:19830.0	True
P6-P2-H2-2OF3	validation	sub-2	89	9	21000.0	21000.0	21000.0	0.0	1	H2-D	1	H2-D:sub-2:21000.0	False
P6-P2-H2-2OF3	validation	sub-2	89	10	21330.0	21330.0	21330.0	0.0	2	P6-D;H2-D	2	H2-D:sub-2:21330.0;P6-D:sub-2:21330.0	True
P6-P2-H2-2OF3	validation	sub-2	89	11	21600.0	21600.0	21600.0	0.0	3	P6-D;P2-D;H2-D	3	H2-D:sub-2:21600.0;P2-D:sub-2:21600.0;P6-D:sub-2:21600.0	True
P6-P2-H2-2OF3	validation	sub-2	89	12	21780.0	21780.0	21780.0	0.0	2	P2-D;H2-D	2	H2-D:sub-2:21780.0;P2-D:sub-2:21780.0	True
P6-P2-H2-2OF3	validation	sub-2	89	13	22290.0	22290.0	22320.0	30.0	2	P2-D;H2-D	2	H2-D:sub-2:22290.0;P2-D:sub-2:22320.0	True
P6-P2-H2-2OF3	validation	sub-2	89	14	22890.0	22890.0	22890.0	0.0	1	H2-D	1	H2-D:sub-2:22890.0	False
P6-P2-H2-2OF3	validation	sub-2	89	15	25290.0	25290.0	25290.0	0.0	3	P6-D;P2-D;H2-D	3	H2-D:sub-2:25290.0;P2-D:sub-2:25290.0;P6-D:sub-2:25290.0	True
P6-P2-H2-2OF3	validation	sub-2	89	16	25740.0	25740.0	25740.0	0.0	1	H2-D	1	H2-D:sub-2:25740.0	False
P6-P2-H2-2OF3	validation	sub-2	89	17	26490.0	26490.0	26490.0	0.0	3	P6-D;P2-D;H2-D	3	H2-D:sub-2:26490.0;P2-D:sub-2:26490.0;P6-D:sub-2:26490.0	True
P6-P2-H2-2OF3	validation	sub-2	89	18	26820.0	26820.0	26820.0	0.0	2	P2-D;H2-D	2	H2-D:sub-2:26820.0;P2-D:sub-2:26820.0	True
P6-P2-H2-2OF3	validation	sub-23	15	0	330.0	330.0	330.0	0.0	1	P6-D	1	P6-D:sub-23:330.0	False
P6-P2-H2-2OF3	validation	sub-23	15	1	1470.0	1470.0	1500.0	30.0	2	P2-D;H2-D	2	P2-D:sub-23:1470.0;H2-D:sub-23:1500.0	True
P6-P2-H2-2OF3	validation	sub-23	15	2	2400.0	2400.0	2430.0	30.0	2	P6-D;H2-D	2	H2-D:sub-23:2400.0;P6-D:sub-23:2430.0	True
P6-P2-H2-2OF3	validation	sub-23	15	3	3840.0	3840.0	3840.0	0.0	1	H2-D	1	H2-D:sub-23:3840.0	False
P6-P2-H2-2OF3	validation	sub-23	15	4	18060.0	18060.0	18060.0	0.0	1	P6-D	1	P6-D:sub-23:18060.0	False
P6-P2-H2-2OF3	validation	sub-23	15	5	20430.0	20430.0	20430.0	0.0	1	P6-D	1	P6-D:sub-23:20430.0	False
P6-P2-H2-2OF3	validation	sub-23	15	6	22860.0	22860.0	22860.0	0.0	3	P6-D;P2-D;H2-D	3	H2-D:sub-23:22860.0;P2-D:sub-23:22860.0;P6-D:sub-23:22860.0	True
P6-P2-H2-2OF3	validation	sub-23	15	7	24330.0	24330.0	24330.0	0.0	1	P6-D	1	P6-D:sub-23:24330.0	False
P6-P2-H2-2OF3	validation	sub-23	15	8	25410.0	25410.0	25410.0	0.0	1	P6-D	1	P6-D:sub-23:25410.0	False
P6-P2-H2-2OF3	validation	sub-23	15	9	26820.0	26820.0	26820.0	0.0	1	P6-D	1	P6-D:sub-23:26820.0	False
P6-P2-H2-2OF3	validation	sub-23	15	10	27060.0	27060.0	27060.0	0.0	1	P6-D	1	P6-D:sub-23:27060.0	False
P6-P2-H2-2OF3	validation	sub-23	15	11	28290.0	28290.0	28290.0	0.0	1	P6-D	1	P6-D:sub-23:28290.0	False
P6-P2-H2-2OF3	validation	sub-23	15	12	30300.0	30300.0	30300.0	0.0	1	H2-D	1	H2-D:sub-23:30300.0	False
P6-P2-H2-2OF3	validation	sub-23	15	13	30450.0	30450.0	30450.0	0.0	1	H2-D	1	H2-D:sub-23:30450.0	False
P6-P2-H2-2OF3	validation	sub-23	15	14	31170.0	31170.0	31170.0	0.0	2	P6-D;P2-D	2	P2-D:sub-23:31170.0;P6-D:sub-23:31170.0	True
P6-P2-H2-2OF3	validation	sub-25	17	0	300.0	300.0	330.0	30.0	2	P6-D;P2-D	2	P2-D:sub-25:300.0;P6-D:sub-25:330.0	True
P6-P2-H2-2OF3	validation	sub-25	17	1	1140.0	1140.0	1140.0	0.0	2	P6-D;P2-D	2	P2-D:sub-25:1140.0;P6-D:sub-25:1140.0	True
P6-P2-H2-2OF3	validation	sub-25	17	2	2490.0	2490.0	2490.0	0.0	2	P6-D;H2-D	2	H2-D:sub-25:2490.0;P6-D:sub-25:2490.0	True
P6-P2-H2-2OF3	validation	sub-25	17	3	4470.0	4470.0	4470.0	0.0	2	P6-D;H2-D	2	H2-D:sub-25:4470.0;P6-D:sub-25:4470.0	True
P6-P2-H2-2OF3	validation	sub-25	17	4	4980.0	4980.0	4980.0	0.0	1	P6-D	1	P6-D:sub-25:4980.0	False
P6-P2-H2-2OF3	validation	sub-25	17	5	6540.0	6540.0	6540.0	0.0	2	P6-D;H2-D	2	H2-D:sub-25:6540.0;P6-D:sub-25:6540.0	True
P6-P2-H2-2OF3	validation	sub-25	17	6	7350.0	7350.0	7350.0	0.0	1	P6-D	1	P6-D:sub-25:7350.0	False
P6-P2-H2-2OF3	validation	sub-25	17	7	14940.0	14940.0	14940.0	0.0	2	P6-D;H2-D	2	H2-D:sub-25:14940.0;P6-D:sub-25:14940.0	True
P6-P2-H2-2OF3	validation	sub-25	17	8	15270.0	15270.0	15270.0	0.0	1	H2-D	1	H2-D:sub-25:15270.0	False
P6-P2-H2-2OF3	validation	sub-25	17	9	15540.0	15540.0	15540.0	0.0	2	P6-D;H2-D	2	H2-D:sub-25:15540.0;P6-D:sub-25:15540.0	True
P6-P2-H2-2OF3	validation	sub-25	17	10	16590.0	16590.0	16590.0	0.0	1	P6-D	1	P6-D:sub-25:16590.0	False
P6-P2-H2-2OF3	validation	sub-25	17	11	16680.0	16680.0	16680.0	0.0	1	P6-D	1	P6-D:sub-25:16680.0	False
P6-P2-H2-2OF3	validation	sub-25	17	12	17760.0	17760.0	17760.0	0.0	1	H2-D	1	H2-D:sub-25:17760.0	False
P6-P2-H2-2OF3	validation	sub-25	17	13	18090.0	18090.0	18090.0	0.0	1	P6-D	1	P6-D:sub-25:18090.0	False
P6-P2-H2-2OF3	validation	sub-25	17	14	18690.0	18690.0	18690.0	0.0	1	P6-D	1	P6-D:sub-25:18690.0	False
P6-P2-H2-2OF3	validation	sub-25	17	15	19320.0	19320.0	19320.0	0.0	2	P6-D;H2-D	2	H2-D:sub-25:19320.0;P6-D:sub-25:19320.0	True
P6-P2-H2-2OF3	validation	sub-25	17	16	20280.0	20280.0	20280.0	0.0	3	P6-D;P2-D;H2-D	3	H2-D:sub-25:20280.0;P2-D:sub-25:20280.0;P6-D:sub-25:20280.0	True
P6-P2-H2-2OF3	validation	sub-25	17	17	20610.0	20610.0	20610.0	0.0	1	P6-D	1	P6-D:sub-25:20610.0	False
P6-P2-H2-2OF3	validation	sub-25	17	18	21210.0	21210.0	21210.0	0.0	1	P6-D	1	P6-D:sub-25:21210.0	False
P6-P2-H2-2OF3	validation	sub-25	17	19	23220.0	23220.0	23220.0	0.0	1	H2-D	1	H2-D:sub-25:23220.0	False
P6-P2-H2-2OF3	validation	sub-25	17	20	26130.0	26130.0	26130.0	0.0	1	H2-D	1	H2-D:sub-25:26130.0	False
P6-P2-H2-2OF3	validation	sub-25	17	21	27420.0	27420.0	27420.0	0.0	2	P6-D;H2-D	2	H2-D:sub-25:27420.0;P6-D:sub-25:27420.0	True
P6-P2-H2-2OF3	validation	sub-25	17	22	29640.0	29640.0	29640.0	0.0	2	P2-D;H2-D	2	H2-D:sub-25:29640.0;P2-D:sub-25:29640.0	True
P6-P2-H2-2OF3	validation	sub-25	17	23	30990.0	30990.0	30990.0	0.0	1	H2-D	1	H2-D:sub-25:30990.0	False
P6-P2-H2-2OF3	validation	sub-25	17	24	31350.0	31350.0	31350.0	0.0	1	P6-D	1	P6-D:sub-25:31350.0	False
P6-P2-H2-2OF3	validation	sub-25	17	25	32130.0	32130.0	32130.0	0.0	1	P6-D	1	P6-D:sub-25:32130.0	False
P6-P2-H2-2OF3	validation	sub-25	17	26	32340.0	32340.0	32340.0	0.0	1	P6-D	1	P6-D:sub-25:32340.0	False
P6-P2-H2-2OF3	validation	sub-4	2	0	1290.0	1290.0	1290.0	0.0	1	H2-D	1	H2-D:sub-4:1290.0	False
P6-P2-H2-2OF3	validation	sub-4	2	1	3030.0	3030.0	3030.0	0.0	1	H2-D	1	H2-D:sub-4:3030.0	False
P6-P2-H2-2OF3	validation	sub-4	2	2	4050.0	4050.0	4050.0	0.0	1	H2-D	1	H2-D:sub-4:4050.0	False
P6-P2-H2-2OF3	validation	sub-4	2	3	5040.0	5040.0	5040.0	0.0	1	H2-D	1	H2-D:sub-4:5040.0	False
P6-P2-H2-2OF3	validation	sub-4	2	4	5580.0	5580.0	5580.0	0.0	1	H2-D	1	H2-D:sub-4:5580.0	False
P6-P2-H2-2OF3	validation	sub-4	2	5	6390.0	6390.0	6390.0	0.0	1	P6-D	1	P6-D:sub-4:6390.0	False
P6-P2-H2-2OF3	validation	sub-4	2	6	10380.0	10380.0	10380.0	0.0	1	P6-D	1	P6-D:sub-4:10380.0	False
P6-P2-H2-2OF3	validation	sub-4	2	7	11040.0	11010.0	11040.0	30.0	3	P6-D;P2-D;H2-D	3	P6-D:sub-4:11010.0;H2-D:sub-4:11040.0;P2-D:sub-4:11040.0	True
P6-P2-H2-2OF3	validation	sub-4	2	8	11430.0	11430.0	11430.0	0.0	1	P6-D	1	P6-D:sub-4:11430.0	False
P6-P2-H2-2OF3	validation	sub-4	2	9	11640.0	11640.0	11640.0	0.0	2	P6-D;H2-D	2	H2-D:sub-4:11640.0;P6-D:sub-4:11640.0	True
P6-P2-H2-2OF3	validation	sub-4	2	10	11940.0	11940.0	11940.0	0.0	1	P6-D	1	P6-D:sub-4:11940.0	False
P6-P2-H2-2OF3	validation	sub-4	2	11	12240.0	12240.0	12240.0	0.0	1	H2-D	1	H2-D:sub-4:12240.0	False
P6-P2-H2-2OF3	validation	sub-4	2	12	13020.0	13020.0	13020.0	0.0	2	P6-D;H2-D	2	H2-D:sub-4:13020.0;P6-D:sub-4:13020.0	True
P6-P2-H2-2OF3	validation	sub-4	2	13	15810.0	15810.0	15810.0	0.0	1	H2-D	1	H2-D:sub-4:15810.0	False
P6-P2-H2-2OF3	validation	sub-4	2	14	16080.0	16080.0	16080.0	0.0	1	H2-D	1	H2-D:sub-4:16080.0	False
P6-P2-H2-2OF3	validation	sub-4	2	15	18150.0	18150.0	18150.0	0.0	2	P6-D;H2-D	2	H2-D:sub-4:18150.0;P6-D:sub-4:18150.0	True
P6-P2-H2-2OF3	validation	sub-4	2	16	21990.0	21990.0	21990.0	0.0	1	P6-D	1	P6-D:sub-4:21990.0	False
P6-P2-H2-2OF3	validation	sub-4	2	17	22200.0	22200.0	22200.0	0.0	2	P6-D;P2-D	2	P2-D:sub-4:22200.0;P6-D:sub-4:22200.0	True
P6-P2-H2-2OF3	validation	sub-4	2	18	23160.0	23160.0	23160.0	0.0	1	P6-D	1	P6-D:sub-4:23160.0	False
P6-P2-H2-2OF3	validation	sub-4	2	19	23370.0	23370.0	23370.0	0.0	1	P6-D	1	P6-D:sub-4:23370.0	False
P6-P2-H2-2OF3	validation	sub-4	2	20	23430.0	23430.0	23430.0	0.0	1	P6-D	1	P6-D:sub-4:23430.0	False
P6-P2-H2-2OF3	validation	sub-4	2	21	23490.0	23490.0	23490.0	0.0	1	P6-D	1	P6-D:sub-4:23490.0	False
P6-P2-H2-2OF3	validation	sub-4	2	22	23640.0	23640.0	23640.0	0.0	1	P6-D	1	P6-D:sub-4:23640.0	False
P6-P2-H2-2OF3	validation	sub-4	2	23	23790.0	23790.0	23790.0	0.0	1	P6-D	1	P6-D:sub-4:23790.0	False
P6-P2-H2-2OF3	validation	sub-4	2	24	23850.0	23850.0	23850.0	0.0	1	P6-D	1	P6-D:sub-4:23850.0	False
P6-P2-H2-2OF3	validation	sub-4	2	25	23970.0	23970.0	23970.0	0.0	1	P6-D	1	P6-D:sub-4:23970.0	False
P6-P2-H2-2OF3	validation	sub-4	2	26	24090.0	24090.0	24090.0	0.0	1	P6-D	1	P6-D:sub-4:24090.0	False
P6-P2-H2-2OF3	validation	sub-4	2	27	24180.0	24180.0	24180.0	0.0	2	P6-D;P2-D	2	P2-D:sub-4:24180.0;P6-D:sub-4:24180.0	True
P6-P2-H2-2OF3	validation	sub-4	2	28	24330.0	24330.0	24330.0	0.0	1	P6-D	1	P6-D:sub-4:24330.0	False
P6-P2-H2-2OF3	validation	sub-4	2	29	24480.0	24480.0	24480.0	0.0	1	P6-D	1	P6-D:sub-4:24480.0	False
P6-P2-H2-2OF3	validation	sub-4	2	30	24780.0	24780.0	24810.0	30.0	2	P6-D;P2-D	2	P2-D:sub-4:24780.0;P6-D:sub-4:24810.0	True
P6-P2-H2-2OF3	validation	sub-4	2	31	24990.0	24990.0	24990.0	0.0	1	P6-D	1	P6-D:sub-4:24990.0	False
P6-P2-H2-2OF3	validation	sub-4	2	32	25080.0	25080.0	25080.0	0.0	1	P6-D	1	P6-D:sub-4:25080.0	False
P6-P2-H2-2OF3	validation	sub-4	2	33	25140.0	25140.0	25140.0	0.0	1	P6-D	1	P6-D:sub-4:25140.0	False
P6-P2-H2-2OF3	validation	sub-4	2	34	25200.0	25200.0	25200.0	0.0	1	P6-D	1	P6-D:sub-4:25200.0	False
P6-P2-H2-2OF3	validation	sub-4	2	35	25290.0	25290.0	25290.0	0.0	1	P6-D	1	P6-D:sub-4:25290.0	False
P6-P2-H2-2OF3	validation	sub-4	2	36	25650.0	25650.0	25650.0	0.0	1	P6-D	1	P6-D:sub-4:25650.0	False
P6-P2-H2-2OF3	validation	sub-4	2	37	25770.0	25770.0	25770.0	0.0	1	P6-D	1	P6-D:sub-4:25770.0	False
P6-P2-H2-2OF3	validation	sub-4	2	38	25980.0	25980.0	25980.0	0.0	1	P6-D	1	P6-D:sub-4:25980.0	False
P6-P2-H2-2OF3	validation	sub-4	2	39	26220.0	26220.0	26220.0	0.0	1	P6-D	1	P6-D:sub-4:26220.0	False
P6-P2-H2-2OF3	validation	sub-4	2	40	26400.0	26400.0	26400.0	0.0	1	P6-D	1	P6-D:sub-4:26400.0	False
P6-P2-H2-2OF3	validation	sub-4	2	41	26550.0	26550.0	26550.0	0.0	1	P6-D	1	P6-D:sub-4:26550.0	False
P6-P2-H2-2OF3	validation	sub-4	2	42	26910.0	26910.0	26910.0	0.0	1	P6-D	1	P6-D:sub-4:26910.0	False
P6-P2-H2-2OF3	validation	sub-4	2	43	27060.0	27060.0	27060.0	0.0	1	P6-D	1	P6-D:sub-4:27060.0	False
P6-P2-H2-2OF3	validation	sub-4	2	44	27210.0	27210.0	27210.0	0.0	1	P6-D	1	P6-D:sub-4:27210.0	False
P6-P2-H2-2OF3	validation	sub-4	2	45	27330.0	27330.0	27360.0	30.0	2	P6-D;P2-D	2	P2-D:sub-4:27330.0;P6-D:sub-4:27360.0	True
P6-P2-H2-2OF3	validation	sub-4	2	46	27510.0	27510.0	27510.0	0.0	1	P6-D	1	P6-D:sub-4:27510.0	False
P6-P2-H2-2OF3	validation	sub-4	2	47	27810.0	27810.0	27810.0	0.0	1	P6-D	1	P6-D:sub-4:27810.0	False
P6-P2-H2-2OF3	validation	sub-4	2	48	27930.0	27930.0	27930.0	0.0	2	P6-D;P2-D	2	P2-D:sub-4:27930.0;P6-D:sub-4:27930.0	True
P6-P2-H2-2OF3	validation	sub-4	2	49	28170.0	28170.0	28170.0	0.0	1	P6-D	1	P6-D:sub-4:28170.0	False
P6-P2-H2-2OF3	validation	sub-4	2	50	28230.0	28230.0	28230.0	0.0	1	P6-D	1	P6-D:sub-4:28230.0	False
P6-P2-H2-2OF3	validation	sub-4	2	51	28320.0	28320.0	28320.0	0.0	1	P6-D	1	P6-D:sub-4:28320.0	False
P6-P2-H2-2OF3	validation	sub-4	2	52	28440.0	28440.0	28440.0	0.0	1	P6-D	1	P6-D:sub-4:28440.0	False
P6-P2-H2-2OF3	validation	sub-4	2	53	28530.0	28530.0	28530.0	0.0	1	P6-D	1	P6-D:sub-4:28530.0	False
P6-P2-H2-2OF3	validation	sub-4	2	54	28740.0	28740.0	28740.0	0.0	1	P6-D	1	P6-D:sub-4:28740.0	False
P6-P2-H2-2OF3	validation	sub-4	2	55	28920.0	28920.0	28920.0	0.0	1	P6-D	1	P6-D:sub-4:28920.0	False
P6-P2-H2-2OF3	validation	sub-4	2	56	29580.0	29580.0	29580.0	0.0	1	P2-D	1	P2-D:sub-4:29580.0	False
P6-P2-H2-2OF3	validation	sub-4	2	57	30000.0	30000.0	30000.0	0.0	1	H2-D	1	H2-D:sub-4:30000.0	False
P6-P2-H2-2OF3	validation	sub-4	2	58	31140.0	31140.0	31140.0	0.0	1	P6-D	1	P6-D:sub-4:31140.0	False
P6-P2-H2-2OF3	validation	sub-4	2	59	31260.0	31260.0	31260.0	0.0	1	P6-D	1	P6-D:sub-4:31260.0	False
P6-P2-H2-2OF3	validation	sub-5	3	0	4560.0	4560.0	4560.0	0.0	1	H2-D	1	H2-D:sub-5:4560.0	False
P6-P2-H2-2OF3	validation	sub-5	3	1	14040.0	14040.0	14040.0	0.0	1	H2-D	1	H2-D:sub-5:14040.0	False
P6-P2-H2-2OF3	validation	sub-5	3	2	16140.0	16140.0	16140.0	0.0	1	P6-D	1	P6-D:sub-5:16140.0	False
P6-P2-H2-2OF3	validation	sub-5	3	3	16380.0	16380.0	16380.0	0.0	1	P6-D	1	P6-D:sub-5:16380.0	False
P6-P2-H2-2OF3	validation	sub-5	3	4	17130.0	17130.0	17130.0	0.0	1	H2-D	1	H2-D:sub-5:17130.0	False
P6-P2-H2-2OF3	validation	sub-5	3	5	17400.0	17400.0	17400.0	0.0	1	P6-D	1	P6-D:sub-5:17400.0	False
P6-P2-H2-2OF3	validation	sub-5	3	6	21690.0	21690.0	21690.0	0.0	1	P6-D	1	P6-D:sub-5:21690.0	False
P6-P2-H2-2OF3	validation	sub-5	3	7	21900.0	21900.0	21900.0	0.0	1	H2-D	1	H2-D:sub-5:21900.0	False
P6-P2-H2-2OF3	validation	sub-5	3	8	22200.0	22200.0	22200.0	0.0	1	P6-D	1	P6-D:sub-5:22200.0	False
P6-P2-H2-2OF3	validation	sub-5	3	9	22380.0	22380.0	22380.0	0.0	3	P6-D;P2-D;H2-D	3	H2-D:sub-5:22380.0;P2-D:sub-5:22380.0;P6-D:sub-5:22380.0	True
P6-P2-H2-2OF3	validation	sub-5	3	10	24000.0	24000.0	24000.0	0.0	1	H2-D	1	H2-D:sub-5:24000.0	False
P6-P2-H2-2OF3	validation	sub-5	3	11	25950.0	25950.0	25950.0	0.0	1	P6-D	1	P6-D:sub-5:25950.0	False
P6-P2-H2-2OF3	validation	sub-5	3	12	26610.0	26610.0	26610.0	0.0	1	P6-D	1	P6-D:sub-5:26610.0	False
P6-P2-H2-2OF3	validation	sub-5	3	13	27840.0	27840.0	27840.0	0.0	1	P6-D	1	P6-D:sub-5:27840.0	False
P6-P2-H2-2OF3	validation	sub-5	3	14	29430.0	29430.0	29430.0	0.0	1	P6-D	1	P6-D:sub-5:29430.0	False
P6-P2-H2-2OF3	validation	sub-6	4	0	2280.0	2280.0	2280.0	0.0	2	P6-D;H2-D	2	H2-D:sub-6:2280.0;P6-D:sub-6:2280.0	True
P6-P2-H2-2OF3	validation	sub-6	4	1	6240.0	6240.0	6240.0	0.0	1	P6-D	1	P6-D:sub-6:6240.0	False
P6-P2-H2-2OF3	validation	sub-6	4	2	6810.0	6810.0	6810.0	0.0	1	H2-D	1	H2-D:sub-6:6810.0	False
P6-P2-H2-2OF3	validation	sub-6	4	3	12090.0	12090.0	12090.0	0.0	1	H2-D	1	H2-D:sub-6:12090.0	False
P6-P2-H2-2OF3	validation	sub-6	4	4	12780.0	12780.0	12780.0	0.0	2	P6-D;H2-D	2	H2-D:sub-6:12780.0;P6-D:sub-6:12780.0	True
P6-P2-H2-2OF3	validation	sub-6	4	5	15570.0	15570.0	15600.0	30.0	2	P6-D;H2-D	2	P6-D:sub-6:15570.0;H2-D:sub-6:15600.0	True
P6-P2-H2-2OF3	validation	sub-6	4	6	15750.0	15750.0	15780.0	30.0	2	P2-D;H2-D	2	H2-D:sub-6:15750.0;P2-D:sub-6:15780.0	True
P6-P2-H2-2OF3	validation	sub-6	4	7	16350.0	16350.0	16350.0	0.0	2	P2-D;H2-D	2	H2-D:sub-6:16350.0;P2-D:sub-6:16350.0	True
P6-P2-H2-2OF3	validation	sub-6	4	8	18000.0	18000.0	18000.0	0.0	1	P6-D	1	P6-D:sub-6:18000.0	False
P6-P2-H2-2OF3	validation	sub-6	4	9	18660.0	18660.0	18660.0	0.0	1	P6-D	1	P6-D:sub-6:18660.0	False
P6-P2-H2-2OF3	validation	sub-6	4	10	18750.0	18750.0	18750.0	0.0	1	P6-D	1	P6-D:sub-6:18750.0	False
P6-P2-H2-2OF3	validation	sub-6	4	11	21840.0	21840.0	21840.0	0.0	1	H2-D	1	H2-D:sub-6:21840.0	False
P6-P2-H2-2OF3	validation	sub-6	4	12	22050.0	22050.0	22080.0	30.0	2	P6-D;H2-D	2	P6-D:sub-6:22050.0;H2-D:sub-6:22080.0	True
P6-P2-H2-2OF3	validation	sub-6	4	13	23580.0	23580.0	23610.0	30.0	2	P6-D;H2-D	2	P6-D:sub-6:23580.0;H2-D:sub-6:23610.0	True
P6-P2-H2-2OF3	validation	sub-6	4	14	24840.0	24840.0	24840.0	0.0	1	H2-D	1	H2-D:sub-6:24840.0	False
P6-P2-H2-2OF3	validation	sub-6	4	15	25110.0	25110.0	25110.0	0.0	1	H2-D	1	H2-D:sub-6:25110.0	False
P6-P2-H2-2OF3	validation	sub-6	4	16	25260.0	25260.0	25260.0	0.0	1	P6-D	1	P6-D:sub-6:25260.0	False
P6-P2-H2-2OF3	validation	sub-6	4	17	25710.0	25710.0	25710.0	0.0	1	H2-D	1	H2-D:sub-6:25710.0	False
P6-P2-H2-2OF3	validation	sub-6	4	18	26070.0	26070.0	26070.0	0.0	1	H2-D	1	H2-D:sub-6:26070.0	False
P6-P2-H2-2OF3	validation	sub-6	4	19	27330.0	27330.0	27330.0	0.0	1	P6-D	1	P6-D:sub-6:27330.0	False
P6-P2-H2-2OF3	validation	sub-6	4	20	29700.0	29700.0	29700.0	0.0	1	H2-D	1	H2-D:sub-6:29700.0	False
P6-P2-H2-2OF3	validation	sub-7	5	0	1020.0	1020.0	1020.0	0.0	1	H2-D	1	H2-D:sub-7:1020.0	False
P6-P2-H2-2OF3	validation	sub-7	5	1	1680.0	1680.0	1680.0	0.0	1	H2-D	1	H2-D:sub-7:1680.0	False
P6-P2-H2-2OF3	validation	sub-7	5	2	2940.0	2940.0	2940.0	0.0	1	H2-D	1	H2-D:sub-7:2940.0	False
P6-P2-H2-2OF3	validation	sub-7	5	3	3060.0	3060.0	3060.0	0.0	1	H2-D	1	H2-D:sub-7:3060.0	False
P6-P2-H2-2OF3	validation	sub-7	5	4	3420.0	3420.0	3420.0	0.0	1	P6-D	1	P6-D:sub-7:3420.0	False
P6-P2-H2-2OF3	validation	sub-7	5	5	6930.0	6930.0	6930.0	0.0	1	H2-D	1	H2-D:sub-7:6930.0	False
P6-P2-H2-2OF3	validation	sub-7	5	6	7170.0	7170.0	7170.0	0.0	1	H2-D	1	H2-D:sub-7:7170.0	False
P6-P2-H2-2OF3	validation	sub-7	5	7	7230.0	7230.0	7230.0	0.0	1	H2-D	1	H2-D:sub-7:7230.0	False
P6-P2-H2-2OF3	validation	sub-7	5	8	8040.0	8040.0	8040.0	0.0	1	P6-D	1	P6-D:sub-7:8040.0	False
P6-P2-H2-2OF3	validation	sub-7	5	9	8580.0	8550.0	8580.0	30.0	3	P6-D;P2-D;H2-D	3	H2-D:sub-7:8550.0;P2-D:sub-7:8580.0;P6-D:sub-7:8580.0	True
P6-P2-H2-2OF3	validation	sub-7	5	10	8700.0	8700.0	8700.0	0.0	1	H2-D	1	H2-D:sub-7:8700.0	False
P6-P2-H2-2OF3	validation	sub-7	5	11	8760.0	8760.0	8760.0	0.0	2	P6-D;P2-D	2	P2-D:sub-7:8760.0;P6-D:sub-7:8760.0	True
P6-P2-H2-2OF3	validation	sub-7	5	12	8850.0	8850.0	8850.0	0.0	1	P2-D	1	P2-D:sub-7:8850.0	False
P6-P2-H2-2OF3	validation	sub-7	5	13	8910.0	8910.0	8910.0	0.0	1	H2-D	1	H2-D:sub-7:8910.0	False
P6-P2-H2-2OF3	validation	sub-7	5	14	9090.0	9090.0	9090.0	0.0	1	H2-D	1	H2-D:sub-7:9090.0	False
P6-P2-H2-2OF3	validation	sub-7	5	15	9510.0	9510.0	9510.0	0.0	1	P6-D	1	P6-D:sub-7:9510.0	False
P6-P2-H2-2OF3	validation	sub-7	5	16	9690.0	9690.0	9690.0	0.0	1	P6-D	1	P6-D:sub-7:9690.0	False
P6-P2-H2-2OF3	validation	sub-7	5	17	9810.0	9810.0	9840.0	30.0	2	P6-D;H2-D	2	H2-D:sub-7:9810.0;P6-D:sub-7:9840.0	True
P6-P2-H2-2OF3	validation	sub-7	5	18	10080.0	10080.0	10080.0	0.0	2	P6-D;H2-D	2	H2-D:sub-7:10080.0;P6-D:sub-7:10080.0	True
P6-P2-H2-2OF3	validation	sub-7	5	19	10200.0	10200.0	10200.0	0.0	1	P6-D	1	P6-D:sub-7:10200.0	False
P6-P2-H2-2OF3	validation	sub-7	5	20	13950.0	13950.0	13950.0	0.0	1	P6-D	1	P6-D:sub-7:13950.0	False
P6-P2-H2-2OF3	validation	sub-7	5	21	15480.0	15480.0	15480.0	0.0	1	H2-D	1	H2-D:sub-7:15480.0	False
P6-P2-H2-2OF3	validation	sub-7	5	22	15540.0	15540.0	15540.0	0.0	2	P6-D;H2-D	2	H2-D:sub-7:15540.0;P6-D:sub-7:15540.0	True
P6-P2-H2-2OF3	validation	sub-7	5	23	15870.0	15870.0	15870.0	0.0	1	H2-D	1	H2-D:sub-7:15870.0	False
P6-P2-H2-2OF3	validation	sub-7	5	24	16500.0	16500.0	16500.0	0.0	1	H2-D	1	H2-D:sub-7:16500.0	False
P6-P2-H2-2OF3	validation	sub-7	5	25	17100.0	17100.0	17100.0	0.0	1	H2-D	1	H2-D:sub-7:17100.0	False
P6-P2-H2-2OF3	validation	sub-7	5	26	17280.0	17280.0	17280.0	0.0	1	H2-D	1	H2-D:sub-7:17280.0	False
P6-P2-H2-2OF3	validation	sub-7	5	27	17670.0	17670.0	17670.0	0.0	1	H2-D	1	H2-D:sub-7:17670.0	False
P6-P2-H2-2OF3	validation	sub-7	5	28	18690.0	18690.0	18690.0	0.0	1	P6-D	1	P6-D:sub-7:18690.0	False
P6-P2-H2-2OF3	validation	sub-7	5	29	19170.0	19170.0	19170.0	0.0	1	H2-D	1	H2-D:sub-7:19170.0	False
P6-P2-H2-2OF3	validation	sub-7	5	30	19260.0	19260.0	19260.0	0.0	1	H2-D	1	H2-D:sub-7:19260.0	False
P6-P2-H2-2OF3	validation	sub-7	5	31	19770.0	19770.0	19770.0	0.0	2	P6-D;H2-D	2	H2-D:sub-7:19770.0;P6-D:sub-7:19770.0	True
P6-P2-H2-2OF3	validation	sub-7	5	32	20370.0	20370.0	20370.0	0.0	1	H2-D	1	H2-D:sub-7:20370.0	False
P6-P2-H2-2OF3	validation	sub-7	5	33	21510.0	21510.0	21510.0	0.0	3	P6-D;P2-D;H2-D	3	H2-D:sub-7:21510.0;P2-D:sub-7:21510.0;P6-D:sub-7:21510.0	True
P6-P2-H2-2OF3	validation	sub-7	5	34	21960.0	21960.0	21960.0	0.0	1	H2-D	1	H2-D:sub-7:21960.0	False
P6-P2-H2-2OF3	validation	sub-7	5	35	22050.0	22050.0	22050.0	0.0	1	H2-D	1	H2-D:sub-7:22050.0	False
P6-P2-H2-2OF3	validation	sub-7	5	36	22260.0	22260.0	22260.0	0.0	2	P6-D;H2-D	2	H2-D:sub-7:22260.0;P6-D:sub-7:22260.0	True
P6-P2-H2-2OF3	validation	sub-7	5	37	22560.0	22560.0	22560.0	0.0	2	P6-D;H2-D	2	H2-D:sub-7:22560.0;P6-D:sub-7:22560.0	True
P6-P2-H2-2OF3	validation	sub-7	5	38	22830.0	22830.0	22860.0	30.0	2	P2-D;H2-D	2	P2-D:sub-7:22830.0;H2-D:sub-7:22860.0	True
P6-P2-H2-2OF3	validation	sub-7	5	39	23070.0	23070.0	23070.0	0.0	1	H2-D	1	H2-D:sub-7:23070.0	False
P6-P2-H2-2OF3	validation	sub-7	5	40	25230.0	25230.0	25230.0	0.0	1	P6-D	1	P6-D:sub-7:25230.0	False
P6-P2-H2-2OF3	validation	sub-7	5	41	25650.0	25650.0	25650.0	0.0	1	H2-D	1	H2-D:sub-7:25650.0	False
P6-P2-H2-2OF3	validation	sub-7	5	42	25770.0	25770.0	25770.0	0.0	1	H2-D	1	H2-D:sub-7:25770.0	False
P6-P2-H2-2OF3	validation	sub-7	5	43	25830.0	25830.0	25830.0	0.0	1	P6-D	1	P6-D:sub-7:25830.0	False
P6-P2-H2-2OF3	validation	sub-7	5	44	26340.0	26340.0	26370.0	30.0	2	P6-D;H2-D	2	H2-D:sub-7:26340.0;P6-D:sub-7:26370.0	True
P6-P2-H2-2OF3	validation	sub-7	5	45	26610.0	26610.0	26610.0	0.0	1	H2-D	1	H2-D:sub-7:26610.0	False
P6-P2-H2-2OF3	validation	sub-7	5	46	26730.0	26700.0	26730.0	30.0	3	P6-D;P2-D;H2-D	3	H2-D:sub-7:26700.0;P2-D:sub-7:26730.0;P6-D:sub-7:26730.0	True
P6-P2-H2-2OF3	validation	sub-7	5	47	26820.0	26820.0	26820.0	0.0	2	P6-D;H2-D	2	H2-D:sub-7:26820.0;P6-D:sub-7:26820.0	True
P6-P2-H2-2OF3	validation	sub-7	5	48	27120.0	27120.0	27120.0	0.0	2	P6-D;H2-D	2	H2-D:sub-7:27120.0;P6-D:sub-7:27120.0	True
P6-P2-H2-2OF3	validation	sub-7	5	49	27510.0	27510.0	27540.0	30.0	2	P6-D;H2-D	2	P6-D:sub-7:27510.0;H2-D:sub-7:27540.0	True
P6-P2-H2-2OF3	validation	sub-7	5	50	27630.0	27630.0	27630.0	0.0	1	H2-D	1	H2-D:sub-7:27630.0	False
P6-P2-H2-2OF3	validation	sub-7	5	51	27690.0	27690.0	27690.0	0.0	1	H2-D	1	H2-D:sub-7:27690.0	False
P6-P2-H2-2OF3	validation	sub-7	5	52	27750.0	27750.0	27750.0	0.0	2	P6-D;H2-D	2	H2-D:sub-7:27750.0;P6-D:sub-7:27750.0	True
P6-P2-H2-2OF3	validation	sub-7	5	53	27930.0	27930.0	27930.0	0.0	1	H2-D	1	H2-D:sub-7:27930.0	False
P6-P2-H2-2OF3	validation	sub-72	37	0	13110.0	13110.0	13110.0	0.0	1	H2-D	1	H2-D:sub-72:13110.0	False
P6-P2-H2-2OF3	validation	sub-72	37	1	18180.0	18180.0	18180.0	0.0	1	H2-D	1	H2-D:sub-72:18180.0	False
P6-P2-H2-2OF3	validation	sub-72	37	2	21690.0	21690.0	21690.0	0.0	1	H2-D	1	H2-D:sub-72:21690.0	False
P6-P2-H2-2OF3	validation	sub-72	37	3	22800.0	22800.0	22800.0	0.0	2	P6-D;H2-D	2	H2-D:sub-72:22800.0;P6-D:sub-72:22800.0	True
P6-P2-H2-2OF3	validation	sub-72	37	4	25710.0	25710.0	25710.0	0.0	1	H2-D	1	H2-D:sub-72:25710.0	False
P6-P2-H2-2OF3	validation	sub-72	37	5	26070.0	26070.0	26070.0	0.0	1	H2-D	1	H2-D:sub-72:26070.0	False
P6-P2-H2-2OF3	validation	sub-72	37	6	27300.0	27300.0	27300.0	0.0	1	H2-D	1	H2-D:sub-72:27300.0	False
P6-P2-H2-2OF3	validation	sub-75	40	0	6360.0	6360.0	6360.0	0.0	1	H2-D	1	H2-D:sub-75:6360.0	False
P6-P2-H2-2OF3	validation	sub-75	40	1	8250.0	8250.0	8250.0	0.0	1	H2-D	1	H2-D:sub-75:8250.0	False
P6-P2-H2-2OF3	validation	sub-75	40	2	8340.0	8340.0	8340.0	0.0	1	H2-D	1	H2-D:sub-75:8340.0	False
P6-P2-H2-2OF3	validation	sub-75	40	3	10290.0	10290.0	10290.0	0.0	1	H2-D	1	H2-D:sub-75:10290.0	False
P6-P2-H2-2OF3	validation	sub-75	40	4	10350.0	10350.0	10350.0	0.0	1	H2-D	1	H2-D:sub-75:10350.0	False
P6-P2-H2-2OF3	validation	sub-75	40	5	10440.0	10440.0	10440.0	0.0	1	H2-D	1	H2-D:sub-75:10440.0	False
P6-P2-H2-2OF3	validation	sub-75	40	6	10680.0	10680.0	10680.0	0.0	1	H2-D	1	H2-D:sub-75:10680.0	False
P6-P2-H2-2OF3	validation	sub-75	40	7	12030.0	12030.0	12030.0	0.0	1	H2-D	1	H2-D:sub-75:12030.0	False
P6-P2-H2-2OF3	validation	sub-75	40	8	12150.0	12150.0	12150.0	0.0	1	H2-D	1	H2-D:sub-75:12150.0	False
P6-P2-H2-2OF3	validation	sub-75	40	9	15870.0	15870.0	15870.0	0.0	1	H2-D	1	H2-D:sub-75:15870.0	False
P6-P2-H2-2OF3	validation	sub-75	40	10	15990.0	15990.0	15990.0	0.0	1	H2-D	1	H2-D:sub-75:15990.0	False
P6-P2-H2-2OF3	validation	sub-75	40	11	16560.0	16560.0	16560.0	0.0	1	H2-D	1	H2-D:sub-75:16560.0	False
P6-P2-H2-2OF3	validation	sub-75	40	12	16620.0	16620.0	16620.0	0.0	1	H2-D	1	H2-D:sub-75:16620.0	False
P6-P2-H2-2OF3	validation	sub-75	40	13	16980.0	16980.0	16980.0	0.0	1	H2-D	1	H2-D:sub-75:16980.0	False
P6-P2-H2-2OF3	validation	sub-75	40	14	17340.0	17340.0	17340.0	0.0	1	H2-D	1	H2-D:sub-75:17340.0	False
P6-P2-H2-2OF3	validation	sub-75	40	15	20160.0	20160.0	20160.0	0.0	1	H2-D	1	H2-D:sub-75:20160.0	False
P6-P2-H2-2OF3	validation	sub-75	40	16	21450.0	21450.0	21450.0	0.0	1	H2-D	1	H2-D:sub-75:21450.0	False
P6-P2-H2-2OF3	validation	sub-75	40	17	21510.0	21510.0	21510.0	0.0	1	H2-D	1	H2-D:sub-75:21510.0	False
P6-P2-H2-2OF3	validation	sub-75	40	18	21630.0	21630.0	21630.0	0.0	1	H2-D	1	H2-D:sub-75:21630.0	False
P6-P2-H2-2OF3	validation	sub-75	40	19	21690.0	21690.0	21690.0	0.0	1	H2-D	1	H2-D:sub-75:21690.0	False
P6-P2-H2-2OF3	validation	sub-75	40	20	21930.0	21930.0	21930.0	0.0	1	H2-D	1	H2-D:sub-75:21930.0	False
P6-P2-H2-2OF3	validation	sub-75	40	21	21990.0	21990.0	21990.0	0.0	1	H2-D	1	H2-D:sub-75:21990.0	False
P6-P2-H2-2OF3	validation	sub-75	40	22	22230.0	22230.0	22230.0	0.0	1	H2-D	1	H2-D:sub-75:22230.0	False
P6-P2-H2-2OF3	validation	sub-75	40	23	22620.0	22620.0	22620.0	0.0	1	H2-D	1	H2-D:sub-75:22620.0	False
P6-P2-H2-2OF3	validation	sub-75	40	24	22740.0	22740.0	22740.0	0.0	1	H2-D	1	H2-D:sub-75:22740.0	False
P6-P2-H2-2OF3	validation	sub-75	40	25	23040.0	23040.0	23040.0	0.0	1	H2-D	1	H2-D:sub-75:23040.0	False
P6-P2-H2-2OF3	validation	sub-75	40	26	23310.0	23310.0	23310.0	0.0	1	H2-D	1	H2-D:sub-75:23310.0	False
P6-P2-H2-2OF3	validation	sub-75	40	27	23460.0	23460.0	23460.0	0.0	1	H2-D	1	H2-D:sub-75:23460.0	False
P6-P2-H2-2OF3	validation	sub-75	40	28	23700.0	23700.0	23700.0	0.0	1	H2-D	1	H2-D:sub-75:23700.0	False
P6-P2-H2-2OF3	validation	sub-75	40	29	23820.0	23820.0	23820.0	0.0	1	H2-D	1	H2-D:sub-75:23820.0	False
P6-P2-H2-2OF3	validation	sub-75	40	30	24060.0	24060.0	24060.0	0.0	1	H2-D	1	H2-D:sub-75:24060.0	False
P6-P2-H2-2OF3	validation	sub-75	40	31	24150.0	24150.0	24150.0	0.0	3	P6-D;P2-D;H2-D	3	H2-D:sub-75:24150.0;P2-D:sub-75:24150.0;P6-D:sub-75:24150.0	True
P6-P2-H2-2OF3	validation	sub-75	40	32	24330.0	24330.0	24360.0	30.0	3	P6-D;P2-D;H2-D	3	P2-D:sub-75:24330.0;P6-D:sub-75:24330.0;H2-D:sub-75:24360.0	True
P6-P2-H2-2OF3	validation	sub-75	40	33	25590.0	25590.0	25620.0	30.0	3	P6-D;P2-D;H2-D	3	P2-D:sub-75:25590.0;P6-D:sub-75:25590.0;H2-D:sub-75:25620.0	True
P6-P2-H2-2OF3	validation	sub-79	44	0	26100.0	26100.0	26100.0	0.0	2	P6-D;H2-D	2	H2-D:sub-79:26100.0;P6-D:sub-79:26100.0	True
P6-P2-H2-2OF3	validation	sub-82	48	0	510.0	510.0	510.0	0.0	2	P6-D;P2-D	2	P2-D:sub-82:510.0;P6-D:sub-82:510.0	True
P6-P2-H2-2OF3	validation	sub-82	48	1	720.0	720.0	720.0	0.0	1	H2-D	1	H2-D:sub-82:720.0	False
P6-P2-H2-2OF3	validation	sub-82	48	2	4290.0	4290.0	4290.0	0.0	1	H2-D	1	H2-D:sub-82:4290.0	False
P6-P2-H2-2OF3	validation	sub-82	48	3	10740.0	10740.0	10740.0	0.0	2	P2-D;H2-D	2	H2-D:sub-82:10740.0;P2-D:sub-82:10740.0	True
P6-P2-H2-2OF3	validation	sub-82	48	4	12090.0	12090.0	12090.0	0.0	1	H2-D	1	H2-D:sub-82:12090.0	False
P6-P2-H2-2OF3	validation	sub-82	48	5	12540.0	12540.0	12540.0	0.0	3	P6-D;P2-D;H2-D	3	H2-D:sub-82:12540.0;P2-D:sub-82:12540.0;P6-D:sub-82:12540.0	True
P6-P2-H2-2OF3	validation	sub-82	48	6	16320.0	16320.0	16320.0	0.0	2	P2-D;H2-D	2	H2-D:sub-82:16320.0;P2-D:sub-82:16320.0	True
P6-P2-H2-2OF3	validation	sub-82	48	7	22800.0	22800.0	22800.0	0.0	3	P6-D;P2-D;H2-D	3	H2-D:sub-82:22800.0;P2-D:sub-82:22800.0;P6-D:sub-82:22800.0	True
P6-P2-H2-2OF3	validation	sub-82	48	8	24720.0	24720.0	24720.0	0.0	1	H2-D	1	H2-D:sub-82:24720.0	False
P6-P2-H2-2OF3	validation	sub-82	48	9	25530.0	25530.0	25530.0	0.0	1	H2-D	1	H2-D:sub-82:25530.0	False
P6-P2-H2-2OF3	validation	sub-82	48	10	25830.0	25830.0	25830.0	0.0	1	H2-D	1	H2-D:sub-82:25830.0	False
P6-P2-H2-2OF3	validation	sub-88	55	0	5580.0	5580.0	5580.0	0.0	1	H2-D	1	H2-D:sub-88:5580.0	False
P6-P2-H2-2OF3	validation	sub-88	55	1	6180.0	6180.0	6180.0	0.0	1	H2-D	1	H2-D:sub-88:6180.0	False
P6-P2-H2-2OF3	validation	sub-88	55	2	7710.0	7710.0	7710.0	0.0	3	P6-D;P2-D;H2-D	3	H2-D:sub-88:7710.0;P2-D:sub-88:7710.0;P6-D:sub-88:7710.0	True
P6-P2-H2-2OF3	validation	sub-88	55	3	10140.0	10140.0	10140.0	0.0	2	P2-D;H2-D	2	H2-D:sub-88:10140.0;P2-D:sub-88:10140.0	True
P6-P2-H2-2OF3	validation	sub-88	55	4	14700.0	14700.0	14700.0	0.0	2	P2-D;H2-D	2	H2-D:sub-88:14700.0;P2-D:sub-88:14700.0	True
P6-P2-H2-2OF3	validation	sub-88	55	5	15510.0	15510.0	15510.0	0.0	1	H2-D	1	H2-D:sub-88:15510.0	False
P6-P2-H2-2OF3	validation	sub-88	55	6	18000.0	18000.0	18000.0	0.0	1	H2-D	1	H2-D:sub-88:18000.0	False
P6-P2-H2-2OF3	validation	sub-88	55	7	18840.0	18840.0	18840.0	0.0	1	H2-D	1	H2-D:sub-88:18840.0	False
P6-P2-H2-2OF3	validation	sub-88	55	8	19890.0	19890.0	19890.0	0.0	3	P6-D;P2-D;H2-D	3	H2-D:sub-88:19890.0;P2-D:sub-88:19890.0;P6-D:sub-88:19890.0	True
P6-P2-H2-2OF3	validation	sub-88	55	9	22860.0	22860.0	22860.0	0.0	2	P6-D;P2-D	2	P2-D:sub-88:22860.0;P6-D:sub-88:22860.0	True
P6-P2-H2-2OF3	validation	sub-88	55	10	23010.0	23010.0	23010.0	0.0	1	H2-D	1	H2-D:sub-88:23010.0	False
P6-P2-H2-2OF3	validation	sub-97	64	0	2550.0	2550.0	2550.0	0.0	1	P2-D	1	P2-D:sub-97:2550.0	False
P6-P2-H2-2OF3	validation	sub-97	64	1	6570.0	6570.0	6570.0	0.0	1	H2-D	1	H2-D:sub-97:6570.0	False
P6-P2-H2-2OF3	validation	sub-97	64	2	8490.0	8490.0	8490.0	0.0	3	P6-D;P2-D;H2-D	3	H2-D:sub-97:8490.0;P2-D:sub-97:8490.0;P6-D:sub-97:8490.0	True
P6-P2-H2-2OF3	validation	sub-97	64	3	14340.0	14340.0	14340.0	0.0	1	H2-D	1	H2-D:sub-97:14340.0	False
P6-P2-H2-2OF3	validation	sub-97	64	4	15420.0	15420.0	15420.0	0.0	1	H2-D	1	H2-D:sub-97:15420.0	False
P6-P2-H2-2OF3	validation	sub-97	64	5	15510.0	15510.0	15510.0	0.0	1	H2-D	1	H2-D:sub-97:15510.0	False
P6-P2-H2-2OF3	validation	sub-97	64	6	16830.0	16830.0	16830.0	0.0	1	H2-D	1	H2-D:sub-97:16830.0	False
P6-P2-H2-2OF3	validation	sub-97	64	7	17910.0	17910.0	17910.0	0.0	2	P2-D;H2-D	2	H2-D:sub-97:17910.0;P2-D:sub-97:17910.0	True
P6-P2-H2-2OF3	validation	sub-97	64	8	21810.0	21810.0	21810.0	0.0	2	P2-D;H2-D	2	H2-D:sub-97:21810.0;P2-D:sub-97:21810.0	True
P6-P2-H2-2OF3	validation	sub-97	64	9	23040.0	23040.0	23070.0	30.0	3	P6-D;P2-D;H2-D	3	H2-D:sub-97:23040.0;P2-D:sub-97:23040.0;P6-D:sub-97:23070.0	True
P6-P2-H2-2OF3	validation	sub-97	64	10	23220.0	23220.0	23220.0	0.0	1	H2-D	1	H2-D:sub-97:23220.0	False
P6-P2-H2-2OF3	validation	sub-97	64	11	27180.0	27180.0	27180.0	0.0	3	P6-D;P2-D;H2-D	3	H2-D:sub-97:27180.0;P2-D:sub-97:27180.0;P6-D:sub-97:27180.0	True
P6-P2-H2-2OF3	validation	sub-97	64	12	27780.0	27780.0	27780.0	0.0	3	P6-D;P2-D;H2-D	3	H2-D:sub-97:27780.0;P2-D:sub-97:27780.0;P6-D:sub-97:27780.0	True
P6-P2-H2-2OF3	validation	sub-97	64	13	28260.0	28260.0	28260.0	0.0	2	P6-D;P2-D	2	P2-D:sub-97:28260.0;P6-D:sub-97:28260.0	True
P6-P2-H2-2OF3	validation	sub-97	64	14	28410.0	28410.0	28410.0	0.0	3	P6-D;P2-D;H2-D	3	H2-D:sub-97:28410.0;P2-D:sub-97:28410.0;P6-D:sub-97:28410.0	True
P6-P2-H2-2OF3	validation	sub-97	64	15	28830.0	28830.0	28860.0	30.0	2	P2-D;H2-D	2	H2-D:sub-97:28830.0;P2-D:sub-97:28860.0	True
P6-P2-H2-2OF3	validation	sub-97	64	16	29130.0	29130.0	29130.0	0.0	1	P2-D	1	P2-D:sub-97:29130.0	False
P6-P2-H2-2OF3	validation	sub-97	64	17	29730.0	29730.0	29730.0	0.0	3	P6-D;P2-D;H2-D	3	H2-D:sub-97:29730.0;P2-D:sub-97:29730.0;P6-D:sub-97:29730.0	True
P6-P2-H2-2OF3	validation	sub-97	64	18	29910.0	29910.0	29910.0	0.0	2	P2-D;H2-D	2	H2-D:sub-97:29910.0;P2-D:sub-97:29910.0	True
P6-P2-H2-2OF3	validation	sub-97	64	19	31110.0	31110.0	31110.0	0.0	1	H2-D	1	H2-D:sub-97:31110.0	False
P6-P2-H2-2OF3	validation	sub-97	64	20	31230.0	31230.0	31260.0	30.0	3	P6-D;P2-D;H2-D	3	P2-D:sub-97:31230.0;P6-D:sub-97:31230.0;H2-D:sub-97:31260.0	True
P6-P2-H2-OR	validation	sub-1	89	0	240.0	240.0	240.0	0.0	1	H2-D	1	H2-D:sub-1:240.0	True
P6-P2-H2-OR	validation	sub-1	89	1	390.0	390.0	390.0	0.0	1	H2-D	1	H2-D:sub-1:390.0	True
P6-P2-H2-OR	validation	sub-1	89	2	2190.0	2190.0	2190.0	0.0	2	P6-D;H2-D	2	H2-D:sub-1:2190.0;P6-D:sub-1:2190.0	True
P6-P2-H2-OR	validation	sub-1	89	3	2430.0	2430.0	2430.0	0.0	1	P6-D	1	P6-D:sub-1:2430.0	True
P6-P2-H2-OR	validation	sub-1	89	4	3180.0	3180.0	3180.0	0.0	1	H2-D	1	H2-D:sub-1:3180.0	True
P6-P2-H2-OR	validation	sub-1	89	5	3390.0	3390.0	3390.0	0.0	1	P6-D	1	P6-D:sub-1:3390.0	True
P6-P2-H2-OR	validation	sub-1	89	6	3480.0	3480.0	3480.0	0.0	3	P6-D;P2-D;H2-D	3	H2-D:sub-1:3480.0;P2-D:sub-1:3480.0;P6-D:sub-1:3480.0	True
P6-P2-H2-OR	validation	sub-1	89	7	4080.0	4080.0	4080.0	0.0	2	P6-D;H2-D	2	H2-D:sub-1:4080.0;P6-D:sub-1:4080.0	True
P6-P2-H2-OR	validation	sub-1	89	8	4200.0	4200.0	4200.0	0.0	1	P6-D	1	P6-D:sub-1:4200.0	True
P6-P2-H2-OR	validation	sub-1	89	9	4440.0	4440.0	4440.0	0.0	2	P6-D;H2-D	2	H2-D:sub-1:4440.0;P6-D:sub-1:4440.0	True
P6-P2-H2-OR	validation	sub-1	89	10	4680.0	4680.0	4680.0	0.0	1	P6-D	1	P6-D:sub-1:4680.0	True
P6-P2-H2-OR	validation	sub-1	89	11	4800.0	4800.0	4800.0	0.0	1	P6-D	1	P6-D:sub-1:4800.0	True
P6-P2-H2-OR	validation	sub-1	89	12	7350.0	7350.0	7350.0	0.0	1	H2-D	1	H2-D:sub-1:7350.0	True
P6-P2-H2-OR	validation	sub-1	89	13	7500.0	7500.0	7500.0	0.0	1	H2-D	1	H2-D:sub-1:7500.0	True
P6-P2-H2-OR	validation	sub-1	89	14	8670.0	8670.0	8670.0	0.0	1	P6-D	1	P6-D:sub-1:8670.0	True
P6-P2-H2-OR	validation	sub-1	89	15	8790.0	8790.0	8790.0	0.0	1	P6-D	1	P6-D:sub-1:8790.0	True
P6-P2-H2-OR	validation	sub-1	89	16	9510.0	9510.0	9510.0	0.0	1	P6-D	1	P6-D:sub-1:9510.0	True
P6-P2-H2-OR	validation	sub-1	89	17	13020.0	13020.0	13020.0	0.0	1	P6-D	1	P6-D:sub-1:13020.0	True
P6-P2-H2-OR	validation	sub-1	89	18	16890.0	16890.0	16890.0	0.0	1	P6-D	1	P6-D:sub-1:16890.0	True
P6-P2-H2-OR	validation	sub-1	89	19	17700.0	17700.0	17700.0	0.0	2	P6-D;P2-D	2	P2-D:sub-1:17700.0;P6-D:sub-1:17700.0	True
P6-P2-H2-OR	validation	sub-1	89	20	20190.0	20190.0	20190.0	0.0	1	P6-D	1	P6-D:sub-1:20190.0	True
P6-P2-H2-OR	validation	sub-1	89	21	20250.0	20250.0	20250.0	0.0	1	P2-D	1	P2-D:sub-1:20250.0	True
P6-P2-H2-OR	validation	sub-1	89	22	20430.0	20430.0	20430.0	0.0	1	P6-D	1	P6-D:sub-1:20430.0	True
P6-P2-H2-OR	validation	sub-1	89	23	20790.0	20790.0	20790.0	0.0	1	P6-D	1	P6-D:sub-1:20790.0	True
P6-P2-H2-OR	validation	sub-1	89	24	21630.0	21630.0	21630.0	0.0	1	P6-D	1	P6-D:sub-1:21630.0	True
P6-P2-H2-OR	validation	sub-1	89	25	22140.0	22140.0	22140.0	0.0	1	P6-D	1	P6-D:sub-1:22140.0	True
P6-P2-H2-OR	validation	sub-1	89	26	24750.0	24750.0	24750.0	0.0	1	P6-D	1	P6-D:sub-1:24750.0	True
P6-P2-H2-OR	validation	sub-1	89	27	26520.0	26520.0	26520.0	0.0	2	P6-D;P2-D	2	P2-D:sub-1:26520.0;P6-D:sub-1:26520.0	True
P6-P2-H2-OR	validation	sub-1	89	28	27060.0	27060.0	27060.0	0.0	1	P6-D	1	P6-D:sub-1:27060.0	True
P6-P2-H2-OR	validation	sub-105	73	0	1500.0	1500.0	1500.0	0.0	2	P2-D;H2-D	2	H2-D:sub-105:1500.0;P2-D:sub-105:1500.0	True
P6-P2-H2-OR	validation	sub-105	73	1	1620.0	1620.0	1620.0	0.0	1	P2-D	1	P2-D:sub-105:1620.0	True
P6-P2-H2-OR	validation	sub-105	73	2	2280.0	2280.0	2280.0	0.0	2	P2-D;H2-D	2	H2-D:sub-105:2280.0;P2-D:sub-105:2280.0	True
P6-P2-H2-OR	validation	sub-105	73	3	3180.0	3180.0	3180.0	0.0	1	H2-D	1	H2-D:sub-105:3180.0	True
P6-P2-H2-OR	validation	sub-105	73	4	5790.0	5790.0	5790.0	0.0	1	H2-D	1	H2-D:sub-105:5790.0	True
P6-P2-H2-OR	validation	sub-105	73	5	7260.0	7260.0	7260.0	0.0	1	P6-D	1	P6-D:sub-105:7260.0	True
P6-P2-H2-OR	validation	sub-105	73	6	9450.0	9450.0	9450.0	0.0	1	P6-D	1	P6-D:sub-105:9450.0	True
P6-P2-H2-OR	validation	sub-105	73	7	9810.0	9810.0	9810.0	0.0	1	P6-D	1	P6-D:sub-105:9810.0	True
P6-P2-H2-OR	validation	sub-105	73	8	10770.0	10770.0	10770.0	0.0	1	P6-D	1	P6-D:sub-105:10770.0	True
P6-P2-H2-OR	validation	sub-105	73	9	10860.0	10860.0	10860.0	0.0	2	P6-D;H2-D	2	H2-D:sub-105:10860.0;P6-D:sub-105:10860.0	True
P6-P2-H2-OR	validation	sub-105	73	10	11370.0	11370.0	11370.0	0.0	1	P6-D	1	P6-D:sub-105:11370.0	True
P6-P2-H2-OR	validation	sub-105	73	11	11640.0	11640.0	11640.0	0.0	1	P6-D	1	P6-D:sub-105:11640.0	True
P6-P2-H2-OR	validation	sub-105	73	12	12180.0	12180.0	12180.0	0.0	1	P6-D	1	P6-D:sub-105:12180.0	True
P6-P2-H2-OR	validation	sub-105	73	13	12480.0	12480.0	12480.0	0.0	1	P6-D	1	P6-D:sub-105:12480.0	True
P6-P2-H2-OR	validation	sub-105	73	14	12540.0	12540.0	12540.0	0.0	2	P6-D;H2-D	2	H2-D:sub-105:12540.0;P6-D:sub-105:12540.0	True
P6-P2-H2-OR	validation	sub-105	73	15	14760.0	14760.0	14760.0	0.0	1	P6-D	1	P6-D:sub-105:14760.0	True
P6-P2-H2-OR	validation	sub-105	73	16	16140.0	16140.0	16140.0	0.0	1	P6-D	1	P6-D:sub-105:16140.0	True
P6-P2-H2-OR	validation	sub-105	73	17	17310.0	17310.0	17340.0	30.0	2	P6-D;H2-D	2	P6-D:sub-105:17310.0;H2-D:sub-105:17340.0	True
P6-P2-H2-OR	validation	sub-105	73	18	19920.0	19920.0	19920.0	0.0	1	P6-D	1	P6-D:sub-105:19920.0	True
P6-P2-H2-OR	validation	sub-105	73	19	22020.0	22020.0	22020.0	0.0	1	P6-D	1	P6-D:sub-105:22020.0	True
P6-P2-H2-OR	validation	sub-105	73	20	22380.0	22380.0	22380.0	0.0	1	P6-D	1	P6-D:sub-105:22380.0	True
P6-P2-H2-OR	validation	sub-105	73	21	24480.0	24480.0	24480.0	0.0	1	P6-D	1	P6-D:sub-105:24480.0	True
P6-P2-H2-OR	validation	sub-105	73	22	24660.0	24660.0	24660.0	0.0	1	P6-D	1	P6-D:sub-105:24660.0	True
P6-P2-H2-OR	validation	sub-105	73	23	26160.0	26160.0	26160.0	0.0	2	P6-D;H2-D	2	H2-D:sub-105:26160.0;P6-D:sub-105:26160.0	True
P6-P2-H2-OR	validation	sub-105	73	24	26580.0	26580.0	26580.0	0.0	2	P6-D;H2-D	2	H2-D:sub-105:26580.0;P6-D:sub-105:26580.0	True
P6-P2-H2-OR	validation	sub-105	73	25	26790.0	26790.0	26790.0	0.0	3	P6-D;P2-D;H2-D	3	H2-D:sub-105:26790.0;P2-D:sub-105:26790.0;P6-D:sub-105:26790.0	True
P6-P2-H2-OR	validation	sub-105	73	26	26880.0	26880.0	26880.0	0.0	1	H2-D	1	H2-D:sub-105:26880.0	True
P6-P2-H2-OR	validation	sub-105	73	27	28440.0	28440.0	28440.0	0.0	2	P2-D;H2-D	2	H2-D:sub-105:28440.0;P2-D:sub-105:28440.0	True
P6-P2-H2-OR	validation	sub-112	97	0	6180.0	6180.0	6180.0	0.0	1	H2-D	1	H2-D:sub-112:6180.0	True
P6-P2-H2-OR	validation	sub-112	97	1	7980.0	7980.0	7980.0	0.0	1	H2-D	1	H2-D:sub-112:7980.0	True
P6-P2-H2-OR	validation	sub-112	97	2	11700.0	11700.0	11700.0	0.0	1	H2-D	1	H2-D:sub-112:11700.0	True
P6-P2-H2-OR	validation	sub-112	97	3	12180.0	12180.0	12180.0	0.0	3	P6-D;P2-D;H2-D	3	H2-D:sub-112:12180.0;P2-D:sub-112:12180.0;P6-D:sub-112:12180.0	True
P6-P2-H2-OR	validation	sub-112	97	4	21270.0	21270.0	21300.0	30.0	3	P6-D;P2-D;H2-D	3	H2-D:sub-112:21270.0;P2-D:sub-112:21270.0;P6-D:sub-112:21300.0	True
P6-P2-H2-OR	validation	sub-112	97	5	23940.0	23940.0	23940.0	0.0	1	H2-D	1	H2-D:sub-112:23940.0	True
P6-P2-H2-OR	validation	sub-112	97	6	25290.0	25290.0	25290.0	0.0	1	H2-D	1	H2-D:sub-112:25290.0	True
P6-P2-H2-OR	validation	sub-112	97	7	26130.0	26130.0	26130.0	0.0	1	H2-D	1	H2-D:sub-112:26130.0	True
P6-P2-H2-OR	validation	sub-113	97	0	16980.0	16980.0	16980.0	0.0	1	H2-D	1	H2-D:sub-113:16980.0	True
P6-P2-H2-OR	validation	sub-113	97	1	21870.0	21870.0	21870.0	0.0	1	H2-D	1	H2-D:sub-113:21870.0	True
P6-P2-H2-OR	validation	sub-113	97	2	22650.0	22650.0	22650.0	0.0	1	H2-D	1	H2-D:sub-113:22650.0	True
P6-P2-H2-OR	validation	sub-113	97	3	23550.0	23550.0	23550.0	0.0	1	H2-D	1	H2-D:sub-113:23550.0	True
P6-P2-H2-OR	validation	sub-113	97	4	25290.0	25290.0	25290.0	0.0	1	H2-D	1	H2-D:sub-113:25290.0	True
P6-P2-H2-OR	validation	sub-113	97	5	26040.0	26040.0	26040.0	0.0	3	P6-D;P2-D;H2-D	3	H2-D:sub-113:26040.0;P2-D:sub-113:26040.0;P6-D:sub-113:26040.0	True
P6-P2-H2-OR	validation	sub-113	97	6	26220.0	26220.0	26220.0	0.0	1	P6-D	1	P6-D:sub-113:26220.0	True
P6-P2-H2-OR	validation	sub-113	97	7	26850.0	26850.0	26850.0	0.0	1	H2-D	1	H2-D:sub-113:26850.0	True
P6-P2-H2-OR	validation	sub-113	97	8	27120.0	27120.0	27120.0	0.0	1	H2-D	1	H2-D:sub-113:27120.0	True
P6-P2-H2-OR	validation	sub-114	97	0	780.0	780.0	780.0	0.0	1	H2-D	1	H2-D:sub-114:780.0	True
P6-P2-H2-OR	validation	sub-114	97	1	17280.0	17280.0	17280.0	0.0	2	P2-D;H2-D	2	H2-D:sub-114:17280.0;P2-D:sub-114:17280.0	True
P6-P2-H2-OR	validation	sub-114	97	2	20040.0	20040.0	20040.0	0.0	1	H2-D	1	H2-D:sub-114:20040.0	True
P6-P2-H2-OR	validation	sub-114	97	3	20850.0	20850.0	20850.0	0.0	1	H2-D	1	H2-D:sub-114:20850.0	True
P6-P2-H2-OR	validation	sub-114	97	4	22320.0	22320.0	22320.0	0.0	1	H2-D	1	H2-D:sub-114:22320.0	True
P6-P2-H2-OR	validation	sub-114	97	5	24120.0	24120.0	24120.0	0.0	1	H2-D	1	H2-D:sub-114:24120.0	True
P6-P2-H2-OR	validation	sub-114	97	6	25260.0	25260.0	25260.0	0.0	1	H2-D	1	H2-D:sub-114:25260.0	True
P6-P2-H2-OR	validation	sub-114	97	7	26100.0	26100.0	26100.0	0.0	1	H2-D	1	H2-D:sub-114:26100.0	True
P6-P2-H2-OR	validation	sub-114	97	8	26970.0	26970.0	26970.0	0.0	1	H2-D	1	H2-D:sub-114:26970.0	True
P6-P2-H2-OR	validation	sub-124	15	0	540.0	540.0	540.0	0.0	1	H2-D	1	H2-D:sub-124:540.0	True
P6-P2-H2-OR	validation	sub-124	15	1	1080.0	1080.0	1080.0	0.0	1	P6-D	1	P6-D:sub-124:1080.0	True
P6-P2-H2-OR	validation	sub-124	15	2	1980.0	1980.0	1980.0	0.0	2	P6-D;P2-D	2	P2-D:sub-124:1980.0;P6-D:sub-124:1980.0	True
P6-P2-H2-OR	validation	sub-124	15	3	2400.0	2400.0	2400.0	0.0	1	H2-D	1	H2-D:sub-124:2400.0	True
P6-P2-H2-OR	validation	sub-124	15	4	19230.0	19230.0	19230.0	0.0	2	P6-D;P2-D	2	P2-D:sub-124:19230.0;P6-D:sub-124:19230.0	True
P6-P2-H2-OR	validation	sub-124	15	5	25770.0	25770.0	25770.0	0.0	3	P6-D;P2-D;H2-D	3	H2-D:sub-124:25770.0;P2-D:sub-124:25770.0;P6-D:sub-124:25770.0	True
P6-P2-H2-OR	validation	sub-124	15	6	26220.0	26220.0	26220.0	0.0	1	P6-D	1	P6-D:sub-124:26220.0	True
P6-P2-H2-OR	validation	sub-126	106	0	1260.0	1260.0	1260.0	0.0	2	P2-D;H2-D	2	H2-D:sub-126:1260.0;P2-D:sub-126:1260.0	True
P6-P2-H2-OR	validation	sub-126	106	1	1530.0	1530.0	1530.0	0.0	1	P6-D	1	P6-D:sub-126:1530.0	True
P6-P2-H2-OR	validation	sub-126	106	2	3090.0	3090.0	3090.0	0.0	1	H2-D	1	H2-D:sub-126:3090.0	True
P6-P2-H2-OR	validation	sub-126	106	3	7560.0	7560.0	7560.0	0.0	1	H2-D	1	H2-D:sub-126:7560.0	True
P6-P2-H2-OR	validation	sub-126	106	4	9510.0	9510.0	9510.0	0.0	1	H2-D	1	H2-D:sub-126:9510.0	True
P6-P2-H2-OR	validation	sub-126	106	5	14640.0	14640.0	14640.0	0.0	1	H2-D	1	H2-D:sub-126:14640.0	True
P6-P2-H2-OR	validation	sub-126	106	6	15000.0	15000.0	15000.0	0.0	1	H2-D	1	H2-D:sub-126:15000.0	True
P6-P2-H2-OR	validation	sub-126	106	7	19350.0	19350.0	19350.0	0.0	1	H2-D	1	H2-D:sub-126:19350.0	True
P6-P2-H2-OR	validation	sub-126	106	8	19410.0	19410.0	19410.0	0.0	1	H2-D	1	H2-D:sub-126:19410.0	True
P6-P2-H2-OR	validation	sub-126	106	9	19710.0	19710.0	19740.0	30.0	2	P6-D;H2-D	2	H2-D:sub-126:19710.0;P6-D:sub-126:19740.0	True
P6-P2-H2-OR	validation	sub-126	106	10	20040.0	20040.0	20040.0	0.0	2	P6-D;H2-D	2	H2-D:sub-126:20040.0;P6-D:sub-126:20040.0	True
P6-P2-H2-OR	validation	sub-126	106	11	23430.0	23430.0	23430.0	0.0	1	H2-D	1	H2-D:sub-126:23430.0	True
P6-P2-H2-OR	validation	sub-126	106	12	23970.0	23970.0	23970.0	0.0	1	H2-D	1	H2-D:sub-126:23970.0	True
P6-P2-H2-OR	validation	sub-126	106	13	24030.0	24030.0	24030.0	0.0	2	P6-D;P2-D	2	P2-D:sub-126:24030.0;P6-D:sub-126:24030.0	True
P6-P2-H2-OR	validation	sub-2	89	0	2880.0	2880.0	2880.0	0.0	1	H2-D	1	H2-D:sub-2:2880.0	True
P6-P2-H2-OR	validation	sub-2	89	1	2970.0	2970.0	2970.0	0.0	1	H2-D	1	H2-D:sub-2:2970.0	True
P6-P2-H2-OR	validation	sub-2	89	2	5880.0	5880.0	5880.0	0.0	1	H2-D	1	H2-D:sub-2:5880.0	True
P6-P2-H2-OR	validation	sub-2	89	3	5940.0	5940.0	5940.0	0.0	1	H2-D	1	H2-D:sub-2:5940.0	True
P6-P2-H2-OR	validation	sub-2	89	4	6000.0	6000.0	6000.0	0.0	1	H2-D	1	H2-D:sub-2:6000.0	True
P6-P2-H2-OR	validation	sub-2	89	5	15960.0	15960.0	15960.0	0.0	1	P6-D	1	P6-D:sub-2:15960.0	True
P6-P2-H2-OR	validation	sub-2	89	6	16470.0	16470.0	16470.0	0.0	2	P6-D;H2-D	2	H2-D:sub-2:16470.0;P6-D:sub-2:16470.0	True
P6-P2-H2-OR	validation	sub-2	89	7	19230.0	19230.0	19230.0	0.0	1	H2-D	1	H2-D:sub-2:19230.0	True
P6-P2-H2-OR	validation	sub-2	89	8	19830.0	19830.0	19830.0	0.0	3	P6-D;P2-D;H2-D	3	H2-D:sub-2:19830.0;P2-D:sub-2:19830.0;P6-D:sub-2:19830.0	True
P6-P2-H2-OR	validation	sub-2	89	9	21000.0	21000.0	21000.0	0.0	1	H2-D	1	H2-D:sub-2:21000.0	True
P6-P2-H2-OR	validation	sub-2	89	10	21330.0	21330.0	21330.0	0.0	2	P6-D;H2-D	2	H2-D:sub-2:21330.0;P6-D:sub-2:21330.0	True
P6-P2-H2-OR	validation	sub-2	89	11	21600.0	21600.0	21600.0	0.0	3	P6-D;P2-D;H2-D	3	H2-D:sub-2:21600.0;P2-D:sub-2:21600.0;P6-D:sub-2:21600.0	True
P6-P2-H2-OR	validation	sub-2	89	12	21780.0	21780.0	21780.0	0.0	2	P2-D;H2-D	2	H2-D:sub-2:21780.0;P2-D:sub-2:21780.0	True
P6-P2-H2-OR	validation	sub-2	89	13	22290.0	22290.0	22320.0	30.0	2	P2-D;H2-D	2	H2-D:sub-2:22290.0;P2-D:sub-2:22320.0	True
P6-P2-H2-OR	validation	sub-2	89	14	22890.0	22890.0	22890.0	0.0	1	H2-D	1	H2-D:sub-2:22890.0	True
P6-P2-H2-OR	validation	sub-2	89	15	25290.0	25290.0	25290.0	0.0	3	P6-D;P2-D;H2-D	3	H2-D:sub-2:25290.0;P2-D:sub-2:25290.0;P6-D:sub-2:25290.0	True
P6-P2-H2-OR	validation	sub-2	89	16	25740.0	25740.0	25740.0	0.0	1	H2-D	1	H2-D:sub-2:25740.0	True
P6-P2-H2-OR	validation	sub-2	89	17	26490.0	26490.0	26490.0	0.0	3	P6-D;P2-D;H2-D	3	H2-D:sub-2:26490.0;P2-D:sub-2:26490.0;P6-D:sub-2:26490.0	True
P6-P2-H2-OR	validation	sub-2	89	18	26820.0	26820.0	26820.0	0.0	2	P2-D;H2-D	2	H2-D:sub-2:26820.0;P2-D:sub-2:26820.0	True
P6-P2-H2-OR	validation	sub-23	15	0	330.0	330.0	330.0	0.0	1	P6-D	1	P6-D:sub-23:330.0	True
P6-P2-H2-OR	validation	sub-23	15	1	1470.0	1470.0	1500.0	30.0	2	P2-D;H2-D	2	P2-D:sub-23:1470.0;H2-D:sub-23:1500.0	True
P6-P2-H2-OR	validation	sub-23	15	2	2400.0	2400.0	2430.0	30.0	2	P6-D;H2-D	2	H2-D:sub-23:2400.0;P6-D:sub-23:2430.0	True
P6-P2-H2-OR	validation	sub-23	15	3	3840.0	3840.0	3840.0	0.0	1	H2-D	1	H2-D:sub-23:3840.0	True
P6-P2-H2-OR	validation	sub-23	15	4	18060.0	18060.0	18060.0	0.0	1	P6-D	1	P6-D:sub-23:18060.0	True
P6-P2-H2-OR	validation	sub-23	15	5	20430.0	20430.0	20430.0	0.0	1	P6-D	1	P6-D:sub-23:20430.0	True
P6-P2-H2-OR	validation	sub-23	15	6	22860.0	22860.0	22860.0	0.0	3	P6-D;P2-D;H2-D	3	H2-D:sub-23:22860.0;P2-D:sub-23:22860.0;P6-D:sub-23:22860.0	True
P6-P2-H2-OR	validation	sub-23	15	7	24330.0	24330.0	24330.0	0.0	1	P6-D	1	P6-D:sub-23:24330.0	True
P6-P2-H2-OR	validation	sub-23	15	8	25410.0	25410.0	25410.0	0.0	1	P6-D	1	P6-D:sub-23:25410.0	True
P6-P2-H2-OR	validation	sub-23	15	9	26820.0	26820.0	26820.0	0.0	1	P6-D	1	P6-D:sub-23:26820.0	True
P6-P2-H2-OR	validation	sub-23	15	10	27060.0	27060.0	27060.0	0.0	1	P6-D	1	P6-D:sub-23:27060.0	True
P6-P2-H2-OR	validation	sub-23	15	11	28290.0	28290.0	28290.0	0.0	1	P6-D	1	P6-D:sub-23:28290.0	True
P6-P2-H2-OR	validation	sub-23	15	12	30300.0	30300.0	30300.0	0.0	1	H2-D	1	H2-D:sub-23:30300.0	True
P6-P2-H2-OR	validation	sub-23	15	13	30450.0	30450.0	30450.0	0.0	1	H2-D	1	H2-D:sub-23:30450.0	True
P6-P2-H2-OR	validation	sub-23	15	14	31170.0	31170.0	31170.0	0.0	2	P6-D;P2-D	2	P2-D:sub-23:31170.0;P6-D:sub-23:31170.0	True
P6-P2-H2-OR	validation	sub-25	17	0	300.0	300.0	330.0	30.0	2	P6-D;P2-D	2	P2-D:sub-25:300.0;P6-D:sub-25:330.0	True
P6-P2-H2-OR	validation	sub-25	17	1	1140.0	1140.0	1140.0	0.0	2	P6-D;P2-D	2	P2-D:sub-25:1140.0;P6-D:sub-25:1140.0	True
P6-P2-H2-OR	validation	sub-25	17	2	2490.0	2490.0	2490.0	0.0	2	P6-D;H2-D	2	H2-D:sub-25:2490.0;P6-D:sub-25:2490.0	True
P6-P2-H2-OR	validation	sub-25	17	3	4470.0	4470.0	4470.0	0.0	2	P6-D;H2-D	2	H2-D:sub-25:4470.0;P6-D:sub-25:4470.0	True
P6-P2-H2-OR	validation	sub-25	17	4	4980.0	4980.0	4980.0	0.0	1	P6-D	1	P6-D:sub-25:4980.0	True
P6-P2-H2-OR	validation	sub-25	17	5	6540.0	6540.0	6540.0	0.0	2	P6-D;H2-D	2	H2-D:sub-25:6540.0;P6-D:sub-25:6540.0	True
P6-P2-H2-OR	validation	sub-25	17	6	7350.0	7350.0	7350.0	0.0	1	P6-D	1	P6-D:sub-25:7350.0	True
P6-P2-H2-OR	validation	sub-25	17	7	14940.0	14940.0	14940.0	0.0	2	P6-D;H2-D	2	H2-D:sub-25:14940.0;P6-D:sub-25:14940.0	True
P6-P2-H2-OR	validation	sub-25	17	8	15270.0	15270.0	15270.0	0.0	1	H2-D	1	H2-D:sub-25:15270.0	True
P6-P2-H2-OR	validation	sub-25	17	9	15540.0	15540.0	15540.0	0.0	2	P6-D;H2-D	2	H2-D:sub-25:15540.0;P6-D:sub-25:15540.0	True
P6-P2-H2-OR	validation	sub-25	17	10	16590.0	16590.0	16590.0	0.0	1	P6-D	1	P6-D:sub-25:16590.0	True
P6-P2-H2-OR	validation	sub-25	17	11	16680.0	16680.0	16680.0	0.0	1	P6-D	1	P6-D:sub-25:16680.0	True
P6-P2-H2-OR	validation	sub-25	17	12	17760.0	17760.0	17760.0	0.0	1	H2-D	1	H2-D:sub-25:17760.0	True
P6-P2-H2-OR	validation	sub-25	17	13	18090.0	18090.0	18090.0	0.0	1	P6-D	1	P6-D:sub-25:18090.0	True
P6-P2-H2-OR	validation	sub-25	17	14	18690.0	18690.0	18690.0	0.0	1	P6-D	1	P6-D:sub-25:18690.0	True
P6-P2-H2-OR	validation	sub-25	17	15	19320.0	19320.0	19320.0	0.0	2	P6-D;H2-D	2	H2-D:sub-25:19320.0;P6-D:sub-25:19320.0	True
P6-P2-H2-OR	validation	sub-25	17	16	20280.0	20280.0	20280.0	0.0	3	P6-D;P2-D;H2-D	3	H2-D:sub-25:20280.0;P2-D:sub-25:20280.0;P6-D:sub-25:20280.0	True
P6-P2-H2-OR	validation	sub-25	17	17	20610.0	20610.0	20610.0	0.0	1	P6-D	1	P6-D:sub-25:20610.0	True
P6-P2-H2-OR	validation	sub-25	17	18	21210.0	21210.0	21210.0	0.0	1	P6-D	1	P6-D:sub-25:21210.0	True
P6-P2-H2-OR	validation	sub-25	17	19	23220.0	23220.0	23220.0	0.0	1	H2-D	1	H2-D:sub-25:23220.0	True
P6-P2-H2-OR	validation	sub-25	17	20	26130.0	26130.0	26130.0	0.0	1	H2-D	1	H2-D:sub-25:26130.0	True
P6-P2-H2-OR	validation	sub-25	17	21	27420.0	27420.0	27420.0	0.0	2	P6-D;H2-D	2	H2-D:sub-25:27420.0;P6-D:sub-25:27420.0	True
P6-P2-H2-OR	validation	sub-25	17	22	29640.0	29640.0	29640.0	0.0	2	P2-D;H2-D	2	H2-D:sub-25:29640.0;P2-D:sub-25:29640.0	True
P6-P2-H2-OR	validation	sub-25	17	23	30990.0	30990.0	30990.0	0.0	1	H2-D	1	H2-D:sub-25:30990.0	True
P6-P2-H2-OR	validation	sub-25	17	24	31350.0	31350.0	31350.0	0.0	1	P6-D	1	P6-D:sub-25:31350.0	True
P6-P2-H2-OR	validation	sub-25	17	25	32130.0	32130.0	32130.0	0.0	1	P6-D	1	P6-D:sub-25:32130.0	True
P6-P2-H2-OR	validation	sub-25	17	26	32340.0	32340.0	32340.0	0.0	1	P6-D	1	P6-D:sub-25:32340.0	True
P6-P2-H2-OR	validation	sub-4	2	0	1290.0	1290.0	1290.0	0.0	1	H2-D	1	H2-D:sub-4:1290.0	True
P6-P2-H2-OR	validation	sub-4	2	1	3030.0	3030.0	3030.0	0.0	1	H2-D	1	H2-D:sub-4:3030.0	True
P6-P2-H2-OR	validation	sub-4	2	2	4050.0	4050.0	4050.0	0.0	1	H2-D	1	H2-D:sub-4:4050.0	True
P6-P2-H2-OR	validation	sub-4	2	3	5040.0	5040.0	5040.0	0.0	1	H2-D	1	H2-D:sub-4:5040.0	True
P6-P2-H2-OR	validation	sub-4	2	4	5580.0	5580.0	5580.0	0.0	1	H2-D	1	H2-D:sub-4:5580.0	True
P6-P2-H2-OR	validation	sub-4	2	5	6390.0	6390.0	6390.0	0.0	1	P6-D	1	P6-D:sub-4:6390.0	True
P6-P2-H2-OR	validation	sub-4	2	6	10380.0	10380.0	10380.0	0.0	1	P6-D	1	P6-D:sub-4:10380.0	True
P6-P2-H2-OR	validation	sub-4	2	7	11040.0	11010.0	11040.0	30.0	3	P6-D;P2-D;H2-D	3	P6-D:sub-4:11010.0;H2-D:sub-4:11040.0;P2-D:sub-4:11040.0	True
P6-P2-H2-OR	validation	sub-4	2	8	11430.0	11430.0	11430.0	0.0	1	P6-D	1	P6-D:sub-4:11430.0	True
P6-P2-H2-OR	validation	sub-4	2	9	11640.0	11640.0	11640.0	0.0	2	P6-D;H2-D	2	H2-D:sub-4:11640.0;P6-D:sub-4:11640.0	True
P6-P2-H2-OR	validation	sub-4	2	10	11940.0	11940.0	11940.0	0.0	1	P6-D	1	P6-D:sub-4:11940.0	True
P6-P2-H2-OR	validation	sub-4	2	11	12240.0	12240.0	12240.0	0.0	1	H2-D	1	H2-D:sub-4:12240.0	True
P6-P2-H2-OR	validation	sub-4	2	12	13020.0	13020.0	13020.0	0.0	2	P6-D;H2-D	2	H2-D:sub-4:13020.0;P6-D:sub-4:13020.0	True
P6-P2-H2-OR	validation	sub-4	2	13	15810.0	15810.0	15810.0	0.0	1	H2-D	1	H2-D:sub-4:15810.0	True
P6-P2-H2-OR	validation	sub-4	2	14	16080.0	16080.0	16080.0	0.0	1	H2-D	1	H2-D:sub-4:16080.0	True
P6-P2-H2-OR	validation	sub-4	2	15	18150.0	18150.0	18150.0	0.0	2	P6-D;H2-D	2	H2-D:sub-4:18150.0;P6-D:sub-4:18150.0	True
P6-P2-H2-OR	validation	sub-4	2	16	21990.0	21990.0	21990.0	0.0	1	P6-D	1	P6-D:sub-4:21990.0	True
P6-P2-H2-OR	validation	sub-4	2	17	22200.0	22200.0	22200.0	0.0	2	P6-D;P2-D	2	P2-D:sub-4:22200.0;P6-D:sub-4:22200.0	True
P6-P2-H2-OR	validation	sub-4	2	18	23160.0	23160.0	23160.0	0.0	1	P6-D	1	P6-D:sub-4:23160.0	True
P6-P2-H2-OR	validation	sub-4	2	19	23370.0	23370.0	23370.0	0.0	1	P6-D	1	P6-D:sub-4:23370.0	True
P6-P2-H2-OR	validation	sub-4	2	20	23430.0	23430.0	23430.0	0.0	1	P6-D	1	P6-D:sub-4:23430.0	True
P6-P2-H2-OR	validation	sub-4	2	21	23490.0	23490.0	23490.0	0.0	1	P6-D	1	P6-D:sub-4:23490.0	True
P6-P2-H2-OR	validation	sub-4	2	22	23640.0	23640.0	23640.0	0.0	1	P6-D	1	P6-D:sub-4:23640.0	True
P6-P2-H2-OR	validation	sub-4	2	23	23790.0	23790.0	23790.0	0.0	1	P6-D	1	P6-D:sub-4:23790.0	True
P6-P2-H2-OR	validation	sub-4	2	24	23850.0	23850.0	23850.0	0.0	1	P6-D	1	P6-D:sub-4:23850.0	True
P6-P2-H2-OR	validation	sub-4	2	25	23970.0	23970.0	23970.0	0.0	1	P6-D	1	P6-D:sub-4:23970.0	True
P6-P2-H2-OR	validation	sub-4	2	26	24090.0	24090.0	24090.0	0.0	1	P6-D	1	P6-D:sub-4:24090.0	True
P6-P2-H2-OR	validation	sub-4	2	27	24180.0	24180.0	24180.0	0.0	2	P6-D;P2-D	2	P2-D:sub-4:24180.0;P6-D:sub-4:24180.0	True
P6-P2-H2-OR	validation	sub-4	2	28	24330.0	24330.0	24330.0	0.0	1	P6-D	1	P6-D:sub-4:24330.0	True
P6-P2-H2-OR	validation	sub-4	2	29	24480.0	24480.0	24480.0	0.0	1	P6-D	1	P6-D:sub-4:24480.0	True
P6-P2-H2-OR	validation	sub-4	2	30	24780.0	24780.0	24810.0	30.0	2	P6-D;P2-D	2	P2-D:sub-4:24780.0;P6-D:sub-4:24810.0	True
P6-P2-H2-OR	validation	sub-4	2	31	24990.0	24990.0	24990.0	0.0	1	P6-D	1	P6-D:sub-4:24990.0	True
P6-P2-H2-OR	validation	sub-4	2	32	25080.0	25080.0	25080.0	0.0	1	P6-D	1	P6-D:sub-4:25080.0	True
P6-P2-H2-OR	validation	sub-4	2	33	25140.0	25140.0	25140.0	0.0	1	P6-D	1	P6-D:sub-4:25140.0	True
P6-P2-H2-OR	validation	sub-4	2	34	25200.0	25200.0	25200.0	0.0	1	P6-D	1	P6-D:sub-4:25200.0	True
P6-P2-H2-OR	validation	sub-4	2	35	25290.0	25290.0	25290.0	0.0	1	P6-D	1	P6-D:sub-4:25290.0	True
P6-P2-H2-OR	validation	sub-4	2	36	25650.0	25650.0	25650.0	0.0	1	P6-D	1	P6-D:sub-4:25650.0	True
P6-P2-H2-OR	validation	sub-4	2	37	25770.0	25770.0	25770.0	0.0	1	P6-D	1	P6-D:sub-4:25770.0	True
P6-P2-H2-OR	validation	sub-4	2	38	25980.0	25980.0	25980.0	0.0	1	P6-D	1	P6-D:sub-4:25980.0	True
P6-P2-H2-OR	validation	sub-4	2	39	26220.0	26220.0	26220.0	0.0	1	P6-D	1	P6-D:sub-4:26220.0	True
P6-P2-H2-OR	validation	sub-4	2	40	26400.0	26400.0	26400.0	0.0	1	P6-D	1	P6-D:sub-4:26400.0	True
P6-P2-H2-OR	validation	sub-4	2	41	26550.0	26550.0	26550.0	0.0	1	P6-D	1	P6-D:sub-4:26550.0	True
P6-P2-H2-OR	validation	sub-4	2	42	26910.0	26910.0	26910.0	0.0	1	P6-D	1	P6-D:sub-4:26910.0	True
P6-P2-H2-OR	validation	sub-4	2	43	27060.0	27060.0	27060.0	0.0	1	P6-D	1	P6-D:sub-4:27060.0	True
P6-P2-H2-OR	validation	sub-4	2	44	27210.0	27210.0	27210.0	0.0	1	P6-D	1	P6-D:sub-4:27210.0	True
P6-P2-H2-OR	validation	sub-4	2	45	27330.0	27330.0	27360.0	30.0	2	P6-D;P2-D	2	P2-D:sub-4:27330.0;P6-D:sub-4:27360.0	True
P6-P2-H2-OR	validation	sub-4	2	46	27510.0	27510.0	27510.0	0.0	1	P6-D	1	P6-D:sub-4:27510.0	True
P6-P2-H2-OR	validation	sub-4	2	47	27810.0	27810.0	27810.0	0.0	1	P6-D	1	P6-D:sub-4:27810.0	True
P6-P2-H2-OR	validation	sub-4	2	48	27930.0	27930.0	27930.0	0.0	2	P6-D;P2-D	2	P2-D:sub-4:27930.0;P6-D:sub-4:27930.0	True
P6-P2-H2-OR	validation	sub-4	2	49	28170.0	28170.0	28170.0	0.0	1	P6-D	1	P6-D:sub-4:28170.0	True
P6-P2-H2-OR	validation	sub-4	2	50	28230.0	28230.0	28230.0	0.0	1	P6-D	1	P6-D:sub-4:28230.0	True
P6-P2-H2-OR	validation	sub-4	2	51	28320.0	28320.0	28320.0	0.0	1	P6-D	1	P6-D:sub-4:28320.0	True
P6-P2-H2-OR	validation	sub-4	2	52	28440.0	28440.0	28440.0	0.0	1	P6-D	1	P6-D:sub-4:28440.0	True
P6-P2-H2-OR	validation	sub-4	2	53	28530.0	28530.0	28530.0	0.0	1	P6-D	1	P6-D:sub-4:28530.0	True
P6-P2-H2-OR	validation	sub-4	2	54	28740.0	28740.0	28740.0	0.0	1	P6-D	1	P6-D:sub-4:28740.0	True
P6-P2-H2-OR	validation	sub-4	2	55	28920.0	28920.0	28920.0	0.0	1	P6-D	1	P6-D:sub-4:28920.0	True
P6-P2-H2-OR	validation	sub-4	2	56	29580.0	29580.0	29580.0	0.0	1	P2-D	1	P2-D:sub-4:29580.0	True
P6-P2-H2-OR	validation	sub-4	2	57	30000.0	30000.0	30000.0	0.0	1	H2-D	1	H2-D:sub-4:30000.0	True
P6-P2-H2-OR	validation	sub-4	2	58	31140.0	31140.0	31140.0	0.0	1	P6-D	1	P6-D:sub-4:31140.0	True
P6-P2-H2-OR	validation	sub-4	2	59	31260.0	31260.0	31260.0	0.0	1	P6-D	1	P6-D:sub-4:31260.0	True
P6-P2-H2-OR	validation	sub-5	3	0	4560.0	4560.0	4560.0	0.0	1	H2-D	1	H2-D:sub-5:4560.0	True
P6-P2-H2-OR	validation	sub-5	3	1	14040.0	14040.0	14040.0	0.0	1	H2-D	1	H2-D:sub-5:14040.0	True
P6-P2-H2-OR	validation	sub-5	3	2	16140.0	16140.0	16140.0	0.0	1	P6-D	1	P6-D:sub-5:16140.0	True
P6-P2-H2-OR	validation	sub-5	3	3	16380.0	16380.0	16380.0	0.0	1	P6-D	1	P6-D:sub-5:16380.0	True
P6-P2-H2-OR	validation	sub-5	3	4	17130.0	17130.0	17130.0	0.0	1	H2-D	1	H2-D:sub-5:17130.0	True
P6-P2-H2-OR	validation	sub-5	3	5	17400.0	17400.0	17400.0	0.0	1	P6-D	1	P6-D:sub-5:17400.0	True
P6-P2-H2-OR	validation	sub-5	3	6	21690.0	21690.0	21690.0	0.0	1	P6-D	1	P6-D:sub-5:21690.0	True
P6-P2-H2-OR	validation	sub-5	3	7	21900.0	21900.0	21900.0	0.0	1	H2-D	1	H2-D:sub-5:21900.0	True
P6-P2-H2-OR	validation	sub-5	3	8	22200.0	22200.0	22200.0	0.0	1	P6-D	1	P6-D:sub-5:22200.0	True
P6-P2-H2-OR	validation	sub-5	3	9	22380.0	22380.0	22380.0	0.0	3	P6-D;P2-D;H2-D	3	H2-D:sub-5:22380.0;P2-D:sub-5:22380.0;P6-D:sub-5:22380.0	True
P6-P2-H2-OR	validation	sub-5	3	10	24000.0	24000.0	24000.0	0.0	1	H2-D	1	H2-D:sub-5:24000.0	True
P6-P2-H2-OR	validation	sub-5	3	11	25950.0	25950.0	25950.0	0.0	1	P6-D	1	P6-D:sub-5:25950.0	True
P6-P2-H2-OR	validation	sub-5	3	12	26610.0	26610.0	26610.0	0.0	1	P6-D	1	P6-D:sub-5:26610.0	True
P6-P2-H2-OR	validation	sub-5	3	13	27840.0	27840.0	27840.0	0.0	1	P6-D	1	P6-D:sub-5:27840.0	True
P6-P2-H2-OR	validation	sub-5	3	14	29430.0	29430.0	29430.0	0.0	1	P6-D	1	P6-D:sub-5:29430.0	True
P6-P2-H2-OR	validation	sub-6	4	0	2280.0	2280.0	2280.0	0.0	2	P6-D;H2-D	2	H2-D:sub-6:2280.0;P6-D:sub-6:2280.0	True
P6-P2-H2-OR	validation	sub-6	4	1	6240.0	6240.0	6240.0	0.0	1	P6-D	1	P6-D:sub-6:6240.0	True
P6-P2-H2-OR	validation	sub-6	4	2	6810.0	6810.0	6810.0	0.0	1	H2-D	1	H2-D:sub-6:6810.0	True
P6-P2-H2-OR	validation	sub-6	4	3	12090.0	12090.0	12090.0	0.0	1	H2-D	1	H2-D:sub-6:12090.0	True
P6-P2-H2-OR	validation	sub-6	4	4	12780.0	12780.0	12780.0	0.0	2	P6-D;H2-D	2	H2-D:sub-6:12780.0;P6-D:sub-6:12780.0	True
P6-P2-H2-OR	validation	sub-6	4	5	15570.0	15570.0	15600.0	30.0	2	P6-D;H2-D	2	P6-D:sub-6:15570.0;H2-D:sub-6:15600.0	True
P6-P2-H2-OR	validation	sub-6	4	6	15750.0	15750.0	15780.0	30.0	2	P2-D;H2-D	2	H2-D:sub-6:15750.0;P2-D:sub-6:15780.0	True
P6-P2-H2-OR	validation	sub-6	4	7	16350.0	16350.0	16350.0	0.0	2	P2-D;H2-D	2	H2-D:sub-6:16350.0;P2-D:sub-6:16350.0	True
P6-P2-H2-OR	validation	sub-6	4	8	18000.0	18000.0	18000.0	0.0	1	P6-D	1	P6-D:sub-6:18000.0	True
P6-P2-H2-OR	validation	sub-6	4	9	18660.0	18660.0	18660.0	0.0	1	P6-D	1	P6-D:sub-6:18660.0	True
P6-P2-H2-OR	validation	sub-6	4	10	18750.0	18750.0	18750.0	0.0	1	P6-D	1	P6-D:sub-6:18750.0	True
P6-P2-H2-OR	validation	sub-6	4	11	21840.0	21840.0	21840.0	0.0	1	H2-D	1	H2-D:sub-6:21840.0	True
P6-P2-H2-OR	validation	sub-6	4	12	22050.0	22050.0	22080.0	30.0	2	P6-D;H2-D	2	P6-D:sub-6:22050.0;H2-D:sub-6:22080.0	True
P6-P2-H2-OR	validation	sub-6	4	13	23580.0	23580.0	23610.0	30.0	2	P6-D;H2-D	2	P6-D:sub-6:23580.0;H2-D:sub-6:23610.0	True
P6-P2-H2-OR	validation	sub-6	4	14	24840.0	24840.0	24840.0	0.0	1	H2-D	1	H2-D:sub-6:24840.0	True
P6-P2-H2-OR	validation	sub-6	4	15	25110.0	25110.0	25110.0	0.0	1	H2-D	1	H2-D:sub-6:25110.0	True
P6-P2-H2-OR	validation	sub-6	4	16	25260.0	25260.0	25260.0	0.0	1	P6-D	1	P6-D:sub-6:25260.0	True
P6-P2-H2-OR	validation	sub-6	4	17	25710.0	25710.0	25710.0	0.0	1	H2-D	1	H2-D:sub-6:25710.0	True
P6-P2-H2-OR	validation	sub-6	4	18	26070.0	26070.0	26070.0	0.0	1	H2-D	1	H2-D:sub-6:26070.0	True
P6-P2-H2-OR	validation	sub-6	4	19	27330.0	27330.0	27330.0	0.0	1	P6-D	1	P6-D:sub-6:27330.0	True
P6-P2-H2-OR	validation	sub-6	4	20	29700.0	29700.0	29700.0	0.0	1	H2-D	1	H2-D:sub-6:29700.0	True
P6-P2-H2-OR	validation	sub-7	5	0	1020.0	1020.0	1020.0	0.0	1	H2-D	1	H2-D:sub-7:1020.0	True
P6-P2-H2-OR	validation	sub-7	5	1	1680.0	1680.0	1680.0	0.0	1	H2-D	1	H2-D:sub-7:1680.0	True
P6-P2-H2-OR	validation	sub-7	5	2	2940.0	2940.0	2940.0	0.0	1	H2-D	1	H2-D:sub-7:2940.0	True
P6-P2-H2-OR	validation	sub-7	5	3	3060.0	3060.0	3060.0	0.0	1	H2-D	1	H2-D:sub-7:3060.0	True
P6-P2-H2-OR	validation	sub-7	5	4	3420.0	3420.0	3420.0	0.0	1	P6-D	1	P6-D:sub-7:3420.0	True
P6-P2-H2-OR	validation	sub-7	5	5	6930.0	6930.0	6930.0	0.0	1	H2-D	1	H2-D:sub-7:6930.0	True
P6-P2-H2-OR	validation	sub-7	5	6	7170.0	7170.0	7170.0	0.0	1	H2-D	1	H2-D:sub-7:7170.0	True
P6-P2-H2-OR	validation	sub-7	5	7	7230.0	7230.0	7230.0	0.0	1	H2-D	1	H2-D:sub-7:7230.0	True
P6-P2-H2-OR	validation	sub-7	5	8	8040.0	8040.0	8040.0	0.0	1	P6-D	1	P6-D:sub-7:8040.0	True
P6-P2-H2-OR	validation	sub-7	5	9	8580.0	8550.0	8580.0	30.0	3	P6-D;P2-D;H2-D	3	H2-D:sub-7:8550.0;P2-D:sub-7:8580.0;P6-D:sub-7:8580.0	True
P6-P2-H2-OR	validation	sub-7	5	10	8700.0	8700.0	8700.0	0.0	1	H2-D	1	H2-D:sub-7:8700.0	True
P6-P2-H2-OR	validation	sub-7	5	11	8760.0	8760.0	8760.0	0.0	2	P6-D;P2-D	2	P2-D:sub-7:8760.0;P6-D:sub-7:8760.0	True
P6-P2-H2-OR	validation	sub-7	5	12	8850.0	8850.0	8850.0	0.0	1	P2-D	1	P2-D:sub-7:8850.0	True
P6-P2-H2-OR	validation	sub-7	5	13	8910.0	8910.0	8910.0	0.0	1	H2-D	1	H2-D:sub-7:8910.0	True
P6-P2-H2-OR	validation	sub-7	5	14	9090.0	9090.0	9090.0	0.0	1	H2-D	1	H2-D:sub-7:9090.0	True
P6-P2-H2-OR	validation	sub-7	5	15	9510.0	9510.0	9510.0	0.0	1	P6-D	1	P6-D:sub-7:9510.0	True
P6-P2-H2-OR	validation	sub-7	5	16	9690.0	9690.0	9690.0	0.0	1	P6-D	1	P6-D:sub-7:9690.0	True
P6-P2-H2-OR	validation	sub-7	5	17	9810.0	9810.0	9840.0	30.0	2	P6-D;H2-D	2	H2-D:sub-7:9810.0;P6-D:sub-7:9840.0	True
P6-P2-H2-OR	validation	sub-7	5	18	10080.0	10080.0	10080.0	0.0	2	P6-D;H2-D	2	H2-D:sub-7:10080.0;P6-D:sub-7:10080.0	True
P6-P2-H2-OR	validation	sub-7	5	19	10200.0	10200.0	10200.0	0.0	1	P6-D	1	P6-D:sub-7:10200.0	True
P6-P2-H2-OR	validation	sub-7	5	20	13950.0	13950.0	13950.0	0.0	1	P6-D	1	P6-D:sub-7:13950.0	True
P6-P2-H2-OR	validation	sub-7	5	21	15480.0	15480.0	15480.0	0.0	1	H2-D	1	H2-D:sub-7:15480.0	True
P6-P2-H2-OR	validation	sub-7	5	22	15540.0	15540.0	15540.0	0.0	2	P6-D;H2-D	2	H2-D:sub-7:15540.0;P6-D:sub-7:15540.0	True
P6-P2-H2-OR	validation	sub-7	5	23	15870.0	15870.0	15870.0	0.0	1	H2-D	1	H2-D:sub-7:15870.0	True
P6-P2-H2-OR	validation	sub-7	5	24	16500.0	16500.0	16500.0	0.0	1	H2-D	1	H2-D:sub-7:16500.0	True
P6-P2-H2-OR	validation	sub-7	5	25	17100.0	17100.0	17100.0	0.0	1	H2-D	1	H2-D:sub-7:17100.0	True
P6-P2-H2-OR	validation	sub-7	5	26	17280.0	17280.0	17280.0	0.0	1	H2-D	1	H2-D:sub-7:17280.0	True
P6-P2-H2-OR	validation	sub-7	5	27	17670.0	17670.0	17670.0	0.0	1	H2-D	1	H2-D:sub-7:17670.0	True
P6-P2-H2-OR	validation	sub-7	5	28	18690.0	18690.0	18690.0	0.0	1	P6-D	1	P6-D:sub-7:18690.0	True
P6-P2-H2-OR	validation	sub-7	5	29	19170.0	19170.0	19170.0	0.0	1	H2-D	1	H2-D:sub-7:19170.0	True
P6-P2-H2-OR	validation	sub-7	5	30	19260.0	19260.0	19260.0	0.0	1	H2-D	1	H2-D:sub-7:19260.0	True
P6-P2-H2-OR	validation	sub-7	5	31	19770.0	19770.0	19770.0	0.0	2	P6-D;H2-D	2	H2-D:sub-7:19770.0;P6-D:sub-7:19770.0	True
P6-P2-H2-OR	validation	sub-7	5	32	20370.0	20370.0	20370.0	0.0	1	H2-D	1	H2-D:sub-7:20370.0	True
P6-P2-H2-OR	validation	sub-7	5	33	21510.0	21510.0	21510.0	0.0	3	P6-D;P2-D;H2-D	3	H2-D:sub-7:21510.0;P2-D:sub-7:21510.0;P6-D:sub-7:21510.0	True
P6-P2-H2-OR	validation	sub-7	5	34	21960.0	21960.0	21960.0	0.0	1	H2-D	1	H2-D:sub-7:21960.0	True
P6-P2-H2-OR	validation	sub-7	5	35	22050.0	22050.0	22050.0	0.0	1	H2-D	1	H2-D:sub-7:22050.0	True
P6-P2-H2-OR	validation	sub-7	5	36	22260.0	22260.0	22260.0	0.0	2	P6-D;H2-D	2	H2-D:sub-7:22260.0;P6-D:sub-7:22260.0	True
P6-P2-H2-OR	validation	sub-7	5	37	22560.0	22560.0	22560.0	0.0	2	P6-D;H2-D	2	H2-D:sub-7:22560.0;P6-D:sub-7:22560.0	True
P6-P2-H2-OR	validation	sub-7	5	38	22830.0	22830.0	22860.0	30.0	2	P2-D;H2-D	2	P2-D:sub-7:22830.0;H2-D:sub-7:22860.0	True
P6-P2-H2-OR	validation	sub-7	5	39	23070.0	23070.0	23070.0	0.0	1	H2-D	1	H2-D:sub-7:23070.0	True
P6-P2-H2-OR	validation	sub-7	5	40	25230.0	25230.0	25230.0	0.0	1	P6-D	1	P6-D:sub-7:25230.0	True
P6-P2-H2-OR	validation	sub-7	5	41	25650.0	25650.0	25650.0	0.0	1	H2-D	1	H2-D:sub-7:25650.0	True
P6-P2-H2-OR	validation	sub-7	5	42	25770.0	25770.0	25770.0	0.0	1	H2-D	1	H2-D:sub-7:25770.0	True
P6-P2-H2-OR	validation	sub-7	5	43	25830.0	25830.0	25830.0	0.0	1	P6-D	1	P6-D:sub-7:25830.0	True
P6-P2-H2-OR	validation	sub-7	5	44	26340.0	26340.0	26370.0	30.0	2	P6-D;H2-D	2	H2-D:sub-7:26340.0;P6-D:sub-7:26370.0	True
P6-P2-H2-OR	validation	sub-7	5	45	26610.0	26610.0	26610.0	0.0	1	H2-D	1	H2-D:sub-7:26610.0	True
P6-P2-H2-OR	validation	sub-7	5	46	26730.0	26700.0	26730.0	30.0	3	P6-D;P2-D;H2-D	3	H2-D:sub-7:26700.0;P2-D:sub-7:26730.0;P6-D:sub-7:26730.0	True
P6-P2-H2-OR	validation	sub-7	5	47	26820.0	26820.0	26820.0	0.0	2	P6-D;H2-D	2	H2-D:sub-7:26820.0;P6-D:sub-7:26820.0	True
P6-P2-H2-OR	validation	sub-7	5	48	27120.0	27120.0	27120.0	0.0	2	P6-D;H2-D	2	H2-D:sub-7:27120.0;P6-D:sub-7:27120.0	True
P6-P2-H2-OR	validation	sub-7	5	49	27510.0	27510.0	27540.0	30.0	2	P6-D;H2-D	2	P6-D:sub-7:27510.0;H2-D:sub-7:27540.0	True
P6-P2-H2-OR	validation	sub-7	5	50	27630.0	27630.0	27630.0	0.0	1	H2-D	1	H2-D:sub-7:27630.0	True
P6-P2-H2-OR	validation	sub-7	5	51	27690.0	27690.0	27690.0	0.0	1	H2-D	1	H2-D:sub-7:27690.0	True
P6-P2-H2-OR	validation	sub-7	5	52	27750.0	27750.0	27750.0	0.0	2	P6-D;H2-D	2	H2-D:sub-7:27750.0;P6-D:sub-7:27750.0	True
P6-P2-H2-OR	validation	sub-7	5	53	27930.0	27930.0	27930.0	0.0	1	H2-D	1	H2-D:sub-7:27930.0	True
P6-P2-H2-OR	validation	sub-72	37	0	13110.0	13110.0	13110.0	0.0	1	H2-D	1	H2-D:sub-72:13110.0	True
P6-P2-H2-OR	validation	sub-72	37	1	18180.0	18180.0	18180.0	0.0	1	H2-D	1	H2-D:sub-72:18180.0	True
P6-P2-H2-OR	validation	sub-72	37	2	21690.0	21690.0	21690.0	0.0	1	H2-D	1	H2-D:sub-72:21690.0	True
P6-P2-H2-OR	validation	sub-72	37	3	22800.0	22800.0	22800.0	0.0	2	P6-D;H2-D	2	H2-D:sub-72:22800.0;P6-D:sub-72:22800.0	True
P6-P2-H2-OR	validation	sub-72	37	4	25710.0	25710.0	25710.0	0.0	1	H2-D	1	H2-D:sub-72:25710.0	True
P6-P2-H2-OR	validation	sub-72	37	5	26070.0	26070.0	26070.0	0.0	1	H2-D	1	H2-D:sub-72:26070.0	True
P6-P2-H2-OR	validation	sub-72	37	6	27300.0	27300.0	27300.0	0.0	1	H2-D	1	H2-D:sub-72:27300.0	True
P6-P2-H2-OR	validation	sub-75	40	0	6360.0	6360.0	6360.0	0.0	1	H2-D	1	H2-D:sub-75:6360.0	True
P6-P2-H2-OR	validation	sub-75	40	1	8250.0	8250.0	8250.0	0.0	1	H2-D	1	H2-D:sub-75:8250.0	True
P6-P2-H2-OR	validation	sub-75	40	2	8340.0	8340.0	8340.0	0.0	1	H2-D	1	H2-D:sub-75:8340.0	True
P6-P2-H2-OR	validation	sub-75	40	3	10290.0	10290.0	10290.0	0.0	1	H2-D	1	H2-D:sub-75:10290.0	True
P6-P2-H2-OR	validation	sub-75	40	4	10350.0	10350.0	10350.0	0.0	1	H2-D	1	H2-D:sub-75:10350.0	True
P6-P2-H2-OR	validation	sub-75	40	5	10440.0	10440.0	10440.0	0.0	1	H2-D	1	H2-D:sub-75:10440.0	True
P6-P2-H2-OR	validation	sub-75	40	6	10680.0	10680.0	10680.0	0.0	1	H2-D	1	H2-D:sub-75:10680.0	True
P6-P2-H2-OR	validation	sub-75	40	7	12030.0	12030.0	12030.0	0.0	1	H2-D	1	H2-D:sub-75:12030.0	True
P6-P2-H2-OR	validation	sub-75	40	8	12150.0	12150.0	12150.0	0.0	1	H2-D	1	H2-D:sub-75:12150.0	True
P6-P2-H2-OR	validation	sub-75	40	9	15870.0	15870.0	15870.0	0.0	1	H2-D	1	H2-D:sub-75:15870.0	True
P6-P2-H2-OR	validation	sub-75	40	10	15990.0	15990.0	15990.0	0.0	1	H2-D	1	H2-D:sub-75:15990.0	True
P6-P2-H2-OR	validation	sub-75	40	11	16560.0	16560.0	16560.0	0.0	1	H2-D	1	H2-D:sub-75:16560.0	True
P6-P2-H2-OR	validation	sub-75	40	12	16620.0	16620.0	16620.0	0.0	1	H2-D	1	H2-D:sub-75:16620.0	True
P6-P2-H2-OR	validation	sub-75	40	13	16980.0	16980.0	16980.0	0.0	1	H2-D	1	H2-D:sub-75:16980.0	True
P6-P2-H2-OR	validation	sub-75	40	14	17340.0	17340.0	17340.0	0.0	1	H2-D	1	H2-D:sub-75:17340.0	True
P6-P2-H2-OR	validation	sub-75	40	15	20160.0	20160.0	20160.0	0.0	1	H2-D	1	H2-D:sub-75:20160.0	True
P6-P2-H2-OR	validation	sub-75	40	16	21450.0	21450.0	21450.0	0.0	1	H2-D	1	H2-D:sub-75:21450.0	True
P6-P2-H2-OR	validation	sub-75	40	17	21510.0	21510.0	21510.0	0.0	1	H2-D	1	H2-D:sub-75:21510.0	True
P6-P2-H2-OR	validation	sub-75	40	18	21630.0	21630.0	21630.0	0.0	1	H2-D	1	H2-D:sub-75:21630.0	True
P6-P2-H2-OR	validation	sub-75	40	19	21690.0	21690.0	21690.0	0.0	1	H2-D	1	H2-D:sub-75:21690.0	True
P6-P2-H2-OR	validation	sub-75	40	20	21930.0	21930.0	21930.0	0.0	1	H2-D	1	H2-D:sub-75:21930.0	True
P6-P2-H2-OR	validation	sub-75	40	21	21990.0	21990.0	21990.0	0.0	1	H2-D	1	H2-D:sub-75:21990.0	True
P6-P2-H2-OR	validation	sub-75	40	22	22230.0	22230.0	22230.0	0.0	1	H2-D	1	H2-D:sub-75:22230.0	True
P6-P2-H2-OR	validation	sub-75	40	23	22620.0	22620.0	22620.0	0.0	1	H2-D	1	H2-D:sub-75:22620.0	True
P6-P2-H2-OR	validation	sub-75	40	24	22740.0	22740.0	22740.0	0.0	1	H2-D	1	H2-D:sub-75:22740.0	True
P6-P2-H2-OR	validation	sub-75	40	25	23040.0	23040.0	23040.0	0.0	1	H2-D	1	H2-D:sub-75:23040.0	True
P6-P2-H2-OR	validation	sub-75	40	26	23310.0	23310.0	23310.0	0.0	1	H2-D	1	H2-D:sub-75:23310.0	True
P6-P2-H2-OR	validation	sub-75	40	27	23460.0	23460.0	23460.0	0.0	1	H2-D	1	H2-D:sub-75:23460.0	True
P6-P2-H2-OR	validation	sub-75	40	28	23700.0	23700.0	23700.0	0.0	1	H2-D	1	H2-D:sub-75:23700.0	True
P6-P2-H2-OR	validation	sub-75	40	29	23820.0	23820.0	23820.0	0.0	1	H2-D	1	H2-D:sub-75:23820.0	True
P6-P2-H2-OR	validation	sub-75	40	30	24060.0	24060.0	24060.0	0.0	1	H2-D	1	H2-D:sub-75:24060.0	True
P6-P2-H2-OR	validation	sub-75	40	31	24150.0	24150.0	24150.0	0.0	3	P6-D;P2-D;H2-D	3	H2-D:sub-75:24150.0;P2-D:sub-75:24150.0;P6-D:sub-75:24150.0	True
P6-P2-H2-OR	validation	sub-75	40	32	24330.0	24330.0	24360.0	30.0	3	P6-D;P2-D;H2-D	3	P2-D:sub-75:24330.0;P6-D:sub-75:24330.0;H2-D:sub-75:24360.0	True
P6-P2-H2-OR	validation	sub-75	40	33	25590.0	25590.0	25620.0	30.0	3	P6-D;P2-D;H2-D	3	P2-D:sub-75:25590.0;P6-D:sub-75:25590.0;H2-D:sub-75:25620.0	True
P6-P2-H2-OR	validation	sub-79	44	0	26100.0	26100.0	26100.0	0.0	2	P6-D;H2-D	2	H2-D:sub-79:26100.0;P6-D:sub-79:26100.0	True
P6-P2-H2-OR	validation	sub-82	48	0	510.0	510.0	510.0	0.0	2	P6-D;P2-D	2	P2-D:sub-82:510.0;P6-D:sub-82:510.0	True
P6-P2-H2-OR	validation	sub-82	48	1	720.0	720.0	720.0	0.0	1	H2-D	1	H2-D:sub-82:720.0	True
P6-P2-H2-OR	validation	sub-82	48	2	4290.0	4290.0	4290.0	0.0	1	H2-D	1	H2-D:sub-82:4290.0	True
P6-P2-H2-OR	validation	sub-82	48	3	10740.0	10740.0	10740.0	0.0	2	P2-D;H2-D	2	H2-D:sub-82:10740.0;P2-D:sub-82:10740.0	True
P6-P2-H2-OR	validation	sub-82	48	4	12090.0	12090.0	12090.0	0.0	1	H2-D	1	H2-D:sub-82:12090.0	True
P6-P2-H2-OR	validation	sub-82	48	5	12540.0	12540.0	12540.0	0.0	3	P6-D;P2-D;H2-D	3	H2-D:sub-82:12540.0;P2-D:sub-82:12540.0;P6-D:sub-82:12540.0	True
P6-P2-H2-OR	validation	sub-82	48	6	16320.0	16320.0	16320.0	0.0	2	P2-D;H2-D	2	H2-D:sub-82:16320.0;P2-D:sub-82:16320.0	True
P6-P2-H2-OR	validation	sub-82	48	7	22800.0	22800.0	22800.0	0.0	3	P6-D;P2-D;H2-D	3	H2-D:sub-82:22800.0;P2-D:sub-82:22800.0;P6-D:sub-82:22800.0	True
P6-P2-H2-OR	validation	sub-82	48	8	24720.0	24720.0	24720.0	0.0	1	H2-D	1	H2-D:sub-82:24720.0	True
P6-P2-H2-OR	validation	sub-82	48	9	25530.0	25530.0	25530.0	0.0	1	H2-D	1	H2-D:sub-82:25530.0	True
P6-P2-H2-OR	validation	sub-82	48	10	25830.0	25830.0	25830.0	0.0	1	H2-D	1	H2-D:sub-82:25830.0	True
P6-P2-H2-OR	validation	sub-88	55	0	5580.0	5580.0	5580.0	0.0	1	H2-D	1	H2-D:sub-88:5580.0	True
P6-P2-H2-OR	validation	sub-88	55	1	6180.0	6180.0	6180.0	0.0	1	H2-D	1	H2-D:sub-88:6180.0	True
P6-P2-H2-OR	validation	sub-88	55	2	7710.0	7710.0	7710.0	0.0	3	P6-D;P2-D;H2-D	3	H2-D:sub-88:7710.0;P2-D:sub-88:7710.0;P6-D:sub-88:7710.0	True
P6-P2-H2-OR	validation	sub-88	55	3	10140.0	10140.0	10140.0	0.0	2	P2-D;H2-D	2	H2-D:sub-88:10140.0;P2-D:sub-88:10140.0	True
P6-P2-H2-OR	validation	sub-88	55	4	14700.0	14700.0	14700.0	0.0	2	P2-D;H2-D	2	H2-D:sub-88:14700.0;P2-D:sub-88:14700.0	True
P6-P2-H2-OR	validation	sub-88	55	5	15510.0	15510.0	15510.0	0.0	1	H2-D	1	H2-D:sub-88:15510.0	True
P6-P2-H2-OR	validation	sub-88	55	6	18000.0	18000.0	18000.0	0.0	1	H2-D	1	H2-D:sub-88:18000.0	True
P6-P2-H2-OR	validation	sub-88	55	7	18840.0	18840.0	18840.0	0.0	1	H2-D	1	H2-D:sub-88:18840.0	True
P6-P2-H2-OR	validation	sub-88	55	8	19890.0	19890.0	19890.0	0.0	3	P6-D;P2-D;H2-D	3	H2-D:sub-88:19890.0;P2-D:sub-88:19890.0;P6-D:sub-88:19890.0	True
P6-P2-H2-OR	validation	sub-88	55	9	22860.0	22860.0	22860.0	0.0	2	P6-D;P2-D	2	P2-D:sub-88:22860.0;P6-D:sub-88:22860.0	True
P6-P2-H2-OR	validation	sub-88	55	10	23010.0	23010.0	23010.0	0.0	1	H2-D	1	H2-D:sub-88:23010.0	True
P6-P2-H2-OR	validation	sub-97	64	0	2550.0	2550.0	2550.0	0.0	1	P2-D	1	P2-D:sub-97:2550.0	True
P6-P2-H2-OR	validation	sub-97	64	1	6570.0	6570.0	6570.0	0.0	1	H2-D	1	H2-D:sub-97:6570.0	True
P6-P2-H2-OR	validation	sub-97	64	2	8490.0	8490.0	8490.0	0.0	3	P6-D;P2-D;H2-D	3	H2-D:sub-97:8490.0;P2-D:sub-97:8490.0;P6-D:sub-97:8490.0	True
P6-P2-H2-OR	validation	sub-97	64	3	14340.0	14340.0	14340.0	0.0	1	H2-D	1	H2-D:sub-97:14340.0	True
P6-P2-H2-OR	validation	sub-97	64	4	15420.0	15420.0	15420.0	0.0	1	H2-D	1	H2-D:sub-97:15420.0	True
P6-P2-H2-OR	validation	sub-97	64	5	15510.0	15510.0	15510.0	0.0	1	H2-D	1	H2-D:sub-97:15510.0	True
P6-P2-H2-OR	validation	sub-97	64	6	16830.0	16830.0	16830.0	0.0	1	H2-D	1	H2-D:sub-97:16830.0	True
P6-P2-H2-OR	validation	sub-97	64	7	17910.0	17910.0	17910.0	0.0	2	P2-D;H2-D	2	H2-D:sub-97:17910.0;P2-D:sub-97:17910.0	True
P6-P2-H2-OR	validation	sub-97	64	8	21810.0	21810.0	21810.0	0.0	2	P2-D;H2-D	2	H2-D:sub-97:21810.0;P2-D:sub-97:21810.0	True
P6-P2-H2-OR	validation	sub-97	64	9	23040.0	23040.0	23070.0	30.0	3	P6-D;P2-D;H2-D	3	H2-D:sub-97:23040.0;P2-D:sub-97:23040.0;P6-D:sub-97:23070.0	True
P6-P2-H2-OR	validation	sub-97	64	10	23220.0	23220.0	23220.0	0.0	1	H2-D	1	H2-D:sub-97:23220.0	True
P6-P2-H2-OR	validation	sub-97	64	11	27180.0	27180.0	27180.0	0.0	3	P6-D;P2-D;H2-D	3	H2-D:sub-97:27180.0;P2-D:sub-97:27180.0;P6-D:sub-97:27180.0	True
P6-P2-H2-OR	validation	sub-97	64	12	27780.0	27780.0	27780.0	0.0	3	P6-D;P2-D;H2-D	3	H2-D:sub-97:27780.0;P2-D:sub-97:27780.0;P6-D:sub-97:27780.0	True
P6-P2-H2-OR	validation	sub-97	64	13	28260.0	28260.0	28260.0	0.0	2	P6-D;P2-D	2	P2-D:sub-97:28260.0;P6-D:sub-97:28260.0	True
P6-P2-H2-OR	validation	sub-97	64	14	28410.0	28410.0	28410.0	0.0	3	P6-D;P2-D;H2-D	3	H2-D:sub-97:28410.0;P2-D:sub-97:28410.0;P6-D:sub-97:28410.0	True
P6-P2-H2-OR	validation	sub-97	64	15	28830.0	28830.0	28860.0	30.0	2	P2-D;H2-D	2	H2-D:sub-97:28830.0;P2-D:sub-97:28860.0	True
P6-P2-H2-OR	validation	sub-97	64	16	29130.0	29130.0	29130.0	0.0	1	P2-D	1	P2-D:sub-97:29130.0	True
P6-P2-H2-OR	validation	sub-97	64	17	29730.0	29730.0	29730.0	0.0	3	P6-D;P2-D;H2-D	3	H2-D:sub-97:29730.0;P2-D:sub-97:29730.0;P6-D:sub-97:29730.0	True
P6-P2-H2-OR	validation	sub-97	64	18	29910.0	29910.0	29910.0	0.0	2	P2-D;H2-D	2	H2-D:sub-97:29910.0;P2-D:sub-97:29910.0	True
P6-P2-H2-OR	validation	sub-97	64	19	31110.0	31110.0	31110.0	0.0	1	H2-D	1	H2-D:sub-97:31110.0	True
P6-P2-H2-OR	validation	sub-97	64	20	31230.0	31230.0	31260.0	30.0	3	P6-D;P2-D;H2-D	3	P2-D:sub-97:31230.0;P6-D:sub-97:31230.0;H2-D:sub-97:31260.0	True
